code,label,male_2015,male_2016,male_2017,male_2018,male_2019,male_2020,male_2021,male_2022,male_2023,male_2024,female_2015,female_2016,female_2017,female_2018,female_2019,female_2020,female_2021,female_2022,female_2023,female_2024,total_2015,total_2016,total_2017,total_2018,total_2019,total_2020,total_2021,total_2022,total_2023,total_2024
EU27_2020,European Union - 27 countries (from 2020),215 887 904,216 659 691,217 050 832,217 438 372,217 955 273,218 464 001,217 943 602,218 060 949,218 825 142,219 814 111,227 023 123,227 328 132,227 604 697,227 848 639,228 180 356,228 551 599,227 928 940,227 911 075,228 870 208,229 492 073,442 911 027,443 987 823,444 655 529,445 287 011,446 135 629,447 015 600,445 872 542,445 972 024,447 695 350,449 306 184
EU28,European Union - 28 countries (2013-2020),247 822 003,248 885 751,249 530 570,250 148 328,250 856 309,:,:,:,:,:,259 942 417,260 481 116,260 969 101,261 412 259,261 926 432,:,:,:,:,:,507 764 420,509 366 867,510 499 671,511 560 587,512 782 741,:,:,:,:,:
EU27_2007,European Union - 27 countries (2007-2013),245 811 247,246 901 060,247 573 886,248 224 948,248 952 506,:,:,:,:,:,257 772 258,258 334 692,258 847 016,259 321 298,259 861 559,:,:,:,:,:,503 583 505,505 235 752,506 420 902,507 546 246,508 814 065,:,:,:,:,:
BE,Belgium,5 524 068,5 569 264,5 589 272,5 614 218,5 644 826,5 681 225,5 700 474,5 733 645,5 796 147,5 836 003,5 713 206,5 741 853,5 762 455,5 784 371,5 810 693,5 841 215,5 854 293,5 883 978,5 946 649,5 981 093,11 237 274,11 311 117,11 351 727,11 398 589,11 455 519,11 522 440,11 554 767,11 617 623,11 742 796,11 817 096
BE1,Région de Bruxelles-Capitale/Brussels Hoofdstedelijk Gewest,578 685,589 789,587 479,591 315,597 007,601 491,603 659,604 795,617 712,623 076,605 416,611 496,611 616,614 177,618 282,621 873,622 670,623 860,635 466,641 295,1 184 101,1 201 285,1 199 095,1 205 492,1 215 289,1 223 364,1 226 329,1 228 655,1 253 178,1 264 371
BE10,Région de Bruxelles-Capitale/Brussels Hoofdstedelijk Gewest,578 685,589 789,587 479,591 315,597 007,601 491,603 659,604 795,617 712,623 076,605 416,611 496,611 616,614 177,618 282,621 873,622 670,623 860,635 466,641 295,1 184 101,1 201 285,1 199 095,1 205 492,1 215 289,1 223 364,1 226 329,1 228 655,1 253 178,1 264 371
BE100,Arr. de Bruxelles-Capitale/Arr. Brussel-Hoofdstad,578 685,589 789,587 479,591 315,597 007,601 491,603 659,604 795,617 712,623 076,605 416,611 496,611 616,614 177,618 282,621 873,622 670,623 860,635 466,641 295,1 184 101,1 201 285,1 199 095,1 205 492,1 215 289,1 223 364,1 226 329,1 228 655,1 253 178,1 264 371
BE2,Vlaams Gewest,3 188 979,3 211 337,3 228 708,3 245 976,3 265 135,3 287 715,3 301 828,3 324 796,3 362 950,3 390 489,3 264 030,3 280 662,3 297 353,3 313 318,3 331 099,3 351 290,3 362 881,3 384 991,3 425 019,3 448 380,6 453 009,6 491 999,6 526 061,6 559 294,6 596 234,6 639 005,6 664 709,6 709 787,6 787 969,6 838 869
BE21,Prov. Antwerpen,900 375,907 168,912 130,917 674,923 515,930 205,933 730,939 767,951 704,960 741,916 658,921 759,926 733,931 849,936 955,942 890,945 588,950 860,964 217,972 135,1 817 033,1 828 927,1 838 863,1 849 523,1 860 470,1 873 095,1 879 318,1 890 627,1 915 921,1 932 876
BE211,Arr. Antwerpen,509 196,512 708,515 907,518 754,522 141,525 908,527 488,530 155,536 945,542 399,520 859,523 323,525 904,528 276,530 892,534 038,534 939,536 962,544 826,549 456,1 030 055,1 036 031,1 041 811,1 047 030,1 053 033,1 059 946,1 062 427,1 067 117,1 081 771,1 091 855
BE212,Arr. Mechelen,165 058,165 966,167 538,168 686,169 567,170 916,171 697,172 945,175 690,177 437,170 736,171 714,173 133,174 415,175 413,176 660,177 302,178 617,181 340,182 820,335 794,337 680,340 671,343 101,344 980,347 576,348 999,351 562,357 030,360 257
BE213,Arr. Turnhout,226 121,228 494,228 685,230 234,231 807,233 381,234 545,236 667,239 069,240 905,225 063,226 722,227 696,229 158,230 650,232 192,233 347,235 281,238 051,239 859,451 184,455 216,456 381,459 392,462 457,465 573,467 892,471 948,477 120,480 764
BE22,Prov. Limburg (BE),429 237,432 638,433 703,435 211,436 539,439 061,440 451,443 179,448 147,451 179,432 143,434 332,435 961,437 528,439 303,441 541,442 777,445 734,450 472,453 132,861 380,866 970,869 664,872 739,875 842,880 602,883 228,888 913,898 619,904 311
BE221,Arr. Hasselt (NUTS 2016),208 878,210 616,211 179,211 946,213 067,214 385,:,:,:,:,212 629,214 079,214 961,215 749,216 637,217 778,:,:,:,:,421 507,424 695,426 140,427 695,429 704,432 163,:,:,:,:
BE222,Arr. Maaseik (NUTS 2016),119 872,121 031,121 269,121 497,121 534,122 232,:,:,:,:,118 622,119 210,119 533,119 853,120 315,120 872,:,:,:,:,238 494,240 241,240 802,241 350,241 849,243 104,:,:,:,:
BE223,Arr. Tongeren,100 487,100 991,101 255,101 768,101 938,102 444,102 729,103 421,104 264,104 921,100 892,101 043,101 467,101 926,102 351,102 891,103 184,104 015,105 019,105 689,201 379,202 034,202 722,203 694,204 289,205 335,205 913,207 436,209 283,210 610
BE224,Arr. Hasselt,203 755,205 452,206 006,206 758,207 816,209 111,210 111,211 234,213 691,215 231,207 554,208 932,209 806,210 603,211 441,212 589,213 434,214 528,216 622,218 044,411 309,414 384,415 812,417 361,419 257,421 700,423 545,425 762,430 313,433 275
BE225,Arr. Maaseik,124 995,126 195,126 442,126 685,126 785,127 506,127 611,128 524,130 192,131 027,123 697,124 357,124 688,124 999,125 511,126 061,126 159,127 191,128 831,129 399,248 692,250 552,251 130,251 684,252 296,253 567,253 770,255 715,259 023,260 426
BE23,Prov. Oost-Vlaanderen,729 141,734 847,739 840,743 810,749 220,754 454,758 517,764 431,773 438,779 686,749 908,754 237,758 643,762 422,767 064,772 032,775 359,781 038,789 908,795 321,1 479 049,1 489 084,1 498 483,1 506 232,1 516 284,1 526 486,1 533 876,1 545 469,1 563 346,1 575 007
BE231,Arr. Aalst,139 298,140 033,140 931,142 186,143 123,144 455,145 714,146 876,148 663,150 074,144 587,145 295,146 087,147 093,148 228,149 377,150 545,151 867,153 775,155 146,283 885,285 328,287 018,289 279,291 351,293 832,296 259,298 743,302 438,305 220
BE232,Arr. Dendermonde,97 347,97 814,98 289,98 585,99 134,99 722,100 041,100 666,101 678,102 498,100 598,101 027,101 483,101 838,102 165,102 780,103 069,103 712,104 736,105 238,197 945,198 841,199 772,200 423,201 299,202 502,203 110,204 378,206 414,207 736
BE233,Arr. Eeklo,41 884,41 985,42 203,42 344,42 609,42 829,43 310,43 765,44 462,44 822,41 871,41 877,42 105,42 388,42 769,43 039,43 446,43 811,44 464,44 772,83 755,83 862,84 308,84 732,85 378,85 868,86 756,87 576,88 926,89 594
BE234,Arr. Gent,269 235,272 366,274 490,275 922,278 036,279 639,280 566,282 394,285 374,287 219,276 192,278 497,280 143,281 128,282 655,284 343,285 005,286 695,289 693,291 448,545 427,550 863,554 633,557 050,560 691,563 982,565 571,569 089,575 067,578 667
BE235,Arr. Oudenaarde,60 522,60 821,60 894,61 167,61 429,61 626,61 870,62 320,63 052,63 475,62 210,62 320,62 521,62 756,62 973,63 035,63 225,63 680,64 424,64 796,122 732,123 141,123 415,123 923,124 402,124 661,125 095,126 000,127 476,128 271
BE236,Arr. Sint-Niklaas,120 855,121 828,123 033,123 606,124 889,126 183,127 016,128 410,130 209,131 598,124 450,125 221,126 304,127 219,128 274,129 458,130 069,131 273,132 816,133 921,245 305,247 049,249 337,250 825,253 163,255 641,257 085,259 683,263 025,265 519
BE24,Prov. Vlaams-Brabant,546 112,550 194,554 258,558 454,562 356,567 642,571 081,576 444,583 170,588 328,568 478,572 406,576 386,580 092,584 287,588 828,592 105,597 512,604 909,609 363,1 114 590,1 122 600,1 130 644,1 138 546,1 146 643,1 156 470,1 163 186,1 173 956,1 188 079,1 197 691
BE241,Arr. Halle-Vilvoorde,300 736,303 325,305 674,308 255,310 885,314 417,317 249,320 722,324 923,327 945,317 418,319 927,322 327,324 462,327 145,330 126,332 663,335 677,340 054,342 464,618 154,623 252,628 001,632 717,638 030,644 543,649 912,656 399,664 977,670 409
BE242,Arr. Leuven,245 376,246 869,248 584,250 199,251 471,253 225,253 832,255 722,258 247,260 383,251 060,252 479,254 059,255 630,257 142,258 702,259 442,261 835,264 855,266 899,496 436,499 348,502 643,505 829,508 613,511 927,513 274,517 557,523 102,527 282
BE25,Prov. West-Vlaanderen,584 114,586 490,588 777,590 827,593 505,596 353,598 049,600 975,606 491,610 555,596 843,597 928,599 630,601 427,603 490,605 999,607 052,609 847,615 513,618 429,1 180 957,1 184 418,1 188 407,1 192 254,1 196 995,1 202 352,1 205 101,1 210 822,1 222 004,1 228 984
BE251,Arr. Brugge,137 799,137 888,138 370,138 727,139 071,139 419,139 807,140 016,141 141,141 877,142 736,142 825,143 194,143 293,143 449,143 660,143 783,143 981,145 132,145 456,280 535,280 713,281 564,282 020,282 520,283 079,283 590,283 997,286 273,287 333
BE252,Arr. Diksmuide,25 401,25 552,25 640,25 704,25 806,25 862,25 939,26 008,26 310,26 313,25 484,25 527,25 653,25 745,25 754,25 862,25 861,25 984,26 171,26 249,50 885,51 079,51 293,51 449,51 560,51 724,51 800,51 992,52 481,52 562
BE253,Arr. Ieper,53 107,53 279,53 303,53 293,53 343,53 497,53 453,53 781,54 132,54 303,53 399,53 303,53 253,53 218,53 208,53 431,53 298,53 539,54 000,54 180,106 506,106 582,106 556,106 511,106 551,106 928,106 751,107 320,108 132,108 483
BE254,Arr. Kortrijk,141 192,141 823,142 464,143 041,143 913,144 895,145 386,146 699,148 480,150 051,144 777,145 160,145 784,146 308,147 017,147 795,148 207,149 480,151 479,152 632,285 969,286 983,288 248,289 349,290 930,292 690,293 593,296 179,299 959,302 683
BE255,Arr. Oostende,76 277,76 526,77 094,77 387,77 699,78 006,78 230,78 298,78 926,79 478,78 647,78 730,78 888,79 251,79 594,79 919,80 090,80 041,80 642,80 951,154 924,155 256,155 982,156 638,157 293,157 925,158 320,158 339,159 568,160 429
BE256,Arr. Roeselare,74 103,74 683,75 148,75 639,76 463,77 021,77 387,77 958,78 987,79 905,75 003,75 369,75 788,76 323,76 931,77 598,77 803,78 468,79 237,79 890,149 106,150 052,150 936,151 962,153 394,154 619,155 190,156 426,158 224,159 795
BE257,Arr. Tielt,46 212,46 394,46 491,46 606,46 698,47 071,47 196,47 518,47 874,48 148,45 830,45 953,46 055,46 132,46 342,46 524,46 651,47 010,47 440,47 633,92 042,92 347,92 546,92 738,93 040,93 595,93 847,94 528,95 314,95 781
BE258,Arr. Veurne,30 023,30 345,30 267,30 430,30 512,30 582,30 651,30 697,30 641,30 480,30 967,31 061,31 015,31 157,31 195,31 210,31 359,31 344,31 412,31 438,60 990,61 406,61 282,61 587,61 707,61 792,62 010,62 041,62 053,61 918
BE3,Région wallonne,1 756 404,1 768 138,1 773 085,1 776 927,1 782 684,1 792 019,1 794 987,1 804 054,1 815 485,1 822 438,1 843 760,1 849 695,1 853 486,1 856 876,1 861 312,1 868 052,1 868 742,1 875 127,1 886 164,1 891 418,3 600 164,3 617 833,3 626 571,3 633 803,3 643 996,3 660 071,3 663 729,3 679 181,3 701 649,3 713 856
BE31,Prov. Brabant wallon,191 284,193 022,193 973,194 735,196 264,197 471,198 299,199 402,200 863,201 528,203 060,204 723,205 762,206 773,208 006,209 323,210 026,211 217,213 096,213 737,394 344,397 745,399 735,401 508,404 270,406 794,408 325,410 619,413 959,415 265
BE310,Arr. Nivelles,191 284,193 022,193 973,194 735,196 264,197 471,198 299,199 402,200 863,201 528,203 060,204 723,205 762,206 773,208 006,209 323,210 026,211 217,213 096,213 737,394 344,397 745,399 735,401 508,404 270,406 794,408 325,410 619,413 959,415 265
BE32,Prov. Hainaut,649 163,651 972,652 469,653 858,655 503,658 189,658 522,661 146,664 611,666 685,688 617,689 295,689 584,689 898,690 579,692 106,691 339,693 521,696 415,697 864,1 337 780,1 341 267,1 342 053,1 343 756,1 346 082,1 350 295,1 349 861,1 354 667,1 361 026,1 364 549
BE321,Arr. Ath (NUTS 2016),42 050,42 254,42 345,42 415,42 617,42 762,:,:,:,:,44 137,44 339,44 417,44 421,44 508,44 626,:,:,:,:,86 187,86 593,86 762,86 836,87 125,87 388,:,:,:,:
BE322,Arr. Charleroi (NUTS 2016),208 988,209 653,209 390,209 784,210 116,210 458,:,:,:,:,221 911,222 040,221 653,221 614,221 763,222 202,:,:,:,:,430 899,431 693,431 043,431 398,431 879,432 660,:,:,:,:
BE323,Arr. Mons,124 310,124 430,124 732,124 865,125 172,125 460,125 678,126 228,126 600,126 779,134 010,133 855,133 989,133 952,134 003,133 946,133 673,134 122,134 358,134 400,258 320,258 285,258 721,258 817,259 175,259 406,259 351,260 350,260 958,261 179
BE324,Arr. Mouscron (NUTS 2016),36 486,37 013,36 900,37 058,37 182,37 917,:,:,:,:,38 712,39 073,39 027,39 218,39 338,39 771,:,:,:,:,75 198,76 086,75 927,76 276,76 520,77 688,:,:,:,:
BE325,Arr. Soignies (NUTS 2016),91 550,91 991,92 450,92 701,93 264,94 126,:,:,:,:,97 128,97 257,97 528,97 739,98 127,98 582,:,:,:,:,188 678,189 248,189 978,190 440,191 391,192 708,:,:,:,:
BE326,Arr. Thuin (NUTS 2016),73 700,74 086,74 135,74 280,74 416,74 526,:,:,:,:,77 854,77 857,77 983,78 004,77 942,77 983,:,:,:,:,151 554,151 943,152 118,152 284,152 358,152 509,:,:,:,:
BE327,Arr. Tournai (NUTS 2016),72 079,72 545,72 517,72 755,72 736,72 940,:,:,:,:,74 865,74 874,74 987,74 950,74 898,74 996,:,:,:,:,146 944,147 419,147 504,147 705,147 634,147 936,:,:,:,:
BE328,Arr. Tournai-Mouscron,108 565,109 558,109 417,109 813,109 918,110 857,110 849,111 311,111 839,112 198,113 577,113 947,114 014,114 168,114 236,114 767,114 437,114 637,115 151,115 541,222 142,223 505,223 431,223 981,224 154,225 624,225 286,225 948,226 990,227 739
BE329,Arr. La Louvière,68 004,68 389,68 419,68 427,68 431,68 772,68 829,68 966,69 293,69 253,72 790,72 871,72 935,72 825,72 913,73 069,72 860,72 948,73 306,73 174,140 794,141 260,141 354,141 252,141 344,141 841,141 689,141 914,142 599,142 427
BE32A,Arr. Ath,61 762,62 060,62 224,62 355,62 611,62 977,63 103,63 460,63 818,64 076,64 777,65 015,65 094,65 179,65 320,65 593,65 629,66 035,66 418,66 485,126 539,127 075,127 318,127 534,127 931,128 570,128 732,129 495,130 236,130 561
BE32B,Arr. Charleroi,192 413,192 962,192 562,192 943,193 053,193 306,192 988,193 491,194 730,195 594,204 609,204 602,204 133,204 038,204 070,204 416,204 014,204 240,205 097,205 600,397 022,397 564,396 695,396 981,397 123,397 722,397 002,397 731,399 827,401 194
BE32C,Arr. Soignies,49 422,49 843,50 195,50 434,51 157,51 615,51 776,52 207,52 691,53 164,52 263,52 497,52 779,53 054,53 405,53 653,53 961,54 479,55 000,55 469,101 685,102 340,102 974,103 488,104 562,105 268,105 737,106 686,107 691,108 633
BE32D,Arr. Thuin,44 687,44 730,44 920,45 021,45 161,45 202,45 299,45 483,45 640,45 621,46 591,46 508,46 640,46 682,46 632,46 662,46 765,47 060,47 085,47 195,91 278,91 238,91 560,91 703,91 793,91 864,92 064,92 543,92 725,92 816
BE33,Prov. Liège,537 372,540 206,541 852,543 004,543 844,546 201,546 129,547 979,551 320,554 054,561 531,563 284,564 187,565 367,566 224,567 742,567 195,568 108,571 040,572 939,1 098 903,1 103 490,1 106 039,1 108 371,1 110 068,1 113 943,1 113 324,1 116 087,1 122 360,1 126 993
BE331,Arr. Huy,55 046,55 468,55 652,55 698,55 846,56 078,56 269,56 612,56 953,57 119,56 969,57 206,57 324,57 467,57 682,57 958,58 207,58 470,58 943,58 924,112 015,112 674,112 976,113 165,113 528,114 036,114 476,115 082,115 896,116 043
BE332,Arr. Liège,302 566,303 944,304 920,305 646,305 871,307 035,306 751,307 327,308 929,310 826,319 198,319 943,320 211,320 576,320 756,321 328,320 553,320 740,321 814,322 975,621 764,623 887,625 131,626 222,626 627,628 363,627 304,628 067,630 743,633 801
BE334,Arr. Waremme,38 621,38 899,39 326,39 567,39 796,40 066,40 237,40 699,41 093,41 211,40 334,40 670,41 004,41 402,41 702,41 939,42 156,42 389,42 845,42 982,78 955,79 569,80 330,80 969,81 498,82 005,82 393,83 088,83 938,84 193
BE335,Arr. Verviers — communes francophones,102 906,103 259,103 393,103 406,103 485,103 891,103 768,103 904,104 604,105 100,106 523,106 769,106 905,107 080,107 027,107 240,106 904,106 907,107 367,107 885,209 429,210 028,210 298,210 486,210 512,211 131,210 672,210 811,211 971,212 985
BE336,Bezirk Verviers — Deutschsprachige Gemeinschaft,38 233,38 636,38 561,38 687,38 846,39 131,39 104,39 437,39 741,39 798,38 507,38 696,38 743,38 842,39 057,39 277,39 375,39 602,40 071,40 173,76 740,77 332,77 304,77 529,77 903,78 408,78 479,79 039,79 812,79 971
BE34,Prov. Luxembourg (BE),139 272,141 578,142 173,142 136,143 144,144 708,145 858,147 492,149 141,149 542,140 989,141 679,142 444,142 874,143 541,144 898,145 872,146 908,148 513,149 149,280 261,283 257,284 617,285 010,286 685,289 606,291 730,294 400,297 654,298 691
BE341,Arr. Arlon,30 107,30 343,31 039,31 175,31 562,31 869,32 042,32 596,33 076,33 307,30 568,30 843,31 279,31 345,31 500,31 773,32 044,32 341,32 841,33 048,60 675,61 186,62 318,62 520,63 062,63 642,64 086,64 937,65 917,66 355
BE342,Arr. Bastogne,23 548,24 524,24 582,24 517,24 638,25 251,25 412,25 689,26 125,26 193,23 662,23 960,24 163,24 311,24 487,24 977,25 026,25 207,25 528,25 706,47 210,48 484,48 745,48 828,49 125,50 228,50 438,50 896,51 653,51 899
BE343,Arr. Marche-en-Famenne,28 179,28 801,28 566,28 469,28 747,29 039,29 107,29 421,29 614,29 606,28 346,28 321,28 270,28 401,28 536,28 695,28 864,28 967,29 111,29 240,56 525,57 122,56 836,56 870,57 283,57 734,57 971,58 388,58 725,58 846
BE344,Arr. Neufchâteau,31 116,31 428,31 509,31 419,31 607,31 786,32 386,32 666,33 105,33 227,31 384,31 436,31 653,31 686,31 817,32 035,32 420,32 692,33 045,33 149,62 500,62 864,63 162,63 105,63 424,63 821,64 806,65 358,66 150,66 376
BE345,Arr. Virton,26 322,26 482,26 477,26 556,26 590,26 763,26 911,27 120,27 221,27 209,27 029,27 119,27 079,27 131,27 201,27 418,27 518,27 701,27 988,28 006,53 351,53 601,53 556,53 687,53 791,54 181,54 429,54 821,55 209,55 215
BE35,Prov. Namur,239 313,241 360,242 618,243 194,243 929,245 450,246 179,248 035,249 550,250 629,249 563,250 714,251 509,251 964,252 962,253 983,254 310,255 373,257 100,257 729,488 876,492 074,494 127,495 158,496 891,499 433,500 489,503 408,506 650,508 358
BE351,Arr. Dinant,54 067,55 011,55 079,55 113,55 434,55 790,56 027,56 587,56 779,56 884,55 715,56 117,56 442,56 453,56 725,56 967,57 130,57 290,57 679,57 757,109 782,111 128,111 521,111 566,112 159,112 757,113 157,113 877,114 458,114 641
BE352,Arr. Namur,152 279,152 833,154 074,154 892,155 202,156 103,156 673,157 706,158 962,159 775,159 834,160 488,161 116,161 714,162 350,163 029,163 255,163 992,165 155,165 702,312 113,313 321,315 190,316 606,317 552,319 132,319 928,321 698,324 117,325 477
BE353,Arr. Philippeville,32 967,33 516,33 465,33 189,33 293,33 557,33 479,33 742,33 809,33 970,34 014,34 109,33 951,33 797,33 887,33 987,33 925,34 091,34 266,34 270,66 981,67 625,67 416,66 986,67 180,67 544,67 404,67 833,68 075,68 240
BG,Bulgaria,3 407 807,3 359 761,3 311 969,3 263 234,3 213 926,3 163 414,3 142 310,3 118 181,3 099 503,3 097 698,3 621 883,3 578 998,3 537 549,3 494 184,3 450 251,3 405 861,3 389 807,3 364 303,3 348 207,3 347 783,7 029 690,6 938 759,6 849 518,6 757 418,6 664 177,6 569 275,6 532 117,6 482 484,6 447 710,6 445 481
BG3,Severna i Yugoiztochna Bulgaria,1 716 971,1 685 031,1 653 097,1 620 926,1 588 061,1 554 977,1 540 712,1 522 314,1 506 050,1 500 252,1 808 129,1 779 288,1 751 509,1 722 191,1 692 531,1 662 760,1 652 514,1 635 975,1 624 080,1 621 432,3 525 100,3 464 319,3 404 606,3 343 117,3 280 592,3 217 737,3 193 226,3 158 289,3 130 130,3 121 684
BG31,Severozapaden,384 313,375 897,367 666,359 307,350 934,342 495,337 770,330 003,324 311,320 157,400 875,393 070,385 393,377 481,369 820,362 081,358 558,352 033,347 191,343 867,785 188,768 967,753 059,736 788,720 754,704 576,696 328,682 036,671 502,664 024
BG311,Vidin,44 182,42 847,41 527,40 227,38 920,37 647,36 749,35 687,34 935,34 399,46 588,45 271,43 941,42 657,41 413,40 148,39 417,38 550,37 819,37 374,90 770,88 118,85 468,82 884,80 333,77 795,76 166,74 237,72 754,71 773
BG312,Montana,67 190,65 712,64 211,62 748,61 301,59 853,58 897,57 328,56 283,55 426,69 788,68 367,67 013,65 661,64 219,62 751,62 081,60 785,59 889,59 100,136 978,134 079,131 224,128 409,125 520,122 604,120 978,118 113,116 172,114 526
BG313,Vratsa,85 218,83 343,81 626,79 771,77 961,76 123,75 034,73 427,72 166,71 442,88 289,86 541,84 889,83 078,81 395,79 799,78 975,77 603,76 708,76 177,173 507,169 884,166 515,162 849,159 356,155 922,154 009,151 030,148 874,147 619
BG314,Pleven,123 510,121 185,118 931,116 687,114 311,111 909,110 229,107 761,106 059,104 647,129 233,127 184,125 195,123 132,121 136,119 110,117 822,115 749,114 287,113 234,252 743,248 369,244 126,239 819,235 447,231 019,228 051,223 510,220 346,217 881
BG315,Lovech,64 213,62 810,61 371,59 874,58 441,56 963,56 861,55 800,54 868,54 243,66 977,65 707,64 355,62 953,61 657,60 273,60 263,59 346,58 488,57 982,131 190,128 517,125 726,122 827,120 098,117 236,117 124,115 146,113 356,112 225
BG32,Severen tsentralen,386 764,378 199,369 537,360 916,352 034,343 136,338 243,333 037,328 284,325 202,411 201,403 223,395 549,387 392,379 243,370 939,366 998,361 935,358 050,355 157,797 965,781 422,765 086,748 308,731 277,714 075,705 241,694 972,686 334,680 359
BG321,Veliko Tarnovo,115 022,112 394,109 840,107 200,104 649,101 981,100 350,98 803,97 528,96 500,123 434,120 799,118 237,115 546,112 847,110 088,108 808,107 592,106 505,105 732,238 456,233 193,228 077,222 746,217 496,212 069,209 158,206 395,204 033,202 232
BG322,Gabrovo,54 280,52 893,51 526,50 141,48 747,47 394,46 973,46 222,45 500,44 996,58 830,57 576,56 294,54 939,53 716,52 473,52 088,51 186,50 457,49 866,113 110,110 469,107 820,105 080,102 463,99 867,99 061,97 408,95 957,94 862
BG323,Ruse,106 044,103 952,101 667,99 539,97 165,94 817,93 268,92 010,90 591,89 757,113 065,111 046,109 145,107 113,105 105,103 024,101 710,100 304,99 032,98 073,219 109,214 998,210 812,206 652,202 270,197 841,194 978,192 314,189 623,187 830
BG324,Razgrad,56 813,55 578,54 338,53 064,51 806,50 528,49 982,49 107,48 508,48 301,59 665,58 598,57 527,56 396,55 243,54 106,53 650,52 922,52 599,52 395,116 478,114 176,111 865,109 460,107 049,104 634,103 632,102 029,101 107,100 696
BG325,Silistra,54 605,53 382,52 166,50 972,49 667,48 416,47 670,46 895,46 157,45 648,56 207,55 204,54 346,53 398,52 332,51 248,50 742,49 931,49 457,49 091,110 812,108 586,106 512,104 370,101 999,99 664,98 412,96 826,95 614,94 739
BG33,Severoiztochen,443 821,436 020,428 239,420 367,412 193,403 849,401 884,399 562,396 781,397 469,466 878,459 960,453 274,446 281,438 886,431 583,430 442,428 078,427 103,428 665,910 699,895 980,881 513,866 648,851 079,835 432,832 326,827 640,823 884,826 134
BG331,Varna,222 174,219 418,216 502,213 745,210 744,207 702,207 462,207 998,207 158,208 422,234 494,232 316,230 171,227 923,225 493,223 096,223 322,223 205,223 689,225 769,456 668,451 734,446 673,441 668,436 237,430 798,430 784,431 203,430 847,434 191
BG332,Dobrich,84 642,82 414,80 285,78 078,75 825,73 528,72 620,71 428,70 448,70 051,89 025,87 004,85 142,83 184,81 129,79 137,78 465,77 575,76 760,76 584,173 667,169 418,165 427,161 262,156 954,152 665,151 085,149 003,147 208,146 635
BG333,Shumen,82 296,80 696,79 172,77 535,75 837,74 090,73 833,72 978,72 514,72 582,86 358,84 779,83 285,81 677,79 982,78 387,78 115,77 437,77 114,77 117,168 654,165 475,162 457,159 212,155 819,152 477,151 948,150 415,149 628,149 699
BG334,Targovishte,54 709,53 492,52 280,51 009,49 787,48 529,47 969,47 158,46 661,46 414,57 001,55 861,54 676,53 497,52 282,50 963,50 540,49 861,49 540,49 195,111 710,109 353,106 956,104 506,102 069,99 492,98 509,97 019,96 201,95 609
BG34,Yugoiztochen,502 073,494 915,487 655,480 336,472 900,465 497,462 815,459 712,456 674,457 424,529 175,523 035,517 293,511 037,504 582,498 157,496 516,493 929,491 736,493 743,1 031 248,1 017 950,1 004 948,991 373,977 482,963 654,959 331,953 641,948 410,951 167
BG341,Burgas,195 012,192 644,190 131,187 655,185 092,182 502,182 404,182 536,181 979,184 318,205 428,203 592,201 781,199 721,197 632,195 466,196 001,196 487,196 617,200 128,400 440,396 236,391 912,387 376,382 724,377 968,378 405,379 023,378 596,384 446
BG342,Sliven,91 672,90 284,88 841,87 416,85 922,84 437,83 511,82 712,82 278,82 043,96 659,95 383,94 205,93 005,91 682,90 376,89 599,88 783,88 305,88 008,188 331,185 667,183 046,180 421,177 604,174 813,173 110,171 495,170 583,170 051
BG343,Yambol,60 251,58 982,57 815,56 595,55 366,54 211,53 706,52 824,52 090,51 506,62 783,61 571,60 479,59 329,58 139,56 994,56 558,55 830,55 289,54 814,123 034,120 553,118 294,115 924,113 505,111 205,110 264,108 654,107 379,106 320
BG344,Stara Zagora,155 138,153 005,150 868,148 670,146 520,144 347,143 194,141 640,140 327,139 557,164 305,162 489,160 828,158 982,157 129,155 321,154 358,152 829,151 525,150 793,319 443,315 494,311 696,307 652,303 649,299 668,297 552,294 469,291 852,290 350
BG4,Yugozapadna i Yuzhna tsentralna Bulgaria,1 690 836,1 674 730,1 658 872,1 642 308,1 625 865,1 608 437,1 601 598,1 595 867,1 593 453,1 597 446,1 813 754,1 799 710,1 786 040,1 771 993,1 757 720,1 743 101,1 737 293,1 728 328,1 724 127,1 726 351,3 504 590,3 474 440,3 444 912,3 414 301,3 383 585,3 351 538,3 338 891,3 324 195,3 317 580,3 323 797
BG41,Yugozapaden,1 005 818,999 589,993 602,987 320,981 134,974 332,969 529,967 641,967 549,969 467,1 086 557,1 081 309,1 076 198,1 071 128,1 065 542,1 060 085,1 055 448,1 050 859,1 049 005,1 049 700,2 092 375,2 080 898,2 069 800,2 058 448,2 046 676,2 034 417,2 024 977,2 018 500,2 016 554,2 019 167
BG411,Sofia (stolitsa),562 159,569 686,577 042,583 985,590 749,597 112,603 598,606 735,611 000,615 009,627 272,634 299,641 722,649 014,655 396,661 973,667 616,667 803,669 334,671 956,1 189 431,1 203 985,1 218 764,1 232 999,1 246 145,1 259 085,1 271 214,1 274 538,1 280 334,1 286 965
BG412,Sofia,168 794,159 523,150 614,141 912,133 553,125 066,114 243,112 434,111 132,110 670,170 935,162 630,153 918,145 633,137 749,129 764,119 542,117 726,116 478,115 750,339 729,322 153,304 532,287 545,271 302,254 830,233 785,230 160,227 610,226 420
BG413,Blagoevgrad,152 315,150 510,148 746,146 869,144 895,142 980,142 084,141 092,139 761,138 994,159 103,157 511,155 958,154 240,152 484,150 712,150 065,149 124,148 400,148 083,311 418,308 021,304 704,301 109,297 379,293 692,292 149,290 216,288 161,287 077
BG414,Pernik,60 813,59 535,58 314,57 111,55 895,54 603,55 250,54 302,53 436,53 055,64 302,63 237,62 228,61 232,60 212,59 153,59 795,58 981,58 310,57 977,125 115,122 772,120 542,118 343,116 107,113 756,115 045,113 283,111 746,111 032
BG415,Kyustendil,61 737,60 335,58 886,57 443,56 042,54 571,54 354,53 078,52 220,51 739,64 945,63 632,62 372,61 009,59 701,58 483,58 430,57 225,56 483,55 934,126 682,123 967,121 258,118 452,115 743,113 054,112 784,110 303,108 703,107 673
BG42,Yuzhen tsentralen,685 018,675 141,665 270,654 988,644 731,634 105,632 069,628 226,625 904,627 979,727 197,718 401,709 842,700 865,692 178,683 016,681 845,677 469,675 122,676 651,1 412 215,1 393 542,1 375 112,1 355 853,1 336 909,1 317 121,1 313 914,1 305 695,1 301 026,1 304 630
BG421,Plovdiv,318 520,315 374,312 339,309 071,305 813,302 516,302 117,301 307,301 274,302 248,344 553,342 070,339 547,336 992,334 464,331 770,331 640,330 453,330 242,331 338,663 073,657 444,651 886,646 063,640 277,634 286,633 757,631 760,631 516,633 586
BG422,Haskovo,113 471,111 494,109 489,107 413,105 356,103 252,102 336,101 556,100 166,100 204,119 741,117 917,116 178,114 364,112 613,110 728,109 839,108 808,107 273,106 910,233 212,229 411,225 667,221 777,217 969,213 980,212 175,210 364,207 439,207 114
BG423,Pazardzhik,126 058,123 528,120 991,118 427,115 910,113 218,112 247,110 454,109 829,109 526,131 167,128 799,126 454,123 983,121 733,119 360,118 699,117 171,116 380,115 735,257 225,252 327,247 445,242 410,237 643,232 578,230 946,227 625,226 209,225 261
BG424,Smolyan,54 483,53 176,51 862,50 438,49 076,47 694,46 712,45 671,44 674,44 055,57 676,56 373,55 130,53 829,52 496,51 186,50 505,49 481,48 680,48 052,112 159,109 549,106 992,104 267,101 572,98 880,97 217,95 152,93 354,92 107
BG425,Kardzhali,72 486,71 569,70 589,69 639,68 576,67 425,68 657,69 238,69 961,71 946,74 060,73 242,72 533,71 697,70 872,69 972,71 162,71 556,72 547,74 616,146 546,144 811,143 122,141 336,139 448,137 397,139 819,140 794,142 508,146 562
CZ,Czechia,5 176 927,5 186 330,5 200 687,5 219 791,5 244 194,5 271 996,5 170 902,5 183 775,5 308 523,5 342 610,5 361 348,5 367 513,5 378 133,5 390 264,5 405 606,5 421 943,5 323 934,5 332 932,5 519 006,5 557 945,10 538 275,10 553 843,10 578 820,10 610 055,10 649 800,10 693 939,10 494 836,10 516 707,10 827 529,10 900 555
CZ0,Česko,5 176 927,5 186 330,5 200 687,5 219 791,5 244 194,5 271 996,5 170 902,5 183 775,5 308 523,5 342 610,5 361 348,5 367 513,5 378 133,5 390 264,5 405 606,5 421 943,5 323 934,5 332 932,5 519 006,5 557 945,10 538 275,10 553 843,10 578 820,10 610 055,10 649 800,10 693 939,10 494 836,10 516 707,10 827 529,10 900 555
CZ01,Praha,610 376,614 669,621 565,629 550,638 009,647 286,613 316,623 121,656 382,670 680,648 703,652 780,658 943,664 963,670 623,676 991,646 097,652 285,700 944,714 052,1 259 079,1 267 449,1 280 508,1 294 513,1 308 632,1 324 277,1 259 413,1 275 406,1 357 326,1 384 732
CZ010,Hlavní město Praha,610 376,614 669,621 565,629 550,638 009,647 286,613 316,623 121,656 382,670 680,648 703,652 780,658 943,664 963,670 623,676 991,646 097,652 285,700 944,714 052,1 259 079,1 267 449,1 280 508,1 294 513,1 308 632,1 324 277,1 259 413,1 275 406,1 357 326,1 384 732
CZ02,Střední Čechy,649 245,654 935,660 919,668 102,676 696,685 199,678 250,685 492,707 185,714 752,666 054,671 941,678 063,684 693,692 636,699 942,694 338,701 332,732 206,741 188,1 315 299,1 326 876,1 338 982,1 352 795,1 369 332,1 385 141,1 372 588,1 386 824,1 439 391,1 455 940
CZ020,Středočeský kraj,649 245,654 935,660 919,668 102,676 696,685 199,678 250,685 492,707 185,714 752,666 054,671 941,678 063,684 693,692 636,699 942,694 338,701 332,732 206,741 188,1 315 299,1 326 876,1 338 982,1 352 795,1 369 332,1 385 141,1 372 588,1 386 824,1 439 391,1 455 940
CZ03,Jihozápad,598 736,600 094,601 780,603 857,607 494,611 862,600 518,601 987,618 541,623 367,613 687,614 356,615 631,617 155,619 311,622 120,612 262,613 767,639 150,644 512,1 212 423,1 214 450,1 217 411,1 221 012,1 226 805,1 233 982,1 212 780,1 215 754,1 257 691,1 267 879
CZ031,Jihočeský kraj,314 047,314 447,315 113,316 013,317 268,318 468,314 988,315 242,321 352,322 338,323 253,323 387,323 669,324 183,324 865,325 615,321 434,321 805,330 951,332 167,637 300,637 834,638 782,640 196,642 133,644 083,636 422,637 047,652 303,654 505
CZ032,Plzeňský kraj,284 689,285 647,286 667,287 844,290 226,293 394,285 530,286 745,297 189,301 029,290 434,290 969,291 962,292 972,294 446,296 505,290 828,291 962,308 199,312 345,575 123,576 616,578 629,580 816,584 672,589 899,576 358,578 707,605 388,613 374
CZ04,Severozápad,556 050,555 053,553 859,553 336,553 069,553 357,537 212,534 607,543 249,543 009,567 215,565 601,564 267,563 430,562 616,562 272,549 394,547 501,562 683,563 237,1 123 265,1 120 654,1 118 126,1 116 766,1 115 685,1 115 629,1 086 606,1 082 108,1 105 932,1 106 246
CZ041,Karlovarský kraj,147 767,147 125,146 487,146 012,145 674,145 594,140 871,139 826,143 370,143 579,151 526,150 703,150 262,149 674,149 222,149 070,144 149,143 384,150 225,151 498,299 293,297 828,296 749,295 686,294 896,294 664,285 020,283 210,293 595,295 077
CZ042,Ústecký kraj,408 283,407 928,407 372,407 324,407 395,407 763,396 341,394 781,399 879,399 430,415 689,414 898,414 005,413 756,413 394,413 202,405 245,404 117,412 458,411 739,823 972,822 826,821 377,821 080,820 789,820 965,801 586,798 898,812 337,811 169
CZ05,Severovýchod,741 697,742 225,743 228,745 075,747 330,750 539,739 766,739 085,754 481,756 598,765 116,764 984,765 299,765 651,766 363,767 460,756 374,755 586,778 724,781 639,1 506 813,1 507 209,1 508 527,1 510 726,1 513 693,1 517 999,1 496 140,1 494 671,1 533 205,1 538 237
CZ051,Liberecký kraj,215 413,215 907,216 556,217 041,217 791,218 661,215 962,216 030,220 435,220 938,223 438,223 732,224 080,224 259,224 565,225 029,221 560,221 540,228 742,229 790,438 851,439 639,440 636,441 300,442 356,443 690,437 522,437 570,449 177,450 728
CZ052,Královéhradecký kraj,271 147,271 159,270 981,271 430,271 591,272 184,268 571,267 700,272 756,273 632,280 443,280 262,279 823,279 659,279 430,279 463,275 634,274 883,282 511,283 317,551 590,551 421,550 804,551 089,551 021,551 647,544 205,542 583,555 267,556 949
CZ053,Pardubický kraj,255 137,255 159,255 691,256 604,257 948,259 694,255 233,255 355,261 290,262 028,261 235,260 990,261 396,261 733,262 368,262 968,259 180,259 163,267 471,268 532,516 372,516 149,517 087,518 337,520 316,522 662,514 413,514 518,528 761,530 560
CZ06,Jihovýchod,827 354,828 500,830 418,832 863,835 577,838 903,831 376,833 663,852 096,857 553,855 394,856 000,857 346,859 260,861 364,862 899,853 844,854 930,879 881,887 156,1 682 748,1 684 500,1 687 764,1 692 123,1 696 941,1 701 802,1 685 220,1 688 593,1 731 977,1 744 709
CZ063,Kraj Vysočina,253 176,252 964,252 695,252 711,253 061,253 649,250 788,250 990,255 697,257 012,256 719,256 511,256 257,256 205,256 213,256 164,253 216,253 035,259 080,260 948,509 895,509 475,508 952,508 916,509 274,509 813,504 004,504 025,514 777,517 960
CZ064,Jihomoravský kraj,574 178,575 536,577 723,580 152,582 516,585 254,580 588,582 673,596 399,600 541,598 675,599 489,601 089,603 055,605 151,606 735,600 628,601 895,620 801,626 208,1 172 853,1 175 025,1 178 812,1 183 207,1 187 667,1 191 989,1 181 216,1 184 568,1 217 200,1 226 749
CZ07,Střední Morava,597 079,596 442,595 854,595 665,595 503,595 552,588 789,587 099,593 895,594 244,623 893,622 952,621 769,620 569,619 910,619 018,609 860,608 263,618 438,619 364,1 220 972,1 219 394,1 217 623,1 216 234,1 215 413,1 214 570,1 198 649,1 195 362,1 212 333,1 213 608
CZ071,Olomoucký kraj,310 718,310 286,309 999,309 888,309 620,309 603,306 607,305 449,309 040,309 380,324 993,324 432,323 926,323 290,322 872,322 412,318 324,317 481,322 762,323 484,635 711,634 718,633 925,633 178,632 492,632 015,624 931,622 930,631 802,632 864
CZ072,Zlínský kraj,286 361,286 156,285 855,285 777,285 883,285 949,282 182,281 650,284 855,284 864,298 900,298 520,297 843,297 279,297 038,296 606,291 536,290 782,295 676,295 880,585 261,584 676,583 698,583 056,582 921,582 555,573 718,572 432,580 531,580 744
CZ08,Moravskoslezsko,596 390,594 412,593 064,591 343,590 516,589 298,581 675,578 721,582 694,582 407,621 286,618 899,616 815,614 543,612 783,611 241,601 765,599 268,606 980,606 797,1 217 676,1 213 311,1 209 879,1 205 886,1 203 299,1 200 539,1 183 440,1 177 989,1 189 674,1 189 204
CZ080,Moravskoslezský kraj,596 390,594 412,593 064,591 343,590 516,589 298,581 675,578 721,582 694,582 407,621 286,618 899,616 815,614 543,612 783,611 241,601 765,599 268,606 980,606 797,1 217 676,1 213 311,1 209 879,1 205 886,1 203 299,1 200 539,1 183 440,1 177 989,1 189 674,1 189 204
DK,Denmark,2 811 014,2 837 887,2 860 178,2 876 473,2 889 073,2 896 918,2 904 857,2 922 915,2 948 999,2 963 691,2 848 701,2 869 364,2 888 591,2 904 717,2 917 008,2 925 845,2 935 188,2 950 505,2 983 655,2 997 558,5 659 715,5 707 251,5 748 769,5 781 190,5 806 081,5 822 763,5 840 045,5 873 420,5 932 654,5 961 249
DK0,Danmark,2 811 014,2 837 887,2 860 178,2 876 473,2 889 073,2 896 918,2 904 857,2 922 915,2 948 999,2 963 691,2 848 701,2 869 364,2 888 591,2 904 717,2 917 008,2 925 845,2 935 188,2 950 505,2 983 655,2 997 558,5 659 715,5 707 251,5 748 769,5 781 190,5 806 081,5 822 763,5 840 045,5 873 420,5 932 654,5 961 249
DK01,Hovedstaden,866 832,877 759,887 224,894 543,900 985,906 304,910 720,917 551,928 789,938 824,901 293,911 415,920 180,928 116,934 577,939 719,944 364,950 397,963 082,972 243,1 768 125,1 789 174,1 807 404,1 822 659,1 835 562,1 846 023,1 855 084,1 867 948,1 891 871,1 911 067
DK011,Byen København,363 387,369 714,375 684,380 577,385 393,389 988,392 291,395 364,399 976,403 342,376 590,383 250,389 132,394 456,399 225,404 140,406 742,410 038,416 003,419 391,739 977,752 964,764 816,775 033,784 618,794 128,799 033,805 402,815 979,822 733
DK012,Københavns omegn,261 901,264 249,266 120,268 010,268 578,269 306,270 529,272 722,277 437,282 995,273 454,274 992,276 481,278 049,278 956,279 064,279 975,280 900,285 135,289 779,535 355,539 241,542 601,546 059,547 534,548 370,550 504,553 622,562 572,572 774
DK013,Nordsjælland,221 780,224 061,225 724,226 290,227 374,227 402,228 247,229 862,231 789,233 032,231 094,233 061,234 490,235 562,236 374,236 540,237 640,239 424,241 836,243 105,452 874,457 122,460 214,461 852,463 748,463 942,465 887,469 286,473 625,476 137
DK014,Bornholm,19 764,19 735,19 696,19 666,19 640,19 608,19 653,19 603,19 587,19 455,20 155,20 112,20 077,20 049,20 022,19 975,20 007,20 035,20 108,19 968,39 919,39 847,39 773,39 715,39 662,39 583,39 660,39 638,39 695,39 423
DK02,Sjælland,407 666,411 991,414 919,416 086,417 056,417 367,417 832,420 442,423 208,425 027,412 814,415 508,417 634,418 938,419 682,419 992,421 008,423 071,426 649,427 926,820 480,827 499,832 553,835 024,836 738,837 359,838 840,843 513,849 857,852 953
DK021,Østsjælland,119 423,121 025,121 999,122 396,123 246,123 884,124 658,125 597,126 938,128 178,122 447,123 673,124 595,125 378,126 113,126 818,127 834,128 803,130 619,131 684,241 870,244 698,246 594,247 774,249 359,250 702,252 492,254 400,257 557,259 862
DK022,Vest- og Sydsjælland,288 243,290 966,292 920,293 690,293 810,293 483,293 174,294 845,296 270,296 849,290 367,291 835,293 039,293 560,293 569,293 174,293 174,294 268,296 030,296 242,578 610,582 801,585 959,587 250,587 379,586 657,586 348,589 113,592 300,593 091
DK03,Syddanmark,601 829,605 517,608 408,610 358,611 931,611 655,612 031,614 830,618 718,619 072,603 899,606 253,608 816,610 405,611 417,611 450,611 603,613 532,618 695,619 334,1 205 728,1 211 770,1 217 224,1 220 763,1 223 348,1 223 105,1 223 634,1 228 362,1 237 413,1 238 406
DK031,Fyn,242 679,244 393,245 738,247 088,248 481,248 171,248 509,249 877,251 131,251 333,245 899,247 081,248 311,249 155,250 000,250 335,250 910,251 905,253 895,254 484,488 578,491 474,494 049,496 243,498 481,498 506,499 419,501 782,505 026,505 817
DK032,Sydjylland,359 150,361 124,362 670,363 270,363 450,363 484,363 522,364 953,367 587,367 739,358 000,359 172,360 505,361 250,361 417,361 115,360 693,361 627,364 800,364 850,717 150,720 296,723 175,724 520,724 867,724 599,724 215,726 580,732 387,732 589
DK04,Midtjylland,641 062,647 056,653 037,657 806,661 222,663 622,666 174,671 297,678 474,681 625,641 688,646 253,651 216,655 790,659 456,662 718,665 874,670 560,680 405,684 063,1 282 750,1 293 309,1 304 253,1 313 596,1 320 678,1 326 340,1 332 048,1 341 857,1 358 879,1 365 688
DK041,Vestjylland,214 459,215 567,216 716,217 333,217 376,216 928,216 225,216 332,217 170,216 768,211 261,211 912,212 453,212 899,212 735,212 283,211 849,211 664,213 613,212 966,425 720,427 479,429 169,430 232,430 111,429 211,428 074,427 996,430 783,429 734
DK042,Østjylland,426 603,431 489,436 321,440 473,443 846,446 694,449 949,454 965,461 304,464 857,430 427,434 341,438 763,442 891,446 721,450 435,454 025,458 896,466 792,471 097,857 030,865 830,875 084,883 364,890 567,897 129,903 974,913 861,928 096,935 954
DK05,Nordjylland,293 625,295 564,296 590,297 680,297 879,297 970,298 100,298 795,299 810,299 143,289 007,289 935,290 745,291 468,291 876,291 966,292 339,292 945,294 824,293 992,582 632,585 499,587 335,589 148,589 755,589 936,590 439,591 740,594 634,593 135
DK050,Nordjylland,293 625,295 564,296 590,297 680,297 879,297 970,298 100,298 795,299 810,299 143,289 007,289 935,290 745,291 468,291 876,291 966,292 339,292 945,294 824,293 992,582 632,585 499,587 335,589 148,589 755,589 936,590 439,591 740,594 634,593 135
DE,Germany,39 835 457,40 514 123,40 697 118,40 843 565,40 966 691,41 037 613,41 026 519,41 066 785,40 919 705,41 161 931,41 362 080,41 661 561,41 824 535,41 948 786,42 052 522,42 129 098,42 128 512,42 170 339,42 198 796,42 294 114,81 197 537,82 175 684,82 521 653,82 792 351,83 019 213,83 166 711,83 155 031,83 237 124,83 118 501,83 456 045
DE1,Baden-Württemberg,5 284 223,5 393 388,5 435 665,5 477 341,5 501 693,5 516 440,5 516 636,5 526 110,5 531 424,5 572 082,5 432 421,5 486 230,5 516 228,5 546 084,5 567 840,5 583 954,5 586 407,5 598 532,5 636 297,5 658 658,10 716 644,10 879 618,10 951 893,11 023 425,11 069 533,11 100 394,11 103 043,11 124 642,11 167 721,11 230 740
DE11,Stuttgart,1 984 045,2 024 777,2 041 187,2 058 055,2 067 094,2 072 401,2 070 062,2 069 441,2 059 677,2 073 720,2 024 243,2 044 756,2 057 091,2 068 633,2 076 324,2 081 822,2 081 032,2 081 508,2 083 061,2 090 979,4 008 288,4 069 533,4 098 278,4 126 688,4 143 418,4 154 223,4 151 094,4 150 949,4 142 738,4 164 699
DE111,"Stuttgart, Stadtkreis",303 622,310 492,313 295,316 126,317 139,317 794,314 721,312 886,304 549,305 226,308 819,313 246,314 737,316 617,317 691,318 117,315 584,313 389,307 492,307 885,612 441,623 738,628 032,632 743,634 830,635 911,630 305,626 275,612 041,613 111
DE112,Böblingen,184 912,189 163,191 570,193 790,194 989,195 497,195 361,195 513,194 418,196 056,189 367,192 118,194 318,195 758,196 651,197 310,197 537,197 682,196 950,198 205,374 279,381 281,385 888,389 548,391 640,392 807,392 898,393 195,391 368,394 261
DE113,Esslingen,255 223,260 597,263 708,265 956,266 783,267 334,266 492,266 348,265 273,267 206,261 556,263 530,265 084,266 491,267 076,267 690,267 125,267 040,268 161,268 821,516 779,524 127,528 792,532 447,533 859,535 024,533 617,533 388,533 434,536 027
DE114,Göppingen,123 679,125 606,126 630,127 717,128 093,128 649,129 002,128 916,127 618,128 710,126 438,127 143,127 988,128 628,129 160,129 496,129 779,130 130,129 651,130 522,250 117,252 749,254 618,256 345,257 253,258 145,258 781,259 046,257 269,259 232
DE115,Ludwigsburg,259 654,264 678,266 585,269 294,269 961,270 799,270 496,270 057,262 609,264 112,266 723,269 396,271 317,273 336,274 023,274 624,274 475,274 622,269 500,270 696,526 377,534 074,537 902,542 630,543 984,545 423,544 971,544 679,532 109,534 808
DE116,Rems-Murr-Kreis,203 548,207 145,208 845,210 261,210 861,211 395,211 269,211 185,216 497,217 983,210 468,212 311,213 853,214 617,215 297,215 853,216 017,216 131,221 582,222 120,414 016,419 456,422 698,424 878,426 158,427 248,427 286,427 316,438 079,440 103
DE117,"Heilbronn, Stadtkreis",59 467,61 268,62 188,63 068,63 527,63 802,63 756,63 138,65 439,66 605,60 374,61 299,61 583,62 045,62 433,62 790,62 702,62 475,64 492,65 048,119 841,122 567,123 771,125 113,125 960,126 592,126 458,125 613,129 931,131 653
DE118,"Heilbronn, Landkreis",163 911,167 488,169 202,171 195,172 382,172 994,173 850,174 514,175 715,177 043,165 339,166 900,168 369,169 577,170 686,171 462,172 513,173 284,175 687,176 566,329 250,334 388,337 571,340 772,343 068,344 456,346 363,347 798,351 402,353 609
DE119,Hohenlohekreis,54 555,55 569,55 885,56 212,56 550,56 872,56 886,57 184,57 666,58 213,54 261,54 612,54 804,55 180,55 460,55 783,55 879,56 134,56 887,57 122,108 816,110 181,110 689,111 392,112 010,112 655,112 765,113 318,114 553,115 335
DE11A,Schwäbisch Hall,94 464,96 187,96 812,97 395,98 314,98 720,99 297,100 206,99 434,100 633,94 510,95 427,96 146,96 808,97 547,98 041,98 563,99 192,99 216,99 964,188 974,191 614,192 958,194 203,195 861,196 761,197 860,199 398,198 650,200 597
DE11B,Main-Tauber-Kreis,64 384,65 891,65 940,65 797,65 923,65 992,66 226,66 403,66 225,66 682,65 915,66 290,66 334,66 392,66 398,66 407,66 458,66 553,66 568,66 777,130 299,132 181,132 274,132 189,132 321,132 399,132 684,132 956,132 793,133 459
DE11C,Heidenheim,63 851,64 896,65 404,65 768,66 092,66 089,66 132,66 273,67 005,67 388,65 043,65 631,66 094,66 238,66 380,66 688,66 680,66 685,67 761,67 853,128 894,130 527,131 498,132 006,132 472,132 777,132 812,132 958,134 766,135 241
DE11D,Ostalbkreis,152 775,155 797,155 123,155 476,156 480,156 464,156 574,156 818,157 229,157 863,155 430,156 853,156 464,156 946,157 522,157 561,157 720,158 191,159 114,159 400,308 205,312 650,311 587,312 422,314 002,314 025,314 294,315 009,316 343,317 263
DE12,Karlsruhe,1 340 883,1 369 443,1 380 560,1 389 658,1 394 621,1 397 583,1 395 301,1 397 366,1 403 457,1 411 815,1 380 383,1 392 534,1 398 754,1 406 125,1 410 508,1 413 271,1 412 300,1 415 116,1 428 664,1 432 592,2 721 266,2 761 977,2 779 314,2 795 783,2 805 129,2 810 854,2 807 601,2 812 482,2 832 121,2 844 407
DE121,"Baden-Baden, Stadtkreis",25 177,25 769,25 920,26 266,26 442,26 522,26 664,26 715,26 636,26 914,28 165,28 391,28 387,28 452,28 681,28 663,28 785,28 812,29 458,29 612,53 342,54 160,54 307,54 718,55 123,55 185,55 449,55 527,56 094,56 526
DE122,"Karlsruhe, Stadtkreis",150 881,156 686,158 207,159 659,160 429,159 887,157 729,156 807,155 318,156 474,149 170,151 069,151 792,152 260,152 663,152 173,150 707,149 695,151 312,151 723,300 051,307 755,309 999,311 919,313 092,312 060,308 436,306 502,306 630,308 197
DE123,"Karlsruhe, Landkreis",213 230,216 383,219 370,220 593,221 339,221 685,222 525,223 284,225 823,227 092,218 085,219 458,220 967,222 080,222 893,223 416,224 327,225 203,227 555,228 258,431 315,435 841,440 337,442 673,444 232,445 101,446 852,448 487,453 378,455 350
DE124,Rastatt,110 893,112 509,113 501,114 267,114 797,114 941,115 311,115 408,114 259,114 906,113 794,114 965,115 406,115 949,116 221,116 479,116 780,116 888,116 439,116 450,224 687,227 474,228 907,230 216,231 018,231 420,232 091,232 296,230 698,231 356
DE125,"Heidelberg, Stadtkreis",73 988,74 954,77 167,77 319,77 112,77 638,76 264,76 316,73 880,74 203,80 727,81 313,82 747,83 282,83 243,83 847,82 477,82 929,80 690,80 972,154 715,156 267,159 914,160 601,160 355,161 485,158 741,159 245,154 570,155 175
DE126,"Mannheim, Stadtkreis",148 548,152 868,152 203,153 663,154 273,155 007,154 262,155 561,156 915,158 054,151 296,152 912,152 578,154 334,155 097,155 651,155 459,156 270,158 046,158 202,299 844,305 780,304 781,307 997,309 370,310 658,309 721,311 831,314 961,316 256
DE127,Neckar-Odenwald-Kreis,70 565,71 596,71 981,71 974,72 057,72 186,72 251,72 230,72 531,73 024,71 086,71 340,71 297,71 402,71 478,71 447,71 546,71 699,72 508,72 657,141 651,142 936,143 278,143 376,143 535,143 633,143 797,143 929,145 039,145 681
DE128,Rhein-Neckar-Kreis,261 032,266 128,267 622,268 886,269 317,269 715,269 639,269 753,273 248,274 136,273 697,275 731,276 778,277 859,278 308,278 640,278 594,279 277,283 068,283 683,534 729,541 859,544 400,546 745,547 625,548 355,548 233,549 030,556 316,557 819
DE129,"Pforzheim, Stadtkreis",58 089,59 901,60 582,61 032,61 699,61 998,62 075,61 855,65 727,66 550,61 202,62 346,62 911,63 257,63 843,63 959,63 941,63 674,68 169,68 537,119 291,122 247,123 493,124 289,125 542,125 957,126 016,125 529,133 896,135 087
DE12A,Calw,75 894,77 683,78 144,79 006,79 514,79 850,80 330,80 687,80 013,80 430,76 872,77 676,77 816,78 418,78 883,79 351,79 819,79 999,80 126,80 751,152 766,155 359,155 960,157 424,158 397,159 201,160 149,160 686,160 139,161 181
DE12B,Enzkreis,95 644,97 100,97 731,98 374,98 744,99 072,99 079,99 211,98 423,99 046,98 084,98 966,99 515,99 995,100 161,100 484,100 673,101 026,100 527,100 832,193 728,196 066,197 246,198 369,198 905,199 556,199 752,200 237,198 950,199 878
DE12C,Freudenstadt,56 942,57 866,58 132,58 619,58 898,59 082,59 172,59 539,60 684,60 986,58 205,58 367,58 560,58 837,59 037,59 161,59 192,59 644,60 766,60 915,115 147,116 233,116 692,117 456,117 935,118 243,118 364,119 183,121 450,121 901
DE13,Freiburg,1 073 054,1 094 068,1 102 748,1 111 635,1 116 838,1 119 808,1 123 056,1 127 050,1 133 901,1 143 850,1 118 568,1 130 467,1 136 986,1 143 039,1 147 631,1 151 543,1 153 868,1 158 106,1 171 073,1 176 922,2 191 622,2 224 535,2 239 734,2 254 674,2 264 469,2 271 351,2 276 924,2 285 156,2 304 974,2 320 772
DE131,"Freiburg im Breisgau, Stadtkreis",105 265,107 913,108 503,109 537,109 829,110 333,110 242,110 660,112 096,112 446,116 938,118 480,119 087,120 099,120 412,120 862,120 698,121 188,122 907,123 790,222 203,226 393,227 590,229 636,230 241,231 195,230 940,231 848,235 003,236 236
DE132,Breisgau-Hochschwarzwald,123 711,126 585,128 315,129 454,129 641,129 954,130 620,131 044,132 691,134 174,129 038,130 758,132 101,132 951,133 154,133 647,134 247,134 748,136 940,137 803,252 749,257 343,260 416,262 405,262 795,263 601,264 867,265 792,269 631,271 977
DE133,Emmendingen,78 416,79 920,80 536,81 348,81 772,82 244,82 600,83 146,82 945,83 878,81 292,82 162,82 715,83 364,83 611,84 164,84 262,84 799,85 059,85 592,159 708,162 082,163 251,164 712,165 383,166 408,166 862,167 945,168 004,169 470
DE134,Ortenaukreis,205 648,208 393,210 395,212 042,214 221,214 820,215 894,216 889,219 525,221 342,209 991,211 713,212 964,213 890,215 258,216 133,216 686,217 646,221 243,222 140,415 639,420 106,423 359,425 932,429 479,430 953,432 580,434 535,440 768,443 482
DE135,Rottweil,67 389,68 504,69 067,69 415,69 767,70 004,70 101,70 361,69 835,70 185,68 523,68 996,69 260,69 443,69 688,69 874,70 065,70 085,70 133,70 159,135 912,137 500,138 327,138 858,139 455,139 878,140 166,140 446,139 968,140 344
DE136,Schwarzwald-Baar-Kreis,101 518,103 904,104 236,104 997,105 542,105 394,105 493,105 679,104 821,105 802,104 598,105 744,105 848,106 210,106 839,107 112,107 379,107 706,107 472,108 120,206 116,209 648,210 084,211 207,212 381,212 506,212 872,213 385,212 293,213 922
DE137,Tuttlingen,67 133,68 387,69 280,70 009,70 452,70 847,71 329,71 732,71 968,72 748,67 474,68 219,68 839,69 388,69 700,69 919,70 353,70 682,71 709,72 207,134 607,136 606,138 119,139 397,140 152,140 766,141 682,142 414,143 677,144 955
DE138,Konstanz,133 569,136 421,137 462,138 473,139 046,139 337,139 527,139 966,140 699,141 924,142 216,143 867,144 729,145 542,146 279,146 968,147 349,148 131,148 914,149 473,275 785,280 288,282 191,284 015,285 325,286 305,286 876,288 097,289 613,291 397
DE139,Lörrach,109 115,110 935,111 361,111 904,111 981,112 047,112 270,112 631,115 147,116 533,114 577,115 773,116 184,116 410,116 658,116 689,116 572,116 814,120 105,120 679,223 692,226 708,227 545,228 314,228 639,228 736,228 842,229 445,235 252,237 212
DE13A,Waldshut,81 290,83 106,83 593,84 456,84 587,84 828,84 980,84 942,84 174,84 818,83 921,84 755,85 259,85 742,86 032,86 175,86 257,86 307,86 591,86 959,165 211,167 861,168 852,170 198,170 619,171 003,171 237,171 249,170 765,171 777
DE14,Tübingen,886 241,905 100,911 170,917 993,923 140,926 648,928 217,932 253,934 389,942 697,909 227,918 473,923 397,928 287,933 377,937 318,939 207,943 802,953 499,958 165,1 795 468,1 823 573,1 834 567,1 846 280,1 856 517,1 863 966,1 867 424,1 876 055,1 887 888,1 900 862
DE141,Reutlingen,136 675,139 634,140 847,141 853,142 232,142 281,142 572,142 900,143 866,145 418,141 356,142 479,143 235,143 901,144 516,144 753,144 925,145 258,147 469,147 967,278 031,282 113,284 082,285 754,286 748,287 034,287 497,288 158,291 335,293 385
DE142,"Tübingen, Landkreis",106 275,108 268,109 545,110 042,110 795,111 504,111 380,111 879,112 027,112 855,112 080,113 569,115 090,115 713,116 536,117 174,117 091,117 927,118 960,120 042,218 355,221 837,224 635,225 755,227 331,228 678,228 471,229 806,230 987,232 897
DE143,Zollernalbkreis,92 028,93 608,92 731,93 357,93 808,93 921,94 179,94 483,95 038,95 614,94 332,94 987,94 670,94 813,95 127,95 442,95 683,96 062,97 688,97 725,186 360,188 595,187 401,188 170,188 935,189 363,189 862,190 545,192 726,193 339
DE144,"Ulm, Stadtkreis",59 144,60 400,61 244,62 321,62 660,62 913,62 745,62 943,63 012,63 631,61 570,62 236,62 709,63 275,63 669,63 877,63 660,64 006,64 920,65 367,120 714,122 636,123 953,125 596,126 329,126 790,126 405,126 949,127 932,128 998
DE145,Alb-Donau-Kreis,94 782,96 733,97 480,98 401,99 041,99 480,99 998,100 725,100 525,101 363,94 347,95 371,95 838,96 228,97 006,97 596,98 206,99 007,99 769,100 406,189 129,192 104,193 318,194 629,196 047,197 076,198 204,199 732,200 294,201 769
DE146,Biberach,95 049,97 540,98 720,99 840,100 634,101 390,101 831,102 385,103 132,104 288,95 389,96 479,97 486,98 425,99 108,99 892,100 419,100 859,101 941,102 495,190 438,194 019,196 206,198 265,199 742,201 282,202 250,203 244,205 073,206 783
DE147,Bodenseekreis,102 737,104 569,104 947,105 793,106 544,107 252,107 350,107 741,107 881,108 833,106 649,107 632,108 123,108 862,109 683,110 218,110 551,111 144,111 760,112 375,209 386,212 201,213 070,214 655,216 227,217 470,217 901,218 885,219 641,221 208
DE148,Ravensburg,136 129,138 713,140 174,141 176,141 777,142 334,142 446,143 027,142 570,144 197,139 210,140 583,141 453,142 088,142 508,143 090,143 442,143 984,144 823,145 528,275 339,279 296,281 627,283 264,284 285,285 424,285 888,287 011,287 393,289 725
DE149,Sigmaringen,63 422,65 635,65 482,65 210,65 649,65 573,65 716,66 170,66 338,66 498,64 294,65 137,64 793,64 982,65 224,65 276,65 230,65 555,66 169,66 260,127 716,130 772,130 275,130 192,130 873,130 849,130 946,131 725,132 507,132 758
DE2,Bayern,6 249 965,6 352 172,6 400 820,6 438 503,6 483 793,6 507 691,6 512 595,6 532 222,6 483 452,6 531 294,6 441 603,6 491 342,6 529 931,6 558 701,6 592 928,6 617 046,6 627 588,6 644 767,6 621 769,6 645 132,12 691 568,12 843 514,12 930 751,12 997 204,13 076 721,13 124 737,13 140 183,13 176 989,13 105 221,13 176 426
DE21,Oberbayern,2 222 571,2 267 060,2 290 738,2 298 601,2 318 777,2 331 152,2 334 169,2 338 045,2 323 400,2 336 397,2 297 408,2 321 884,2 342 585,2 350 933,2 367 386,2 379 713,2 385 547,2 391 198,2 381 640,2 389 704,4 519 979,4 588 944,4 633 323,4 649 534,4 686 163,4 710 865,4 719 716,4 729 243,4 705 040,4 726 101
DE211,"Ingolstadt, Kreisfreie Stadt",65 933,66 825,67 383,68 292,69 252,69 471,69 201,69 858,69 990,70 758,65 069,65 613,66 256,66 952,67 729,67 921,67 751,68 158,68 273,68 778,131 002,132 438,133 639,135 244,136 981,137 392,136 952,138 016,138 263,139 536
DE212,"München, Kreisfreie Stadt",694 873,707 150,714 112,708 422,717 308,723 663,725 905,725 594,729 835,728 124,734 711,743 231,750 189,747 617,754 200,760 563,762 297,762 114,760 681,760 595,1 429 584,1 450 381,1 464 301,1 456 039,1 471 508,1 484 226,1 488 202,1 487 708,1 490 516,1 488 719
DE213,"Rosenheim, Kreisfreie Stadt",29 692,30 273,30 760,31 126,31 321,31 357,31 473,31 438,31 273,31 823,31 197,31 571,31 912,31 954,32 003,32 194,32 118,32 070,32 368,32 630,60 889,61 844,62 672,63 080,63 324,63 551,63 591,63 508,63 641,64 453
DE214,Altötting,52 761,53 369,53 877,54 467,54 942,55 205,55 249,55 429,55 430,55 985,54 704,55 116,55 545,55 871,56 268,56 311,56 405,56 687,56 866,57 033,107 465,108 485,109 422,110 338,111 210,111 516,111 654,112 116,112 296,113 018
DE215,Berchtesgadener Land,50 321,50 897,51 260,51 603,52 007,52 153,52 320,52 425,50 972,51 414,52 655,53 010,53 220,53 449,53 715,53 776,54 007,53 964,53 400,53 694,102 976,103 907,104 480,105 052,105 722,105 929,106 327,106 389,104 372,105 108
DE216,Bad Tölz-Wolfratshausen,60 482,61 462,61 903,62 408,62 731,63 164,63 310,63 112,63 587,64 094,62 858,63 468,63 765,64 164,64 496,64 753,64 902,64 807,65 475,65 693,123 340,124 930,125 668,126 572,127 227,127 917,128 212,127 919,129 062,129 787
DE217,Dachau,72 623,74 745,75 409,76 431,77 120,77 524,77 459,77 545,75 364,75 964,73 656,74 625,75 430,76 272,76 764,77 375,77 658,77 904,75 677,75 961,146 279,149 370,150 839,152 703,153 884,154 899,155 117,155 449,151 041,151 925
DE218,Ebersberg,66 845,68 564,69 277,70 285,70 972,71 806,72 048,72 179,70 644,71 349,68 028,68 857,69 739,70 515,71 170,71 843,72 043,72 383,71 561,71 662,134 873,137 421,139 016,140 800,142 142,143 649,144 091,144 562,142 205,143 011
DE219,Eichstätt,64 171,65 284,66 603,66 929,67 325,67 518,67 473,67 599,67 948,68 535,63 018,63 521,64 205,64 717,65 016,65 363,65 696,66 035,66 253,66 685,127 189,128 805,130 808,131 646,132 341,132 881,133 169,133 634,134 201,135 220
DE21A,Erding,66 068,67 321,68 220,69 075,69 367,69 629,69 944,70 223,69 531,70 022,65 771,66 426,67 209,67 809,68 293,68 553,68 947,69 399,69 116,69 525,131 839,133 747,135 429,136 884,137 660,138 182,138 891,139 622,138 647,139 547
DE21B,Freising,86 121,88 149,89 513,90 805,91 393,92 107,92 157,92 520,92 428,93 749,84 236,85 076,86 290,87 192,87 723,87 900,88 156,88 624,89 140,89 786,170 357,173 225,175 803,177 997,179 116,180 007,180 313,181 144,181 568,183 535
DE21C,Fürstenfeldbruck,102 370,104 273,106 290,106 671,107 686,107 802,107 436,107 330,105 390,106 286,107 908,109 208,110 567,111 160,111 634,111 509,111 304,111 249,110 121,110 626,210 278,213 481,216 857,217 831,219 320,219 311,218 740,218 579,215 511,216 912
DE21D,Garmisch-Partenkirchen,41 525,42 370,42 635,42 755,42 969,42 916,42 776,42 733,42 905,42 930,44 406,45 015,45 242,45 400,45 498,45 508,45 503,45 499,46 319,46 392,85 931,87 385,87 877,88 155,88 467,88 424,88 279,88 232,89 224,89 322
DE21E,Landsberg am Lech,57 715,58 888,59 535,59 673,60 077,60 066,60 383,60 572,59 256,60 111,58 403,58 769,59 190,59 468,59 994,60 236,60 636,60 894,60 398,60 855,116 118,117 657,118 725,119 141,120 071,120 302,121 019,121 466,119 654,120 966
DE21F,Miesbach,47 039,48 065,48 322,48 558,48 870,48 999,48 994,48 892,47 222,47 560,49 734,50 221,50 506,50 631,50 856,51 011,51 189,51 086,49 335,49 170,96 773,98 286,98 828,99 189,99 726,100 010,100 183,99 978,96 557,96 730
DE21G,Mühldorf a. Inn,55 271,56 499,57 212,57 961,58 360,58 718,58 854,59 484,60 765,61 350,55 025,55 535,56 010,56 525,56 890,57 154,57 629,58 122,59 552,59 913,110 296,112 034,113 222,114 486,115 250,115 872,116 483,117 606,120 317,121 263
DE21H,"München, Landkreis",163 813,168 380,170 377,172 236,173 601,174 436,173 797,173 610,172 985,174 450,168 987,171 623,173 028,174 197,175 270,176 037,175 888,176 227,177 062,178 321,332 800,340 003,343 405,346 433,348 871,350 473,349 685,349 837,350 047,352 771
DE21I,Neuburg-Schrobenhausen,46 863,47 580,48 276,48 421,48 679,48 931,49 112,49 541,48 984,49 755,46 642,47 074,47 483,47 743,48 001,48 372,48 618,48 962,48 808,49 212,93 505,94 654,95 759,96 164,96 680,97 303,97 730,98 503,97 792,98 967
DE21J,Pfaffenhofen a. d. Ilm,61 531,63 325,63 764,64 299,64 639,65 167,65 488,65 711,65 205,65 620,60 063,60 803,61 321,61 945,62 512,63 060,63 640,64 061,63 332,63 877,121 594,124 128,125 085,126 244,127 151,128 227,129 128,129 772,128 537,129 497
DE21K,"Rosenheim, Landkreis",124 134,126 896,127 465,128 537,129 253,129 399,129 514,130 304,125 536,126 522,127 716,129 178,130 001,130 912,131 730,131 931,132 207,133 063,129 770,130 293,251 850,256 074,257 466,259 449,260 983,261 330,261 721,263 367,255 306,256 815
DE21L,Starnberg,63 490,64 772,65 294,65 703,66 020,66 265,66 157,66 184,66 754,67 081,68 383,68 849,69 438,69 842,70 072,70 402,70 453,70 563,71 734,71 845,131 873,133 621,134 732,135 545,136 092,136 667,136 610,136 747,138 488,138 926
DE21M,Traunstein,84 218,85 999,86 720,87 177,87 564,87 614,87 601,88 061,83 894,84 665,87 760,88 163,88 711,89 113,89 525,89 705,89 884,90 386,87 090,87 356,171 978,174 162,175 431,176 290,177 089,177 319,177 485,178 447,170 984,172 021
DE21N,Weilheim-Schongau,64 712,65 974,66 531,66 767,67 321,67 242,67 518,67 701,67 502,68 250,66 478,66 932,67 328,67 485,68 027,68 236,68 616,68 941,69 309,69 802,131 190,132 906,133 859,134 252,135 348,135 478,136 134,136 642,136 811,138 052
DE22,Niederbayern,595 481,605 726,609 992,616 309,620 809,623 400,624 262,627 913,620 981,626 148,602 077,606 393,609 405,613 728,617 719,620 769,622 801,625 528,623 121,625 475,1 197 558,1 212 119,1 219 397,1 230 037,1 238 528,1 244 169,1 247 063,1 253 441,1 244 102,1 251 623
DE221,"Landshut, Kreisfreie Stadt",32 421,33 513,33 927,34 617,35 403,35 952,35 671,35 715,33 514,33 529,35 088,35 698,36 098,36 576,37 001,37 459,37 394,37 435,35 229,35 212,67 509,69 211,70 025,71 193,72 404,73 411,73 065,73 150,68 743,68 741
DE222,"Passau, Kreisfreie Stadt",23 591,23 945,24 380,24 864,25 344,25 613,25 486,25 869,25 374,25 697,26 361,26 621,26 694,26 917,27 125,27 190,26 929,27 224,26 987,27 197,49 952,50 566,51 074,51 781,52 469,52 803,52 415,53 093,52 361,52 894
DE223,"Straubing, Kreisfreie Stadt",22 953,23 519,23 683,23 956,24 117,24 088,23 960,24 084,23 644,24 027,23 074,23 287,23 459,23 630,23 677,23 703,23 652,23 770,23 309,23 497,46 027,46 806,47 142,47 586,47 794,47 791,47 612,47 854,46 953,47 524
DE224,Deggendorf,57 307,57 851,58 457,59 193,59 547,59 650,59 782,60 544,60 002,60 706,58 392,58 745,59 144,59 548,59 779,59 828,59 697,59 977,60 089,60 431,115 699,116 596,117 601,118 741,119 326,119 478,119 479,120 521,120 091,121 137
DE225,Freyung-Grafenau,38 728,38 921,38 989,39 111,39 103,39 063,39 075,39 190,38 723,38 917,39 199,39 201,39 191,39 234,39 252,39 299,39 280,39 442,39 432,39 595,77 927,78 122,78 180,78 345,78 355,78 362,78 355,78 632,78 155,78 512
DE226,Kelheim,58 632,60 306,60 878,61 529,62 137,62 512,62 439,62 610,62 852,63 553,57 863,58 659,59 091,59 590,60 121,60 546,60 951,61 289,61 821,62 044,116 495,118 965,119 969,121 119,122 258,123 058,123 390,123 899,124 673,125 597
DE227,"Landshut, Landkreis",76 640,78 468,78 858,79 866,80 519,80 913,81 519,81 932,80 476,81 035,75 179,76 109,76 584,77 373,78 179,78 982,79 672,80 399,79 780,80 145,151 819,154 577,155 442,157 239,158 698,159 895,161 191,162 331,160 256,161 180
DE228,"Passau, Landkreis",91 814,93 347,93 677,94 605,95 471,95 727,96 000,96 442,95 810,96 355,94 470,94 989,95 227,95 899,96 572,96 929,97 454,97 648,97 270,97 713,186 284,188 336,188 904,190 504,192 043,192 656,193 454,194 090,193 080,194 068
DE229,Regen,37 852,38 402,38 568,38 679,38 745,38 619,38 543,38 539,38 591,38 559,38 413,38 410,38 619,38 810,38 911,38 791,38 770,38 637,38 912,38 880,76 265,76 812,77 187,77 489,77 656,77 410,77 313,77 176,77 503,77 439
DE22A,Rottal-Inn,58 685,59 402,59 621,60 157,60 346,60 920,61 011,61 352,59 544,60 048,59 479,59 816,59 996,60 214,60 313,60 582,60 789,60 900,60 320,60 427,118 164,119 218,119 617,120 371,120 659,121 502,121 800,122 252,119 864,120 475
DE22B,Straubing-Bogen,49 031,49 683,49 867,50 276,50 627,50 763,51 034,51 417,51 515,51 829,48 936,49 123,49 354,49 562,50 022,50 357,50 711,50 981,51 399,51 500,97 967,98 806,99 221,99 838,100 649,101 120,101 745,102 398,102 914,103 329
DE22C,Dingolfing-Landau,47 827,48 369,49 087,49 456,49 450,49 580,49 742,50 219,50 936,51 893,45 623,45 735,45 948,46 375,46 767,47 103,47 502,47 826,48 573,48 834,93 450,94 104,95 035,95 831,96 217,96 683,97 244,98 045,99 509,100 727
DE23,Oberpfalz,535 673,542 114,546 414,550 060,552 961,554 217,554 327,556 829,550 842,556 806,547 088,550 225,551 964,554 347,556 308,557 885,557 940,559 912,556 908,559 329,1 082 761,1 092 339,1 098 378,1 104 407,1 109 269,1 112 102,1 112 267,1 116 741,1 107 750,1 116 135
DE231,"Amberg, Kreisfreie Stadt",20 360,20 571,20 901,20 809,20 673,20 816,20 757,20 725,20 558,20 731,21 175,21 290,21 447,21 439,21 297,21 391,21 295,21 269,21 522,21 486,41 535,41 861,42 348,42 248,41 970,42 207,42 052,41 994,42 080,42 217
DE232,"Regensburg, Kreisfreie Stadt",68 086,69 969,71 800,73 121,74 225,74 316,74 011,74 784,72 151,73 564,74 206,75 496,76 838,77 773,78 385,78 778,78 259,78 758,75 358,76 100,142 292,145 465,148 638,150 894,152 610,153 094,152 270,153 542,147 509,149 664
DE233,"Weiden i. d. Opf, Kreisfreie Stadt",19 863,20 052,20 457,20 506,20 542,20 652,20 584,20 556,20 456,20 603,21 954,22 003,22 037,22 037,21 978,22 091,21 951,21 916,21 795,21 827,41 817,42 055,42 494,42 543,42 520,42 743,42 535,42 472,42 251,42 430
DE234,Amberg-Sulzbach,51 291,51 767,51 539,51 452,51 665,51 634,51 640,51 795,51 757,52 050,51 754,51 801,51 470,51 384,51 444,51 415,51 358,51 482,51 864,52 077,103 045,103 568,103 009,102 836,103 109,103 049,102 998,103 277,103 621,104 127
DE235,Cham,62 740,63 117,63 589,63 910,64 248,64 289,64 292,64 549,63 884,64 501,63 104,63 242,63 329,63 429,63 634,63 709,63 802,63 895,63 568,63 729,125 844,126 359,126 918,127 339,127 882,127 998,128 094,128 444,127 452,128 230
DE236,Neumarkt i. d. OPf.,64 722,65 671,66 526,67 037,67 499,68 058,68 357,68 857,69 027,69 943,64 253,64 714,65 136,65 607,66 062,66 515,66 868,67 205,67 874,68 271,128 975,130 385,131 662,132 644,133 561,134 573,135 225,136 062,136 901,138 214
DE237,Neustadt a. d. Waldnaab,47 239,47 226,46 996,46 967,46 943,47 061,47 124,47 235,47 561,47 941,47 945,47 852,47 532,47 519,47 409,47 389,47 521,47 603,48 181,48 268,95 184,95 078,94 528,94 486,94 352,94 450,94 645,94 838,95 742,96 209
DE238,"Regensburg, Landkreis",93 248,94 531,95 267,96 350,97 081,97 185,97 228,97 630,95 439,96 847,93 957,94 859,95 214,95 850,96 491,96 885,97 047,97 595,96 212,96 954,187 205,189 390,190 481,192 200,193 572,194 070,194 275,195 225,191 651,193 801
DE239,Schwandorf,71 838,72 784,73 054,73 653,73 964,74 315,74 622,75 024,74 059,74 574,71 776,72 080,72 328,72 834,73 225,73 557,73 855,74 215,73 923,74 124,143 614,144 864,145 382,146 487,147 189,147 872,148 477,149 239,147 982,148 698
DE23A,Tirschenreuth,36 286,36 426,36 285,36 255,36 121,35 891,35 712,35 674,35 950,36 052,36 964,36 888,36 633,36 475,36 383,36 155,35 984,35 974,36 611,36 493,73 250,73 314,72 918,72 730,72 504,72 046,71 696,71 648,72 561,72 545
DE24,Oberfranken,515 815,519 304,521 804,524 731,525 763,524 781,523 256,523 565,517 476,521 176,540 140,540 054,540 590,542 109,541 719,540 590,538 829,538 364,534 392,534 575,1 055 955,1 059 358,1 062 394,1 066 840,1 067 482,1 065 371,1 062 085,1 061 929,1 051 868,1 055 751
DE241,"Bamberg, Kreisfreie Stadt",33 919,34 767,36 286,37 165,37 464,37 296,37 065,37 702,36 374,36 861,38 033,38 564,39 457,40 014,40 128,40 077,39 609,40 047,38 031,38 226,71 952,73 331,75 743,77 179,77 592,77 373,76 674,77 749,74 405,75 087
DE242,"Bayreuth, Kreisfreie Stadt",34 367,34 850,35 438,36 035,36 469,36 539,36 200,36 307,35 570,35 844,37 234,37 298,37 627,37 964,38 188,38 244,37 848,37 602,37 091,37 230,71 601,72 148,73 065,73 999,74 657,74 783,74 048,73 909,72 661,73 074
DE243,"Coburg, Kreisfreie Stadt",19 738,20 004,19 929,20 065,20 162,20 042,19 883,19 896,19 648,19 923,21 324,21 253,21 142,21 171,21 087,21 030,20 959,21 059,20 970,20 984,41 062,41 257,41 071,41 236,41 249,41 072,40 842,40 955,40 618,40 907
DE244,"Hof, Kreisfreie Stadt",21 007,21 342,21 631,22 055,22 098,22 095,21 757,21 847,22 577,22 819,23 318,23 318,23 552,23 895,23 832,23 730,23 416,23 278,23 574,23 665,44 325,44 660,45 183,45 950,45 930,45 825,45 173,45 125,46 151,46 484
DE245,"Bamberg, Landkreis",72 232,72 906,73 163,73 417,73 725,73 740,73 872,73 984,73 353,73 917,72 463,72 664,72 879,73 167,73 361,73 423,73 625,73 713,73 916,74 100,144 695,145 570,146 042,146 584,147 086,147 163,147 497,147 697,147 269,148 017
DE246,"Bayreuth, Landkreis",51 597,51 516,51 365,51 359,51 310,51 361,51 385,51 423,51 020,51 289,53 018,52 790,52 511,52 446,52 346,52 303,52 294,52 225,52 086,51 980,104 615,104 306,103 876,103 805,103 656,103 664,103 679,103 648,103 106,103 269
DE247,"Coburg, Landkreis",42 741,42 781,42 932,42 927,42 912,42 836,42 744,42 781,41 691,41 922,43 974,43 818,43 802,43 958,43 994,43 911,43 827,43 763,42 650,42 596,86 715,86 599,86 734,86 885,86 906,86 747,86 571,86 544,84 341,84 518
DE248,Forchheim,56 317,56 865,57 091,57 412,57 703,57 771,57 924,57 917,57 047,57 671,57 583,57 969,58 168,58 269,58 396,58 432,58 676,58 836,58 410,58 613,113 900,114 834,115 259,115 681,116 099,116 203,116 600,116 753,115 457,116 284
DE249,"Hof, Landkreis",46 912,47 008,46 786,46 782,46 646,46 459,46 316,46 017,45 399,45 405,49 696,49 421,49 129,48 991,48 665,48 342,48 206,47 890,47 506,47 270,96 608,96 429,95 915,95 773,95 311,94 801,94 522,93 907,92 905,92 675
DE24A,Kronach,33 413,33 475,33 304,33 301,33 184,32 987,32 789,32 676,32 091,32 135,34 585,34 441,34 309,34 173,33 951,33 756,33 566,33 415,32 996,32 874,67 998,67 916,67 613,67 474,67 135,66 743,66 355,66 091,65 087,65 009
DE24B,Kulmbach,35 436,35 503,35 292,35 394,35 345,35 244,35 174,35 111,35 004,35 355,37 105,36 965,36 701,36 618,36 500,36 322,36 254,36 217,36 435,36 397,72 541,72 468,71 993,72 012,71 845,71 566,71 428,71 328,71 439,71 752
DE24C,Lichtenfels,32 686,32 817,32 872,33 001,33 027,32 965,32 949,32 949,33 165,33 409,33 854,33 838,33 768,33 776,33 811,33 811,33 773,33 792,34 301,34 307,66 540,66 655,66 640,66 777,66 838,66 776,66 722,66 741,67 466,67 716
DE24D,Wunsiedel i. Fichtelgebirge,35 450,35 470,35 715,35 818,35 718,35 446,35 198,34 955,34 537,34 626,37 953,37 715,37 545,37 667,37 460,37 209,36 776,36 527,36 426,36 333,73 403,73 185,73 260,73 485,73 178,72 655,71 974,71 482,70 963,70 959
DE25,Mittelfranken,839 468,855 081,861 096,866 773,873 070,875 645,875 720,876 719,878 283,884 410,875 727,883 605,888 963,892 870,897 331,899 524,899 984,900 424,904 136,906 737,1 715 195,1 738 686,1 750 059,1 759 643,1 770 401,1 775 169,1 775 704,1 777 143,1 782 419,1 791 147
DE251,"Ansbach, Kreisfreie Stadt",19 001,19 778,19 885,19 930,20 048,20 022,19 999,19 946,19 165,19 275,21 009,21 381,21 647,21 722,21 799,21 776,21 682,21 716,20 431,20 425,40 010,41 159,41 532,41 652,41 847,41 798,41 681,41 662,39 596,39 700
DE252,"Erlangen, Kreisfreie Stadt",52 383,53 454,54 603,55 200,55 864,56 013,55 944,56 520,56 337,57 181,54 040,54 882,55 635,55 798,56 098,56 515,56 441,56 772,57 574,58 133,106 423,108 336,110 238,110 998,111 962,112 528,112 385,113 292,113 911,115 314
DE253,"Fürth, Kreisfreie Stadt",59 090,60 669,61 372,61 962,62 603,63 051,62 837,63 224,64 366,64 847,62 429,63 502,64 031,64 564,65 145,65 446,65 386,65 898,66 694,66 865,121 519,124 171,125 403,126 526,127 748,128 497,128 223,129 122,131 060,131 712
DE254,"Nürnberg, Kreisfreie Stadt",241 878,247 931,248 451,250 702,252 807,253 135,251 839,249 546,256 594,258 519,259 194,262 044,263 177,264 499,265 558,265 235,263 704,261 086,267 140,268 087,501 072,509 975,511 628,515 201,518 365,518 370,515 543,510 632,523 734,526 606
DE255,"Schwabach, Kreisfreie Stadt",19 391,19 710,19 821,19 885,19 895,20 068,20 173,20 207,19 795,20 003,20 550,20 718,20 886,20 896,20 897,20 913,20 883,20 939,21 017,20 991,39 941,40 428,40 707,40 781,40 792,40 981,41 056,41 146,40 812,40 994
DE256,"Ansbach, Landkreis",89 475,90 933,91 474,92 126,92 450,92 836,93 084,93 562,93 260,93 785,89 944,90 381,90 704,91 130,91 499,91 755,92 232,92 717,93 099,93 555,179 419,181 314,182 178,183 256,183 949,184 591,185 316,186 279,186 359,187 340
DE257,Erlangen-Höchstadt,65 963,66 722,66 980,67 259,67 763,68 245,68 554,69 214,68 373,68 821,66 867,67 414,67 660,68 075,68 508,69 017,69 551,70 109,69 608,69 760,132 830,134 136,134 640,135 334,136 271,137 262,138 105,139 323,137 981,138 581
DE258,"Fürth, Landkreis",55 128,55 381,56 338,56 410,57 064,57 200,57 692,58 211,57 215,57 151,58 719,58 910,59 633,59 783,60 323,60 653,61 003,61 221,60 387,60 466,113 847,114 291,115 971,116 193,117 387,117 853,118 695,119 432,117 602,117 617
DE259,Nürnberger Land,81 352,82 530,83 261,83 755,83 946,84 197,84 222,84 391,82 741,83 154,84 566,85 113,85 632,85 997,86 419,86 595,86 921,87 033,86 115,86 039,165 918,167 643,168 893,169 752,170 365,170 792,171 143,171 424,168 856,169 193
DE25A,Neustadt a. d. Aisch-Bad Windsheim,48 535,49 217,49 611,49 888,50 331,50 621,50 756,51 017,50 428,50 690,49 273,49 534,49 721,49 753,50 033,50 393,50 516,50 771,50 140,50 292,97 808,98 751,99 332,99 641,100 364,101 014,101 272,101 788,100 568,100 982
DE25B,Roth,61 297,62 231,62 441,62 701,63 206,62 952,63 132,63 240,63 003,63 756,62 593,62 909,63 122,63 400,63 752,63 797,64 036,64 280,64 469,64 682,123 890,125 140,125 563,126 101,126 958,126 749,127 168,127 520,127 472,128 438
DE25C,Weißenburg-Gunzenhausen,45 975,46 525,46 859,46 955,47 093,47 305,47 488,47 641,47 006,47 228,46 543,46 817,47 115,47 253,47 300,47 429,47 629,47 882,47 462,47 442,92 518,93 342,93 974,94 208,94 393,94 734,95 117,95 523,94 468,94 670
DE26,Unterfranken,640 002,645 602,647 481,650 316,652 896,652 877,652 632,654 360,646 791,650 637,658 847,660 446,661 728,663 059,664 228,664 742,664 875,666 153,663 770,664 518,1 298 849,1 306 048,1 309 209,1 313 375,1 317 124,1 317 619,1 317 507,1 320 513,1 310 561,1 315 155
DE261,"Aschaffenburg, Kreisfreie Stadt",32 683,33 288,33 450,33 899,34 316,34 641,34 529,34 822,35 161,35 453,35 484,35 698,35 737,36 029,36 211,36 361,36 329,36 559,36 893,37 101,68 167,68 986,69 187,69 928,70 527,71 002,70 858,71 381,72 054,72 554
DE262,"Schweinfurt, Kreisfreie Stadt",24 886,25 160,25 637,26 150,26 553,26 169,26 185,26 451,26 404,26 679,26 724,26 809,27 087,27 287,27 479,27 257,27 134,27 134,27 135,27 259,51 610,51 969,52 724,53 437,54 032,53 426,53 319,53 585,53 539,53 938
DE263,"Würzburg, Kreisfreie Stadt",58 587,59 159,59 978,60 447,61 151,61 131,60 725,60 749,62 336,62 918,65 632,65 714,66 032,66 188,66 729,66 803,66 229,66 184,68 935,68 841,124 219,124 873,126 010,126 635,127 880,127 934,126 954,126 933,131 271,131 759
DE264,"Aschaffenburg, Landkreis",85 838,86 543,86 125,86 382,86 570,86 457,86 742,86 790,84 330,84 580,86 938,87 152,87 379,87 587,87 638,87 743,87 916,88 175,86 321,86 276,172 776,173 695,173 504,173 969,174 208,174 200,174 658,174 965,170 651,170 856
DE265,Bad Kissingen,50 405,50 623,50 660,50 790,50 865,50 860,50 819,50 987,50 555,50 906,52 496,52 483,52 440,52 475,52 353,52 375,52 350,52 467,52 533,52 541,102 901,103 106,103 100,103 265,103 218,103 235,103 169,103 454,103 088,103 447
DE266,Rhön-Grabfeld,39 458,39 540,39 725,39 702,39 677,39 646,39 523,39 486,39 432,39 586,40 218,40 183,40 130,40 094,40 013,39 989,39 987,39 890,39 784,39 844,79 676,79 723,79 855,79 796,79 690,79 635,79 510,79 376,79 216,79 430
DE267,Haßberge,42 051,42 412,42 326,42 398,42 468,42 309,42 273,42 287,41 600,41 996,42 101,42 169,42 047,42 066,42 131,42 075,42 002,41 997,41 658,41 677,84 152,84 581,84 373,84 464,84 599,84 384,84 275,84 284,83 258,83 673
DE268,Kitzingen,44 148,44 796,45 051,45 526,45 791,45 862,46 040,46 286,45 224,45 684,44 344,44 510,44 697,44 903,45 118,45 293,45 656,45 694,45 352,45 513,88 492,89 306,89 748,90 429,90 909,91 155,91 696,91 980,90 576,91 197
DE269,Miltenberg,63 671,64 062,64 059,64 035,64 190,64 105,64 038,64 051,62 644,63 153,64 270,64 384,64 484,64 449,64 566,64 638,64 705,64 731,64 005,64 051,127 941,128 446,128 543,128 484,128 756,128 743,128 743,128 782,126 649,127 204
DE26A,Main-Spessart,62 640,62 856,62 955,63 088,62 953,62 951,62 763,62 873,62 169,62 735,63 275,63 267,63 346,63 435,63 412,63 207,63 213,63 232,63 101,63 079,125 915,126 123,126 301,126 523,126 365,126 158,125 976,126 105,125 270,125 814
DE26B,"Schweinfurt, Landkreis",56 696,57 406,57 424,57 657,57 768,58 014,58 087,58 345,57 816,57 391,57 051,57 407,57 399,57 448,57 338,57 431,57 565,57 789,56 933,57 013,113 747,114 813,114 823,115 105,115 106,115 445,115 652,116 134,114 749,114 404
DE26C,"Würzburg, Landkreis",78 939,79 757,80 091,80 242,80 594,80 732,80 908,81 233,79 120,79 556,80 314,80 670,80 950,81 098,81 240,81 570,81 789,82 301,81 120,81 323,159 253,160 427,161 041,161 340,161 834,162 302,162 697,163 534,160 240,160 879
DE27,Schwaben,900 955,917 285,923 295,931 713,939 517,945 619,948 229,954 791,945 679,955 720,920 316,928 735,934 696,941 655,948 237,953 823,957 612,963 188,957 802,964 794,1 821 271,1 846 020,1 857 991,1 873 368,1 887 754,1 899 442,1 905 841,1 917 979,1 903 481,1 920 514
DE271,"Augsburg, Kreisfreie Stadt",137 182,140 323,142 033,143 867,145 158,146 222,145 786,146 234,146 201,147 492,143 929,146 051,147 551,148 984,149 977,150 360,150 044,150 244,150 505,151 480,281 111,286 374,289 584,292 851,295 135,296 582,295 830,296 478,296 706,298 972
DE272,"Kaufbeuren, Kreisfreie Stadt",20 449,20 999,21 192,21 384,21 610,21 872,22 005,22 229,22 379,22 732,21 565,21 732,21 942,22 094,22 283,22 526,22 657,22 889,23 080,23 339,42 014,42 731,43 134,43 478,43 893,44 398,44 662,45 118,45 459,46 071
DE273,"Kempten (Allgäu), Kreisfreie Stadt",32 261,33 106,33 437,33 789,34 141,34 219,34 140,34 240,31 877,32 276,33 363,33 841,34 092,34 541,34 766,34 932,34 800,34 813,33 352,33 657,65 624,66 947,67 529,68 330,68 907,69 151,68 940,69 053,65 229,65 933
DE274,"Memmingen, Kreisfreie Stadt",20 670,21 082,21 331,21 478,21 710,21 892,21 996,22 195,21 434,21 658,21 531,21 759,21 962,21 992,22 127,22 208,22 364,22 526,22 262,22 390,42 201,42 841,43 293,43 470,43 837,44 100,44 360,44 721,43 696,44 048
DE275,Aichach-Friedberg,64 233,65 241,65 469,66 182,66 651,67 161,67 349,67 418,67 280,67 994,65 061,65 675,65 930,66 414,66 945,67 494,67 675,68 120,67 853,68 436,129 294,130 916,131 399,132 596,133 596,134 655,135 024,135 538,135 133,136 430
DE276,"Augsburg, Landkreis",120 096,122 030,122 867,123 993,124 807,125 761,126 953,127 849,128 444,129 853,122 601,123 570,124 672,125 845,126 727,127 707,128 947,129 941,130 858,131 747,242 697,245 600,247 539,249 838,251 534,253 468,255 900,257 790,259 302,261 600
DE277,Dillingen a.d. Donau,46 498,47 230,47 260,47 663,48 135,48 441,48 764,49 123,48 686,49 270,46 980,47 345,47 296,47 496,47 886,48 121,48 408,48 862,48 744,49 204,93 478,94 575,94 556,95 159,96 021,96 562,97 172,97 985,97 430,98 474
DE278,Günzburg,61 103,62 073,62 300,62 851,63 576,64 288,64 254,64 872,64 598,65 469,60 725,61 080,61 198,61 668,62 171,62 739,63 088,63 564,63 763,64 227,121 828,123 153,123 498,124 519,125 747,127 027,127 342,128 436,128 361,129 696
DE279,Neu-Ulm,82 813,84 606,84 801,85 562,86 470,86 839,87 031,88 007,90 015,91 291,85 034,85 703,86 210,86 984,87 730,88 365,88 792,89 323,90 305,91 269,167 847,170 309,171 011,172 546,174 200,175 204,175 823,177 330,180 320,182 560
DE27A,Lindau (Bodensee),38 916,39 550,39 869,39 965,40 285,40 438,40 472,40 613,40 124,40 387,40 471,40 879,41 092,41 183,41 384,41 543,41 613,41 717,41 750,41 837,79 387,80 429,80 961,81 148,81 669,81 981,82 085,82 330,81 874,82 224
DE27B,Ostallgäu,67 524,68 750,68 912,69 419,69 968,70 507,70 780,71 432,69 526,70 090,68 370,68 959,69 353,69 859,70 348,70 675,71 127,71 804,70 627,71 047,135 894,137 709,138 265,139 278,140 316,141 182,141 907,143 236,140 153,141 137
DE27C,Unterallgäu,69 443,70 572,70 916,71 769,72 608,73 229,73 644,74 634,72 305,73 430,69 269,69 847,70 249,70 775,71 433,72 112,72 520,73 142,71 079,71 868,138 712,140 419,141 165,142 544,144 041,145 341,146 164,147 776,143 384,145 298
DE27D,Donau-Ries,65 670,66 381,67 090,67 559,67 821,67 860,68 098,68 516,67 855,68 374,64 533,64 964,65 208,65 484,65 675,65 923,66 226,66 470,65 915,66 303,130 203,131 345,132 298,133 043,133 496,133 783,134 324,134 986,133 770,134 677
DE27E,Oberallgäu,74 097,75 342,75 818,76 232,76 577,76 890,76 957,77 429,74 955,75 404,76 884,77 330,77 941,78 336,78 785,79 118,79 351,79 773,77 709,77 990,150 981,152 672,153 759,154 568,155 362,156 008,156 308,157 202,152 664,153 394
DE3,Berlin,1 696 218,1 726 533,1 755 700,1 776 267,1 792 801,1 804 273,1 802 038,1 807 826,1 777 900,1 796 409,1 773 631,1 793 498,1 819 130,1 837 228,1 852 025,1 865 218,1 862 050,1 869 646,1 854 953,1 865 972,3 469 849,3 520 031,3 574 830,3 613 495,3 644 826,3 669 491,3 664 088,3 677 472,3 632 853,3 662 381
DE30,Berlin,1 696 218,1 726 533,1 755 700,1 776 267,1 792 801,1 804 273,1 802 038,1 807 826,1 777 900,1 796 409,1 773 631,1 793 498,1 819 130,1 837 228,1 852 025,1 865 218,1 862 050,1 869 646,1 854 953,1 865 972,3 469 849,3 520 031,3 574 830,3 613 495,3 644 826,3 669 491,3 664 088,3 677 472,3 632 853,3 662 381
DE300,Berlin,1 696 218,1 726 533,1 755 700,1 776 267,1 792 801,1 804 273,1 802 038,1 807 826,1 777 900,1 796 409,1 773 631,1 793 498,1 819 130,1 837 228,1 852 025,1 865 218,1 862 050,1 869 646,1 854 953,1 865 972,3 469 849,3 520 031,3 574 830,3 613 495,3 644 826,3 669 491,3 664 088,3 677 472,3 632 853,3 662 381
DE4,Brandenburg,1 210 474,1 228 283,1 231 683,1 235 971,1 239 460,1 243 931,1 248 050,1 250 325,1 250 710,1 257 264,1 247 398,1 256 543,1 262 965,1 268 069,1 272 457,1 277 962,1 283 021,1 287 543,1 294 449,1 297 200,2 457 872,2 484 826,2 494 648,2 504 040,2 511 917,2 521 893,2 531 071,2 537 868,2 545 159,2 554 464
DE40,Brandenburg,1 210 474,1 228 283,1 231 683,1 235 971,1 239 460,1 243 931,1 248 050,1 250 325,1 250 710,1 257 264,1 247 398,1 256 543,1 262 965,1 268 069,1 272 457,1 277 962,1 283 021,1 287 543,1 294 449,1 297 200,2 457 872,2 484 826,2 494 648,2 504 040,2 511 917,2 521 893,2 531 071,2 537 868,2 545 159,2 554 464
DE401,"Brandenburg an der Havel, Kreisfreie Stadt",34 917,35 323,35 380,35 522,35 617,35 577,35 480,35 635,35 958,36 146,36 115,36 251,36 284,36 364,36 507,36 607,36 560,36 826,37 654,37 793,71 032,71 574,71 664,71 886,72 124,72 184,72 040,72 461,73 612,73 939
DE402,"Cottbus, Kreisfreie Stadt",48 894,49 100,49 542,49 792,49 201,48 816,48 345,48 184,45 447,45 816,50 597,50 587,50 874,51 244,51 018,50 862,50 348,50 175,48 803,48 962,99 491,99 687,100 416,101 036,100 219,99 678,98 693,98 359,94 250,94 778
DE403,"Frankfurt (Oder), Kreisfreie Stadt",27 587,27 989,28 116,28 167,28 023,28 099,27 704,27 482,27 392,27 862,30 062,30 103,30 077,30 070,29 850,29 652,29 311,29 197,29 042,29 203,57 649,58 092,58 193,58 237,57 873,57 751,57 015,56 679,56 434,57 065
DE404,"Potsdam, Kreisfreie Stadt",78 708,80 854,83 060,85 046,86 179,87 158,88 122,88 443,88 293,88 917,85 334,86 891,88 750,90 664,91 910,93 176,93 990,94 711,94 694,95 373,164 042,167 745,171 810,175 710,178 089,180 334,182 112,183 154,182 987,184 290
DE405,Barnim,86 517,87 997,88 957,89 684,90 615,91 812,92 800,93 344,94 260,94 869,88 464,89 414,90 408,91 180,92 145,93 432,94 543,95 491,97 265,97 907,174 981,177 411,179 365,180 864,182 760,185 244,187 343,188 835,191 525,192 776
DE406,Dahme-Spreewald,80 084,81 587,82 395,83 022,83 943,84 806,85 908,87 089,87 157,87 962,81 868,82 941,83 679,84 297,85 124,85 985,87 408,88 745,89 216,89 700,161 952,164 528,166 074,167 319,169 067,170 791,173 316,175 834,176 373,177 662
DE407,Elbe-Elster,51 826,51 820,51 705,51 354,50 832,50 472,50 098,49 675,49 268,48 835,53 171,52 853,52 692,52 101,51 806,51 355,50 987,50 642,50 416,49 915,104 997,104 673,104 397,103 455,102 638,101 827,101 085,100 317,99 684,98 750
DE408,Havelland,76 777,78 316,78 988,79 527,80 121,80 547,81 382,81 939,82 903,83 704,78 631,79 920,80 697,81 183,81 788,82 449,83 311,83 967,85 591,86 017,155 408,158 236,159 685,160 710,161 909,162 996,164 693,165 906,168 494,169 721
DE409,Märkisch-Oderland,93 394,94 906,95 141,95 718,96 483,97 086,97 811,98 154,97 032,97 600,95 028,95 808,96 544,97 203,97 845,98 665,99 384,99 811,99 898,100 185,188 422,190 714,191 685,192 921,194 328,195 751,197 195,197 965,196 930,197 785
DE40A,Oberhavel,100 919,102 478,102 848,103 414,104 111,104 949,105 559,106 259,106 610,106 927,103 979,105 046,105 791,106 479,107 138,107 965,108 675,109 536,110 239,110 363,204 898,207 524,208 639,209 893,211 249,212 914,214 234,215 795,216 849,217 290
DE40B,Oberspreewald-Lausitz,55 366,55 287,55 035,54 614,54 307,53 724,53 199,52 825,53 432,52 951,57 530,57 163,56 927,56 508,56 169,55 647,55 197,54 733,55 659,55 483,112 896,112 450,111 962,111 122,110 476,109 371,108 396,107 558,109 091,108 434
DE40C,Oder-Spree,87 630,90 953,88 012,87 583,87 681,87 616,87 851,87 756,88 127,88 996,90 193,91 444,90 837,90 764,90 977,91 187,91 425,91 489,91 621,91 503,177 823,182 397,178 849,178 347,178 658,178 803,179 276,179 245,179 748,180 499
DE40D,Ostprignitz-Ruppin,49 142,49 332,49 501,49 521,49 331,49 144,49 079,49 177,49 122,49 224,49 744,49 778,49 913,49 847,49 747,49 717,49 729,49 652,50 172,50 148,98 886,99 110,99 414,99 368,99 078,98 861,98 808,98 829,99 294,99 372
DE40E,Potsdam-Mittelmark,102 713,104 720,105 324,105 612,106 258,107 234,107 877,108 577,108 097,108 786,104 785,106 190,106 883,107 602,108 406,109 332,110 077,110 944,110 995,111 372,207 498,210 910,212 207,213 214,214 664,216 566,217 954,219 521,219 092,220 158
DE40F,Prignitz,38 318,38 556,38 778,38 443,37 977,37 801,37 759,37 448,37 811,37 838,39 232,39 017,39 035,38 820,38 531,38 357,38 337,38 126,38 511,38 310,77 550,77 573,77 813,77 263,76 508,76 158,76 096,75 574,76 322,76 148
DE40G,Spree-Neiße,58 143,58 059,57 595,56 845,56 269,55 879,55 469,54 945,54 353,54 168,59 887,59 576,59 231,58 611,58 160,57 841,57 542,57 010,56 730,56 412,118 030,117 635,116 826,115 456,114 429,113 720,113 011,111 955,111 083,110 580
DE40H,Teltow-Fläming,80 282,81 514,81 980,83 093,83 842,84 796,85 609,86 006,87 768,88 751,81 206,82 039,82 791,83 797,84 454,85 201,85 945,86 539,87 801,88 669,161 488,163 553,164 771,166 890,168 296,169 997,171 554,172 545,175 569,177 420
DE40I,Uckermark,59 257,59 492,59 326,59 014,58 670,58 415,57 998,57 387,57 680,57 912,61 572,61 522,61 552,61 335,60 882,60 532,60 252,59 949,60 142,59 885,120 829,121 014,120 878,120 349,119 552,118 947,118 250,117 336,117 822,117 797
DE5,Bremen,324 423,330 895,335 474,336 665,338 035,337 001,336 390,334 319,343 260,347 144,337 465,340 594,343 279,344 367,344 951,344 201,343 740,342 144,352 498,355 511,661 888,671 489,678 753,681 032,682 986,681 202,680 130,676 463,695 758,702 655
DE50,Bremen,324 423,330 895,335 474,336 665,338 035,337 001,336 390,334 319,343 260,347 144,337 465,340 594,343 279,344 367,344 951,344 201,343 740,342 144,352 498,355 511,661 888,671 489,678 753,681 032,682 986,681 202,680 130,676 463,695 758,702 655
DE501,"Bremen, Kreisfreie Stadt",270 004,274 119,279 170,280 484,281 336,280 381,279 841,278 085,283 876,288 208,281 763,283 345,286 549,287 522,288 016,287 178,286 732,285 205,293 071,296 124,551 767,557 464,565 719,568 006,569 352,567 559,566 573,563 290,576 947,584 332
DE502,"Bremerhaven, Kreisfreie Stadt",54 419,56 776,56 304,56 181,56 699,56 620,56 549,56 234,59 384,58 936,55 702,57 249,56 730,56 845,56 935,57 023,57 008,56 939,59 427,59 387,110 121,114 025,113 034,113 026,113 634,113 643,113 557,113 173,118 811,118 323
DE6,Hamburg,857 446,873 062,886 289,897 207,902 048,903 974,906 933,907 682,894 537,906 254,905 345,914 346,924 149,933 377,939 131,943 279,945 545,946 253,938 138,945 342,1 762 791,1 787 408,1 810 438,1 830 584,1 841 179,1 847 253,1 852 478,1 853 935,1 832 675,1 851 596
DE60,Hamburg,857 446,873 062,886 289,897 207,902 048,903 974,906 933,907 682,894 537,906 254,905 345,914 346,924 149,933 377,939 131,943 279,945 545,946 253,938 138,945 342,1 762 791,1 787 408,1 810 438,1 830 584,1 841 179,1 847 253,1 852 478,1 853 935,1 832 675,1 851 596
DE600,Hamburg,857 446,873 062,886 289,897 207,902 048,903 974,906 933,907 682,894 537,906 254,905 345,914 346,924 149,933 377,939 131,943 279,945 545,946 253,938 138,945 342,1 762 791,1 787 408,1 810 438,1 830 584,1 841 179,1 847 253,1 852 478,1 853 935,1 832 675,1 851 596
DE7,Hessen,2 991 752,3 047 730,3 066 957,3 081 636,3 093 044,3 105 260,3 108 408,3 108 589,3 070 983,3 091 353,3 102 136,3 128 442,3 146 131,3 161 626,3 172 765,3 182 820,3 184 746,3 186 428,3 165 950,3 176 193,6 093 888,6 176 172,6 213 088,6 243 262,6 265 809,6 288 080,6 293 154,6 295 017,6 236 933,6 267 546
DE71,Darmstadt,1 895 647,1 932 893,1 947 896,1 960 810,1 971 254,1 982 809,1 986 034,1 985 349,1 969 677,1 984 063,1 968 171,1 989 476,2 003 338,2 017 240,2 027 470,2 037 152,2 040 584,2 041 215,2 031 469,2 039 967,3 863 818,3 922 369,3 951 234,3 978 050,3 998 724,4 019 961,4 026 618,4 026 564,4 001 146,4 024 030
DE711,"Darmstadt, Kreisfreie Stadt",76 716,78 915,80 183,80 565,81 217,81 439,81 048,81 251,82 462,84 107,75 163,76 438,77 254,77 689,77 990,78 439,78 126,78 380,79 867,80 725,151 879,155 353,157 437,158 254,159 207,159 878,159 174,159 631,162 329,164 832
DE712,"Frankfurt am Main, Kreisfreie Stadt",353 822,362 515,363 754,368 721,371 671,376 802,377 199,374 525,366 598,367 937,363 802,370 173,372 660,378 157,381 385,386 578,386 905,384 699,380 791,381 659,717 624,732 688,736 414,746 878,753 056,763 380,764 104,759 224,747 389,749 596
DE713,"Offenbach am Main, Kreisfreie Stadt",59 848,61 609,61 529,62 566,63 699,64 603,65 063,65 222,65 559,66 164,61 140,62 125,63 060,64 092,65 045,65 677,65 829,66 073,64 983,65 681,120 988,123 734,124 589,126 658,128 744,130 280,130 892,131 295,130 542,131 845
DE714,"Wiesbaden, Kreisfreie Stadt",131 324,131 901,132 595,133 148,132 943,133 104,133 265,133 538,137 558,139 023,143 792,144 317,145 024,145 506,145 399,145 370,145 344,145 412,147 229,148 218,275 116,276 218,277 619,278 654,278 342,278 474,278 609,278 950,284 787,287 241
DE715,Bergstraße,129 530,131 828,132 477,132 830,133 318,133 608,134 047,133 915,134 772,135 697,134 292,135 100,135 458,135 950,136 376,136 732,136 968,137 251,138 516,138 787,263 822,266 928,267 935,268 780,269 694,270 340,271 015,271 166,273 288,274 484
DE716,Darmstadt-Dieburg,142 348,145 418,146 512,147 134,147 786,148 046,147 765,147 308,148 843,149 693,145 618,147 355,148 232,148 914,149 613,149 798,149 936,149 592,152 085,152 570,287 966,292 773,294 744,296 048,297 399,297 844,297 701,296 900,300 928,302 263
DE717,Groß-Gerau,129 187,132 655,134 248,135 459,137 325,138 083,138 154,138 390,133 120,134 112,131 606,133 387,134 797,135 944,137 201,137 643,137 653,137 917,133 206,133 808,260 793,266 042,269 045,271 403,274 526,275 726,275 807,276 307,266 326,267 920
DE718,Hochtaunuskreis,111 160,112 797,113 842,114 460,114 878,115 143,115 161,114 959,115 431,116 709,119 638,120 630,121 149,121 535,121 686,121 771,122 120,122 082,123 103,123 913,230 798,233 427,234 991,235 995,236 564,236 914,237 281,237 041,238 534,240 622
DE719,Main-Kinzig-Kreis,199 623,202 592,205 724,206 318,206 555,207 433,207 943,208 904,205 026,206 925,207 996,209 364,210 991,211 890,212 395,213 119,213 746,214 561,210 727,212 130,407 619,411 956,416 715,418 208,418 950,420 552,421 689,423 465,415 753,419 055
DE71A,Main-Taunus-Kreis,111 802,113 592,115 238,115 893,116 332,116 820,117 253,117 236,116 462,117 117,118 174,119 256,120 470,121 076,121 403,121 738,122 011,122 040,121 209,121 476,229 976,232 848,235 708,236 969,237 735,238 558,239 264,239 276,237 671,238 593
DE71B,Odenwaldkreis,47 420,48 140,47 652,47 757,47 875,47 855,47 806,47 911,46 660,46 584,48 662,48 860,48 821,48 840,48 923,48 848,48 948,49 042,47 959,47 662,96 082,97 000,96 473,96 597,96 798,96 703,96 754,96 953,94 619,94 246
DE71C,"Offenbach, Landkreis",167 544,171 164,172 406,173 204,174 417,175 379,175 634,176 079,173 988,175 566,174 125,176 193,177 576,178 488,179 675,180 434,180 908,181 387,179 960,181 012,341 669,347 357,349 982,351 692,354 092,355 813,356 542,357 466,353 948,356 578
DE71D,Rheingau-Taunus-Kreis,89 119,90 514,91 423,91 778,91 962,92 025,92 092,91 919,90 755,91 084,92 998,93 600,94 245,94 824,95 195,95 135,95 341,95 310,94 929,94 966,182 117,184 114,185 668,186 602,187 157,187 160,187 433,187 229,185 684,186 050
DE71E,Wetteraukreis,146 204,149 253,150 313,150 977,151 276,152 469,153 604,154 192,152 443,153 345,151 165,152 678,153 601,154 335,155 184,155 870,156 749,157 469,156 905,157 360,297 369,301 931,303 914,305 312,306 460,308 339,310 353,311 661,309 348,310 705
DE72,Gießen,505 872,514 340,515 693,516 492,517 202,517 987,518 296,519 053,510 135,513 552,523 148,525 751,527 950,529 315,530 060,530 659,530 444,531 712,526 613,527 901,1 029 020,1 040 091,1 043 643,1 045 807,1 047 262,1 048 646,1 048 740,1 050 765,1 036 748,1 041 453
DE721,"Gießen, Landkreis",127 772,129 534,130 779,131 272,132 135,133 185,134 060,134 692,130 769,131 948,132 062,132 971,134 920,135 784,136 741,137 503,137 607,138 182,135 545,136 193,259 834,262 505,265 699,267 056,268 876,270 688,271 667,272 874,266 314,268 141
DE722,Lahn-Dill-Kreis,123 294,124 914,125 288,125 332,125 090,124 903,124 944,124 887,124 636,125 728,128 146,128 253,128 786,128 832,128 687,128 416,128 429,128 477,128 572,128 716,251 440,253 167,254 074,254 164,253 777,253 319,253 373,253 364,253 208,254 444
DE723,Limburg-Weilburg,84 241,85 410,85 537,85 392,85 571,85 419,85 533,85 786,85 755,86 370,86 144,86 512,86 583,86 579,86 512,86 493,86 758,86 973,87 729,87 911,170 385,171 922,172 120,171 971,172 083,171 912,172 291,172 759,173 484,174 281
DE724,Marburg-Biedenkopf,118 079,120 775,120 651,121 174,121 414,121 619,121 031,120 944,118 684,119 216,123 519,124 466,124 362,124 991,125 234,125 465,124 872,125 153,123 513,123 877,241 598,245 241,245 013,246 165,246 648,247 084,245 903,246 097,242 197,243 093
DE725,Vogelsbergkreis,52 486,53 707,53 438,53 322,52 992,52 861,52 728,52 744,50 291,50 290,53 277,53 549,53 299,53 129,52 886,52 782,52 778,52 927,51 254,51 204,105 763,107 256,106 737,106 451,105 878,105 643,105 506,105 671,101 545,101 494
DE73,Kassel,590 233,600 497,603 368,604 334,604 588,604 464,604 078,604 187,591 171,593 738,610 817,613 215,614 843,615 071,615 235,615 009,613 718,613 501,607 868,608 325,1 201 050,1 213 712,1 218 211,1 219 405,1 219 823,1 219 473,1 217 796,1 217 688,1 199 039,1 202 063
DE731,"Kassel, Kreisfreie Stadt",94 406,96 659,97 228,98 371,99 007,99 319,98 897,98 639,95 589,95 796,100 341,101 325,101 834,102 365,102 578,102 818,102 151,101 767,100 986,101 269,194 747,197 984,199 062,200 736,201 585,202 137,201 048,200 406,196 575,197 065
DE732,Fulda,106 908,108 993,109 685,110 139,110 592,110 782,110 769,111 181,109 838,110 759,110 418,111 139,111 485,111 644,111 992,112 363,112 254,112 391,111 607,111 929,217 326,220 132,221 170,221 783,222 584,223 145,223 023,223 572,221 445,222 688
DE733,Hersfeld-Rotenburg,59 104,60 407,60 443,60 611,60 523,60 512,60 363,60 242,58 828,58 691,60 290,60 759,60 594,60 490,60 306,60 207,59 941,59 921,59 355,59 319,119 394,121 166,121 037,121 101,120 829,120 719,120 304,120 163,118 183,118 010
DE734,"Kassel, Landkreis",114 020,115 972,116 513,116 270,116 122,116 153,116 369,116 452,112 431,112 842,119 431,119 841,120 392,120 404,120 511,120 611,120 638,120 816,117 887,117 900,233 451,235 813,236 905,236 674,236 633,236 764,237 007,237 268,230 318,230 742
DE735,Schwalm-Eder-Kreis,89 385,90 229,90 798,90 477,90 181,89 941,90 114,90 256,89 289,90 102,90 081,90 081,90 307,90 277,90 041,89 732,89 726,89 796,90 117,90 266,179 466,180 310,181 105,180 754,180 222,179 673,179 840,180 052,179 406,180 368
DE736,Waldeck-Frankenberg,77 405,78 655,78 891,78 505,78 198,77 901,77 946,78 038,76 757,76 941,79 055,78 937,79 076,78 751,78 755,78 505,78 582,78 475,78 311,78 194,156 460,157 592,157 967,157 256,156 953,156 406,156 528,156 513,155 068,155 135
DE737,Werra-Meißner-Kreis,49 005,49 582,49 810,49 961,49 965,49 856,49 620,49 379,48 439,48 607,51 201,51 133,51 155,51 140,51 052,50 773,50 426,50 335,49 605,49 448,100 206,100 715,100 965,101 101,101 017,100 629,100 046,99 714,98 044,98 055
DE8,Mecklenburg-Vorpommern,787 945,797 832,795 467,794 873,793 639,792 612,793 537,793 443,770 722,772 662,811 193,814 530,815 207,816 246,816 036,815 526,817 237,817 717,805 327,805 379,1 599 138,1 612 362,1 610 674,1 611 119,1 609 675,1 608 138,1 610 774,1 611 160,1 576 049,1 578 041
DE80,Mecklenburg-Vorpommern,787 945,797 832,795 467,794 873,793 639,792 612,793 537,793 443,770 722,772 662,811 193,814 530,815 207,816 246,816 036,815 526,817 237,817 717,805 327,805 379,1 599 138,1 612 362,1 610 674,1 611 119,1 609 675,1 608 138,1 610 774,1 611 160,1 576 049,1 578 041
DE803,"Rostock, Kreisfreie Stadt",99 896,101 078,102 082,102 700,102 911,103 101,102 963,102 559,99 204,99 865,104 271,104 933,105 431,105 709,105 975,106 090,106 098,105 841,104 705,105 083,204 167,206 011,207 513,208 409,208 886,209 191,209 061,208 400,203 909,204 948
DE804,"Schwerin, Kreisfreie Stadt",43 809,47 028,46 111,46 046,46 054,45 957,45 919,45 944,46 796,47 000,48 329,49 772,49 557,49 751,49 764,49 696,49 690,49 796,50 818,50 850,92 138,96 800,95 668,95 797,95 818,95 653,95 609,95 740,97 614,97 850
DE80J,Mecklenburgische Seenplatte,128 368,129 182,128 806,127 966,127 108,126 560,126 653,126 475,120 525,120 594,133 365,133 335,133 010,132 608,132 022,131 514,131 404,131 050,127 210,126 981,261 733,262 517,261 816,260 574,259 130,258 074,258 057,257 525,247 735,247 575
DE80K,Landkreis Rostock,105 747,106 674,106 578,106 746,107 111,107 360,107 764,108 035,107 591,108 056,106 131,106 799,107 367,107 889,108 002,108 434,109 308,109 761,110 541,110 724,211 878,213 473,213 945,214 635,215 113,215 794,217 072,217 796,218 132,218 780
DE80L,Vorpommern-Rügen,109 912,110 885,110 869,110 822,110 477,110 438,110 540,110 687,104 768,105 009,113 558,113 935,114 102,114 301,114 207,114 264,114 843,115 213,111 215,111 166,223 470,224 820,224 971,225 123,224 684,224 702,225 383,225 900,215 983,216 175
DE80M,Nordwestmecklenburg,77 362,77 871,78 132,78 198,77 899,78 294,78 524,78 839,77 663,77 750,78 062,78 399,78 693,78 795,78 830,79 028,79 451,79 610,79 445,79 410,155 424,156 270,156 825,156 993,156 729,157 322,157 975,158 449,157 108,157 160
DE80N,Vorpommern-Greifswald,116 710,117 353,116 746,116 376,115 881,115 274,115 377,115 084,110 051,110 101,120 987,121 005,120 628,120 690,120 816,120 349,120 396,120 367,116 273,116 080,237 697,238 358,237 374,237 066,236 697,235 623,235 773,235 451,226 324,226 181
DE80O,Ludwigslust-Parchim,106 141,107 761,106 143,106 019,106 198,105 628,105 797,105 820,104 124,104 287,106 490,106 352,106 419,106 503,106 420,106 151,106 047,106 079,105 120,105 085,212 631,214 113,212 562,212 522,212 618,211 779,211 844,211 899,209 244,209 372
DE9,Niedersachsen,3 846 089,3 915 398,3 923 396,3 931 876,3 943 243,3 947 571,3 951 456,3 962 947,3 932 399,3 951 143,3 980 650,4 011 201,4 022 289,4 030 899,4 039 205,4 046 037,4 051 965,4 064 084,4 050 548,4 056 992,7 826 739,7 926 599,7 945 685,7 962 775,7 982 448,7 993 608,8 003 421,8 027 031,7 982 947,8 008 135
DE91,Braunschweig,777 461,791 275,789 193,789 724,790 405,789 879,787 660,788 129,785 434,788 277,802 293,806 889,806 416,806 010,805 991,805 050,802 917,803 295,804 168,804 423,1 579 754,1 598 164,1 595 609,1 595 734,1 596 396,1 594 929,1 590 577,1 591 424,1 589 602,1 592 700
DE911,"Braunschweig, Kreisfreie Stadt",122 315,125 001,122 814,122 721,122 985,123 630,123 229,123 441,125 493,125 666,126 187,126 363,125 853,125 302,125 307,125 776,125 332,125 382,127 701,127 861,248 502,251 364,248 667,248 023,248 292,249 406,248 561,248 823,253 194,253 527
DE912,"Salzgitter, Kreisfreie Stadt",48 539,49 898,51 528,51 990,52 202,51 831,51 606,51 539,51 999,52 558,50 427,51 181,52 140,52 558,52 746,52 460,52 260,52 155,52 565,52 498,98 966,101 079,103 668,104 548,104 948,104 291,103 866,103 694,104 564,105 056
DE913,"Wolfsburg, Kreisfreie Stadt",60 791,61 581,61 644,61 559,61 820,61 973,61 654,61 765,63 670,64 619,62 236,62 464,62 265,62 355,62 331,62 398,62 186,62 184,64 320,64 728,123 027,124 045,123 909,123 914,124 151,124 371,123 840,123 949,127 990,129 347
DE914,Gifhorn,86 003,87 129,87 465,87 743,88 035,88 295,88 590,88 884,86 993,87 370,86 538,87 076,87 284,87 336,87 885,88 228,88 637,89 035,88 368,88 506,172 541,174 205,174 749,175 079,175 920,176 523,177 227,177 919,175 361,175 876
DE916,Goslar,67 413,68 245,68 201,68 022,67 834,67 599,66 826,66 486,63 028,62 949,69 843,69 991,69 778,69 541,69 180,68 693,67 862,67 564,64 828,64 763,137 256,138 236,137 979,137 563,137 014,136 292,134 688,134 050,127 856,127 712
DE917,Helmstedt,44 955,45 354,45 662,45 467,45 241,45 273,45 394,45 304,44 952,44 844,45 953,46 146,46 417,46 253,46 066,46 024,46 124,46 075,46 033,45 848,90 908,91 500,92 079,91 720,91 307,91 297,91 518,91 379,90 985,90 692
DE918,Northeim,65 576,66 394,65 745,65 497,65 445,65 290,64 988,64 911,62 193,62 281,68 329,68 502,67 865,67 549,67 320,66 995,66 784,66 854,64 405,64 029,133 905,134 896,133 610,133 046,132 765,132 285,131 772,131 765,126 598,126 310
DE91A,Peine,64 319,65 493,65 702,65 947,66 286,66 753,67 280,67 861,67 654,67 929,66 282,66 827,67 277,67 421,67 679,68 048,68 564,69 099,69 065,69 054,130 601,132 320,132 979,133 368,133 965,134 801,135 844,136 960,136 719,136 983
DE91B,Wolfenbüttel,59 114,59 846,59 841,59 569,59 370,59 212,59 102,59 013,58 265,58 530,60 921,61 135,61 063,60 868,60 590,60 410,60 259,60 211,60 031,60 010,120 035,120 981,120 904,120 437,119 960,119 622,119 361,119 224,118 296,118 540
DE91C,Göttingen,158 436,162 334,160 591,161 209,161 187,160 023,158 991,158 925,161 187,161 531,165 577,167 204,166 474,166 827,166 887,166 018,164 909,164 736,166 852,167 126,324 013,329 538,327 065,328 036,328 074,326 041,323 900,323 661,328 039,328 657
DE92,Hannover,1 027 512,1 044 520,1 047 814,1 050 367,1 054 567,1 053 405,1 053 245,1 054 626,1 035 848,1 041 123,1 080 901,1 087 770,1 092 162,1 093 753,1 095 238,1 094 833,1 094 459,1 095 233,1 081 186,1 082 278,2 108 413,2 132 290,2 139 976,2 144 120,2 149 805,2 148 238,2 147 704,2 149 859,2 117 034,2 123 401
DE922,Diepholz,104 731,106 475,106 869,107 287,107 853,107 876,108 453,108 750,108 658,109 278,106 362,107 501,108 213,108 725,109 033,109 213,109 619,110 089,110 983,111 465,211 093,213 976,215 082,216 012,216 886,217 089,218 072,218 839,219 641,220 743
DE923,Hameln-Pyrmont,71 088,71 606,71 603,71 625,71 840,71 880,71 881,72 157,73 037,73 146,76 725,76 675,76 662,76 671,76 719,76 669,76 699,76 806,77 680,77 389,147 813,148 281,148 265,148 296,148 559,148 549,148 580,148 963,150 717,150 535
DE925,Hildesheim,132 952,135 007,135 071,134 841,134 912,134 547,134 529,134 208,130 679,131 074,141 602,142 048,142 229,141 799,141 682,141 270,140 935,140 565,137 383,137 244,274 554,277 055,277 300,276 640,276 594,275 817,275 464,274 773,268 062,268 318
DE926,Holzminden,35 185,35 481,35 386,35 219,35 187,34 911,34 811,34 701,32 917,32 919,36 253,36 178,36 124,35 925,35 788,35 547,35 396,35 161,33 371,33 169,71 438,71 659,71 510,71 144,70 975,70 458,70 207,69 862,66 288,66 088
DE927,Nienburg (Weser),59 171,59 947,60 376,60 379,60 400,60 299,60 325,60 359,60 020,60 298,60 460,60 685,61 127,61 091,60 986,61 091,61 320,61 414,61 275,61 425,119 631,120 632,121 503,121 470,121 386,121 390,121 645,121 773,121 295,121 723
DE928,Schaumburg,75 902,76 229,77 033,77 206,77 174,77 266,77 748,77 495,76 625,76 875,79 945,79 977,80 583,80 677,80 607,80 554,80 658,80 613,80 122,80 176,155 847,156 206,157 616,157 883,157 781,157 820,158 406,158 108,156 747,157 051
DE929,Region Hannover,548 483,559 775,561 476,563 810,567 201,566 626,565 498,566 956,553 912,557 533,579 554,584 706,587 224,588 865,590 423,590 489,589 832,590 585,580 372,581 410,1 128 037,1 144 481,1 148 700,1 152 675,1 157 624,1 157 115,1 155 330,1 157 541,1 134 284,1 138 943
DE93,Lüneburg,824 718,840 498,842 160,842 227,844 086,846 688,849 227,853 559,844 078,847 711,852 997,859 471,861 785,864 237,866 828,869 760,873 247,877 972,872 553,874 271,1 677 715,1 699 969,1 703 945,1 706 464,1 710 914,1 716 448,1 722 474,1 731 531,1 716 631,1 721 982
DE931,Celle,86 248,87 543,87 729,87 877,88 054,88 101,88 220,88 410,84 156,84 431,89 909,90 428,90 641,90 887,90 882,90 910,91 166,91 505,88 321,88 440,176 157,177 971,178 370,178 764,178 936,179 011,179 386,179 915,172 477,172 871
DE932,Cuxhaven,96 120,97 064,97 411,97 085,97 044,96 867,97 159,97 551,97 182,97 572,100 667,101 039,101 259,101 015,101 169,101 171,101 667,102 052,101 716,101 818,196 787,198 103,198 670,198 100,198 213,198 038,198 826,199 603,198 898,199 390
DE933,Harburg,119 736,122 089,123 468,123 912,124 502,125 373,125 995,126 845,130 051,131 451,125 463,126 033,126 858,127 599,128 274,129 058,130 021,130 703,132 903,133 316,245 199,248 122,250 326,251 511,252 776,254 431,256 016,257 548,262 954,264 767
DE934,Lüchow-Dannenberg,23 982,24 991,24 067,23 750,23 839,23 783,23 791,23 701,22 763,22 800,24 746,25 137,24 758,24 607,24 585,24 629,24 712,24 771,24 028,24 015,48 728,50 128,48 825,48 357,48 424,48 412,48 503,48 472,46 791,46 815
DE935,"Lüneburg, Landkreis",86 669,88 448,88 829,89 412,89 543,89 803,89 914,90 292,86 346,86 935,91 453,92 271,92 776,93 518,93 829,94 336,94 321,94 837,91 753,92 468,178 122,180 719,181 605,182 930,183 372,184 139,184 235,185 129,178 099,179 403
DE936,Osterholz,54 707,56 098,55 459,55 621,55 765,55 926,56 217,56 317,55 497,55 520,56 777,57 481,57 236,57 484,57 752,58 002,58 423,58 737,58 303,58 264,111 484,113 579,112 695,113 105,113 517,113 928,114 640,115 054,113 800,113 784
DE937,Rotenburg (Wümme),81 157,82 229,82 361,82 180,82 132,82 317,82 542,82 752,82 253,82 887,80 685,81 024,81 011,81 197,81 323,81 465,81 944,82 249,82 404,82 674,161 842,163 253,163 372,163 377,163 455,163 782,164 486,165 001,164 657,165 561
DE938,Heidekreis,67 511,70 371,69 824,69 426,69 757,70 251,70 403,71 543,71 530,70 148,68 689,69 893,69 817,69 673,69 998,70 422,70 482,71 369,72 198,71 479,136 200,140 264,139 641,139 099,139 755,140 673,140 885,142 912,143 728,141 627
DE939,Stade,98 275,99 894,100 566,100 430,101 043,101 831,102 187,102 726,102 287,103 045,99 173,100 160,101 072,101 457,102 059,102 681,103 170,103 770,104 088,104 614,197 448,200 054,201 638,201 887,203 102,204 512,205 357,206 496,206 375,207 659
DE93A,Uelzen,45 144,45 631,45 527,45 361,45 241,45 137,45 215,45 374,44 406,45 049,47 389,47 500,47 434,47 383,47 331,47 252,47 351,47 520,46 653,46 783,92 533,93 131,92 961,92 744,92 572,92 389,92 566,92 894,91 059,91 832
DE93B,Verden,65 169,66 140,66 919,67 173,67 166,67 299,67 584,68 048,67 607,67 873,68 046,68 505,68 923,69 417,69 626,69 834,69 990,70 459,70 186,70 400,133 215,134 645,135 842,136 590,136 792,137 133,137 574,138 507,137 793,138 273
DE94,Weser-Ems,1 216 398,1 239 105,1 244 229,1 249 558,1 254 185,1 257 599,1 261 324,1 266 633,1 267 039,1 274 032,1 244 459,1 257 071,1 261 926,1 266 899,1 271 148,1 276 394,1 281 342,1 287 584,1 292 641,1 296 020,2 460 857,2 496 176,2 506 155,2 516 457,2 525 333,2 533 993,2 542 666,2 554 217,2 559 680,2 570 052
DE941,"Delmenhorst, Kreisfreie Stadt",36 891,37 823,38 169,38 383,38 437,38 313,38 272,38 263,39 958,40 382,37 913,38 500,38 876,39 138,39 170,39 246,39 231,39 259,41 190,41 364,74 804,76 323,77 045,77 521,77 607,77 559,77 503,77 522,81 148,81 746
DE942,"Emden, Kreisfreie Stadt",24 699,25 249,25 205,25 339,25 084,24 884,24 869,24 672,24 483,24 659,25 317,25 445,25 281,25 268,25 111,25 029,25 005,24 851,25 080,25 042,50 016,50 694,50 486,50 607,50 195,49 913,49 874,49 523,49 563,49 701
DE943,"Oldenburg (Oldenburg), Kreisfreie Stadt",76 458,78 259,79 125,79 833,80 501,81 019,81 362,81 715,84 359,85 222,84 449,85 571,86 586,87 248,87 709,88 058,88 243,88 674,90 086,91 020,160 907,163 830,165 711,167 081,168 210,169 077,169 605,170 389,174 445,176 242
DE944,"Osnabrück, Kreisfreie Stadt",75 449,78 275,79 430,79 505,79 756,79 881,79 475,79 834,80 449,80 487,81 448,84 128,84 640,84 869,84 992,85 370,84 748,85 200,85 292,85 199,156 897,162 403,164 070,164 374,164 748,165 251,164 223,165 034,165 741,165 686
DE945,"Wilhelmshaven, Kreisfreie Stadt",36 892,37 244,37 511,37 572,37 596,37 444,36 914,36 856,37 687,37 895,38 642,38 751,38 690,38 744,38 682,38 645,38 275,38 171,38 173,38 115,75 534,75 995,76 201,76 316,76 278,76 089,75 189,75 027,75 860,76 010
DE946,Ammerland,58 704,59 587,60 199,60 385,60 658,60 906,61 253,61 706,61 624,62 289,61 213,61 848,62 499,62 992,63 413,63 953,64 390,64 769,64 766,65 003,119 917,121 435,122 698,123 377,124 071,124 859,125 643,126 475,126 390,127 292
DE947,Aurich,92 339,93 212,93 830,93 703,93 555,93 316,93 479,93 549,92 233,92 794,95 659,95 987,96 236,96 246,96 293,96 378,96 699,96 876,96 169,96 166,187 998,189 199,190 066,189 949,189 848,189 694,190 178,190 425,188 402,188 960
DE948,Cloppenburg,81 819,83 274,83 809,84 931,85 707,86 436,87 408,88 060,89 190,89 818,80 531,81 460,82 121,82 994,83 641,84 246,85 224,85 920,86 359,86 722,162 350,164 734,165 930,167 925,169 348,170 682,172 632,173 980,175 549,176 540
DE949,Emsland,159 890,162 482,163 325,164 534,165 784,166 332,166 929,168 010,167 862,169 535,155 867,157 006,158 066,159 102,159 873,160 622,162 001,163 387,163 849,164 668,315 757,319 488,321 391,323 636,325 657,326 954,328 930,331 397,331 711,334 203
DE94A,Friesland (DE),47 183,47 771,48 073,48 109,48 064,48 179,48 233,48 171,48 639,48 839,49 754,50 129,50 336,50 400,50 396,50 525,50 738,50 800,51 450,51 622,96 937,97 900,98 409,98 509,98 460,98 704,98 971,98 971,100 089,100 461
DE94B,Grafschaft Bentheim,66 853,67 780,67 880,67 945,68 305,68 658,69 038,69 384,71 572,72 085,67 476,67 882,67 890,67 914,68 206,68 504,68 853,69 338,71 900,72 127,134 329,135 662,135 770,135 859,136 511,137 162,137 891,138 722,143 472,144 212
DE94C,Leer,82 227,83 431,83 797,84 297,84 810,85 211,85 430,85 910,83 873,83 351,83 582,84 117,84 456,84 649,84 999,85 545,86 053,86 511,85 517,85 760,165 809,167 548,168 253,168 946,169 809,170 756,171 483,172 421,169 390,169 111
DE94D,"Oldenburg, Landkreis",63 067,63 988,64 480,64 502,64 574,64 873,65 231,65 542,64 680,65 139,63 731,64 620,65 004,65 422,65 570,66 017,66 236,66 549,66 548,66 826,126 798,128 608,129 484,129 924,130 144,130 890,131 467,132 091,131 228,131 965
DE94E,"Osnabrück, Landkreis",173 641,178 475,176 113,176 869,177 430,177 737,178 390,179 587,175 924,176 110,177 675,179 604,178 694,179 271,179 913,180 343,181 081,181 963,180 136,180 084,351 316,358 079,354 807,356 140,357 343,358 080,359 471,361 550,356 060,356 194
DE94F,Vechta,68 458,69 535,70 641,71 135,71 595,72 095,72 588,73 010,72 884,73 484,67 726,68 331,69 030,69 405,70 003,70 719,71 110,71 795,72 668,72 916,136 184,137 866,139 671,140 540,141 598,142 814,143 698,144 805,145 552,146 400
DE94G,Wesermarsch,44 204,44 649,44 719,44 632,44 410,44 415,44 329,44 226,44 314,44 546,44 561,44 590,44 563,44 390,44 214,44 168,44 195,44 204,44 813,44 770,88 765,89 239,89 282,89 022,88 624,88 583,88 524,88 430,89 127,89 316
DE94H,Wittmund,27 624,28 071,27 923,27 884,27 919,27 900,28 124,28 138,27 308,27 397,28 915,29 102,28 958,28 847,28 963,29 026,29 260,29 317,28 645,28 616,56 539,57 173,56 881,56 731,56 882,56 926,57 384,57 455,55 953,56 013
DEA,Nordrhein-Westfalen,8 606 003,8 768 019,8 776 760,8 787 579,8 798 631,8 805 974,8 794 888,8 795 533,8 817 109,8 859 036,9 032 095,9 097 497,9 113 340,9 124 555,9 134 020,9 141 247,9 130 682,9 129 058,9 147 311,9 158 484,17 638 098,17 865 516,17 890 100,17 912 134,17 932 651,17 947 221,17 925 570,17 924 591,17 964 420,18 017 520
DEA1,Düsseldorf,2 477 287,2 523 069,2 532 815,2 536 806,2 538 726,2 541 273,2 538 234,2 538 125,2 550 035,2 563 070,2 631 003,2 650 554,2 657 975,2 662 014,2 663 595,2 666 184,2 661 856,2 659 554,2 672 505,2 675 839,5 108 290,5 173 623,5 190 790,5 198 820,5 202 321,5 207 457,5 200 090,5 197 679,5 222 540,5 238 909
DEA11,"Düsseldorf, Kreisfreie Stadt",291 199,295 896,296 231,298 330,299 315,300 507,299 975,299 583,296 802,297 811,313 328,316 282,316 999,318 950,319 979,321 370,320 548,319 894,317 597,318 508,604 527,612 178,613 230,617 280,619 294,621 877,620 523,619 477,614 399,616 319
DEA12,"Duisburg, Kreisfreie Stadt",237 261,241 417,247 099,246 183,246 588,246 860,245 244,244 716,248 341,249 596,248 204,249 814,252 746,251 927,252 002,251 826,250 641,250 436,253 330,253 589,485 465,491 231,499 845,498 110,498 590,498 686,495 885,495 152,501 671,503 185
DEA13,"Essen, Kreisfreie Stadt",276 462,282 565,283 065,283 206,283 005,282 869,283 169,281 991,278 117,279 261,297 322,300 059,300 019,300 187,300 104,299 891,299 246,297 441,294 120,294 821,573 784,582 624,583 084,583 393,583 109,582 760,582 415,579 432,572 237,574 082
DEA14,"Krefeld, Kreisfreie Stadt",107 548,109 487,110 593,110 467,110 745,111 015,110 704,110 842,112 754,112 915,114 952,115 657,116 219,116 232,116 275,116 402,116 140,116 208,117 621,117 478,222 500,225 144,226 812,226 699,227 020,227 417,226 844,227 050,230 375,230 393
DEA15,"Mönchengladbach, Kreisfreie Stadt",125 397,127 512,128 169,128 925,128 655,128 467,127 911,128 999,132 417,133 041,131 456,132 484,132 756,133 263,132 799,132 567,131 754,132 002,134 916,134 626,256 853,259 996,260 925,262 188,261 454,261 034,259 665,261 001,267 333,267 667
DEA16,"Mülheim an der Ruhr, Kreisfreie Stadt",79 848,81 461,82 431,82 616,82 387,82 242,82 409,82 415,83 275,83 827,87 260,87 817,88 505,88 649,88 493,88 390,88 512,88 324,88 779,89 060,167 108,169 278,170 936,171 265,170 880,170 632,170 921,170 739,172 054,172 887
DEA17,"Oberhausen, Kreisfreie Stadt",102 065,103 284,103 720,103 851,103 612,103 569,102 819,102 310,103 506,103 649,107 227,107 650,107 662,107 571,107 217,107 195,106 747,106 442,109 746,109 861,209 292,210 934,211 382,211 422,210 829,210 764,209 566,208 752,213 252,213 510
DEA18,"Remscheid, Kreisfreie Stadt",53 266,53 725,54 533,54 482,54 664,54 888,55 161,55 418,56 324,56 654,55 743,55 774,56 078,56 102,56 330,56 450,56 355,56 352,57 407,57 407,109 009,109 499,110 611,110 584,110 994,111 338,111 516,111 770,113 731,114 061
DEA19,"Solingen, Kreisfreie Stadt",75 659,76 948,77 127,77 157,77 471,77 306,77 284,77 260,80 614,81 305,81 112,81 778,81 781,81 646,81 889,81 939,81 909,81 697,84 615,84 773,156 771,158 726,158 908,158 803,159 360,159 245,159 193,158 957,165 229,166 078
DEA1A,"Wuppertal, Kreisfreie Stadt",167 766,170 822,172 255,173 025,173 687,174 133,174 191,174 102,176 542,176 757,177 659,179 224,180 135,180 565,180 695,180 967,180 813,180 470,182 026,181 835,345 425,350 046,352 390,353 590,354 382,355 100,355 004,354 572,358 568,358 592
DEA1B,Kleve,150 958,154 988,154 691,155 089,154 628,155 462,156 201,156 754,157 673,159 614,154 005,155 349,155 638,156 181,156 346,157 003,157 385,157 922,159 738,160 314,304 963,310 337,310 329,311 270,310 974,312 465,313 586,314 676,317 411,319 928
DEA1C,Mettmann,229 798,233 448,234 237,234 584,234 705,234 628,233 949,233 965,236 441,237 099,247 962,249 831,250 533,250 825,250 979,250 942,250 373,250 446,252 805,252 661,477 760,483 279,484 770,485 409,485 684,485 570,484 322,484 411,489 246,489 760
DEA1D,Rhein-Kreis Neuss,214 399,219 650,217 438,218 320,219 214,219 545,219 655,219 835,221 769,223 183,228 123,230 376,229 993,231 088,231 793,232 185,232 346,232 661,234 049,234 215,442 522,450 026,447 431,449 408,451 007,451 730,452 001,452 496,455 818,457 398
DEA1E,Viersen,143 447,145 470,145 816,145 953,145 913,145 826,145 652,145 746,143 905,145 587,151 620,152 191,152 606,152 780,153 022,153 037,152 884,153 015,151 457,151 917,295 067,297 661,298 422,298 733,298 935,298 863,298 536,298 761,295 362,297 504
DEA1F,Wesel,222 214,226 396,225 410,224 618,224 137,223 956,223 910,224 189,221 555,222 771,235 030,236 268,236 305,236 048,235 672,236 020,236 203,236 244,234 299,234 774,457 244,462 664,461 715,460 666,459 809,459 976,460 113,460 433,455 854,457 545
DEA2,Köln,2 130 864,2 171 130,2 178 189,2 185 983,2 193 175,2 198 310,2 195 385,2 192 956,2 192 317,2 203 323,2 230 860,2 251 241,2 261 227,2 268 245,2 275 729,2 280 537,2 280 145,2 280 000,2 269 105,2 274 795,4 361 724,4 422 371,4 439 416,4 454 228,4 468 904,4 478 847,4 475 530,4 472 956,4 461 422,4 478 118
DEA22,"Bonn, Kreisfreie Stadt",148 736,151 954,153 493,155 605,156 328,157 533,158 190,158 645,155 251,155 098,165 222,166 855,168 632,169 885,170 930,172 140,172 389,173 240,166 970,166 582,313 958,318 809,322 125,325 490,327 258,329 673,330 579,331 885,322 221,321 680
DEA23,"Köln, Kreisfreie Stadt",508 791,516 976,524 790,526 965,529 368,530 473,528 075,521 939,496 583,498 050,537 889,543 606,551 145,553 429,556 296,557 390,555 423,551 157,524 670,526 358,1 046 680,1 060 582,1 075 935,1 080 394,1 085 664,1 087 863,1 083 498,1 073 096,1 021 253,1 024 408
DEA24,"Leverkusen, Kreisfreie Stadt",78 267,79 590,79 343,79 675,79 787,79 776,79 839,79 886,82 013,82 468,83 273,83 897,83 770,83 902,84 051,83 953,84 066,83 965,85 161,85 382,161 540,163 487,163 113,163 577,163 838,163 729,163 905,163 851,167 174,167 850
DEA26,Düren,127 766,130 522,129 836,130 272,130 761,131 365,131 459,132 191,137 471,138 720,131 307,132 306,132 236,132 617,132 961,133 273,133 681,134 580,139 204,139 742,259 073,262 828,262 072,262 889,263 722,264 638,265 140,266 771,276 675,278 462
DEA27,Rhein-Erft-Kreis,223 776,228 450,227 484,228 607,230 062,230 055,228 942,230 041,232 215,233 784,235 672,238 207,238 065,238 602,240 027,240 560,240 669,241 850,241 454,242 628,459 448,466 657,465 549,467 209,470 089,470 615,469 611,471 891,473 669,476 412
DEA28,Euskirchen,92 763,94 759,94 518,94 795,95 124,95 537,95 938,96 123,98 601,100 316,95 395,96 406,96 684,97 332,97 716,98 119,98 421,98 578,100 627,101 525,188 158,191 165,191 202,192 127,192 840,193 656,194 359,194 701,199 228,201 841
DEA29,Heinsberg,122 701,124 956,124 985,125 256,125 849,126 506,126 923,127 883,129 337,129 850,126 609,127 571,127 666,127 850,128 473,129 049,129 535,130 423,131 902,132 299,249 310,252 527,252 651,253 106,254 322,255 555,256 458,258 306,261 239,262 149
DEA2A,Oberbergischer Kreis,132 492,134 670,134 326,134 399,134 069,133 842,133 601,133 578,134 487,134 964,138 126,138 782,138 813,138 569,138 402,138 215,138 098,138 043,139 147,138 999,270 618,273 452,273 139,272 968,272 471,272 057,271 699,271 621,273 634,273 963
DEA2B,Rheinisch-Bergischer Kreis,135 292,137 438,137 735,137 455,137 572,137 356,137 257,137 330,137 292,137 749,144 205,145 291,145 569,145 889,145 883,145 915,146 018,146 099,145 745,145 858,279 497,282 729,283 304,283 344,283 455,283 271,283 275,283 429,283 037,283 607
DEA2C,Rhein-Sieg-Kreis,285 709,292 555,293 180,293 600,294 093,294 400,294 058,294 092,296 066,297 757,300 072,303 658,304 674,305 456,305 687,306 364,306 317,306 640,306 867,307 526,585 781,596 213,597 854,599 056,599 780,600 764,600 375,600 732,602 933,605 283
DEA2D,Städteregion Aachen,274 571,279 260,278 499,279 354,280 162,281 467,281 103,281 248,293 001,294 567,273 090,274 662,273 973,274 714,275 303,275 559,275 528,275 425,287 358,287 896,547 661,553 922,552 472,554 068,555 465,557 026,556 631,556 673,580 359,582 463
DEA3,Münster,1 264 278,1 287 584,1 289 749,1 290 497,1 291 424,1 291 190,1 291 471,1 294 482,1 296 355,1 306 376,1 316 386,1 326 645,1 329 627,1 330 656,1 332 195,1 333 435,1 333 248,1 336 755,1 343 952,1 348 008,2 580 664,2 614 229,2 619 376,2 621 153,2 623 619,2 624 625,2 624 719,2 631 237,2 640 307,2 654 384
DEA31,"Bottrop, Kreisfreie Stadt",56 128,57 004,57 195,57 116,57 101,57 188,57 122,57 069,57 347,57 824,59 889,60 139,60 214,60 248,60 282,60 377,60 266,60 242,60 980,61 088,116 017,117 143,117 409,117 364,117 383,117 565,117 388,117 311,118 327,118 912
DEA32,"Gelsenkirchen, Kreisfreie Stadt",127 188,129 267,130 776,129 548,129 778,129 032,128 800,129 271,130 532,132 104,130 463,131 101,131 752,130 757,130 876,130 613,130 305,130 855,134 112,135 180,257 651,260 368,262 528,260 305,260 654,259 645,259 105,260 126,264 644,267 284
DEA33,"Münster, Kreisfreie Stadt",144 318,148 447,149 412,150 360,150 836,151 230,152 025,152 515,145 780,146 826,157 860,161 592,162 434,163 199,163 483,164 063,164 378,165 198,159 442,160 245,302 178,310 039,311 846,313 559,314 319,315 293,316 403,317 713,305 222,307 071
DEA34,Borken,181 630,184 973,184 397,184 623,185 195,185 565,185 800,186 654,188 177,190 028,183 561,184 693,184 829,185 095,185 481,185 774,186 098,186 928,188 977,189 759,365 191,369 666,369 226,369 718,370 676,371 339,371 898,373 582,377 154,379 787
DEA35,Coesfeld,106 232,107 953,108 175,108 296,108 564,108 836,108 863,109 210,110 494,111 646,109 764,110 448,110 844,111 064,111 365,111 750,111 849,112 142,114 251,114 571,215 996,218 401,219 019,219 360,219 929,220 586,220 712,221 352,224 745,226 217
DEA36,Recklinghausen,298 190,301 893,301 319,300 982,300 019,299 253,299 053,298 416,302 842,304 087,314 902,315 914,315 876,315 842,315 242,314 884,314 546,314 385,319 091,318 768,613 092,617 807,617 195,616 824,615 261,614 137,613 599,612 801,621 933,622 855
DEA37,Steinfurt,216 198,220 782,221 214,222 393,222 633,222 878,222 884,223 922,222 110,224 112,220 929,222 592,223 195,224 172,224 981,225 342,225 313,226 254,225 082,225 930,437 127,443 374,444 409,446 565,447 614,448 220,448 197,450 176,447 192,450 042
DEA38,Warendorf,134 394,137 265,137 261,137 179,137 298,137 208,136 924,137 425,139 073,139 749,139 018,140 166,140 483,140 279,140 485,140 632,140 493,140 751,142 017,142 467,273 412,277 431,277 744,277 458,277 783,277 840,277 417,278 176,281 090,282 216
DEA4,Detmold,996 045,1 016 838,1 013 420,1 013 202,1 013 832,1 014 109,1 013 362,1 015 777,1 022 010,1 025 007,1 033 603,1 041 158,1 040 785,1 041 141,1 041 478,1 041 615,1 040 816,1 041 703,1 048 042,1 047 965,2 029 648,2 057 996,2 054 205,2 054 343,2 055 310,2 055 724,2 054 178,2 057 480,2 070 052,2 072 972
DEA41,"Bielefeld, Kreisfreie Stadt",159 027,161 148,161 109,160 267,161 078,161 093,160 802,161 237,160 794,160 961,170 755,171 942,172 342,172 285,172 708,173 102,172 707,172 765,170 591,170 558,329 782,333 090,333 451,332 552,333 786,334 195,333 509,334 002,331 385,331 519
DEA42,Gütersloh,176 078,180 222,180 790,181 382,181 844,182 215,181 947,182 673,180 331,181 356,178 385,180 420,181 038,181 667,182 239,182 723,182 871,183 431,181 600,182 318,354 463,360 642,361 828,363 049,364 083,364 938,364 818,366 104,361 931,363 674
DEA43,Herford,121 507,123 935,123 035,123 438,122 959,123 033,123 181,123 333,125 285,125 359,127 712,128 187,128 039,128 101,127 824,127 545,127 366,127 302,129 664,129 234,249 219,252 122,251 074,251 539,250 783,250 578,250 547,250 635,254 949,254 593
DEA44,Höxter,70 841,72 006,70 618,70 508,70 059,69 864,69 556,69 732,69 237,69 428,71 929,72 004,71 237,71 057,70 608,70 387,70 173,70 262,69 706,69 614,142 770,144 010,141 855,141 565,140 667,140 251,139 729,139 994,138 943,139 042
DEA45,Lippe,168 168,172 490,171 173,171 302,170 965,170 528,170 224,169 938,170 725,170 656,176 959,178 260,177 760,177 767,177 426,176 986,176 746,176 213,177 550,176 957,345 127,350 750,348 933,349 069,348 391,347 514,346 970,346 151,348 275,347 613
DEA46,Minden-Lübbecke,151 458,154 488,153 817,153 509,153 305,153 244,153 264,153 899,158 767,159 143,157 758,158 562,158 049,157 698,157 405,157 165,157 006,157 315,161 881,161 782,309 216,313 050,311 866,311 207,310 710,310 409,310 270,311 214,320 648,320 925
DEA47,Paderborn,148 966,152 549,152 878,152 796,153 622,154 132,154 388,154 965,156 871,158 104,150 105,151 783,152 320,152 566,153 268,153 707,153 947,154 415,157 050,157 502,299 071,304 332,305 198,305 362,306 890,307 839,308 335,309 380,313 921,315 606
DEA5,Arnsberg,1 737 529,1 769 398,1 762 587,1 761 091,1 761 474,1 761 092,1 756 436,1 754 193,1 756 392,1 761 260,1 820 243,1 827 899,1 823 726,1 822 499,1 821 023,1 819 476,1 814 617,1 811 046,1 813 707,1 811 877,3 557 772,3 597 297,3 586 313,3 583 590,3 582 497,3 580 568,3 571 053,3 565 239,3 570 099,3 573 137
DEA51,"Bochum, Kreisfreie Stadt",174 826,177 427,177 592,178 122,177 699,178 131,177 829,177 516,174 678,175 323,187 050,187 315,187 328,187 407,186 929,187 456,186 625,185 925,181 531,181 701,361 876,364 742,364 920,365 529,364 628,365 587,364 454,363 441,356 209,357 024
DEA52,"Dortmund, Kreisfreie Stadt",284 002,287 846,287 897,288 076,288 386,289 339,289 096,288 580,295 168,296 371,296 509,298 335,297 916,298 524,298 624,298 911,298 600,298 272,304 202,304 972,580 511,586 181,585 813,586 600,587 010,588 250,587 696,586 852,599 370,601 343
DEA53,"Hagen, Kreisfreie Stadt",90 536,92 207,91 677,91 443,92 168,92 214,92 235,92 373,93 150,93 791,96 180,96 837,96 589,96 287,96 646,96 472,96 452,96 340,96 807,96 849,186 716,189 044,188 266,187 730,188 814,188 686,188 687,188 713,189 957,190 640
DEA54,"Hamm, Kreisfreie Stadt",85 990,88 166,88 209,88 012,88 024,88 554,88 085,88 334,88 316,88 496,90 590,91 231,91 362,91 173,91 087,91 362,90 882,90 904,91 163,90 884,176 580,179 397,179 571,179 185,179 111,179 916,178 967,179 238,179 479,179 380
DEA55,"Herne, Kreisfreie Stadt",75 026,75 940,76 745,76 665,76 649,76 795,77 058,76 846,76 224,76 584,79 582,79 911,80 029,79 825,79 725,79 654,79 882,79 775,79 379,79 570,154 608,155 851,156 774,156 490,156 374,156 449,156 940,156 621,155 603,156 154
DEA56,Ennepe-Ruhr-Kreis,155 945,158 312,158 061,157 613,157 490,157 395,156 848,156 443,152 390,152 548,166 971,167 642,167 313,167 057,166 806,166 711,166 282,165 700,162 935,162 521,322 916,325 954,325 374,324 670,324 296,324 106,323 130,322 143,315 325,315 069
DEA57,Hochsauerlandkreis,129 704,131 764,130 716,130 419,129 947,129 719,129 379,129 177,129 910,130 348,131 857,131 998,131 553,131 172,130 528,130 058,129 651,129 438,131 096,130 845,261 561,263 762,262 269,261 591,260 475,259 777,259 030,258 615,261 006,261 193
DEA58,Märkischer Kreis,202 518,204 987,204 373,203 503,202 817,201 975,201 181,200 171,201 742,201 265,211 302,211 184,210 513,209 880,209 303,208 247,207 481,206 622,208 887,207 634,413 820,416 171,414 886,413 383,412 120,410 222,408 662,406 793,410 629,408 899
DEA59,Olpe,67 299,68 624,67 603,67 521,67 610,67 146,66 810,66 636,66 388,66 513,67 460,67 741,67 380,67 287,67 165,66 809,66 552,66 484,66 131,65 913,134 759,136 365,134 983,134 808,134 775,133 955,133 362,133 120,132 519,132 426
DEA5A,Siegen-Wittgenstein,135 892,139 626,138 036,138 101,138 358,137 591,136 747,136 324,136 501,136 640,140 017,141 174,139 897,139 876,139 852,139 353,138 744,138 018,138 133,137 739,275 909,280 800,277 933,277 977,278 210,276 944,275 491,274 342,274 634,274 379
DEA5B,Soest,145 996,151 061,149 932,149 877,150 022,149 882,149 419,150 239,148 691,149 257,150 746,151 934,151 723,151 816,151 880,151 903,151 597,152 059,151 058,151 090,296 742,302 995,301 655,301 693,301 902,301 785,301 016,302 298,299 749,300 347
DEA5C,Unna,189 795,193 438,191 746,191 739,192 304,192 351,191 749,191 554,193 234,194 124,201 979,202 597,202 123,202 195,202 478,202 540,201 869,201 509,202 385,202 159,391 774,396 035,393 869,393 934,394 782,394 891,393 618,393 063,395 619,396 283
DEB,Rheinland-Pfalz,1 970 535,1 999 333,2 006 503,2 011 123,2 017 576,2 023 004,2 026 105,2 030 323,2 027 947,2 040 846,2 041 047,2 053 470,2 059 550,2 062 556,2 067 268,2 070 899,2 072 286,2 076 162,2 080 608,2 084 317,4 011 582,4 052 803,4 066 053,4 073 679,4 084 844,4 093 903,4 098 391,4 106 485,4 108 555,4 125 163
DEB1,Koblenz,725 555,733 746,735 953,736 830,738 472,740 055,741 476,742 921,751 168,755 359,751 647,754 562,756 234,756 225,757 413,758 168,759 354,760 268,771 217,772 257,1 477 202,1 488 308,1 492 187,1 493 055,1 495 885,1 498 223,1 500 830,1 503 189,1 522 385,1 527 616
DEB11,"Koblenz, Kreisfreie Stadt",53 727,54 391,55 055,55 372,55 628,55 754,55 537,55 693,55 765,55 969,57 707,58 195,58 550,58 472,58 396,58 298,57 851,57 945,57 529,57 377,111 434,112 586,113 605,113 844,114 024,114 052,113 388,113 638,113 294,113 346
DEB12,Ahrweiler,61 813,62 533,62 954,63 267,63 755,64 033,64 344,63 298,63 246,63 564,64 830,65 237,65 501,65 647,65 972,66 053,66 135,64 848,64 635,64 982,126 643,127 770,128 455,128 914,129 727,130 086,130 479,128 146,127 881,128 546
DEB13,Altenkirchen (Westerwald),63 275,64 024,63 859,63 767,63 859,63 882,63 943,64 066,65 080,65 515,64 953,65 147,65 102,65 024,64 846,64 923,65 144,65 195,66 577,66 634,128 228,129 171,128 961,128 791,128 705,128 805,129 087,129 261,131 657,132 149
DEB14,Bad Kreuznach,75 814,76 459,76 830,76 894,77 185,77 387,77 549,77 861,80 249,80 662,80 130,80 362,80 562,80 655,80 895,80 958,81 197,81 541,83 730,83 902,155 944,156 821,157 392,157 549,158 080,158 345,158 746,159 402,163 979,164 564
DEB15,Birkenfeld,39 780,39 898,40 046,40 040,40 021,40 111,40 087,40 113,40 532,40 707,40 811,40 717,40 753,40 688,40 699,40 840,40 743,40 736,41 818,41 915,80 591,80 615,80 799,80 728,80 720,80 951,80 830,80 849,82 350,82 622
DEB17,Mayen-Koblenz,103 355,104 476,105 173,105 455,105 746,105 889,106 162,106 524,106 575,107 096,107 086,107 449,107 795,108 099,108 513,108 545,108 624,108 922,109 481,109 778,210 441,211 925,212 968,213 554,214 259,214 434,214 786,215 446,216 056,216 874
DEB18,Neuwied,87 879,88 745,89 262,89 349,89 488,90 104,90 251,90 902,92 508,93 198,91 438,91 910,92 275,92 306,92 453,92 707,92 880,93 488,95 397,95 458,179 317,180 655,181 537,181 655,181 941,182 811,183 131,184 390,187 905,188 656
DEB1A,Rhein-Lahn-Kreis,59 829,61 376,60 654,60 574,60 525,60 517,60 684,60 745,61 624,61 987,61 658,62 167,61 899,61 807,61 783,61 780,61 890,61 979,63 236,63 296,121 487,123 543,122 553,122 381,122 308,122 297,122 574,122 724,124 860,125 283
DEB1B,Westerwaldkreis,98 635,99 605,99 920,100 012,100 218,100 239,100 629,101 116,102 663,103 036,100 496,100 697,101 107,101 027,101 379,101 665,102 201,102 715,104 491,104 612,199 131,200 302,201 027,201 039,201 597,201 904,202 830,203 831,207 154,207 648
DEB1C,Cochem-Zell,30 984,31 294,30 966,30 878,30 841,30 760,30 858,30 994,30 539,30 727,31 057,31 097,30 898,30 784,30 746,30 615,30 720,30 741,30 970,30 811,62 041,62 391,61 864,61 662,61 587,61 375,61 578,61 735,61 509,61 538
DEB1D,Rhein-Hunsrück-Kreis,50 464,50 945,51 234,51 222,51 206,51 379,51 432,51 609,52 387,52 898,51 481,51 584,51 792,51 716,51 731,51 784,51 969,52 158,53 353,53 492,101 945,102 529,103 026,102 938,102 937,103 163,103 401,103 767,105 740,106 390
DEB2,Trier,257 665,265 637,262 874,263 452,264 244,265 564,266 435,267 719,261 004,262 310,264 198,267 078,265 854,266 145,266 763,267 549,268 003,269 053,263 872,264 341,521 863,532 715,528 728,529 597,531 007,533 113,534 438,536 772,524 876,526 651
DEB21,"Trier, Kreisfreie Stadt",52 766,57 510,54 231,54 181,54 444,55 053,54 665,54 662,50 514,50 882,55 706,57 404,55 880,55 832,56 192,56 475,56 009,55 908,52 793,53 104,108 472,114 914,110 111,110 013,110 636,111 528,110 674,110 570,103 307,103 986
DEB22,Bernkastel-Wittlich,55 071,55 763,55 904,55 999,56 124,56 323,56 422,56 675,56 465,56 559,55 910,56 065,56 102,56 135,56 138,56 160,56 263,56 519,56 834,56 768,110 981,111 828,112 006,112 134,112 262,112 483,112 685,113 194,113 299,113 327
DEB23,Eifelkreis Bitburg-Prüm,48 154,48 729,49 287,49 330,49 576,49 869,50 484,50 949,50 255,50 945,48 254,48 451,48 734,48 883,48 985,49 189,49 571,50 010,49 611,49 795,96 408,97 180,98 021,98 213,98 561,99 058,100 055,100 959,99 866,100 740
DEB24,Vulkaneifel,30 261,30 387,30 429,30 468,30 427,30 441,30 283,30 495,29 711,29 837,30 514,30 407,30 328,30 237,30 176,30 205,30 208,30 387,29 678,29 705,60 775,60 794,60 757,60 705,60 603,60 646,60 491,60 882,59 389,59 542
DEB25,Trier-Saarburg,71 413,73 248,73 023,73 474,73 673,73 878,74 581,74 938,74 059,74 087,73 814,74 751,74 810,75 058,75 272,75 520,75 952,76 229,74 956,74 969,145 227,147 999,147 833,148 532,148 945,149 398,150 533,151 167,149 015,149 056
DEB3,Rheinhessen-Pfalz,987 315,999 950,1 007 676,1 010 841,1 014 860,1 017 385,1 018 194,1 019 683,1 015 775,1 023 177,1 025 202,1 031 830,1 037 462,1 040 186,1 043 092,1 045 182,1 044 929,1 046 841,1 045 519,1 047 719,2 012 517,2 031 780,2 045 138,2 051 027,2 057 952,2 062 567,2 063 123,2 066 524,2 061 294,2 070 896
DEB31,"Frankenthal (Pfalz), Kreisfreie Stadt",23 102,23 482,23 483,23 382,23 489,23 703,23 745,23 878,23 681,23 834,24 622,24 881,24 962,25 035,25 072,25 059,25 005,24 895,24 326,24 273,47 724,48 363,48 445,48 417,48 561,48 762,48 750,48 773,48 007,48 107
DEB32,"Kaiserslautern, Kreisfreie Stadt",48 762,49 508,50 008,50 307,50 353,50 503,50 286,50 082,50 427,50 728,48 620,49 012,49 294,49 377,49 492,49 527,49 376,49 210,49 889,49 843,97 382,98 520,99 302,99 684,99 845,100 030,99 662,99 292,100 316,100 571
DEB33,"Landau in der Pfalz, Kreisfreie Stadt",20 976,21 495,21 759,21 878,22 078,22 274,22 225,22 379,22 675,23 127,23 489,23 867,24 247,24 414,24 599,24 607,24 460,24 540,24 780,25 075,44 465,45 362,46 006,46 292,46 677,46 881,46 685,46 919,47 455,48 202
DEB34,"Ludwigshafen am Rhein, Kreisfreie Stadt",81 150,81 590,82 629,83 893,85 820,86 486,86 670,86 378,87 455,88 543,82 682,83 128,83 992,84 604,85 241,85 767,85 887,85 767,86 414,87 273,163 832,164 718,166 621,168 497,171 061,172 253,172 557,172 145,173 869,175 816
DEB35,"Mainz, Kreisfreie Stadt",100 006,101 620,103 861,104 564,105 599,106 387,105 835,106 014,107 571,109 070,106 985,108 159,109 667,110 546,111 519,112 191,111 288,111 542,113 945,114 801,206 991,209 779,213 528,215 110,217 118,218 578,217 123,217 556,221 516,223 871
DEB36,"Neustadt an der Weinstraße, Kreisfreie Stadt",25 441,25 714,25 873,25 997,25 955,26 025,25 994,26 135,25 561,25 615,27 123,27 285,27 336,27 356,27 193,27 239,27 312,27 356,27 198,27 094,52 564,52 999,53 209,53 353,53 148,53 264,53 306,53 491,52 759,52 709
DEB37,"Pirmasens, Kreisfreie Stadt",19 289,19 453,19 684,19 909,19 780,19 685,19 694,19 628,19 374,19 524,20 757,20 672,20 732,20 723,20 623,20 546,20 482,20 426,19 950,20 052,40 046,40 125,40 416,40 632,40 403,40 231,40 176,40 054,39 324,39 576
DEB38,"Speyer, Kreisfreie Stadt",23 958,24 245,24 413,24 759,24 363,24 455,24 685,24 519,24 392,24 385,25 897,26 039,26 138,26 172,26 015,26 106,26 056,26 046,25 489,25 489,49 855,50 284,50 551,50 931,50 378,50 561,50 741,50 565,49 881,49 874
DEB39,"Worms, Kreisfreie Stadt",39 556,40 323,40 542,40 870,41 080,41 238,41 298,41 594,42 549,43 281,41 454,41 779,42 053,42 211,42 250,42 304,42 161,42 256,42 829,43 122,81 010,82 102,82 595,83 081,83 330,83 542,83 459,83 850,85 378,86 403
DEB3A,"Zweibrücken, Kreisfreie Stadt",16 701,16 893,17 012,16 936,16 954,16 943,16 840,16 888,16 437,16 572,17 310,17 367,17 416,17 334,17 255,17 250,17 161,17 203,16 827,16 783,34 011,34 260,34 428,34 270,34 209,34 193,34 001,34 091,33 264,33 355
DEB3B,Alzey-Worms,62 604,63 379,63 967,64 079,64 389,64 482,64 964,65 224,64 198,64 869,63 394,63 895,64 230,64 440,64 855,65 205,65 751,66 106,65 695,65 925,125 998,127 274,128 197,128 519,129 244,129 687,130 715,131 330,129 893,130 794
DEB3C,Bad Dürkheim,64 305,64 778,65 176,64 944,64 838,64 871,65 103,65 122,65 604,65 898,67 225,67 425,67 784,67 795,67 822,67 800,67 901,68 084,68 428,68 323,131 530,132 203,132 960,132 739,132 660,132 671,133 004,133 206,134 032,134 221
DEB3D,Donnersbergkreis,36 957,37 221,37 307,37 216,37 194,37 331,37 417,37 418,36 944,36 958,38 005,38 009,37 896,37 886,37 907,37 994,38 122,38 151,37 910,37 770,74 962,75 230,75 203,75 102,75 101,75 325,75 539,75 569,74 854,74 728
DEB3E,Germersheim,62 737,63 377,63 904,64 067,64 379,64 277,64 237,64 327,65 243,65 708,63 529,63 926,64 301,64 410,64 696,64 736,64 769,64 986,65 692,65 970,126 266,127 303,128 205,128 477,129 075,129 013,129 006,129 313,130 935,131 678
DEB3F,"Kaiserslautern, Landkreis",51 082,51 600,51 983,52 021,52 135,52 078,52 252,52 537,51 721,52 011,53 206,53 366,53 521,53 628,53 922,53 901,54 068,54 316,54 031,54 071,104 288,104 966,105 504,105 649,106 057,105 979,106 320,106 853,105 752,106 082
DEB3G,Kusel,35 084,35 214,35 173,35 177,35 052,34 874,34 821,34 714,34 982,34 904,35 799,35 783,35 726,35 587,35 474,35 345,35 284,35 235,35 142,34 942,70 883,70 997,70 899,70 764,70 526,70 219,70 105,69 949,70 124,69 846
DEB3H,Südliche Weinstraße,54 165,54 637,54 803,54 565,54 441,54 419,54 600,54 838,55 477,55 692,55 570,55 889,56 082,56 057,55 915,56 102,56 183,56 441,57 430,57 458,109 735,110 526,110 885,110 622,110 356,110 521,110 783,111 279,112 907,113 150
DEB3I,Rhein-Pfalz-Kreis,73 534,74 549,75 476,75 692,76 030,76 324,76 338,76 418,76 101,76 503,76 517,76 997,77 567,77 937,78 171,78 285,78 416,78 632,78 960,79 022,150 051,151 546,153 043,153 629,154 201,154 609,154 754,155 050,155 061,155 525
DEB3J,Mainz-Bingen,100 371,103 161,103 178,103 441,104 015,104 277,104 352,104 837,101 101,101 608,104 143,105 588,106 006,106 344,106 874,107 140,107 173,107 583,104 722,104 612,204 514,208 749,209 184,209 785,210 889,211 417,211 525,212 420,205 823,206 220
DEB3K,Südwestpfalz,47 535,47 711,47 445,47 144,46 916,46 753,46 838,46 753,44 282,44 347,48 875,48 763,48 512,48 330,48 197,48 078,48 074,48 066,45 862,45 821,96 410,96 474,95 957,95 474,95 113,94 831,94 912,94 819,90 144,90 168
DEC,Saarland,482 599,488 631,489 416,487 895,486 159,484 419,483 001,482 439,496 958,499 129,506 436,506 966,507 235,506 292,504 350,502 468,500 990,499 909,514 933,514 918,989 035,995 597,996 651,994 187,990 509,986 887,983 991,982 348,1 011 891,1 014 047
DEC0,Saarland,482 599,488 631,489 416,487 895,486 159,484 419,483 001,482 439,496 958,499 129,506 436,506 966,507 235,506 292,504 350,502 468,500 990,499 909,514 933,514 918,989 035,995 597,996 651,994 187,990 509,986 887,983 991,982 348,1 011 891,1 014 047
DEC01,Regionalverband Saarbrücken,158 617,160 361,161 796,162 107,162 003,161 617,161 076,161 143,162 324,163 638,166 987,167 019,167 797,168 043,167 705,167 097,166 426,166 141,168 348,168 778,325 604,327 380,329 593,330 150,329 708,328 714,327 502,327 284,330 672,332 416
DEC02,Merzig-Wadern,50 625,51 531,51 417,51 207,51 108,51 032,51 096,51 089,54 244,54 386,52 362,52 466,52 491,52 449,52 258,52 211,52 375,52 337,55 149,54 950,102 987,103 997,103 908,103 656,103 366,103 243,103 471,103 426,109 393,109 336
DEC03,Neunkirchen,64 923,65 647,65 826,65 487,64 915,64 540,64 441,64 423,65 662,65 842,68 098,68 088,68 158,67 810,67 291,66 868,66 731,66 424,67 882,67 825,133 021,133 735,133 984,133 297,132 206,131 408,131 172,130 847,133 544,133 667
DEC04,Saarlouis,95 442,96 613,96 416,95 872,95 550,95 138,94 934,94 857,101 051,101 383,100 190,100 396,100 193,99 943,99 651,99 181,98 798,98 804,104 734,104 711,195 632,197 009,196 609,195 815,195 201,194 319,193 732,193 661,205 785,206 094
DEC05,Saarpfalz-Kreis,69 520,70 455,70 211,69 768,69 385,69 120,68 857,68 529,70 289,70 442,74 012,74 129,73 889,73 634,73 246,73 076,72 799,72 431,74 203,74 036,143 532,144 584,144 100,143 402,142 631,142 196,141 656,140 960,144 492,144 478
DEC06,St. Wendel,43 472,44 024,43 750,43 454,43 198,42 972,42 597,42 398,43 388,43 438,44 787,44 868,44 707,44 413,44 199,44 035,43 861,43 772,44 617,44 618,88 259,88 892,88 457,87 867,87 397,87 007,86 458,86 170,88 005,88 056
DED,Sachsen,1 987 607,2 011 561,2 009 991,2 010 214,2 009 619,2 006 722,1 999 026,1 992 884,1 989 950,1 996 392,2 067 667,2 073 290,2 071 792,2 071 094,2 068 318,2 065 249,2 057 915,2 050 118,2 060 017,2 058 297,4 055 274,4 084 851,4 081 783,4 081 308,4 077 937,4 071 971,4 056 941,4 043 002,4 049 967,4 054 689
DED2,Dresden,784 270,792 781,791 130,790 350,790 659,789 715,786 165,782 730,782 232,783 875,808 495,809 973,809 025,808 223,807 540,806 851,803 723,800 537,806 492,805 268,1 592 765,1 602 754,1 600 155,1 598 573,1 598 199,1 596 566,1 589 888,1 583 267,1 588 724,1 589 143
DED21,"Dresden, Kreisfreie Stadt",265 166,270 410,272 398,274 513,276 729,277 612,277 060,276 419,277 126,279 187,271 142,273 415,274 774,276 559,277 920,279 168,279 167,278 932,282 860,283 832,536 308,543 825,547 172,551 072,554 649,556 780,556 227,555 351,559 986,563 019
DED2C,Bautzen,151 077,151 349,150 557,149 377,148 502,148 084,147 223,146 508,145 709,145 313,155 493,154 924,154 134,153 257,152 378,151 674,150 787,149 782,150 208,149 433,306 570,306 273,304 691,302 634,300 880,299 758,298 010,296 290,295 917,294 746
DED2D,Görlitz,126 984,127 325,126 460,125 660,124 905,123 768,122 809,121 718,120 693,120 462,133 204,132 675,131 877,130 927,129 989,128 957,127 749,126 555,126 296,125 405,260 188,260 000,258 337,256 587,254 894,252 725,250 558,248 273,246 989,245 867
DED2E,Meißen,119 753,121 132,120 270,119 693,119 304,118 997,118 149,117 560,117 845,117 958,123 992,124 112,123 619,123 169,122 861,122 720,122 222,121 784,122 674,122 410,243 745,245 244,243 889,242 862,242 165,241 717,240 371,239 344,240 519,240 368
DED2F,Sächsische Schweiz-Osterzgebirge,121 290,122 565,121 445,121 107,121 219,121 254,120 924,120 525,120 859,120 955,124 664,124 847,124 621,124 311,124 392,124 332,123 798,123 484,124 454,124 188,245 954,247 412,246 066,245 418,245 611,245 586,244 722,244 009,245 313,245 143
DED4,Chemnitz,714 763,719 437,713 440,709 269,705 809,700 961,694 771,689 467,684 354,685 046,748 578,746 175,740 704,735 684,730 636,725 419,718 959,712 659,712 918,711 003,1 463 341,1 465 612,1 454 144,1 444 953,1 436 445,1 426 380,1 413 730,1 402 126,1 397 272,1 396 049
DED41,"Chemnitz, Kreisfreie Stadt",118 721,122 748,121 279,121 771,122 248,121 810,120 959,120 364,118 888,120 155,124 800,125 897,125 074,125 084,124 989,124 524,123 442,122 741,124 008,124 995,243 521,248 645,246 353,246 855,247 237,246 334,244 401,243 105,242 896,245 150
DED42,Erzgebirgskreis,170 986,170 364,168 484,166 510,165 218,163 885,162 445,160 912,158 280,157 492,178 596,177 301,175 652,173 863,172 478,171 063,169 472,167 783,165 790,164 687,349 582,347 665,344 136,340 373,337 696,334 948,331 917,328 695,324 070,322 179
DED43,Mittelsachsen,154 663,155 084,154 217,153 154,152 310,151 334,149 895,148 921,147 352,147 566,158 048,157 366,156 288,154 999,153 875,152 765,151 579,150 408,150 639,150 200,312 711,312 450,310 505,308 153,306 185,304 099,301 474,299 329,297 991,297 766
DED44,Vogtlandkreis,112 676,113 174,112 594,111 835,111 055,110 269,109 204,108 012,108 031,107 977,119 714,119 144,118 457,117 749,116 741,115 728,114 701,113 364,113 752,113 111,232 390,232 318,231 051,229 584,227 796,225 997,223 905,221 376,221 783,221 088
DED45,Zwickau,157 717,158 067,156 866,155 999,154 978,153 663,152 268,151 258,151 803,151 856,167 420,166 467,165 233,163 989,162 553,161 339,159 765,158 363,158 729,158 010,325 137,324 534,322 099,319 988,317 531,315 002,312 033,309 621,310 532,309 866
DED5,Leipzig,488 574,499 343,505 421,510 595,513 151,516 046,518 090,520 687,523 364,527 471,510 594,517 142,522 063,527 187,530 142,532 979,535 233,536 922,540 607,542 026,999 168,1 016 485,1 027 484,1 037 782,1 043 293,1 049 025,1 053 323,1 057 609,1 063 971,1 069 497
DED51,"Leipzig, Kreisfreie Stadt",264 914,274 414,280 292,285 777,288 553,291 450,293 522,296 110,296 604,299 731,279 565,286 058,290 796,296 203,299 304,301 695,303 971,305 756,306 974,308 282,544 479,560 472,571 088,581 980,587 857,593 145,597 493,601 866,603 578,608 013
DED52,Leipzig,126 183,126 877,126 701,126 530,126 380,126 466,126 643,126 602,127 299,128 189,131 464,131 531,131 632,131 478,131 383,131 673,131 743,131 612,132 269,132 517,257 647,258 408,258 333,258 008,257 763,258 139,258 386,258 214,259 568,260 706
DED53,Nordsachsen,97 477,98 052,98 428,98 288,98 218,98 130,97 925,97 975,99 461,99 551,99 565,99 553,99 635,99 506,99 455,99 611,99 519,99 554,101 364,101 227,197 042,197 605,198 063,197 794,197 673,197 741,197 444,197 529,200 825,200 778
DEE,Sachsen-Anhalt,1 095 797,1 106 689,1 102 454,1 094 876,1 086 679,1 079 862,1 072 595,1 067 143,1 052 706,1 052 254,1 139 751,1 138 781,1 133 798,1 128 205,1 121 642,1 114 920,1 108 089,1 102 110,1 097 533,1 092 316,2 235 548,2 245 470,2 236 252,2 223 081,2 208 321,2 194 782,2 180 684,2 169 253,2 150 239,2 144 570
DEE0,Sachsen-Anhalt,1 095 797,1 106 689,1 102 454,1 094 876,1 086 679,1 079 862,1 072 595,1 067 143,1 052 706,1 052 254,1 139 751,1 138 781,1 133 798,1 128 205,1 121 642,1 114 920,1 108 089,1 102 110,1 097 533,1 092 316,2 235 548,2 245 470,2 236 252,2 223 081,2 208 321,2 194 782,2 180 684,2 169 253,2 150 239,2 144 570
DEE01,"Dessau-Roßlau, Kreisfreie Stadt",40 176,40 311,40 105,39 933,39 457,38 894,38 522,38 223,36 398,36 414,42 885,42 608,42 400,42 178,41 780,41 209,40 832,40 508,39 644,39 648,83 061,82 919,82 505,82 111,81 237,80 103,79 354,78 731,76 042,76 062
DEE02,"Halle (Saale), Kreisfreie Stadt",111 326,114 581,115 198,115 771,115 713,115 552,115 241,115 441,109 221,109 817,121 144,122 410,122 807,123 402,123 544,123 210,122 624,122 620,118 195,117 822,232 470,236 991,238 005,239 173,239 257,238 762,237 865,238 061,227 416,227 639
DEE03,"Magdeburg, Kreisfreie Stadt",113 573,115 810,117 527,117 677,117 828,117 391,116 273,116 626,118 955,119 873,118 733,119 913,120 609,120 801,120 869,120 174,119 502,119 562,122 798,122 618,232 306,235 723,238 136,238 478,238 697,237 565,235 775,236 188,241 753,242 491
DEE04,Altmarkkreis Salzwedel,42 955,43 104,42 579,42 152,41 748,41 428,41 220,40 808,40 384,40 209,43 116,43 060,42 657,42 305,42 017,41 745,41 467,41 178,40 985,40 571,86 071,86 164,85 236,84 457,83 765,83 173,82 687,81 986,81 369,80 780
DEE05,Anhalt-Bitterfeld,80 808,80 940,80 043,79 166,78 326,77 624,77 058,76 440,75 406,75 264,84 268,83 877,83 057,82 098,81 528,80 862,80 159,79 460,78 960,78 537,165 076,164 817,163 100,161 264,159 854,158 486,157 217,155 900,154 366,153 801
DEE06,Jerichower Land,45 439,45 870,45 611,45 071,44 781,44 600,44 489,44 355,43 963,43 868,45 920,45 823,45 734,45 394,45 147,44 989,44 914,44 763,45 070,44 827,91 359,91 693,91 345,90 465,89 928,89 589,89 403,89 118,89 033,88 695
DEE07,Börde,86 109,86 819,86 387,86 111,85 660,85 224,85 007,84 778,83 917,83 856,86 720,86 654,86 572,86 508,86 074,85 699,85 560,85 328,85 035,84 737,172 829,173 473,172 959,172 619,171 734,170 923,170 567,170 106,168 952,168 593
DEE08,Burgenlandkreis,90 751,91 276,90 964,90 410,89 353,88 658,87 919,87 308,85 688,85 808,93 304,92 805,92 210,91 558,90 837,90 188,89 671,89 025,89 492,89 409,184 055,184 081,183 174,181 968,180 190,178 846,177 590,176 333,175 180,175 217
DEE09,Harz,107 183,109 026,108 403,106 135,105 101,104 712,103 480,102 527,101 740,101 040,112 435,112 340,111 240,110 164,109 345,108 598,107 495,106 590,106 894,106 094,219 618,221 366,219 643,216 299,214 446,213 310,210 975,209 117,208 634,207 134
DEE0A,Mansfeld-Südharz,69 899,69 831,68 902,67 923,66 992,66 285,65 650,64 971,64 486,64 125,72 155,71 577,70 879,70 090,69 257,68 657,68 040,67 346,66 621,66 037,142 054,141 408,139 781,138 013,136 249,134 942,133 690,132 317,131 107,130 162
DEE0B,Saalekreis,92 060,92 339,92 122,91 867,91 361,90 793,90 697,90 387,89 861,90 250,94 450,94 092,93 829,93 627,93 221,93 022,92 737,92 427,92 529,92 427,186 510,186 431,185 951,185 494,184 582,183 815,183 434,182 814,182 390,182 677
DEE0C,Salzlandkreis,95 868,96 161,95 151,94 262,93 148,92 363,91 513,90 596,89 504,89 005,100 882,100 534,99 424,98 477,97 412,96 762,95 944,94 899,94 223,93 291,196 750,196 695,194 575,192 739,190 560,189 125,187 457,185 495,183 727,182 296
DEE0D,Stendal,56 502,57 194,56 664,55 930,55 278,54 869,54 415,54 029,52 840,52 567,58 166,58 068,57 729,57 256,56 704,56 321,56 070,55 717,54 622,54 226,114 668,115 262,114 393,113 186,111 982,111 190,110 485,109 746,107 462,106 793
DEE0E,Wittenberg,63 148,63 427,62 798,62 468,61 933,61 469,61 111,60 654,60 343,60 158,65 573,65 020,64 651,64 347,63 907,63 484,63 074,62 687,62 465,62 072,128 721,128 447,127 449,126 815,125 840,124 953,124 185,123 341,122 808,122 230
DEF,Schleswig-Holstein,1 381 451,1 399 458,1 412 665,1 416 535,1 419 457,1 422 883,1 425 649,1 431 064,1 434 715,1 443 888,1 449 413,1 459 256,1 469 261,1 473 286,1 477 255,1 480 890,1 485 226,1 490 941,1 504 568,1 509 314,2 830 864,2 858 714,2 881 926,2 889 821,2 896 712,2 903 773,2 910 875,2 922 005,2 939 283,2 953 202
DEF0,Schleswig-Holstein,1 381 451,1 399 458,1 412 665,1 416 535,1 419 457,1 422 883,1 425 649,1 431 064,1 434 715,1 443 888,1 449 413,1 459 256,1 469 261,1 473 286,1 477 255,1 480 890,1 485 226,1 490 941,1 504 568,1 509 314,2 830 864,2 858 714,2 881 926,2 889 821,2 896 712,2 903 773,2 910 875,2 922 005,2 939 283,2 953 202
DEF01,"Flensburg, Kreisfreie Stadt",41 826,42 767,43 617,44 086,44 599,44 904,44 797,45 336,47 482,47 553,42 868,43 175,43 815,44 433,44 905,45 260,45 137,45 777,48 735,48 878,84 694,85 942,87 432,88 519,89 504,90 164,89 934,91 113,96 217,96 431
DEF02,"Kiel, Kreisfreie Stadt",118 032,119 835,120 473,120 809,120 566,120 198,120 045,119 860,122 186,123 080,125 116,126 471,126 968,127 134,126 982,126 596,126 556,126 383,127 878,128 671,243 148,246 306,247 441,247 943,247 548,246 794,246 601,246 243,250 064,251 751
DEF03,"Lübeck, Kreisfreie Stadt",102 519,103 683,103 921,103 884,104 371,104 032,103 623,104 005,103 701,104 263,111 901,112 570,112 791,112 434,112 827,112 498,112 223,112 272,112 396,112 798,214 420,216 253,216 712,216 318,217 198,216 530,215 846,216 277,216 097,217 061
DEF04,"Neumünster, Kreisfreie Stadt",37 940,39 118,39 438,39 190,39 241,39 723,39 558,39 382,38 981,39 444,39 648,40 079,40 242,40 145,40 246,40 473,40 347,40 114,39 877,40 017,77 588,79 197,79 680,79 335,79 487,80 196,79 905,79 496,78 858,79 461
DEF05,Dithmarschen,65 150,65 512,65 891,65 911,65 720,65 718,65 711,66 046,65 455,65 867,67 535,67 405,67 669,67 536,67 490,67 475,67 540,67 923,67 649,67 647,132 685,132 917,133 560,133 447,133 210,133 193,133 251,133 969,133 104,133 514
DEF06,Herzogtum Lauenburg,93 288,94 684,95 753,96 281,96 881,97 165,97 730,98 622,99 663,100 450,97 415,98 315,99 310,99 793,100 383,100 854,101 422,102 197,104 574,104 995,190 703,192 999,195 063,196 074,197 264,198 019,199 152,200 819,204 237,205 445
DEF07,Nordfriesland,79 100,80 319,80 932,81 108,81 099,81 286,81 789,82 039,82 149,82 926,83 103,83 641,83 994,84 354,84 408,84 665,85 358,85 521,86 737,87 122,162 203,163 960,164 926,165 462,165 507,165 951,167 147,167 560,168 886,170 048
DEF08,Ostholstein,95 662,96 412,97 036,96 850,96 765,96 689,97 171,97 423,96 480,96 902,102 693,103 162,103 777,103 734,103 816,103 850,104 316,104 591,104 322,104 627,198 355,199 574,200 813,200 584,200 581,200 539,201 487,202 014,200 802,201 529
DEF09,Pinneberg,148 498,150 455,152 313,153 401,154 211,155 123,155 554,156 244,157 345,158 688,155 589,157 016,158 340,159 261,160 180,160 980,161 531,162 082,164 504,165 074,304 087,307 471,310 653,312 662,314 391,316 103,317 085,318 326,321 849,323 762
DEF0A,Plön,61 422,62 349,62 608,62 670,62 532,62 487,62 674,62 753,62 843,62 849,65 443,65 955,66 095,66 172,66 115,66 199,66 679,66 934,67 651,67 786,126 865,128 304,128 703,128 842,128 647,128 686,129 353,129 687,130 494,130 635
DEF0B,Rendsburg-Eckernförde,131 770,133 002,134 074,134 407,134 109,134 970,135 219,135 883,135 688,136 510,136 858,137 376,138 263,138 615,138 666,139 128,139 546,140 170,141 276,141 378,268 628,270 378,272 337,273 022,272 775,274 098,274 765,276 053,276 964,277 888
DEF0C,Schleswig-Flensburg,96 598,97 496,98 497,98 846,99 092,99 557,100 209,100 681,100 555,100 867,98 995,99 343,100 188,100 657,100 933,101 599,102 438,103 118,103 700,103 894,195 593,196 839,198 685,199 503,200 025,201 156,202 647,203 799,204 255,204 761
DEF0D,Segeberg,130 295,131 777,134 702,135 470,136 517,137 054,137 269,138 337,137 600,139 146,134 677,135 726,137 533,138 555,139 515,140 121,140 738,142 063,142 322,143 122,264 972,267 503,272 235,274 025,276 032,277 175,278 007,280 400,279 922,282 268
DEF0E,Steinburg,64 113,65 047,65 242,65 054,64 923,64 747,64 570,64 611,64 970,65 509,66 105,66 410,66 633,66 559,66 424,66 266,66 136,66 232,66 742,66 938,130 218,131 457,131 875,131 613,131 347,131 013,130 706,130 843,131 712,132 447
DEF0F,Stormarn,115 238,117 002,118 168,118 568,118 831,119 230,119 730,119 842,119 617,119 834,121 467,122 612,123 643,123 904,124 365,124 926,125 259,125 564,126 205,126 367,236 705,239 614,241 811,242 472,243 196,244 156,244 989,245 406,245 822,246 201
DEG,Thüringen,1 062 930,1 075 139,1 067 878,1 065 004,1 060 814,1 055 996,1 049 212,1 043 936,1 044 933,1 044 781,1 093 829,1 095 575,1 090 250,1 086 201,1 082 331,1 077 382,1 071 025,1 064 927,1 073 897,1 070 089,2 156 759,2 170 714,2 158 128,2 151 205,2 143 145,2 133 378,2 120 237,2 108 863,2 118 830,2 114 870
DEG0,Thüringen,1 062 930,1 075 139,1 067 878,1 065 004,1 060 814,1 055 996,1 049 212,1 043 936,1 044 933,1 044 781,1 093 829,1 095 575,1 090 250,1 086 201,1 082 331,1 077 382,1 071 025,1 064 927,1 073 897,1 070 089,2 156 759,2 170 714,2 158 128,2 151 205,2 143 145,2 133 378,2 120 237,2 108 863,2 118 830,2 114 870
DEG01,"Erfurt, Kreisfreie Stadt",99 624,102 259,102 577,103 683,103 920,104 044,103 940,103 638,106 400,107 035,106 595,107 859,108 536,109 305,109 779,109 937,109 752,109 589,112 369,112 514,206 219,210 118,211 113,212 988,213 699,213 981,213 692,213 227,218 769,219 549
DEG02,"Gera, Kreisfreie Stadt",45 306,46 414,45 757,45 890,45 517,44 945,44 474,44 203,45 990,46 752,49 186,49 597,48 993,48 969,48 635,48 180,47 652,47 165,48 464,48 943,94 492,96 011,94 750,94 859,94 152,93 125,92 126,91 368,94 454,95 695
DEG03,"Jena, Kreisfreie Stadt",53 520,54 467,54 968,55 472,55 665,55 628,55 374,55 097,54 129,53 896,54 687,55 060,55 353,55 627,55 742,55 715,55 357,55 405,56 341,56 180,108 207,109 527,110 321,111 099,111 407,111 343,110 731,110 502,110 470,110 076
DEG04,"Suhl, Kreisfreie Stadt (NUTS 2021)",17 717,18 071,17 337,17 131,16 960,18 009,17 887,17 718,18 339,:,18 491,18 707,18 271,18 035,17 875,18 780,18 508,18 336,18 670,:,36 208,36 778,35 608,35 166,34 835,36 789,36 395,36 054,37 009,:
DEG05,"Weimar, Kreisfreie Stadt",30 542,31 002,31 152,31 231,31 655,31 549,31 439,31 456,31 458,31 446,32 935,33 129,33 203,33 195,33 435,33 679,33 659,33 682,34 049,34 082,63 477,64 131,64 355,64 426,65 090,65 228,65 098,65 138,65 507,65 528
DEG06,Eichsfeld,50 516,50 927,50 772,50 582,50 364,50 219,49 830,49 800,49 720,51 387,50 214,50 398,50 261,50 063,50 016,49 787,49 633,49 524,49 638,51 312,100 730,101 325,101 033,100 645,100 380,100 006,99 463,99 324,99 358,102 699
DEG07,Nordhausen,41 962,42 292,42 163,41 963,41 477,41 394,40 960,40 557,40 294,40 241,43 093,43 063,42 935,42 734,42 345,42 022,41 496,41 130,41 517,41 261,85 055,85 355,85 098,84 697,83 822,83 416,82 456,81 687,81 811,81 502
DEG09,Unstrut-Hainich-Kreis,51 290,52 367,51 550,51 373,51 119,50 775,50 427,50 147,49 713,47 847,52 632,52 906,52 398,52 131,51 793,51 457,51 271,51 122,50 722,48 611,103 922,105 273,103 948,103 504,102 912,102 232,101 698,101 269,100 435,96 458
DEG0A,Kyffhäuserkreis,38 233,38 432,38 157,37 707,37 274,36 865,36 493,36 276,36 241,36 052,38 915,38 678,38 528,38 111,37 735,37 347,37 029,36 688,36 781,36 504,77 148,77 110,76 685,75 818,75 009,74 212,73 522,72 964,73 022,72 556
DEG0B,Schmalkalden-Meiningen (NUTS 2021),62 338,62 268,61 734,61 444,61 186,62 446,62 110,61 702,61 977,:,62 718,62 355,61 772,61 508,61 161,62 470,62 131,61 702,61 962,:,125 056,124 623,123 506,122 952,122 347,124 916,124 241,123 404,123 939,:
DEG0C,Gotha,67 196,68 341,67 404,67 505,67 468,67 158,66 977,66 616,68 106,67 918,68 185,68 490,68 026,68 016,67 984,67 750,67 586,67 209,69 215,69 015,135 381,136 831,135 430,135 521,135 452,134 908,134 563,133 825,137 321,136 933
DEG0D,Sömmerda,35 137,35 274,35 055,35 002,34 762,34 660,34 504,34 399,33 948,33 973,35 400,35 326,35 063,35 025,34 893,34 767,34 603,34 318,34 377,34 136,70 537,70 600,70 118,70 027,69 655,69 427,69 107,68 717,68 325,68 109
DEG0E,Hildburghausen,32 219,32 271,32 207,31 974,31 766,31 624,31 343,31 089,30 670,30 383,32 454,32 253,32 123,31 949,31 787,31 573,31 313,31 000,30 601,30 308,64 673,64 524,64 330,63 923,63 553,63 197,62 656,62 089,61 271,60 691
DEG0F,Ilm-Kreis (NUTS 2021),54 479,55 077,54 789,54 698,54 633,53 446,52 985,52 958,53 798,:,54 420,54 543,54 378,54 132,54 109,52 803,52 621,52 409,52 978,:,108 899,109 620,109 167,108 830,108 742,106 249,105 606,105 367,106 776,:
DEG0G,Weimarer Land,40 315,40 784,40 868,40 769,40 645,40 724,40 740,40 655,41 087,41 000,41 326,41 343,41 448,41 362,41 302,41 432,41 551,41 448,42 061,41 868,81 641,82 127,82 316,82 131,81 947,82 156,82 291,82 103,83 148,82 868
DEG0H,Sonneberg (NUTS 2021),27 791,27 912,27 757,27 726,27 673,28 391,28 071,27 927,28 093,:,29 018,28 906,28 750,28 635,28 523,29 326,28 973,28 577,28 829,:,56 809,56 818,56 507,56 361,56 196,57 717,57 044,56 504,56 922,:
DEG0I,Saalfeld-Rudolstadt (NUTS 2021),53 725,53 769,53 288,52 876,52 388,50 838,50 306,49 808,49 926,:,55 921,55 509,55 027,54 492,53 968,52 361,51 833,51 161,51 568,:,109 646,109 278,108 315,107 368,106 356,103 199,102 139,100 969,101 494,:
DEG0J,Saale-Holzland-Kreis,41 759,43 322,42 209,41 320,41 360,41 262,41 139,41 034,41 353,41 759,42 207,42 862,42 316,41 670,41 691,41 688,41 677,41 479,42 242,42 281,83 966,86 184,84 525,82 990,83 051,82 950,82 816,82 513,83 595,84 040
DEG0K,Saale-Orla-Kreis,40 829,41 022,40 763,40 376,40 119,39 890,39 579,39 308,38 851,38 565,42 058,41 929,41 599,41 125,40 749,40 422,40 053,39 722,39 553,39 294,82 887,82 951,82 362,81 501,80 868,80 312,79 632,79 030,78 404,77 859
DEG0L,Greiz,49 833,49 814,49 107,48 901,48 326,47 921,47 659,47 405,46 978,46 620,51 549,51 300,50 610,50 374,49 833,49 477,49 009,48 697,48 303,47 868,101 382,101 114,99 717,99 275,98 159,97 398,96 668,96 102,95 281,94 488
DEG0M,Altenburger Land,45 396,45 330,44 918,44 396,44 138,43 802,43 215,42 908,42 723,42 719,47 309,47 014,46 689,46 254,45 980,45 591,45 141,44 899,45 311,45 236,92 705,92 344,91 607,90 650,90 118,89 393,88 356,87 807,88 034,87 955
DEG0N,"Eisenach, Kreisfreie Stadt (NUTS 2021)",20 338,20 810,20 969,21 060,20 874,20 833,20 666,20 595,20 848,:,21 546,21 607,21 619,21 650,21 496,21 417,21 304,21 211,21 560,:,41 884,42 417,42 588,42 710,42 370,42 250,41 970,41 806,42 408,:
DEG0P,Wartburgkreis (NUTS 2021),62 865,62 914,62 377,61 925,61 525,59 573,59 094,58 640,58 577,:,62 970,62 741,62 352,61 839,61 500,59 401,58 873,58 454,58 554,:,125 835,125 655,124 729,123 764,123 025,118 974,117 967,117 094,117 131,:
DEG0Q,Schmalkalden-Meiningen,:,:,:,:,:,:,:,:,60 582,60 426,:,:,:,:,:,:,:,:,61 209,60 725,:,:,:,:,:,:,:,:,121 791,121 151
DEG0R,Wartburgkreis,:,:,:,:,:,:,:,:,77 622,77 601,:,:,:,:,:,:,:,:,78 944,78 733,:,:,:,:,:,:,:,:,156 566,156 334
DEG0S,"Suhl, Kreisfreie Stadt",:,:,:,:,:,:,:,:,17 997,18 149,:,:,:,:,:,:,:,:,18 328,18 158,:,:,:,:,:,:,:,:,36 325,36 307
DEG0T,Ilm-Kreis,:,:,:,:,:,:,:,:,53 543,53 793,:,:,:,:,:,:,:,:,53 432,53 209,:,:,:,:,:,:,:,:,106 975,107 002
DEG0U,Saalfeld-Rudolstadt,:,:,:,:,:,:,:,:,49 733,49 603,:,:,:,:,:,:,:,:,51 823,51 508,:,:,:,:,:,:,:,:,101 556,101 111
DEG0V,Sonneberg,:,:,:,:,:,:,:,:,27 795,27 616,:,:,:,:,:,:,:,:,28 617,28 343,:,:,:,:,:,:,:,:,56 412,55 959
EE,Estonia,614 704,616 708,617 538,621 084,625 635,629 277,630 915,633 415,647 366,651 613,700 166,699 236,698 097,698 049,699 185,699 699,699 153,698 381,718 518,723 074,1 314 870,1 315 944,1 315 635,1 319 133,1 324 820,1 328 976,1 330 068,1 331 796,1 365 884,1 374 687
EE0,Eesti,614 704,616 708,617 538,621 084,625 635,629 277,630 915,633 415,647 366,651 613,700 166,699 236,698 097,698 049,699 185,699 699,699 153,698 381,718 518,723 074,1 314 870,1 315 944,1 315 635,1 319 133,1 324 820,1 328 976,1 330 068,1 331 796,1 365 884,1 374 687
EE00,Eesti,614 704,616 708,617 538,621 084,625 635,629 277,630 915,633 415,647 366,651 613,700 166,699 236,698 097,698 049,699 185,699 699,699 153,698 381,718 518,723 074,1 314 870,1 315 944,1 315 635,1 319 133,1 324 820,1 328 976,1 330 068,1 331 796,1 365 884,1 374 687
EE001,Põhja-Eesti,261 132,265 595,269 083,273 445,278 703,283 533,287 355,292 048,301 986,305 973,309 247,312 244,314 645,317 536,320 775,323 653,325 803,322 513,336 090,340 342,570 379,577 839,583 728,590 981,599 478,607 186,613 158,614 561,638 076,646 315
EE004,Lääne-Eesti,72 533,72 066,71 738,71 690,71 652,71 839,71 570,69 165,70 164,70 382,79 041,78 340,77 740,77 330,77 288,77 188,76 888,76 556,78 335,78 573,151 574,150 406,149 478,149 020,148 940,149 027,148 458,145 721,148 499,148 955
EE006,Kesk-Eesti (NUTS 2016),60 906,60 457,60 068,60 326,60 089,59 920,:,:,:,:,64 789,63 867,63 251,63 425,62 833,62 398,:,:,:,:,125 695,124 324,123 319,123 751,122 922,122 318,:,:,:,:
EE007,Kirde-Eesti (NUTS 2016),68 267,67 352,66 083,63 668,62 837,61 879,:,:,:,:,80 376,79 154,77 797,74 598,73 403,72 380,:,:,:,:,148 643,146 506,143 880,138 266,136 240,134 259,:,:,:,:
EE008,Lõuna-Eesti,151 866,151 238,150 566,151 955,152 354,152 106,151 764,152 246,154 449,154 855,166 713,165 631,164 664,165 160,164 886,164 080,163 440,164 601,167 784,168 410,318 579,316 869,315 230,317 115,317 240,316 186,315 204,316 847,322 233,323 265
EE009,Kesk-Eesti,:,:,:,:,:,:,59 441,58 900,59 480,59 553,:,:,:,:,:,:,61 894,63 031,64 238,64 313,:,:,:,:,:,:,121 335,121 931,123 718,123 866
EE00A,Kirde-Eesti,:,:,:,:,:,:,60 785,61 056,61 287,60 850,:,:,:,:,:,:,71 128,71 680,72 071,71 436,:,:,:,:,:,:,131 913,132 736,133 358,132 286
IE,Ireland,2 313 342,2 339 141,2 374 956,2 404 390,2 446 814,2 481 712,2 509 184,2 550 232,2 604 547,2 643 375,2 364 285,2 387 145,2 424 201,2 451 343,2 493 497,2 530 888,2 557 709,2 604 045,2 666 848,2 708 306,4 677 627,4 726 286,4 799 157,4 855 733,4 940 311,5 012 600,5 066 893,5 154 277,5 271 395,5 351 681
IE0,Ireland,2 313 342,2 339 141,2 374 956,2 404 390,2 446 814,2 481 712,2 509 184,2 550 232,2 604 547,2 643 375,2 364 285,2 387 145,2 424 201,2 451 343,2 493 497,2 530 888,2 557 709,2 604 045,2 666 848,2 708 306,4 677 627,4 726 286,4 799 157,4 855 733,4 940 311,5 012 600,5 066 893,5 154 277,5 271 395,5 351 681
IE04,Northern and Western,416 342,418 652,424 201,428 225,432 880,438 619,443 495,449 554,461 749,469 602,417 488,420 552,427 441,431 937,439 526,445 121,448 129,454 299,468 459,475 958,833 830,839 204,851 642,860 162,872 406,883 740,891 624,903 853,930 208,945 560
IE041,Border,195 559,196 156,199 132,201 008,203 294,205 678,207 886,209 282,214 219,219 762,196 374,196 959,200 537,202 721,205 883,207 037,208 433,210 720,216 674,221 882,391 933,393 115,399 669,403 729,409 177,412 715,416 319,420 002,430 893,441 644
IE042,West,220 783,222 496,225 069,227 217,229 586,232 941,235 609,240 272,247 530,249 840,221 114,223 593,226 904,229 216,233 643,238 084,239 696,243 579,251 785,254 076,441 897,446 089,451 973,456 433,463 229,471 025,475 305,483 851,499 315,503 916
IE05,Southern,777 607,782 567,793 006,802 805,816 931,827 472,832 390,844 868,860 612,874 658,789 599,792 937,803 367,811 777,823 374,834 073,843 648,857 465,880 568,897 753,1 567 206,1 575 504,1 596 373,1 614 582,1 640 305,1 661 545,1 676 038,1 702 333,1 741 180,1 772 411
IE051,Mid-West,235 021,235 702,238 267,242 546,246 186,248 960,249 192,251 970,255 856,260 831,238 012,237 503,240 124,243 556,246 203,248 997,250 458,254 161,261 481,268 752,473 033,473 205,478 391,486 102,492 389,497 957,499 650,506 131,517 337,529 583
IE052,South-East,206 356,208 267,211 281,213 210,217 981,221 424,223 250,226 900,230 710,234 200,208 717,210 816,214 226,216 298,219 792,223 048,227 015,231 096,236 879,238 864,415 073,419 083,425 507,429 508,437 773,444 472,450 265,457 996,467 589,473 064
IE053,South-West,336 230,338 598,343 458,347 049,352 764,357 088,359 948,365 998,374 046,379 627,342 870,344 618,349 017,351 923,357 379,362 028,366 175,372 208,382 208,390 137,679 100,683 216,692 475,698 972,710 143,719 116,726 123,738 206,756 254,769 764
IE06,Eastern and Midland,1 119 393,1 137 922,1 157 749,1 173 360,1 197 003,1 215 621,1 233 299,1 255 810,1 282 186,1 299 115,1 157 198,1 173 656,1 193 393,1 207 629,1 230 597,1 251 694,1 265 932,1 292 281,1 317 821,1 334 595,2 276 591,2 311 578,2 351 142,2 380 989,2 427 600,2 467 315,2 499 231,2 548 091,2 600 007,2 633 710
IE061,Dublin,639 010,650 802,658 979,665 945,678 942,689 230,701 639,715 022,735 290,745 562,669 360,680 504,690 643,697 302,712 145,724 508,730 728,745 983,763 889,774 189,1 308 370,1 331 306,1 349 622,1 363 247,1 391 087,1 413 738,1 432 367,1 461 005,1 499 179,1 519 751
IE062,Mid-East,335 231,340 670,348 503,354 825,362 173,369 822,374 268,381 094,385 465,389 095,342 066,346 922,354 310,360 263,366 246,373 931,378 645,386 803,390 737,393 334,677 297,687 592,702 813,715 088,728 419,743 753,752 913,767 897,776 202,782 429
IE063,Midland,145 152,146 450,150 267,152 590,155 888,156 569,157 392,159 694,161 431,164 458,145 772,146 230,148 440,150 064,152 206,153 255,156 559,159 495,163 195,167 072,290 924,292 680,298 707,302 654,308 094,309 824,313 951,319 189,324 626,331 530
EL,Greece,5 268 390,5 224 210,5 221 277,5 210 040,5 208 293,5 215 488,5 196 048,5 114 747,5 090 591,5 096 893,5 589 628,5 559 538,5 546 916,5 531 125,5 516 306,5 503 077,5 482 584,5 345 035,5 323 391,5 303 827,10 858 018,10 783 748,10 768 193,10 741 165,10 724 599,10 718 565,10 678 632,10 459 782,10 413 982,10 400 720
EL3,Attiki,1 816 579,1 792 602,1 790 853,1 782 134,1 777 221,1 780 161,1 779 776,1 833 584,1 822 170,1 821 687,2 006 264,1 988 672,1 982 706,1 974 319,1 965 014,1 958 740,1 956 961,1 972 966,1 968 672,1 962 878,3 822 843,3 781 274,3 773 559,3 756 453,3 742 235,3 738 901,3 736 737,3 806 550,3 790 842,3 784 565
EL30,Attiki,1 816 579,1 792 602,1 790 853,1 782 134,1 777 221,1 780 161,1 779 776,1 833 584,1 822 170,1 821 687,2 006 264,1 988 672,1 982 706,1 974 319,1 965 014,1 958 740,1 956 961,1 972 966,1 968 672,1 962 878,3 822 843,3 781 274,3 773 559,3 756 453,3 742 235,3 738 901,3 736 737,3 806 550,3 790 842,3 784 565
EL301,Voreios Tomeas Athinon,274 754,270 272,266 460,263 118,259 594,257 244,254 109,282 769,282 203,280 189,323 041,321 930,320 161,318 466,316 517,315 023,313 146,317 356,318 411,316 938,597 795,592 202,586 621,581 584,576 111,572 267,567 255,600 125,600 614,597 127
EL302,Dytikos Tomeas Athinon,232 112,227 444,230 932,230 360,230 737,232 148,233 618,232 370,229 331,226 961,253 994,252 085,253 696,253 420,252 975,252 825,254 154,245 560,243 393,241 526,486 106,479 529,484 628,483 780,483 712,484 973,487 772,477 930,472 724,468 487
EL303,Kentrikos Tomeas Athinon,447 383,438 582,431 287,429 408,432 107,437 198,435 085,479 792,474 582,474 224,514 634,501 596,493 630,489 426,485 853,483 415,480 025,520 156,516 628,513 967,962 017,940 178,924 917,918 834,917 960,920 613,915 110,999 948,991 210,988 191
EL304,Notios Tomeas Athinon,246 329,242 430,243 953,241 170,238 160,236 112,233 551,248 890,246 799,244 954,288 403,287 182,287 786,286 135,284 180,282 608,280 704,279 583,278 792,277 171,534 732,529 612,531 739,527 305,522 340,518 720,514 255,528 473,525 591,522 125
EL305,Anatoliki Attiki,276 864,278 501,283 311,285 225,286 393,288 463,292 891,255 577,257 078,261 588,272 498,274 685,277 786,279 232,280 326,281 662,285 056,262 374,264 990,267 311,549 362,553 186,561 097,564 457,566 719,570 125,577 947,517 951,522 068,528 899
EL306,Dytiki Attiki,91 326,92 291,93 871,94 767,95 280,96 039,100 635,83 409,82 793,82 986,83 945,84 260,84 832,85 096,85 205,85 479,88 711,81 901,81 833,82 012,175 271,176 551,178 703,179 863,180 485,181 518,189 346,165 310,164 626,164 998
EL307,"Peiraias, Nisoi",247 811,243 082,241 039,238 086,234 950,232 957,229 887,250 777,249 384,250 785,269 749,266 934,264 815,262 544,259 958,257 728,255 165,266 036,264 625,263 953,517 560,510 016,505 854,500 630,494 908,490 685,485 052,516 813,514 009,514 738
EL4,"Nisia Aigaiou, Kriti",574 540,573 244,580 641,587 008,596 045,605 174,605 015,570 673,571 400,577 405,589 533,590 013,594 116,598 505,604 010,608 358,608 754,575 706,573 963,573 339,1 164 073,1 163 257,1 174 757,1 185 513,1 200 055,1 213 532,1 213 769,1 146 379,1 145 363,1 150 744
EL41,Voreio Aigaio,99 324,98 970,104 035,108 887,115 428,121 662,121 527,97 925,99 287,104 423,98 371,97 684,99 665,102 250,105 670,107 854,107 628,97 304,96 222,96 584,197 695,196 654,203 700,211 137,221 098,229 516,229 155,195 229,195 509,201 007
EL411,"Lesvos, Limnos",50 687,50 469,53 802,55 390,59 406,63 270,63 242,50 307,51 513,55 775,51 320,50 928,52 382,53 185,55 399,56 844,56 698,50 267,49 914,50 636,102 007,101 397,106 184,108 575,114 805,120 114,119 940,100 574,101 427,106 411
EL412,"Ikaria, Samos",21 710,21 568,22 650,24 379,25 713,26 979,26 907,21 827,22 021,22 465,20 646,20 490,20 873,21 843,22 525,22 982,22 938,20 932,20 570,20 238,42 356,42 058,43 523,46 222,48 238,49 961,49 845,42 759,42 591,42 703
EL413,Chios,26 927,26 933,27 583,29 118,30 309,31 413,31 378,25 791,25 753,26 183,26 405,26 266,26 410,27 222,27 746,28 028,27 992,26 105,25 738,25 710,53 332,53 199,53 993,56 340,58 055,59 441,59 370,51 896,51 491,51 893
EL42,Notio Aigaio,165 841,165 549,167 778,169 081,171 034,173 288,173 247,164 509,164 641,165 462,169 024,169 242,170 605,171 789,172 993,174 224,174 601,163 008,162 304,161 784,334 865,334 791,338 383,340 870,344 027,347 512,347 848,327 517,326 945,327 246
EL421,"Kalymnos, Karpathos – Iroiki Nisos Kasos, Kos, Rodos",103 645,103 695,106 169,107 719,109 892,112 256,112 367,104 127,105 405,106 828,104 014,104 051,105 256,106 294,107 349,108 427,108 731,102 534,102 345,102 360,207 659,207 746,211 425,214 013,217 241,220 683,221 098,206 661,207 750,209 188
EL422,"Andros, Thira, Kea, Milos, Mykonos, Naxos, Paros, Syros, Tinos",62 196,61 854,61 609,61 362,61 142,61 032,60 880,60 382,59 236,58 634,65 010,65 191,65 349,65 495,65 644,65 797,65 870,60 474,59 959,59 424,127 206,127 045,126 958,126 857,126 786,126 829,126 750,120 856,119 195,118 058
EL43,Kriti,309 375,308 725,308 828,309 040,309 583,310 224,310 241,308 239,307 472,307 520,322 138,323 087,323 846,324 466,325 347,326 280,326 525,315 394,315 437,314 971,631 513,631 812,632 674,633 506,634 930,636 504,636 766,623 633,622 909,622 491
EL431,Irakleio,151 654,151 369,151 395,151 737,152 375,153 020,153 034,149 597,148 885,148 586,159 130,159 727,160 245,160 777,161 391,162 142,162 359,155 047,154 884,154 586,310 784,311 096,311 640,312 514,313 766,315 162,315 393,304 644,303 769,303 172
EL432,Lasithi,36 759,36 528,36 408,36 308,36 157,36 008,35 895,39 118,38 920,38 857,38 235,38 163,38 055,37 902,37 849,37 750,37 626,38 572,38 575,38 481,74 994,74 691,74 463,74 210,74 006,73 758,73 521,77 690,77 495,77 338
EL433,Rethymni,42 263,42 257,42 363,42 369,42 383,42 459,42 576,41 751,41 863,41 914,44 887,45 003,45 119,45 141,45 199,45 232,45 253,43 042,43 298,43 461,87 150,87 260,87 482,87 510,87 582,87 691,87 829,84 793,85 161,85 375
EL434,Chania,78 699,78 571,78 662,78 626,78 668,78 737,78 736,77 773,77 804,78 163,79 886,80 194,80 427,80 646,80 908,81 156,81 287,78 733,78 680,78 443,158 585,158 765,159 089,159 272,159 576,159 893,160 023,156 506,156 484,156 606
EL5,Voreia Elláda,1 513 761,1 503 624,1 500 220,1 497 068,1 495 938,1 495 719,1 484 847,1 423 667,1 417 876,1 420 832,1 602 172,1 594 896,1 589 439,1 583 662,1 578 266,1 572 931,1 561 850,1 501 005,1 493 827,1 488 276,3 115 933,3 098 520,3 089 659,3 080 730,3 074 204,3 068 650,3 046 697,2 924 672,2 911 703,2 909 108
EL51,"Anatoliki Makedonia, Thraki",300 006,299 103,298 629,298 232,297 982,297 920,296 311,275 151,276 088,278 915,306 484,305 401,304 170,302 943,301 741,300 693,298 594,285 675,283 642,282 919,606 490,604 504,602 799,601 175,599 723,598 613,594 905,560 826,559 730,561 834
EL511,Evros,74 942,74 989,75 025,75 001,74 933,74 963,74 729,66 833,67 827,69 241,72 973,72 807,72 684,72 487,72 257,72 128,71 853,66 573,65 640,65 176,147 915,147 796,147 709,147 488,147 190,147 091,146 582,133 406,133 467,134 417
EL512,Xanthi,56 299,56 201,56 202,56 143,56 059,55 976,55 766,53 431,53 327,53 706,56 233,56 074,55 910,55 742,55 572,55 409,55 102,54 727,54 359,54 254,112 532,112 275,112 112,111 885,111 631,111 385,110 868,108 158,107 686,107 960
EL513,Rodopi,55 220,55 199,55 162,55 022,54 914,54 795,54 516,50 468,51 166,51 629,57 105,56 889,56 569,56 171,55 752,55 367,54 931,53 527,53 782,54 065,112 325,112 088,111 731,111 193,110 666,110 162,109 447,103 995,104 948,105 694
EL514,Drama,46 884,46 631,46 541,46 516,46 611,46 710,46 327,41 829,41 870,43 078,50 582,50 410,50 295,50 244,50 234,50 215,49 806,44 536,44 214,44 388,97 466,97 041,96 836,96 760,96 845,96 925,96 133,86 365,86 084,87 466
EL515,"Thasos, Kavala",66 661,66 083,65 699,65 550,65 465,65 476,64 973,62 590,61 898,61 261,69 591,69 221,68 712,68 299,67 926,67 574,66 902,66 312,65 647,65 036,136 252,135 304,134 411,133 849,133 391,133 050,131 875,128 902,127 545,126 297
EL52,Kentriki Makedonia,911 318,904 957,904 004,902 756,903 032,904 002,897 212,864 675,859 822,859 703,982 560,978 382,976 118,973 240,970 745,968 100,961 543,926 011,922 808,919 193,1 893 878,1 883 339,1 880 122,1 875 996,1 873 777,1 872 102,1 858 755,1 790 686,1 782 630,1 778 896
EL521,Imathia,69 639,69 247,69 372,69 377,69 628,69 876,69 375,64 025,63 465,63 921,72 424,72 189,72 145,72 026,71 957,71 913,71 463,66 563,65 872,65 604,142 063,141 436,141 517,141 403,141 585,141 789,140 838,130 588,129 337,129 525
EL522,Thessaloniki,529 456,525 136,524 618,523 934,524 494,525 444,521 710,520 246,518 980,517 564,587 638,584 833,583 467,581 729,580 196,578 579,574 955,570 165,570 839,569 363,1 117 094,1 109 969,1 108 085,1 105 663,1 104 690,1 104 023,1 096 665,1 090 411,1 089 819,1 086 927
EL523,Kilkis,40 467,40 337,40 875,40 902,40 969,41 113,40 713,34 507,34 277,34 616,40 149,39 836,39 887,39 674,39 506,39 317,38 884,35 716,35 185,34 976,80 616,80 173,80 762,80 576,80 475,80 430,79 597,70 223,69 462,69 592
EL524,Pella,68 810,68 388,68 147,67 840,67 555,67 297,66 761,62 084,61 065,60 186,71 008,70 717,70 436,70 032,69 626,69 252,68 651,64 179,63 191,62 391,139 818,139 105,138 583,137 872,137 181,136 549,135 412,126 263,124 256,122 577
EL525,Pieria,64 345,64 489,64 556,64 733,64 841,65 000,64 649,58 131,57 410,56 873,66 696,66 820,66 832,66 917,67 038,67 139,66 777,60 887,60 177,59 591,131 041,131 309,131 388,131 650,131 879,132 139,131 426,119 018,117 587,116 464
EL526,Serres,83 066,81 869,80 909,80 460,80 091,79 836,78 790,73 357,73 061,75 493,89 843,89 060,88 333,87 785,87 283,86 747,85 754,77 262,76 562,76 582,172 909,170 929,169 242,168 245,167 374,166 583,164 544,150 619,149 623,152 075
EL527,Chalkidiki,55 535,55 491,55 527,55 510,55 454,55 436,55 214,52 325,51 564,51 050,54 802,54 927,55 018,55 077,55 139,55 153,55 059,51 239,50 982,50 686,110 337,110 418,110 545,110 587,110 593,110 589,110 273,103 564,102 546,101 736
EL53,Dytiki Makedonia,136 519,134 966,133 663,132 446,131 290,130 090,128 754,126 521,124 800,123 090,139 904,138 877,137 825,136 776,135 718,134 580,133 298,127 433,125 653,124 180,276 423,273 843,271 488,269 222,267 008,264 670,262 052,253 954,250 453,247 270
EL531,"Grevena, Kozani",87 706,86 696,85 804,85 032,84 319,83 663,82 793,81 633,80 618,79 606,89 120,88 430,87 765,87 149,86 502,85 783,84 954,81 754,80 583,79 603,176 826,175 126,173 569,172 181,170 821,169 446,167 747,163 387,161 201,159 209
EL532,Kastoria,23 847,23 467,23 157,22 853,22 561,22 180,21 868,22 839,22 507,22 140,24 951,24 777,24 566,24 310,24 107,23 891,23 649,22 992,22 639,22 342,48 798,48 244,47 723,47 163,46 668,46 071,45 517,45 831,45 146,44 482
EL533,Florina,24 966,24 803,24 702,24 561,24 410,24 247,24 093,22 049,21 675,21 344,25 833,25 670,25 494,25 317,25 109,24 906,24 695,22 687,22 431,22 235,50 799,50 473,50 196,49 878,49 519,49 153,48 788,44 736,44 106,43 579
EL54,Ipeiros,165 918,164 598,163 924,163 634,163 634,163 707,162 570,157 320,157 166,159 124,173 224,172 236,171 326,170 703,170 062,169 558,168 415,161 886,161 724,161 984,339 142,336 834,335 250,334 337,333 696,333 265,330 985,319 206,318 890,321 108
EL541,"Arta, Preveza",61 458,60 777,60 382,59 961,59 605,59 250,58 646,58 536,57 992,57 446,63 308,62 752,62 305,61 836,61 331,60 896,60 341,59 512,59 013,58 393,124 766,123 529,122 687,121 797,120 936,120 146,118 987,118 048,117 005,115 839
EL542,Thesprotia,22 382,22 353,22 333,22 324,22 267,22 213,22 142,20 311,20 138,20 107,22 754,22 783,22 798,22 809,22 797,22 819,22 735,20 379,20 292,20 208,45 136,45 136,45 131,45 133,45 064,45 032,44 877,40 690,40 430,40 315
EL543,Ioannina,82 078,81 468,81 209,81 349,81 762,82 244,81 782,78 473,79 036,81 571,87 162,86 701,86 223,86 058,85 934,85 843,85 339,81 995,82 419,83 383,169 240,168 169,167 432,167 407,167 696,168 087,167 121,160 468,161 455,164 954
EL6,Kentriki Elláda,1 363 510,1 354 740,1 349 563,1 343 830,1 339 089,1 334 434,1 326 410,1 286 823,1 279 145,1 276 969,1 391 659,1 385 957,1 380 655,1 374 639,1 369 016,1 363 048,1 355 019,1 295 358,1 286 929,1 279 334,2 755 169,2 740 697,2 730 218,2 718 469,2 708 105,2 697 482,2 681 429,2 582 181,2 566 074,2 556 303
EL61,Thessalia,358 868,356 409,354 620,352 639,350 981,349 294,346 614,337 807,335 853,334 717,374 795,373 033,371 254,369 426,367 659,365 821,363 194,348 537,346 336,344 030,733 663,729 442,725 874,722 065,718 640,715 115,709 808,686 344,682 189,678 747
EL611,"Karditsa, Trikala",119 632,118 754,117 913,116 870,115 946,114 955,113 824,112 919,112 166,111 110,122 674,121 666,120 681,119 510,118 499,117 475,116 276,114 726,113 804,112 694,242 306,240 420,238 594,236 380,234 445,232 430,230 100,227 645,225 970,223 804
EL612,Larisa,139 048,137 830,137 137,136 588,136 305,135 989,135 011,132 345,131 597,131 979,146 398,145 897,145 405,145 125,144 728,144 295,143 493,135 999,135 217,134 414,285 446,283 727,282 542,281 713,281 033,280 284,278 504,268 344,266 814,266 393
EL613,"Magnisia, Sporades",100 188,99 825,99 570,99 181,98 730,98 350,97 779,92 543,92 090,91 628,105 723,105 470,105 168,104 791,104 432,104 051,103 425,97 812,97 315,96 922,205 911,205 295,204 738,203 972,203 162,202 401,201 204,190 355,189 405,188 550
EL62,Ionia Nisia,101 723,101 230,100 887,100 474,100 096,99 775,99 350,100 868,99 740,99 036,105 336,104 911,104 544,104 088,103 773,103 374,103 021,103 213,102 445,101 606,207 059,206 141,205 431,204 562,203 869,203 149,202 371,204 081,202 185,200 642
EL621,Zakynthos,19 904,19 755,19 707,19 600,19 534,19 459,19 416,20 519,20 269,20 072,20 379,20 315,20 231,20 206,20 203,20 162,20 149,20 616,20 551,20 438,40 283,40 070,39 938,39 806,39 737,39 621,39 565,41 135,40 820,40 510
EL622,Kerkyra,50 326,50 056,49 858,49 597,49 353,49 188,48 951,49 653,48 940,48 570,53 304,53 010,52 755,52 455,52 216,51 973,51 688,51 676,51 131,50 585,103 630,103 066,102 613,102 052,101 569,101 161,100 639,101 329,100 071,99 155
EL623,"Ithaki, Kefallinia",19 447,19 388,19 298,19 237,19 184,19 085,18 959,19 274,19 229,19 136,19 703,19 650,19 647,19 570,19 534,19 482,19 476,19 572,19 505,19 435,39 150,39 038,38 945,38 807,38 718,38 567,38 435,38 846,38 734,38 571
EL624,Lefkada,12 046,12 031,12 024,12 040,12 025,12 043,12 024,11 422,11 302,11 258,11 950,11 936,11 911,11 857,11 820,11 757,11 708,11 349,11 258,11 148,23 996,23 967,23 935,23 897,23 845,23 800,23 732,22 771,22 560,22 406
EL63,Dytiki Elláda,332 845,329 983,327 858,325 641,323 560,321 517,319 417,324 510,323 239,322 365,340 418,338 275,336 112,333 829,331 629,329 548,327 253,322 111,319 949,317 878,673 263,668 258,663 970,659 470,655 189,651 065,646 670,646 621,643 188,640 243
EL631,Aitoloakarnania,103 073,102 136,101 298,100 363,99 502,98 597,97 785,96 282,94 875,93 454,104 601,103 765,102 861,101 925,101 115,100 323,99 448,95 526,94 412,93 253,207 674,205 901,204 159,202 288,200 617,198 920,197 233,191 808,189 287,186 707
EL632,Achaia,149 597,148 143,147 030,145 877,144 702,143 578,142 615,150 073,149 021,148 441,157 815,157 040,156 194,155 268,154 294,153 367,152 504,155 304,154 472,153 742,307 412,305 183,303 224,301 145,298 996,296 945,295 119,305 377,303 493,302 183
EL633,Ileia,80 175,79 704,79 530,79 401,79 356,79 342,79 017,78 155,79 343,80 470,78 002,77 470,77 057,76 636,76 220,75 858,75 301,71 281,71 065,70 883,158 177,157 174,156 587,156 037,155 576,155 200,154 318,149 436,150 408,151 353
EL64,Sterea Elláda,278 812,277 296,277 372,277 509,278 143,278 739,277 262,253 880,252 489,253 928,278 941,278 534,278 389,278 114,277 817,277 263,275 973,253 192,251 678,251 145,557 753,555 830,555 761,555 623,555 960,556 002,553 235,507 072,504 167,505 073
EL641,Voiotia,61 556,61 421,61 808,62 146,62 739,63 390,63 267,53 808,53 748,54 749,58 977,59 011,59 196,59 347,59 517,59 579,59 407,51 984,51 724,51 928,120 533,120 432,121 004,121 493,122 256,122 969,122 674,105 792,105 472,106 677
EL642,Evvoia,107 369,106 654,106 595,106 812,107 236,107 655,107 152,105 031,104 375,105 740,106 754,106 392,106 169,106 016,105 831,105 535,105 073,105 270,104 647,104 726,214 123,213 046,212 764,212 828,213 067,213 190,212 225,210 301,209 022,210 466
EL643,Evrytania,9 853,9 726,9 616,9 514,9 391,9 256,9 150,8 910,8 915,8 844,9 861,9 778,9 669,9 536,9 423,9 323,9 210,8 482,8 530,8 564,19 714,19 504,19 285,19 050,18 814,18 579,18 360,17 392,17 445,17 408
EL644,Fthiotida,78 908,78 285,78 060,77 699,77 459,77 145,76 447,67 936,67 119,66 191,82 322,82 245,82 218,82 099,81 928,81 781,81 332,69 524,68 679,67 745,161 230,160 530,160 278,159 798,159 387,158 926,157 779,137 460,135 798,133 936
EL645,Fokida,21 126,21 210,21 293,21 338,21 318,21 293,21 246,18 195,18 332,18 404,21 027,21 108,21 137,21 116,21 118,21 045,20 951,17 932,18 098,18 182,42 153,42 318,42 430,42 454,42 436,42 338,42 197,36 127,36 430,36 586
EL65,Peloponnisos,291 262,289 822,288 826,287 567,286 309,285 109,283 767,269 758,267 824,266 923,292 169,291 204,290 356,289 182,288 138,287 042,285 578,268 305,266 521,264 675,583 431,581 026,579 182,576 749,574 447,572 151,569 345,538 063,534 345,531 598
EL651,"Argolida, Arkadia",91 686,91 005,90 432,89 880,89 299,88 747,88 113,85 380,84 599,83 878,91 193,90 677,90 076,89 498,88 945,88 325,87 574,84 969,84 260,83 528,182 879,181 682,180 508,179 378,178 244,177 072,175 687,170 349,168 859,167 406
EL652,Korinthia,73 181,72 957,72 828,72 592,72 265,71 946,71 622,68 391,67 842,68 007,75 643,75 688,75 712,75 595,75 474,75 344,75 080,69 521,68 985,68 656,148 824,148 645,148 540,148 187,147 739,147 290,146 702,137 912,136 827,136 663
EL653,"Lakonia, Messinia",126 395,125 860,125 566,125 095,124 745,124 416,124 032,115 987,115 383,115 038,125 333,124 839,124 568,124 089,123 719,123 373,122 924,113 815,113 276,112 491,251 728,250 699,250 134,249 184,248 464,247 789,246 956,229 802,228 659,227 529
ES,Spain,22 822 721,22 806 445,22 831 107,22 889 600,23 016 783,23 210 668,23 248 611,23 288 797,23 565 593,23 826 871,23 603 001,23 612 439,23 666 286,23 755 470,23 902 168,24 107 382,24 152 187,24 198 046,24 519 768,24 792 824,46 425 722,46 418 884,46 497 393,46 645 070,46 918 951,47 318 050,47 400 798,47 486 843,48 085 361,48 619 695
ES1,Noroeste,2 108 167,2 094 576,2 084 736,2 077 487,2 072 116,2 071 119,2 066 531,2 060 302,2 063 936,2 069 544,2 259 146,2 247 420,2 239 190,2 234 185,2 231 552,2 232 550,2 228 471,2 222 938,2 229 935,2 236 739,4 367 313,4 341 996,4 323 926,4 311 672,4 303 668,4 303 669,4 295 002,4 283 240,4 293 871,4 306 283
ES11,Galicia,1 320 402,1 312 994,1 307 459,1 303 692,1 301 382,1 301 860,1 299 491,1 296 583,1 299 064,1 301 744,1 412 399,1 406 101,1 401 496,1 399 356,1 398 828,1 400 745,1 398 686,1 396 246,1 400 360,1 404 089,2 732 801,2 719 095,2 708 955,2 703 048,2 700 210,2 702 605,2 698 177,2 692 829,2 699 424,2 705 833
ES111,A Coruña,542 371,539 747,538 051,537 648,537 547,538 153,537 361,536 697,538 523,540 524,585 225,583 268,582 251,582 426,582 885,583 841,583 140,582 469,585 361,587 925,1 127 596,1 123 015,1 120 302,1 120 074,1 120 432,1 121 994,1 120 501,1 119 166,1 123 884,1 128 449
ES112,Lugo,164 285,162 905,161 630,160 627,159 478,158 711,158 003,157 157,157 332,157 715,174 145,172 847,171 522,170 501,169 592,168 862,168 065,167 083,166 935,167 333,338 430,335 752,333 152,331 128,329 070,327 573,326 068,324 240,324 267,325 048
ES113,Ourense,153 495,151 484,149 987,148 852,147 899,147 337,146 630,146 113,146 271,146 181,164 793,162 992,161 398,160 438,159 865,159 488,158 667,158 112,158 292,158 286,318 288,314 476,311 385,309 290,307 764,306 825,305 297,304 225,304 563,304 467
ES114,Pontevedra,460 251,458 858,457 791,456 565,456 458,457 659,457 497,456 616,456 938,457 324,488 236,486 994,486 325,485 991,486 486,488 554,488 814,488 582,489 772,490 545,948 487,945 852,944 116,942 556,942 944,946 213,946 311,945 198,946 710,947 869
ES12,Principado de Asturias,502 026,497 543,493 967,490 804,487 926,486 142,483 186,479 658,479 739,481 478,547 302,542 864,539 583,536 287,533 543,531 911,528 931,525 302,526 321,528 121,1 049 328,1 040 407,1 033 550,1 027 091,1 021 469,1 018 053,1 012 117,1 004 960,1 006 060,1 009 599
ES120,Asturias,502 026,497 543,493 967,490 804,487 926,486 142,483 186,479 658,479 739,481 478,547 302,542 864,539 583,536 287,533 543,531 911,528 931,525 302,526 321,528 121,1 049 328,1 040 407,1 033 550,1 027 091,1 021 469,1 018 053,1 012 117,1 004 960,1 006 060,1 009 599
ES13,Cantabria,285 739,284 039,283 310,282 991,282 808,283 117,283 854,284 061,285 133,286 322,299 445,298 455,298 111,298 542,299 181,299 894,300 854,301 390,303 254,304 529,585 184,582 494,581 421,581 533,581 989,583 011,584 708,585 451,588 387,590 851
ES130,Cantabria,285 739,284 039,283 310,282 991,282 808,283 117,283 854,284 061,285 133,286 322,299 445,298 455,298 111,298 542,299 181,299 894,300 854,301 390,303 254,304 529,585 184,582 494,581 421,581 533,581 989,583 011,584 708,585 451,588 387,590 851
ES2,Noreste,2 186 256,2 182 292,2 183 439,2 187 615,2 199 381,2 216 695,2 219 948,2 216 243,2 231 904,2 247 661,2 263 825,2 263 123,2 268 127,2 274 362,2 287 383,2 304 424,2 306 094,2 301 933,2 320 124,2 334 131,4 450 081,4 445 415,4 451 566,4 461 977,4 486 764,4 521 119,4 526 042,4 518 176,4 552 028,4 581 792
ES21,País Vasco,1 056 495,1 057 049,1 059 094,1 062 576,1 067 911,1 075 169,1 075 982,1 072 492,1 077 504,1 083 488,1 116 212,1 117 377,1 120 850,1 124 678,1 129 395,1 136 748,1 136 646,1 133 336,1 138 798,1 144 196,2 172 707,2 174 426,2 179 944,2 187 254,2 197 306,2 211 917,2 212 628,2 205 828,2 216 302,2 227 684
ES211,Araba/Álava,158 890,159 415,160 464,161 464,162 685,163 924,164 299,164 410,165 600,166 667,162 651,163 559,164 786,166 299,167 419,168 950,169 186,169 499,170 708,171 927,321 541,322 974,325 250,327 763,330 104,332 874,333 485,333 909,336 308,338 594
ES212,Gipuzkoa,346 758,347 295,347 903,349 174,351 317,353 732,354 493,353 333,354 758,356 298,363 008,363 966,365 227,366 575,368 296,370 615,371 015,369 908,371 954,373 424,709 766,711 261,713 130,715 749,719 613,724 347,725 508,723 241,726 712,729 722
ES213,Bizkaia,550 847,550 339,550 727,551 938,553 909,557 513,557 190,554 749,557 146,560 523,590 553,589 852,590 837,591 804,593 680,597 183,596 445,593 929,596 136,598 845,1 141 400,1 140 191,1 141 564,1 143 742,1 147 589,1 154 696,1 153 635,1 148 678,1 153 282,1 159 368
ES22,Comunidad Foral de Navarra,316 363,317 113,318 413,320 190,323 191,326 911,327 940,329 064,332 575,335 919,320 954,321 809,323 662,326 150,329 606,332 996,334 092,335 450,339 580,342 414,637 317,638 922,642 075,646 340,652 797,659 907,662 032,664 514,672 155,678 333
ES220,Navarra,316 363,317 113,318 413,320 190,323 191,326 911,327 940,329 064,332 575,335 919,320 954,321 809,323 662,326 150,329 606,332 996,334 092,335 450,339 580,342 414,637 317,638 922,642 075,646 340,652 797,659 907,662 032,664 514,672 155,678 333
ES23,La Rioja,155 527,155 204,155 178,155 582,155 955,157 336,157 763,157 875,159 151,159 979,158 930,158 821,158 958,159 308,160 012,161 367,161 681,161 742,163 131,164 205,314 457,314 025,314 136,314 890,315 967,318 703,319 444,319 617,322 282,324 184
ES230,La Rioja,155 527,155 204,155 178,155 582,155 955,157 336,157 763,157 875,159 151,159 979,158 930,158 821,158 958,159 308,160 012,161 367,161 681,161 742,163 131,164 205,314 457,314 025,314 136,314 890,315 967,318 703,319 444,319 617,322 282,324 184
ES24,Aragón,657 871,652 926,650 754,649 267,652 324,657 279,658 263,656 812,662 674,668 275,667 729,665 116,664 657,664 226,668 370,673 313,673 675,671 405,678 615,683 316,1 325 600,1 318 042,1 315 411,1 313 493,1 320 694,1 330 592,1 331 938,1 328 217,1 341 289,1 351 591
ES241,Huesca,112 722,112 016,111 632,111 504,111 637,112 658,113 456,114 288,114 938,115 992,109 955,109 479,109 117,109 149,109 359,110 109,110 539,110 911,111 940,112 527,222 677,221 495,220 749,220 653,220 996,222 767,223 995,225 199,226 878,228 519
ES242,Teruel,70 152,69 282,68 634,68 111,67 938,67 987,68 143,68 120,68 416,68 621,67 719,67 095,66 690,66 338,66 087,66 098,66 116,66 012,66 630,66 688,137 871,136 377,135 324,134 449,134 025,134 085,134 259,134 132,135 046,135 309
ES243,Zaragoza,474 997,471 628,470 488,469 652,472 749,476 634,476 664,474 404,479 320,483 662,490 055,488 542,488 850,488 739,492 924,497 106,497 020,494 482,500 045,504 101,965 052,960 170,959 338,958 391,965 673,973 740,973 684,968 886,979 365,987 763
ES3,Comunidad de Madrid,3 062 065,3 078 169,3 099 759,3 131 714,3 172 045,3 219 909,3 221 401,3 229 134,3 288 197,3 356 163,3 313 672,3 333 297,3 359 538,3 398 209,3 446 033,3 500 401,3 505 239,3 514 139,3 583 706,3 653 105,6 375 737,6 411 466,6 459 297,6 529 923,6 618 078,6 720 310,6 726 640,6 743 273,6 871 903,7 009 268
ES30,Comunidad de Madrid,3 062 065,3 078 169,3 099 759,3 131 714,3 172 045,3 219 909,3 221 401,3 229 134,3 288 197,3 356 163,3 313 672,3 333 297,3 359 538,3 398 209,3 446 033,3 500 401,3 505 239,3 514 139,3 583 706,3 653 105,6 375 737,6 411 466,6 459 297,6 529 923,6 618 078,6 720 310,6 726 640,6 743 273,6 871 903,7 009 268
ES300,Madrid,3 062 065,3 078 169,3 099 759,3 131 714,3 172 045,3 219 909,3 221 401,3 229 134,3 288 197,3 356 163,3 313 672,3 333 297,3 359 538,3 398 209,3 446 033,3 500 401,3 505 239,3 514 139,3 583 706,3 653 105,6 375 737,6 411 466,6 459 297,6 529 923,6 618 078,6 720 310,6 726 640,6 743 273,6 871 903,7 009 268
ES4,Centro (ES),2 804 521,2 781 111,2 762 045,2 744 880,2 736 522,2 736 323,2 729 496,2 725 220,2 740 326,2 754 404,2 826 008,2 807 099,2 792 020,2 779 263,2 773 748,2 775 592,2 769 868,2 765 458,2 781 769,2 796 392,5 630 529,5 588 210,5 554 065,5 524 143,5 510 270,5 511 915,5 499 364,5 490 678,5 522 095,5 550 796
ES41,Castilla y León,1 224 320,1 211 940,1 201 797,1 192 516,1 186 172,1 182 248,1 174 957,1 170 230,1 173 585,1 177 504,1 251 377,1 240 781,1 231 738,1 224 497,1 219 396,1 216 728,1 210 266,1 205 356,1 210 118,1 214 178,2 475 697,2 452 721,2 433 535,2 417 013,2 405 568,2 398 976,2 385 223,2 375 586,2 383 703,2 391 682
ES411,Ávila,83 617,82 537,81 528,80 607,80 095,79 867,79 884,80 061,80 310,80 595,82 077,81 132,80 254,79 497,79 142,78 952,79 014,79 042,79 454,79 868,165 694,163 669,161 782,160 104,159 237,158 819,158 898,159 103,159 764,160 463
ES412,Burgos,182 465,180 766,179 586,178 882,178 450,178 589,178 040,177 509,178 592,179 824,180 863,179 806,178 830,178 283,178 157,178 532,178 002,177 337,178 778,179 916,363 328,360 572,358 416,357 165,356 607,357 121,356 042,354 846,357 370,359 740
ES413,León,233 941,231 135,228 596,226 235,224 133,222 222,220 034,218 431,218 038,217 825,245 163,242 439,240 041,238 041,236 114,234 475,232 401,230 840,230 535,229 977,479 104,473 574,468 637,464 276,460 247,456 697,452 435,449 271,448 573,447 802
ES414,Palencia,82 124,81 539,80 906,80 396,79 880,79 522,78 883,78 316,78 125,78 343,83 696,82 882,82 315,81 668,81 173,80 835,80 263,79 677,79 662,79 720,165 820,164 421,163 221,162 064,161 053,160 357,159 146,157 993,157 787,158 063
ES415,Salamanca,166 791,164 995,163 671,162 338,161 557,160 896,159 202,158 487,158 779,158 694,174 844,173 313,172 112,171 162,170 487,169 938,168 533,167 798,168 310,168 858,341 635,338 308,335 783,333 500,332 044,330 834,327 735,326 285,327 089,327 552
ES416,Segovia,79 696,78 795,78 094,77 562,77 261,77 251,77 152,77 203,77 867,78 509,77 882,77 196,76 760,76 421,76 310,76 390,76 474,76 528,77 465,78 111,157 578,155 991,154 854,153 983,153 571,153 641,153 626,153 731,155 332,156 620
ES417,Soria,46 373,45 863,45 413,45 231,45 038,45 207,44 939,44 754,45 396,45 733,45 081,44 597,44 201,44 098,43 970,44 095,43 857,43 576,44 132,44 340,91 454,90 460,89 614,89 329,89 008,89 302,88 796,88 330,89 528,90 073
ES418,Valladolid,258 060,256 523,255 617,254 236,253 935,253 858,252 999,252 299,253 708,255 534,269 139,268 146,267 368,266 694,266 548,267 046,266 381,265 860,267 625,269 582,527 199,524 669,522 985,520 930,520 483,520 904,519 380,518 159,521 333,525 116
ES419,Zamora,91 253,89 787,88 386,87 029,85 823,84 836,83 824,83 170,82 770,82 447,92 632,91 270,89 857,88 633,87 495,86 465,85 341,84 698,84 157,83 806,183 885,181 057,178 243,175 662,173 318,171 301,169 165,167 868,166 927,166 253
ES42,Castilla-La Mancha,1 037 163,1 029 445,1 024 382,1 020 072,1 020 701,1 026 348,1 028 696,1 031 735,1 045 115,1 055 223,1 025 452,1 019 891,1 017 040,1 014 337,1 016 076,1 021 621,1 023 809,1 026 549,1 038 971,1 049 210,2 062 615,2 049 336,2 041 422,2 034 409,2 036 777,2 047 969,2 052 505,2 058 284,2 084 086,2 104 433
ES421,Albacete,196 954,195 901,195 065,194 405,193 806,193 913,193 487,193 236,194 012,194 761,197 058,195 964,195 160,194 543,194 012,193 925,193 239,192 731,193 517,194 309,394 012,391 865,390 225,388 948,387 818,387 838,386 726,385 967,387 529,389 070
ES422,Ciudad Real,255 412,252 399,249 943,247 163,245 314,244 993,244 112,243 275,243 873,244 437,258 740,256 230,254 460,252 005,250 372,249 824,248 788,247 677,248 054,248 511,514 152,508 629,504 403,499 168,495 686,494 817,492 900,490 952,491 927,492 948
ES423,Cuenca,103 960,102 444,101 107,100 173,99 419,99 329,98 748,98 835,99 934,100 365,101 704,100 420,99 424,98 749,98 198,98 208,97 762,97 805,98 502,98 660,205 664,202 864,200 531,198 922,197 617,197 537,196 510,196 640,198 436,199 025
ES424,Guadalajara,129 547,129 167,129 488,129 955,131 445,133 338,134 874,136 128,139 416,142 037,124 911,125 024,125 754,126 292,127 821,129 647,131 095,132 284,135 666,138 188,254 458,254 191,255 242,256 247,259 266,262 985,265 969,268 412,275 082,280 225
ES425,Toledo,351 290,349 534,348 779,348 376,350 717,354 775,357 475,360 261,367 880,373 623,343 039,342 253,342 242,342 748,345 673,350 017,352 925,356 052,363 232,369 542,694 329,691 787,691 021,691 124,696 390,704 792,710 400,716 313,731 112,743 165
ES43,Extremadura,543 038,539 726,535 866,532 292,529 649,527 727,525 843,523 255,521 626,521 677,549 179,546 427,543 242,540 429,538 276,537 243,535 793,533 553,532 680,533 004,1 092 217,1 086 153,1 079 108,1 072 721,1 067 925,1 064 970,1 061 636,1 056 808,1 054 306,1 054 681
ES431,Badajoz,340 525,338 718,336 579,334 679,333 374,332 402,331 856,330 178,329 118,328 932,345 725,344 252,342 463,341 063,340 010,339 643,339 236,337 673,336 931,337 097,686 250,682 970,679 042,675 742,673 384,672 045,671 092,667 851,666 049,666 029
ES432,Cáceres,202 513,201 008,199 287,197 613,196 275,195 325,193 987,193 077,192 508,192 745,203 454,202 175,200 779,199 366,198 266,197 600,196 557,195 880,195 749,195 907,405 967,403 183,400 066,396 979,394 541,392 925,390 544,388 957,388 257,388 652
ES5,Este,6 646 604,6 653 335,6 676 615,6 716 714,6 784 330,6 873 226,6 903 565,6 929 016,7 055 798,7 173 460,6 830 380,6 844 598,6 876 476,6 922 467,6 987 531,7 070 395,7 097 657,7 128 018,7 272 266,7 389 824,13 476 984,13 497 933,13 553 091,13 639 181,13 771 861,13 943 621,14 001 222,14 057 034,14 328 064,14 563 284
ES51,Cataluña,3 645 767,3 654 164,3 672 371,3 700 356,3 745 262,3 797 011,3 814 823,3 820 187,3 887 223,3 943 698,3 775 123,3 786 528,3 808 407,3 839 008,3 879 363,3 923 312,3 935 073,3 941 677,4 014 740,4 068 533,7 420 890,7 440 692,7 480 778,7 539 364,7 624 625,7 720 323,7 749 896,7 761 864,7 901 963,8 012 231
ES511,Barcelona,2 657 305,2 666 417,2 682 414,2 706 061,2 741 102,2 777 396,2 785 890,2 783 710,2 830 260,2 870 721,2 795 838,2 806 509,2 824 998,2 850 212,2 881 602,2 912 975,2 916 372,2 915 924,2 967 096,3 006 951,5 453 143,5 472 926,5 507 412,5 556 273,5 622 704,5 690 371,5 702 262,5 699 634,5 797 356,5 877 672
ES512,Girona,372 416,373 263,375 447,378 366,382 938,388 901,393 369,396 259,404 692,411 347,371 015,372 534,375 021,378 156,382 538,387 797,391 572,394 176,403 980,409 761,743 431,745 797,750 468,756 522,765 476,776 698,784 941,790 435,808 672,821 108
ES513,Lleida,218 352,217 977,218 048,218 563,219 977,222 906,224 011,225 105,228 557,231 053,212 692,211 829,211 773,212 087,212 940,214 602,215 247,215 779,218 786,220 654,431 044,429 806,429 821,430 650,432 917,437 508,439 258,440 884,447 343,451 707
ES514,Tarragona,397 694,396 507,396 462,397 366,401 245,407 808,411 553,415 113,423 714,430 577,395 578,395 656,396 615,398 553,402 283,407 938,411 882,415 798,424 878,431 167,793 272,792 163,793 077,795 919,803 528,815 746,823 435,830 911,848 592,861 744
ES52,Comunitat Valenciana,2 445 540,2 441 047,2 440 620,2 446 266,2 460 317,2 488 070,2 497 752,2 516 729,2 565 926,2 615 852,2 499 552,2 498 841,2 503 201,2 512 318,2 528 991,2 558 412,2 570 159,2 591 398,2 650 269,2 703 433,4 945 092,4 939 888,4 943 821,4 958 584,4 989 308,5 046 482,5 067 911,5 108 127,5 216 195,5 319 285
ES521,Alicante/Alacant,914 344,913 425,911 889,912 364,920 332,931 343,935 234,945 115,966 477,984 792,924 234,924 448,924 826,926 955,935 052,946 284,951 802,962 382,988 791,1 008 497,1 838 578,1 837 873,1 836 715,1 839 319,1 855 384,1 877 627,1 887 036,1 907 497,1 955 268,1 993 289
ES522,Castellón/Castelló,287 653,286 315,285 975,286 385,288 052,290 217,291 857,293 617,299 780,305 611,290 085,289 231,289 458,289 957,291 540,293 984,295 775,297 686,304 306,309 577,577 738,575 546,575 433,576 342,579 592,584 201,587 632,591 303,604 086,615 188
ES523,Valencia/València,1 243 543,1 241 307,1 242 756,1 247 517,1 251 933,1 266 510,1 270 661,1 277 997,1 299 669,1 325 449,1 285 233,1 285 162,1 288 917,1 295 406,1 302 399,1 318 144,1 322 582,1 331 330,1 357 172,1 385 359,2 528 776,2 526 469,2 531 673,2 542 923,2 554 332,2 584 654,2 593 243,2 609 327,2 656 841,2 710 808
ES53,Illes Balears,555 297,558 124,563 624,570 092,578 751,588 145,590 990,592 100,602 649,613 910,555 705,559 229,564 868,571 141,579 177,588 671,592 425,594 943,607 257,617 858,1 111 002,1 117 353,1 128 492,1 141 233,1 157 928,1 176 816,1 183 415,1 187 043,1 209 906,1 231 768
ES531,Eivissa y Formentera,78 806,79 713,81 026,82 154,83 267,84 510,85 074,85 549,87 105,88 284,74 185,75 413,76 545,77 720,78 920,80 276,81 003,81 746,83 464,84 684,152 991,155 126,157 571,159 874,162 187,164 786,166 077,167 295,170 569,172 968
ES532,Mallorca,430 594,432 655,436 746,441 745,448 523,455 958,457 773,458 299,466 325,475 301,435 283,437 679,442 075,446 725,452 869,460 288,462 832,464 306,474 007,482 425,865 877,870 334,878 821,888 470,901 392,916 246,920 605,922 605,940 332,957 726
ES533,Menorca,45 897,45 756,45 852,46 193,46 961,47 677,48 143,48 252,49 219,50 325,46 237,46 137,46 248,46 696,47 388,48 107,48 590,48 891,49 786,50 749,92 134,91 893,92 100,92 889,94 349,95 784,96 733,97 143,99 005,101 074
ES6,Sur,4 969 712,4 971 642,4 974 086,4 973 703,4 984 859,5 015 647,5 029 810,5 048 637,5 092 709,5 120 602,5 054 047,5 058 786,5 066 129,5 072 890,5 090 135,5 125 529,5 143 794,5 160 196,5 211 675,5 248 916,10 023 759,10 030 428,10 040 215,10 046 593,10 074 994,10 141 176,10 173 604,10 208 833,10 304 384,10 369 518
ES61,Andalucía,4 147 731,4 148 415,4 147 238,4 145 478,4 150 733,4 172 773,4 182 620,4 196 631,4 229 831,4 249 355,4 241 263,4 243 631,4 246 779,4 250 986,4 261 489,4 288 266,4 302 184,4 314 554,4 354 316,4 382 507,8 388 994,8 392 046,8 394 017,8 396 464,8 412 222,8 461 039,8 484 804,8 511 185,8 584 147,8 631 862
ES611,Almería,351 880,355 550,358 283,359 689,363 885,369 224,372 823,378 326,385 696,389 103,342 171,344 505,346 588,347 630,350 238,354 779,357 607,361 217,367 668,371 861,694 051,700 055,704 871,707 319,714 123,724 003,730 430,739 543,753 364,760 964
ES612,Cádiz,618 625,617 530,616 604,615 670,614 651,616 067,616 595,616 647,618 291,619 543,626 942,626 945,627 486,628 067,628 535,631 093,633 278,633 898,636 575,639 187,1 245 567,1 244 475,1 244 090,1 243 737,1 243 186,1 247 160,1 249 873,1 250 545,1 254 866,1 258 730
ES613,Córdoba,390 068,388 195,386 664,384 813,382 942,382 636,380 859,379 568,379 239,378 655,404 291,402 554,401 071,399 266,398 040,398 189,396 763,395 543,395 763,395 658,794 359,790 749,787 735,784 079,780 982,780 825,777 622,775 111,775 002,774 313
ES614,Granada,454 277,453 281,452 594,452 443,452 882,455 015,456 393,456 835,460 537,462 515,463 269,462 425,462 186,462 697,463 997,466 951,468 653,469 186,473 535,477 226,917 546,915 706,914 780,915 140,916 879,921 966,925 046,926 021,934 072,939 741
ES615,Huelva,258 349,258 088,257 798,258 116,258 731,260 101,261 186,263 399,265 017,265 662,262 491,261 998,261 346,262 329,263 407,265 232,266 068,267 697,269 067,270 072,520 840,520 086,519 144,520 445,522 138,525 333,527 254,531 096,534 084,535 734
ES616,Jaén,323 983,321 195,318 853,316 153,313 901,312 467,310 930,309 349,307 398,306 472,328 334,325 812,323 662,321 516,319 474,318 057,316 638,314 842,313 239,312 583,652 317,647 007,642 515,637 669,633 375,630 524,627 568,624 191,620 637,619 055
ES617,Málaga,802 584,806 571,808 312,810 253,814 462,825 140,831 211,840 043,857 246,867 140,826 595,831 807,835 835,839 815,845 886,858 240,865 744,875 075,895 482,907 561,1 629 179,1 638 378,1 644 147,1 650 068,1 660 348,1 683 380,1 696 955,1 715 118,1 752 728,1 774 701
ES618,Sevilla,947 965,948 005,948 130,948 341,949 279,952 123,952 623,952 464,956 407,960 265,987 170,987 585,988 605,989 666,991 912,995 725,997 433,997 096,1 002 987,1 008 359,1 935 135,1 935 590,1 936 735,1 938 007,1 941 191,1 947 848,1 950 056,1 949 560,1 959 394,1 968 624
ES62,Región de Murcia,735 374,736 540,739 790,741 037,746 926,756 142,760 831,767 119,777 819,786 038,729 821,731 827,735 485,737 681,744 386,752 935,757 448,762 543,773 873,782 454,1 465 195,1 468 367,1 475 275,1 478 718,1 491 312,1 509 077,1 518 279,1 529 662,1 551 692,1 568 492
ES620,Murcia,735 374,736 540,739 790,741 037,746 926,756 142,760 831,767 119,777 819,786 038,729 821,731 827,735 485,737 681,744 386,752 935,757 448,762 543,773 873,782 454,1 465 195,1 468 367,1 475 275,1 478 718,1 491 312,1 509 077,1 518 279,1 529 662,1 551 692,1 568 492
ES63,Ciudad de Ceuta,43 049,42 979,43 186,43 328,43 151,42 740,42 536,41 909,41 897,41 957,41 512,41 579,41 819,41 999,41 936,41 762,41 535,41 145,41 155,41 222,84 561,84 558,85 005,85 327,85 087,84 502,84 071,83 054,83 052,83 179
ES630,Ceuta,43 049,42 979,43 186,43 328,43 151,42 740,42 536,41 909,41 897,41 957,41 512,41 579,41 819,41 999,41 936,41 762,41 535,41 145,41 155,41 222,84 561,84 558,85 005,85 327,85 087,84 502,84 071,83 054,83 052,83 179
ES64,Ciudad de Melilla,43 558,43 708,43 872,43 860,44 049,43 992,43 823,42 978,43 162,43 252,41 451,41 749,42 046,42 224,42 324,42 566,42 627,41 954,42 331,42 733,85 009,85 457,85 918,86 084,86 373,86 558,86 450,84 932,85 493,85 985
ES640,Melilla,43 558,43 708,43 872,43 860,44 049,43 992,43 823,42 978,43 162,43 252,41 451,41 749,42 046,42 224,42 324,42 566,42 627,41 954,42 331,42 733,85 009,85 457,85 918,86 084,86 373,86 558,86 450,84 932,85 493,85 985
ES7,Canarias,1 045 396,1 045 320,1 050 427,1 057 487,1 067 530,1 077 749,1 077 860,1 080 245,1 092 723,1 105 037,1 055 923,1 058 116,1 064 806,1 074 094,1 085 786,1 098 491,1 101 064,1 105 364,1 120 293,1 133 717,2 101 319,2 103 436,2 115 233,2 131 581,2 153 316,2 176 240,2 178 924,2 185 609,2 213 016,2 238 754
ES70,Canarias,1 045 396,1 045 320,1 050 427,1 057 487,1 067 530,1 077 749,1 077 860,1 080 245,1 092 723,1 105 037,1 055 923,1 058 116,1 064 806,1 074 094,1 085 786,1 098 491,1 101 064,1 105 364,1 120 293,1 133 717,2 101 319,2 103 436,2 115 233,2 131 581,2 153 316,2 176 240,2 178 924,2 185 609,2 213 016,2 238 754
ES703,El Hierro,5 367,5 387,5 448,5 520,5 562,5 662,5 718,5 758,5 882,5 947,5 117,5 186,5 263,5 327,5 414,5 494,5 572,5 659,5 777,5 839,10 484,10 573,10 711,10 847,10 976,11 156,11 290,11 417,11 659,11 786
ES704,Fuerteventura,56 483,57 179,58 478,59 965,61 696,63 301,61 399,61 399,63 663,64 867,51 811,52 745,54 137,55 641,57 354,58 933,57 879,58 222,60 489,61 809,108 294,109 924,112 615,115 606,119 050,122 234,119 278,119 621,124 152,126 676
ES705,Gran Canaria,420 624,419 808,419 795,419 739,421 247,422 165,422 766,423 790,425 808,429 019,427 562,427 298,427 665,428 465,430 717,432 445,433 371,434 685,437 085,440 965,848 186,847 106,847 460,848 204,851 964,854 610,856 137,858 475,862 893,869 984
ES706,La Gomera,10 697,10 722,10 756,10 853,10 936,11 100,11 153,11 206,11 352,11 439,10 208,10 269,10 312,10 456,10 558,10 699,10 740,10 797,11 009,11 068,20 905,20 991,21 068,21 309,21 494,21 799,21 893,22 003,22 361,22 507
ES707,La Palma,40 844,40 548,40 496,40 771,41 003,41 345,41 434,41 520,41 665,42 236,41 451,41 172,41 165,41 474,41 708,42 194,42 378,42 486,42 673,43 146,82 295,81 720,81 661,82 245,82 711,83 539,83 812,84 006,84 338,85 382
ES708,Lanzarote,71 795,72 596,73 778,74 978,76 349,78 196,78 995,78 574,79 999,82 178,69 303,70 268,71 726,73 085,74 323,76 155,76 949,77 064,78 799,81 052,141 098,142 864,145 504,148 063,150 672,154 351,155 944,155 638,158 798,163 230
ES709,Tenerife,439 586,439 080,441 676,445 661,450 737,455 980,456 395,457 998,464 354,469 351,450 471,451 178,454 538,459 646,465 712,472 571,474 175,476 451,484 461,489 838,890 057,890 258,896 214,905 307,916 449,928 551,930 570,934 449,948 815,959 189
FR,France,32 174 258,32 247 386,32 314 352,32 414 230,32 551 339,32 644 981,32 782 095,32 982 626,33 088 401,33 196 079,34 283 895,34 391 005,34 495 464,34 611 994,34 739 132,34 828 670,34 946 473,35 109 077,35 188 809,35 271 283,66 458 153,66 638 391,66 809 816,67 026 224,67 290 471,67 473 651,67 728 568,68 091 703,68 277 210,68 467 362
FR1,Ile de France,5 834 963,5 849 085,5 874 565,5 894 147,5 920 867,5 928 065,5 953 097,5 988 690,6 005 365,6 020 867,6 247 181,6 268 047,6 300 315,6 319 300,6 341 677,6 343 729,6 364 182,6 392 274,6 401 994,6 409 484,12 082 144,12 117 132,12 174 880,12 213 447,12 262 544,12 271 794,12 317 279,12 380 964,12 407 359,12 430 351
FR10,Ile de France,5 834 963,5 849 085,5 874 565,5 894 147,5 920 867,5 928 065,5 953 097,5 988 690,6 005 365,6 020 867,6 247 181,6 268 047,6 300 315,6 319 300,6 341 677,6 343 729,6 364 182,6 392 274,6 401 994,6 409 484,12 082 144,12 117 132,12 174 880,12 213 447,12 262 544,12 271 794,12 317 279,12 380 964,12 407 359,12 430 351
FR101,Paris,1 038 976,1 030 279,1 029 185,1 023 850,1 019 593,1 008 889,1 002 608,994 508,984 589,974 250,1 167 512,1 160 048,1 158 341,1 151 751,1 145 830,1 137 017,1 130 503,1 119 197,1 108 224,1 096 556,2 206 488,2 190 327,2 187 526,2 175 601,2 165 423,2 145 906,2 133 111,2 113 705,2 092 813,2 070 806
FR102,Seine-et-Marne,678 207,681 453,683 444,687 763,692 027,695 444,700 052,707 268,712 065,716 744,711 914,716 212,720 553,724 753,729 170,733 192,738 048,745 131,749 487,754 019,1 390 121,1 397 665,1 403 997,1 412 516,1 421 197,1 428 636,1 438 100,1 452 399,1 461 552,1 470 763
FR103,Yvelines,695 590,696 830,699 583,701 591,705 320,705 390,708 752,716 470,719 976,723 491,731 701,734 978,738 683,739 807,742 887,744 333,747 613,754 308,757 252,760 085,1 427 291,1 431 808,1 438 266,1 441 398,1 448 207,1 449 723,1 456 365,1 470 778,1 477 228,1 483 576
FR104,Essonne,624 355,629 923,634 413,635 012,637 449,639 827,644 313,650 204,653 983,657 631,651 878,657 407,661 717,661 629,664 210,666 291,669 455,674 342,677 199,679 861,1 276 233,1 287 330,1 296 130,1 296 641,1 301 659,1 306 118,1 313 768,1 324 546,1 331 182,1 337 492
FR105,Hauts-de-Seine,763 894,764 346,765 837,770 284,773 208,774 623,779 041,786 234,789 468,792 548,837 675,838 922,843 469,848 836,851 149,851 590,856 250,861 201,863 744,866 066,1 601 569,1 603 268,1 609 306,1 619 120,1 624 357,1 626 213,1 635 291,1 647 435,1 653 212,1 658 614
FR106,Seine-Saint-Denis,783 790,790 449,798 724,802 642,808 994,816 324,825 090,832 256,838 407,844 494,808 873,816 211,824 387,830 035,835 909,839 098,843 580,849 469,853 708,857 664,1 592 663,1 606 660,1 623 111,1 632 677,1 644 903,1 655 422,1 668 670,1 681 725,1 692 115,1 702 158
FR107,Val-de-Marne,659 692,662 642,667 468,671 618,676 960,678 047,681 793,683 066,684 582,686 066,712 697,715 509,720 458,725 295,730 164,729 925,733 574,736 465,737 604,738 295,1 372 389,1 378 151,1 387 926,1 396 913,1 407 124,1 407 972,1 415 367,1 419 531,1 422 186,1 424 361
FR108,Val-d'Oise,590 459,593 163,595 911,601 387,607 316,609 521,611 448,618 684,622 295,625 643,624 931,628 760,632 707,637 194,642 358,642 283,645 159,652 161,654 776,656 938,1 215 390,1 221 923,1 228 618,1 238 581,1 249 674,1 251 804,1 256 607,1 270 845,1 277 071,1 282 581
FRB,Centre — Val de Loire,1 251 087,1 250 188,1 248 917,1 247 626,1 248 134,1 249 171,1 249 346,1 253 151,1 254 003,1 254 572,1 327 505,1 327 678,1 327 335,1 325 227,1 325 046,1 325 692,1 323 957,1 328 446,1 327 713,1 327 443,2 578 592,2 577 866,2 576 252,2 572 853,2 573 180,2 574 863,2 573 303,2 581 597,2 581 716,2 582 015
FRB0,Centre — Val de Loire,1 251 087,1 250 188,1 248 917,1 247 626,1 248 134,1 249 171,1 249 346,1 253 151,1 254 003,1 254 572,1 327 505,1 327 678,1 327 335,1 325 227,1 325 046,1 325 692,1 323 957,1 328 446,1 327 713,1 327 443,2 578 592,2 577 866,2 576 252,2 572 853,2 573 180,2 574 863,2 573 303,2 581 597,2 581 716,2 582 015
FRB01,Cher,150 109,149 104,147 447,146 971,146 487,145 748,145 500,145 707,145 351,144 745,158 883,158 006,156 809,156 437,155 819,155 185,154 073,153 789,153 053,152 274,308 992,307 110,304 256,303 408,302 306,300 933,299 573,299 496,298 404,297 019
FRB02,Eure-et-Loir,212 210,211 815,211 809,211 107,211 056,210 906,211 027,211 755,211 937,212 050,221 825,222 114,221 424,220 890,220 519,220 537,220 250,221 195,221 195,221 254,434 035,433 929,433 233,431 997,431 575,431 443,431 277,432 950,433 132,433 304
FRB03,Indre,108 294,107 680,107 128,106 506,105 943,105 617,104 978,104 662,104 176,103 699,115 906,115 825,115 104,114 089,113 373,113 090,112 250,112 147,111 402,110 826,224 200,223 505,222 232,220 595,219 316,218 707,217 228,216 809,215 578,214 525
FRB04,Indre-et-Loire,290 813,291 423,291 480,292 166,293 264,294 531,294 279,296 067,296 861,297 722,314 153,314 800,315 031,315 594,316 815,317 588,317 881,320 259,320 842,321 588,604 966,606 223,606 511,607 760,610 079,612 119,612 160,616 326,617 703,619 310
FRB05,Loir-et-Cher,161 839,161 729,161 185,160 355,159 968,160 088,159 702,159 860,159 525,159 355,171 211,171 040,170 730,169 893,169 502,169 269,168 802,169 093,168 835,168 657,333 050,332 769,331 915,330 248,329 470,329 357,328 504,328 953,328 360,328 012
FRB06,Loiret,327 822,328 437,329 868,330 521,331 416,332 281,333 860,335 100,336 153,337 001,345 527,345 893,348 237,348 324,349 018,350 023,350 701,351 963,352 386,352 844,673 349,674 330,678 105,678 845,680 434,682 304,684 561,687 063,688 539,689 845
FRC,Bourgogne-Franche-Comté,1 374 446,1 372 792,1 368 725,1 366 912,1 365 939,1 364 619,1 365 076,1 368 582,1 367 650,1 367 045,1 446 494,1 445 546,1 442 698,1 440 895,1 439 641,1 437 076,1 435 118,1 435 395,1 432 584,1 430 115,2 820 940,2 818 338,2 811 423,2 807 807,2 805 580,2 801 695,2 800 194,2 803 977,2 800 234,2 797 160
FRC1,Bourgogne,795 083,793 517,790 673,788 582,787 202,786 507,785 779,788 530,787 741,787 229,846 122,844 424,842 214,840 155,838 574,836 460,834 814,834 378,832 226,830 419,1 641 205,1 637 941,1 632 887,1 628 737,1 625 776,1 622 967,1 620 593,1 622 908,1 619 967,1 617 648
FRC11,Côte-d’Or,257 709,257 609,257 436,257 203,257 672,258 325,258 803,260 374,260 987,261 471,275 438,275 604,276 383,276 017,276 452,276 753,276 700,277 203,277 093,277 037,533 147,533 213,533 819,533 220,534 124,535 078,535 503,537 577,538 080,538 508
FRC12,Nièvre,102 012,100 787,99 650,99 053,98 375,97 432,97 352,97 462,97 061,96 681,109 735,108 374,107 532,106 775,106 077,105 238,105 065,104 837,104 348,103 860,211 747,209 161,207 182,205 828,204 452,202 670,202 417,202 299,201 409,200 541
FRC13,Saône-et-Loire,269 473,269 530,268 754,268 077,267 676,267 937,266 967,267 650,267 200,266 924,285 935,285 493,284 841,284 108,283 817,283 126,282 321,281 486,280 588,279 830,555 408,555 023,553 595,552 185,551 493,551 063,549 288,549 136,547 788,546 754
FRC14,Yonne,165 889,165 591,164 833,164 249,163 479,162 813,162 657,163 044,162 493,162 153,175 014,174 953,173 458,173 255,172 228,171 343,170 728,170 852,170 197,169 692,340 903,340 544,338 291,337 504,335 707,334 156,333 385,333 896,332 690,331 845
FRC2,Franche-Comté,579 363,579 275,578 052,578 330,578 737,578 112,579 297,580 052,579 909,579 816,600 372,601 122,600 484,600 740,601 067,600 616,600 304,601 017,600 358,599 696,1 179 735,1 180 397,1 178 536,1 179 070,1 179 804,1 178 728,1 179 601,1 181 069,1 180 267,1 179 512
FRC21,Doubs,262 960,263 584,263 935,264 919,266 147,266 907,268 028,268 734,269 186,269 669,273 999,274 965,275 132,276 535,277 827,278 302,279 068,279 928,280 276,280 586,536 959,538 549,539 067,541 454,543 974,545 209,547 096,548 662,549 462,550 255
FRC22,Jura,127 209,127 060,126 825,126 743,126 486,126 202,126 502,126 564,126 462,126 420,133 378,133 457,133 363,133 003,132 713,132 596,132 053,131 841,131 524,131 224,260 587,260 517,260 188,259 746,259 199,258 798,258 555,258 405,257 986,257 644
FRC23,Haute-Saône,117 408,116 955,116 497,116 168,115 830,115 458,115 350,115 240,114 977,114 673,120 298,120 287,120 162,119 850,119 483,119 143,118 946,118 680,118 316,117 953,237 706,237 242,236 659,236 018,235 313,234 601,234 296,233 920,233 293,232 626
FRC24,Territoire de Belfort,71 786,71 676,70 795,70 500,70 274,69 545,69 417,69 514,69 284,69 054,72 697,72 413,71 827,71 352,71 044,70 575,70 237,70 568,70 242,69 933,144 483,144 089,142 622,141 852,141 318,140 120,139 654,140 082,139 526,138 987
FRD,Normandie,1 615 958,1 613 308,1 610 041,1 608 785,1 608 334,1 609 336,1 610 648,1 616 338,1 617 585,1 619 167,1 723 173,1 722 621,1 720 437,1 718 692,1 716 698,1 716 186,1 717 318,1 722 736,1 721 937,1 721 876,3 339 131,3 335 929,3 330 478,3 327 477,3 325 032,3 325 522,3 327 966,3 339 074,3 339 522,3 341 043
FRD1,Basse-Normandie,716 914,715 390,713 789,712 376,711 861,713 166,714 506,716 863,717 516,718 485,762 570,761 959,760 468,759 256,758 031,757 949,758 608,760 701,760 215,760 393,1 479 484,1 477 349,1 474 257,1 471 632,1 469 892,1 471 115,1 473 114,1 477 564,1 477 731,1 478 878
FRD11,Calvados,333 893,333 434,333 593,333 458,334 053,335 475,337 152,339 146,340 295,341 720,359 686,360 245,360 409,360 598,360 852,362 072,363 481,365 459,366 253,367 408,693 579,693 679,694 002,694 056,694 905,697 547,700 633,704 605,706 548,709 128
FRD12,Manche,243 366,243 060,242 224,241 869,241 475,241 823,242 147,242 792,242 813,242 870,255 921,255 302,254 659,254 114,253 570,253 270,253 361,254 023,253 628,253 461,499 287,498 362,496 883,495 983,495 045,495 093,495 508,496 815,496 441,496 331
FRD13,Orne,139 655,138 896,137 972,137 049,136 333,135 868,135 207,134 925,134 408,133 895,146 963,146 412,145 400,144 544,143 609,142 607,141 766,141 219,140 334,139 524,286 618,285 308,283 372,281 593,279 942,278 475,276 973,276 144,274 742,273 419
FRD2,Haute-Normandie,899 044,897 918,896 252,896 409,896 473,896 170,896 142,899 475,900 069,900 682,960 603,960 662,959 969,959 436,958 667,958 237,958 710,962 035,961 722,961 483,1 859 647,1 858 580,1 856 221,1 855 845,1 855 140,1 854 407,1 854 852,1 861 510,1 861 791,1 862 165
FRD21,Eure,294 466,294 514,293 592,292 455,292 287,292 003,292 004,293 483,293 734,293 996,307 482,308 311,308 251,307 507,307 220,307 665,306 930,307 822,307 799,307 857,601 948,602 825,601 843,599 962,599 507,599 668,598 934,601 305,601 533,601 853
FRD22,Seine-Maritime,604 578,603 404,602 660,603 954,604 186,604 167,604 138,605 992,606 335,606 686,653 121,652 351,651 718,651 929,651 447,650 572,651 780,654 213,653 923,653 626,1 257 699,1 255 755,1 254 378,1 255 883,1 255 633,1 254 739,1 255 918,1 260 205,1 260 258,1 260 312
FRE,Hauts-de-France,2 914 206,2 912 432,2 910 577,2 909 371,2 910 875,2 906 426,2 906 459,2 909 540,2 906 076,2 903 183,3 095 770,3 094 438,3 093 238,3 094 737,3 094 072,3 091 308,3 088 833,3 089 376,3 084 216,3 079 355,6 009 976,6 006 870,6 003 815,6 004 108,6 004 947,5 997 734,5 995 292,5 998 916,5 990 292,5 982 538
FRE1,Nord-Pas de Calais,1 971 595,1 970 034,1 968 512,1 968 279,1 969 473,1 966 497,1 968 565,1 971 225,1 969 586,1 968 560,2 106 291,2 104 414,2 103 867,2 104 698,2 104 151,2 103 416,2 104 169,2 105 868,2 103 426,2 101 139,4 077 886,4 074 448,4 072 379,4 072 977,4 073 624,4 069 913,4 072 734,4 077 093,4 073 012,4 069 699
FRE11,Nord,1 258 424,1 257 243,1 257 416,1 257 055,1 258 483,1 258 351,1 260 512,1 263 227,1 263 071,1 263 219,1 346 814,1 346 480,1 346 945,1 349 179,1 349 863,1 349 395,1 350 781,1 353 682,1 353 268,1 352 948,2 605 238,2 603 723,2 604 361,2 606 234,2 608 346,2 607 746,2 611 293,2 616 909,2 616 339,2 616 167
FRE12,Pas-de-Calais,713 171,712 791,711 096,711 224,710 990,708 146,708 053,707 998,706 515,705 341,759 477,757 934,756 922,755 519,754 288,754 021,753 388,752 186,750 158,748 191,1 472 648,1 470 725,1 468 018,1 466 743,1 465 278,1 462 167,1 461 441,1 460 184,1 456 673,1 453 532
FRE2,Picardie,942 611,942 398,942 065,941 092,941 402,939 929,937 894,938 315,936 490,934 623,989 479,990 024,989 371,990 039,989 921,987 892,984 664,983 508,980 790,978 216,1 932 090,1 932 422,1 931 436,1 931 131,1 931 323,1 927 821,1 922 558,1 921 823,1 917 280,1 912 839
FRE21,Aisne,261 996,260 963,260 669,259 868,259 129,258 373,257 606,256 741,255 791,254 882,276 663,275 173,273 821,273 448,272 216,271 001,269 862,268 817,267 437,266 270,538 659,536 136,534 490,533 316,531 345,529 374,527 468,525 558,523 228,521 152
FRE22,Oise,402 532,403 300,403 495,404 358,405 394,405 522,405 454,406 881,406 914,406 851,419 020,420 242,421 008,422 795,424 025,424 177,423 384,423 844,423 595,423 180,821 552,823 542,824 503,827 153,829 419,829 699,828 838,830 725,830 509,830 031
FRE23,Somme,278 083,278 135,277 901,276 866,276 879,276 034,274 834,274 693,273 785,272 890,293 796,294 609,294 542,293 796,293 680,292 714,291 418,290 847,289 758,288 766,571 879,572 744,572 443,570 662,570 559,568 748,566 252,565 540,563 543,561 656
FRF,Grand Est,2 710 876,2 708 524,2 705 718,2 705 882,2 709 611,2 712 785,2 713 031,2 713 794,2 712 192,2 710 891,2 848 175,2 846 662,2 843 868,2 844 507,2 846 608,2 849 866,2 848 256,2 846 285,2 842 280,2 838 833,5 559 051,5 555 186,5 549 586,5 550 389,5 556 219,5 562 651,5 561 287,5 560 079,5 554 472,5 549 724
FRF1,Alsace,916 611,919 112,921 966,925 893,930 547,935 387,937 369,940 286,942 097,944 183,962 654,965 038,967 623,972 640,976 596,980 528,982 376,984 477,985 791,987 163,1 879 265,1 884 150,1 889 589,1 898 533,1 907 143,1 915 915,1 919 745,1 924 763,1 927 888,1 931 346
FRF11,Bas-Rhin,543 505,545 523,547 552,551 193,554 619,558 656,560 744,562 945,564 793,566 919,573 153,575 884,578 007,582 359,585 438,589 417,591 918,594 018,595 935,597 878,1 116 658,1 121 407,1 125 559,1 133 552,1 140 057,1 148 073,1 152 662,1 156 963,1 160 728,1 164 797
FRF12,Haut-Rhin,373 106,373 589,374 414,374 700,375 928,376 731,376 625,377 341,377 304,377 264,389 501,389 154,389 616,390 281,391 158,391 111,390 458,390 459,389 856,389 285,762 607,762 743,764 030,764 981,767 086,767 842,767 083,767 800,767 160,766 549
FRF2,Champagne-Ardenne,651 116,648 186,645 239,643 315,641 879,641 699,640 045,638 426,636 681,634 972,687 139,685 062,682 895,680 081,678 312,677 894,676 477,673 826,671 595,669 330,1 338 255,1 333 248,1 328 134,1 323 396,1 320 191,1 319 593,1 316 522,1 312 252,1 308 276,1 304 302
FRF21,Ardennes,135 502,134 158,133 379,132 765,132 155,131 685,131 443,130 950,130 453,129 948,142 250,141 213,140 200,139 080,138 427,138 016,137 416,136 254,135 412,134 608,277 752,275 371,273 579,271 845,270 582,269 701,268 859,267 204,265 865,264 556
FRF22,Aube,150 077,149 838,150 284,150 587,150 897,151 572,151 657,151 771,152 002,152 154,158 979,159 072,159 736,159 433,159 345,159 863,159 672,159 305,159 168,159 033,309 056,308 910,310 020,310 020,310 242,311 435,311 329,311 076,311 170,311 187
FRF23,Marne,277 848,277 100,275 573,274 685,274 327,274 197,273 028,272 153,271 070,270 023,294 445,293 783,293 322,292 777,292 528,292 462,292 264,291 954,291 317,290 527,572 293,570 883,568 895,567 462,566 855,566 659,565 292,564 107,562 387,560 550
FRF24,Haute-Marne,87 689,87 090,86 003,85 278,84 500,84 245,83 917,83 552,83 156,82 847,91 465,90 994,89 637,88 791,88 012,87 553,87 125,86 313,85 698,85 162,179 154,178 084,175 640,174 069,172 512,171 798,171 042,169 865,168 854,168 009
FRF3,Lorraine,1 143 149,1 141 226,1 138 513,1 136 674,1 137 185,1 135 699,1 135 617,1 135 082,1 133 414,1 131 736,1 198 382,1 196 562,1 193 350,1 191 786,1 191 700,1 191 444,1 189 403,1 187 982,1 184 894,1 182 340,2 341 531,2 337 788,2 331 863,2 328 460,2 328 885,2 327 143,2 325 020,2 323 064,2 318 308,2 314 076
FRF31,Meurthe-et-Moselle,356 979,356 726,356 534,356 141,356 616,355 765,355 754,356 135,355 595,355 107,377 424,377 095,376 947,377 328,377 144,376 825,376 732,376 763,376 149,375 391,734 403,733 821,733 481,733 469,733 760,732 590,732 486,732 898,731 744,730 498
FRF32,Meuse,94 125,93 430,92 612,91 795,91 108,90 547,90 174,89 587,89 024,88 530,96 501,95 625,94 575,93 560,92 975,92 454,91 745,91 158,90 415,89 701,190 626,189 055,187 187,185 355,184 083,183 001,181 919,180 745,179 439,178 231
FRF33,Moselle,511 372,511 600,510 604,510 533,511 897,512 868,513 664,514 315,514 621,514 748,533 114,533 671,532 918,532 991,534 646,536 287,536 278,536 406,536 071,536 149,1 044 486,1 045 271,1 043 522,1 043 524,1 046 543,1 049 155,1 049 942,1 050 721,1 050 692,1 050 897
FRF34,Vosges,180 673,179 470,178 763,178 205,177 564,176 519,176 025,175 045,174 174,173 351,191 343,190 171,188 910,187 907,186 935,185 878,184 648,183 655,182 259,181 099,372 016,369 641,367 673,366 112,364 499,362 397,360 673,358 700,356 433,354 450
FRG,Pays de la Loire,1 811 483,1 820 433,1 829 677,1 841 709,1 854 267,1 867 731,1 879 390,1 894 288,1 905 180,1 916 283,1 907 029,1 917 199,1 927 923,1 939 714,1 952 194,1 964 389,1 974 609,1 984 928,1 993 244,2 001 973,3 718 512,3 737 632,3 757 600,3 781 423,3 806 461,3 832 120,3 853 999,3 879 216,3 898 424,3 918 256
FRG0,Pays de la Loire,1 811 483,1 820 433,1 829 677,1 841 709,1 854 267,1 867 731,1 879 390,1 894 288,1 905 180,1 916 283,1 907 029,1 917 199,1 927 923,1 939 714,1 952 194,1 964 389,1 974 609,1 984 928,1 993 244,2 001 973,3 718 512,3 737 632,3 757 600,3 781 423,3 806 461,3 832 120,3 853 999,3 879 216,3 898 424,3 918 256
FRG01,Loire-Atlantique,662 928,670 251,677 074,686 191,694 689,703 027,709 998,718 408,725 624,732 729,702 299,710 601,717 835,726 311,734 583,742 144,747 808,754 748,760 525,766 230,1 365 227,1 380 852,1 394 909,1 412 502,1 429 272,1 445 171,1 457 806,1 473 156,1 486 149,1 498 959
FRG02,Maine-et-Loire,394 485,394 677,396 219,396 861,397 943,398 780,400 949,402 753,403 816,404 934,415 701,416 257,417 274,419 022,420 330,421 933,423 794,425 398,426 578,427 924,810 186,810 934,813 493,815 883,818 273,820 713,824 743,828 151,830 394,832 858
FRG03,Mayenne,151 413,151 442,151 383,151 290,151 368,151 448,151 110,150 899,150 525,150 281,156 527,156 246,156 062,155 794,155 694,155 090,154 823,154 538,154 105,153 578,307 940,307 688,307 445,307 084,307 062,306 538,305 933,305 437,304 630,303 859
FRG04,Sarthe,276 431,276 150,275 500,275 361,275 616,275 958,275 368,276 116,275 907,275 899,292 014,291 411,291 006,290 602,290 796,291 035,290 690,290 013,289 442,289 014,568 445,567 561,566 506,565 963,566 412,566 993,566 058,566 129,565 349,564 913
FRG05,Vendée,326 226,327 913,329 501,332 006,334 651,338 518,341 965,346 112,349 308,352 440,340 488,342 684,345 746,347 985,350 791,354 187,357 494,360 231,362 594,365 227,666 714,670 597,675 247,679 991,685 442,692 705,699 459,706 343,711 902,717 667
FRH,Bretagne,1 601 207,1 605 994,1 612 426,1 620 615,1 630 438,1 639 918,1 650 943,1 665 928,1 675 384,1 685 082,1 692 643,1 700 535,1 706 478,1 714 799,1 724 416,1 733 917,1 743 624,1 756 917,1 764 864,1 773 506,3 293 850,3 306 529,3 318 904,3 335 414,3 354 854,3 373 835,3 394 567,3 422 845,3 440 248,3 458 588
FRH0,Bretagne,1 601 207,1 605 994,1 612 426,1 620 615,1 630 438,1 639 918,1 650 943,1 665 928,1 675 384,1 685 082,1 692 643,1 700 535,1 706 478,1 714 799,1 724 416,1 733 917,1 743 624,1 756 917,1 764 864,1 773 506,3 293 850,3 306 529,3 318 904,3 335 414,3 354 854,3 373 835,3 394 567,3 422 845,3 440 248,3 458 588
FRH01,Côtes-d’Armor,289 000,288 979,289 020,289 558,290 210,291 617,293 126,294 913,295 979,297 113,309 357,309 974,309 794,310 026,310 372,312 023,312 791,314 685,315 279,316 188,598 357,598 953,598 814,599 584,600 582,603 640,605 917,609 598,611 258,613 301
FRH02,Finistère,441 610,441 391,441 776,442 893,444 710,445 793,448 163,452 095,453 810,455 454,466 186,466 858,467 252,468 842,470 380,471 386,473 475,475 817,476 900,478 174,907 796,908 249,909 028,911 735,915 090,917 179,921 638,927 912,930 710,933 628
FRH03,Ille-et-Vilaine,509 499,513 657,517 764,522 136,527 097,531 762,536 591,542 177,546 377,550 760,533 385,538 122,542 435,547 092,552 401,557 093,561 734,567 055,571 270,575 656,1 042 884,1 051 779,1 060 199,1 069 228,1 079 498,1 088 855,1 098 325,1 109 232,1 117 647,1 126 416
FRH04,Morbihan,361 098,361 967,363 866,366 028,368 421,370 746,373 063,376 743,379 218,381 755,383 715,385 581,386 997,388 839,391 263,393 415,395 624,399 360,401 415,403 488,744 813,747 548,750 863,754 867,759 684,764 161,768 687,776 103,780 633,785 243
FRI,Nouvelle-Aquitaine,2 850 487,2 860 186,2 868 828,2 876 936,2 892 391,2 905 285,2 924 085,2 949 025,2 962 683,2 977 485,3 060 995,3 075 417,3 088 150,3 102 842,3 117 898,3 128 667,3 145 267,3 164 359,3 176 131,3 189 117,5 911 482,5 935 603,5 956 978,5 979 778,6 010 289,6 033 952,6 069 352,6 113 384,6 138 814,6 166 602
FRI1,Aquitaine,1 622 723,1 633 346,1 642 949,1 651 106,1 664 540,1 674 977,1 689 835,1 708 464,1 720 400,1 732 432,1 747 855,1 759 951,1 771 636,1 786 292,1 800 014,1 810 427,1 826 097,1 842 967,1 854 856,1 867 577,3 370 578,3 393 297,3 414 585,3 437 398,3 464 554,3 485 404,3 515 932,3 551 431,3 575 256,3 600 009
FRI11,Dordogne,200 162,199 771,199 412,199 116,198 951,198 874,199 686,200 827,201 025,201 424,215 255,215 018,214 194,214 302,214 272,213 933,214 044,215 498,215 646,215 973,415 417,414 789,413 606,413 418,413 223,412 807,413 730,416 325,416 671,417 397
FRI12,Gironde,744 260,753 052,760 828,767 909,778 757,784 489,793 189,803 875,811 020,818 015,804 218,813 627,822 556,833 936,844 992,851 902,861 781,871 105,878 694,886 582,1 548 478,1 566 679,1 583 384,1 601 845,1 623 749,1 636 391,1 654 970,1 674 980,1 689 714,1 704 597
FRI13,Landes,195 814,196 481,197 405,198 906,200 516,202 867,205 196,207 771,210 002,212 077,207 420,208 529,210 039,211 449,213 174,215 255,217 780,220 656,222 715,224 795,403 234,405 010,407 444,410 355,413 690,418 122,422 976,428 427,432 717,436 872
FRI14,Lot-et-Garonne,160 565,160 176,159 976,159 362,159 178,158 925,159 342,160 258,160 313,160 559,172 852,172 657,172 866,172 608,172 093,171 919,171 887,171 968,171 767,171 759,333 417,332 833,332 842,331 970,331 271,330 844,331 229,332 226,332 080,332 318
FRI15,Pyrénées-Atlantiques,321 922,323 866,325 328,325 813,327 138,329 822,332 422,335 733,338 040,340 357,348 110,350 120,351 981,353 997,355 483,357 418,360 605,363 740,366 034,368 468,670 032,673 986,677 309,679 810,682 621,687 240,693 027,699 473,704 074,708 825
FRI2,Limousin,355 470,354 395,353 144,351 379,350 625,350 415,350 733,351 857,351 704,351 764,382 561,381 620,381 384,379 906,378 424,376 893,376 444,376 230,375 230,374 387,738 031,736 015,734 528,731 285,729 049,727 308,727 177,728 087,726 934,726 151
FRI21,Corrèze,117 244,117 174,117 094,116 698,116 542,116 370,116 930,117 188,117 277,117 432,124 627,124 361,124 370,123 885,123 531,122 820,122 854,122 932,122 634,122 272,241 871,241 535,241 464,240 583,240 073,239 190,239 784,240 120,239 911,239 704
FRI22,Creuse,58 607,58 094,57 645,57 003,56 671,56 420,56 395,56 380,56 116,56 015,61 758,61 408,60 993,60 500,59 946,59 575,59 307,59 149,58 824,58 585,120 365,119 502,118 638,117 503,116 617,115 995,115 702,115 529,114 940,114 600
FRI23,Haute-Vienne,179 619,179 127,178 405,177 678,177 412,177 625,177 408,178 289,178 311,178 317,196 176,195 851,196 021,195 521,194 947,194 498,194 283,194 149,193 772,193 530,375 795,374 978,374 426,373 199,372 359,372 123,371 691,372 438,372 083,371 847
FRI3,Poitou-Charentes,872 294,872 445,872 735,874 451,877 226,879 893,883 517,888 704,890 579,893 289,930 579,933 846,935 130,936 644,939 460,941 347,942 726,945 162,946 045,947 153,1 802 873,1 806 291,1 807 865,1 811 095,1 816 686,1 821 240,1 826 243,1 833 866,1 836 624,1 840 442
FRI31,Charente,171 597,171 060,170 361,170 289,170 401,170 468,170 490,171 133,171 093,171 112,182 016,182 228,181 974,181 489,181 614,181 250,180 377,180 470,179 930,179 560,353 613,353 288,352 335,351 778,352 015,351 718,350 867,351 603,351 023,350 672
FRI32,Charente-Maritime,307 008,307 435,308 520,309 473,311 553,313 998,317 051,320 507,322 628,325 070,332 930,334 756,335 783,337 459,339 805,341 711,344 353,347 653,349 815,352 119,639 938,642 191,644 303,646 932,651 358,655 709,661 404,668 160,672 443,677 189
FRI33,Deux-Sèvres,183 461,183 334,183 000,183 405,183 479,183 547,183 819,184 589,184 500,184 715,190 974,191 409,191 351,191 394,191 399,190 934,190 768,190 826,190 516,190 175,374 435,374 743,374 351,374 799,374 878,374 481,374 587,375 415,375 016,374 890
FRI34,Vienne,210 228,210 616,210 854,211 284,211 793,211 880,212 157,212 475,212 358,212 392,224 659,225 453,226 022,226 302,226 642,227 452,227 228,226 213,225 784,225 299,434 887,436 069,436 876,437 586,438 435,439 332,439 385,438 688,438 142,437 691
FRJ,Occitanie,2 791 915,2 807 749,2 823 736,2 844 119,2 867 949,2 886 092,2 910 880,2 941 608,2 962 595,2 983 607,2 982 270,3 000 686,3 021 366,3 041 377,3 065 236,3 087 877,3 111 296,3 139 123,3 158 658,3 178 695,5 774 185,5 808 435,5 845 102,5 885 496,5 933 185,5 973 969,6 022 176,6 080 731,6 121 253,6 162 302
FRJ1,Languedoc-Roussillon,1 330 366,1 340 345,1 347 241,1 356 667,1 368 668,1 377 388,1 388 925,1 404 465,1 414 631,1 424 783,1 442 317,1 452 958,1 463 142,1 473 694,1 486 045,1 497 657,1 509 355,1 524 116,1 534 273,1 544 806,2 772 683,2 793 303,2 810 383,2 830 361,2 854 713,2 875 045,2 898 280,2 928 581,2 948 904,2 969 589
FRJ11,Aude,176 762,176 987,177 975,179 178,179 865,180 223,180 864,181 932,182 314,182 787,190 195,191 038,192 285,193 628,194 205,194 994,195 164,195 841,196 113,196 403,366 957,368 025,370 260,372 806,374 070,375 217,376 028,377 773,378 427,379 190
FRJ12,Gard,355 841,357 738,358 644,359 172,360 685,362 114,364 994,369 127,371 490,373 674,382 348,384 268,385 534,386 286,387 752,389 343,391 549,394 883,396 676,398 569,738 189,742 006,744 178,745 458,748 437,751 457,756 543,764 010,768 166,772 243
FRJ13,Hérault,535 617,541 919,547 170,553 676,561 691,567 664,573 632,580 703,586 466,591 970,584 573,590 562,597 722,605 544,613 932,621 309,628 251,636 628,643 094,649 571,1 120 190,1 132 481,1 144 892,1 159 220,1 175 623,1 188 973,1 201 883,1 217 331,1 229 560,1 241 541
FRJ14,Lozère,38 030,38 060,38 124,38 223,38 293,38 258,38 091,38 229,38 232,38 284,38 279,38 362,38 477,38 297,38 311,38 375,38 428,38 274,38 239,38 228,76 309,76 422,76 601,76 520,76 604,76 633,76 519,76 503,76 471,76 512
FRJ15,Pyrénées-Orientales,224 116,225 641,225 328,226 418,228 134,229 129,231 344,234 474,236 129,238 068,246 922,248 728,249 124,249 939,251 845,253 636,255 963,258 490,260 151,262 035,471 038,474 369,474 452,476 357,479 979,482 765,487 307,492 964,496 280,500 103
FRJ2,Midi-Pyrénées,1 461 549,1 467 404,1 476 495,1 487 452,1 499 281,1 508 704,1 521 955,1 537 143,1 547 964,1 558 824,1 539 953,1 547 728,1 558 224,1 567 683,1 579 191,1 590 220,1 601 941,1 615 007,1 624 385,1 633 889,3 001 502,3 015 132,3 034 719,3 055 135,3 078 472,3 098 924,3 123 896,3 152 150,3 172 349,3 192 713
FRJ21,Ariège,74 509,75 077,75 055,74 920,75 049,75 280,75 627,76 007,76 245,76 459,77 990,77 990,78 098,78 146,78 238,78 674,78 969,79 332,79 515,79 845,152 499,153 067,153 153,153 066,153 287,153 954,154 596,155 339,155 760,156 304
FRJ22,Aveyron,137 383,137 073,137 447,137 772,138 031,138 076,138 046,138 205,138 069,138 037,141 786,141 624,141 759,141 502,141 564,141 478,141 603,141 531,141 172,140 784,279 169,278 697,279 206,279 274,279 595,279 554,279 649,279 736,279 241,278 821
FRJ23,Haute-Garonne,651 763,657 187,663 824,672 721,682 192,689 143,698 982,710 763,719 470,727 938,683 340,690 996,698 848,707 951,717 847,726 614,735 385,745 498,753 829,761 813,1 335 103,1 348 183,1 362 672,1 380 672,1 400 039,1 415 757,1 434 367,1 456 261,1 473 299,1 489 751
FRJ24,Gers,93 224,93 041,93 128,93 278,93 311,93 464,93 841,93 978,94 090,94 131,97 708,97 623,97 963,98 005,98 066,98 355,98 596,98 671,98 732,98 789,190 932,190 664,191 091,191 283,191 377,191 819,192 437,192 649,192 822,192 920
FRJ25,Lot,83 968,83 947,84 272,84 448,84 483,84 882,85 010,85 330,85 437,85 586,89 432,89 400,89 556,89 481,89 611,89 788,89 932,90 290,90 421,90 517,173 400,173 347,173 828,173 929,174 094,174 670,174 942,175 620,175 858,176 103
FRJ26,Hautes-Pyrénées,109 918,109 489,109 927,110 172,110 536,110 827,111 406,111 873,112 093,112 449,118 664,118 340,118 603,119 019,119 031,118 961,119 550,119 580,119 545,119 696,228 582,227 829,228 530,229 191,229 567,229 788,230 956,231 453,231 638,232 145
FRJ27,Tarn,186 151,186 113,186 590,187 317,188 002,188 705,190 150,191 341,192 322,193 457,200 392,200 335,201 300,201 279,201 842,202 361,203 422,204 827,205 453,206 177,386 543,386 448,387 890,388 596,389 844,391 066,393 572,396 168,397 775,399 634
FRJ28,Tarn-et-Garonne,124 633,125 477,126 252,126 824,127 677,128 327,128 893,129 646,130 238,130 767,130 641,131 420,132 097,132 300,132 992,133 989,134 484,135 278,135 718,136 268,255 274,256 897,258 349,259 124,260 669,262 316,263 377,264 924,265 956,267 035
FRK,Auvergne-Rhône-Alpes,3 832 981,3 851 240,3 864 693,3 887 382,3 912 636,3 932 355,3 950 204,3 978 618,3 996 870,4 015 136,4 044 717,4 065 649,4 083 594,4 107 077,4 130 300,4 146 297,4 164 157,4 185 266,4 199 566,4 213 666,7 877 698,7 916 889,7 948 287,7 994 459,8 042 936,8 078 652,8 114 361,8 163 884,8 196 436,8 228 802
FRK1,Auvergne,660 240,660 428,660 587,663 175,664 425,664 096,663 924,666 498,666 445,666 609,702 127,702 964,703 569,705 361,705 964,705 252,704 743,705 162,703 951,702 734,1 362 367,1 363 392,1 364 156,1 368 536,1 370 389,1 369 348,1 368 667,1 371 660,1 370 396,1 369 343
FRK11,Allier,163 755,162 597,161 855,161 712,161 193,161 148,160 806,161 042,160 908,160 813,177 858,176 787,176 133,175 459,174 782,174 480,174 066,173 673,173 014,172 421,341 613,339 384,337 988,337 171,335 975,335 628,334 872,334 715,333 922,333 234
FRK12,Cantal,71 239,71 134,70 752,70 732,70 743,70 550,70 524,70 791,70 834,70 880,74 980,74 835,74 391,74 033,73 949,73 829,73 702,73 608,73 343,73 084,146 219,145 969,145 143,144 765,144 692,144 379,144 226,144 399,144 177,143 964
FRK13,Haute-Loire,111 646,111 857,111 745,111 765,111 856,111 959,111 912,112 473,112 420,112 471,115 388,115 482,115 538,115 787,115 714,115 530,115 372,115 688,115 614,115 539,227 034,227 339,227 283,227 552,227 570,227 489,227 284,228 161,228 034,228 010
FRK14,Puy-de-Dôme,313 600,314 840,316 235,318 966,320 633,320 439,320 682,322 192,322 283,322 445,333 901,335 860,337 507,340 082,341 519,341 413,341 603,342 193,341 980,341 690,647 501,650 700,653 742,659 048,662 152,661 852,662 285,664 385,664 263,664 135
FRK2,Rhône-Alpes,3 172 741,3 190 812,3 204 106,3 224 207,3 248 211,3 268 259,3 286 280,3 312 120,3 330 425,3 348 527,3 342 590,3 362 685,3 380 025,3 401 716,3 424 336,3 441 045,3 459 414,3 480 104,3 495 615,3 510 932,6 515 331,6 553 497,6 584 131,6 625 923,6 672 547,6 709 304,6 745 694,6 792 224,6 826 040,6 859 459
FRK21,Ain,311 982,314 943,317 292,319 408,321 857,324 591,327 390,331 138,334 141,337 055,319 895,323 482,326 058,328 226,330 575,333 265,335 812,340 151,343 046,345 979,631 877,638 425,643 350,647 634,652 432,657 856,663 202,671 289,677 187,683 034
FRK22,Ardèche,158 059,158 661,158 821,159 354,160 249,160 890,161 801,162 651,163 289,164 062,166 150,166 496,166 891,167 252,168 029,168 435,169 614,170 578,171 162,171 771,324 209,325 157,325 712,326 606,328 278,329 325,331 415,333 229,334 451,335 833
FRK23,Drôme,245 086,246 950,248 121,249 360,250 326,251 120,251 717,253 179,253 795,254 363,259 551,261 056,263 432,265 372,266 436,266 589,267 741,268 253,268 659,269 094,504 637,508 006,511 553,514 732,516 762,517 709,519 458,521 432,522 454,523 457
FRK24,Isère,614 621,615 367,617 719,618 894,622 732,626 204,630 260,634 208,637 171,640 292,636 439,637 545,641 003,644 669,648 434,651 309,654 688,657 172,659 916,662 679,1 251 060,1 252 912,1 258 722,1 263 563,1 271 166,1 277 513,1 284 948,1 291 380,1 297 087,1 302 971
FRK25,Loire,366 310,367 814,368 406,369 007,370 491,372 211,372 807,374 567,375 747,376 937,393 101,394 183,394 535,394 434,395 143,396 297,396 222,397 474,397 946,398 420,759 411,761 997,762 941,763 441,765 634,768 508,769 029,772 041,773 693,775 357
FRK26,Rhône,876 657,882 944,886 273,894 109,902 305,906 819,911 192,919 777,924 397,928 949,945 338,952 959,957 046,965 415,973 442,976 618,982 500,988 205,992 067,995 767,1 821 995,1 835 903,1 843 319,1 859 524,1 875 747,1 883 437,1 893 692,1 907 982,1 916 464,1 924 716
FRK27,Savoie,210 087,210 525,211 107,212 344,213 723,215 660,217 174,218 675,220 151,221 490,218 117,219 156,220 067,221 380,222 711,224 090,225 294,226 613,227 846,228 961,428 204,429 681,431 174,433 724,436 434,439 750,442 468,445 288,447 997,450 451
FRK28,Haute-Savoie,389 939,393 608,396 367,401 731,406 528,410 764,413 939,417 925,421 734,425 379,403 999,407 808,410 993,414 968,419 566,424 442,427 543,431 658,434 973,438 261,793 938,801 416,807 360,816 699,826 094,835 206,841 482,849 583,856 707,863 640
FRL,Provence-Alpes-Côte d’Azur,2 398 351,2 403 472,2 405 990,2 415 196,2 429 021,2 436 823,2 452 241,2 474 758,2 487 138,2 499 462,2 609 626,2 618 456,2 624 900,2 637 636,2 652 080,2 661 843,2 675 599,2 695 554,2 707 211,2 718 879,5 007 977,5 021 928,5 030 890,5 052 832,5 081 101,5 098 666,5 127 840,5 170 312,5 194 349,5 218 341
FRL0,Provence-Alpes-Côte d’Azur,2 398 351,2 403 472,2 405 990,2 415 196,2 429 021,2 436 823,2 452 241,2 474 758,2 487 138,2 499 462,2 609 626,2 618 456,2 624 900,2 637 636,2 652 080,2 661 843,2 675 599,2 695 554,2 707 211,2 718 879,5 007 977,5 021 928,5 030 890,5 052 832,5 081 101,5 098 666,5 127 840,5 170 312,5 194 349,5 218 341
FRL01,Alpes-de-Haute-Provence,78 712,79 161,79 837,79 782,79 843,80 134,80 520,81 152,81 549,81 946,83 087,83 404,84 078,84 286,84 465,85 317,85 557,86 027,86 456,86 962,161 799,162 565,163 915,164 068,164 308,165 451,166 077,167 179,168 005,168 908
FRL02,Hautes-Alpes,68 864,69 103,69 103,68 711,68 958,68 673,68 662,69 258,69 298,69 341,72 052,72 004,72 181,71 987,72 262,71 932,72 314,72 419,72 528,72 565,140 916,141 107,141 284,140 698,141 220,140 605,140 976,141 677,141 826,141 906
FRL03,Alpes-Maritimes,513 015,512 933,512 378,513 618,517 600,518 860,522 072,527 520,530 142,532 781,569 425,570 771,570 932,572 601,576 683,578 550,581 869,587 059,589 665,592 211,1 082 440,1 083 704,1 083 310,1 086 219,1 094 283,1 097 410,1 103 941,1 114 579,1 119 807,1 124 992
FRL04,Bouches-du-Rhône,965 445,966 565,967 933,971 641,976 179,978 242,984 059,990 948,994 606,998 248,1 051 177,1 053 152,1 056 229,1 062 716,1 066 931,1 069 828,1 072 884,1 078 863,1 082 101,1 085 434,2 016 622,2 019 717,2 024 162,2 034 357,2 043 110,2 048 070,2 056 943,2 069 811,2 076 707,2 083 682
FRL05,Var,504 178,507 349,508 079,512 983,517 135,521 051,526 081,532 881,537 593,542 400,544 474,548 472,550 661,554 714,559 576,564 138,569 256,575 483,579 979,584 388,1 048 652,1 055 821,1 058 740,1 067 697,1 076 711,1 085 189,1 095 337,1 108 364,1 117 572,1 126 788
FRL06,Vaucluse,268 137,268 361,268 660,268 461,269 306,269 863,270 847,272 999,273 950,274 746,289 411,290 653,290 819,291 332,292 163,292 078,293 719,295 703,296 482,297 319,557 548,559 014,559 479,559 793,561 469,561 941,564 566,568 702,570 432,572 065
FRM,Corse,159 426,160 799,162 936,164 705,165 645,167 035,168 619,170 326,171 675,173 026,167 857,169 656,172 002,173 849,174 795,176 666,178 978,180 950,182 591,184 211,327 283,330 455,334 938,338 554,340 440,343 701,347 597,351 276,354 266,357 237
FRM0,Corse,159 426,160 799,162 936,164 705,165 645,167 035,168 619,170 326,171 675,173 026,167 857,169 656,172 002,173 849,174 795,176 666,178 978,180 950,182 591,184 211,327 283,330 455,334 938,338 554,340 440,343 701,347 597,351 276,354 266,357 237
FRM01,Corse-du-Sud,73 941,74 687,76 152,76 225,76 531,77 757,78 680,80 044,81 027,82 048,78 789,79 616,81 097,81 628,81 976,83 057,84 262,86 001,87 250,88 465,152 730,154 303,157 249,157 853,158 507,160 814,162 942,166 045,168 277,170 513
FRM02,Haute-Corse,85 485,86 112,86 784,88 480,89 114,89 278,89 939,90 282,90 648,90 978,89 068,90 040,90 905,92 221,92 819,93 609,94 716,94 949,95 341,95 746,174 553,176 152,177 689,180 701,181 933,182 887,184 655,185 231,185 989,186 724
FRY,RUP FR — Régions Ultrapériphériques Françaises,1 026 872,1 031 184,1 027 523,1 030 845,1 035 232,1 039 340,1 048 076,1 057 980,1 064 005,1 070 273,1 130 460,1 138 415,1 143 160,1 151 342,1 158 471,1 165 157,1 175 279,1 187 468,1 195 820,1 204 130,2 157 332,2 169 599,2 170 683,2 182 187,2 193 703,2 204 497,2 223 355,2 245 448,2 259 825,2 274 403
FRY1,Guadeloupe,200 485,198 623,196 097,193 982,191 152,190 455,190 797,190 342,189 607,189 030,233 189,231 233,229 490,227 712,225 576,224 905,224 995,224 723,224 254,223 625,433 674,429 856,425 587,421 694,416 728,415 360,415 792,415 065,413 861,412 655
FRY10,Guadeloupe,200 485,198 623,196 097,193 982,191 152,190 455,190 797,190 342,189 607,189 030,233 189,231 233,229 490,227 712,225 576,224 905,224 995,224 723,224 254,223 625,433 674,429 856,425 587,421 694,416 728,415 360,415 792,415 065,413 861,412 655
FRY2,Martinique,176 077,173 485,171 234,169 040,166 945,165 098,164 919,164 674,163 710,162 870,204 800,202 995,201 360,199 743,197 563,196 127,195 830,196 345,195 492,194 720,380 877,376 480,372 594,368 783,364 508,361 225,360 749,361 019,359 202,357 590
FRY20,Martinique,176 077,173 485,171 234,169 040,166 945,165 098,164 919,164 674,163 710,162 870,204 800,202 995,201 360,199 743,197 563,196 127,195 830,196 345,195 492,194 720,380 877,376 480,372 594,368 783,364 508,361 225,360 749,361 019,359 202,357 590
FRY3,Guyane,128 882,133 659,132 016,134 715,137 260,138 466,139 465,140 225,140 754,141 240,130 983,135 693,136 684,141 413,144 418,146 667,147 153,148 157,149 356,150 534,259 865,269 352,268 700,276 128,281 678,285 133,286 618,288 382,290 110,291 774
FRY30,Guyane,128 882,133 659,132 016,134 715,137 260,138 466,139 465,140 225,140 754,141 240,130 983,135 693,136 684,141 413,144 418,146 667,147 153,148 157,149 356,150 534,259 865,269 352,268 700,276 128,281 678,285 133,286 618,288 382,290 110,291 774
FRY4,La Réunion,410 762,410 558,408 957,409 372,411 393,412 017,415 138,419 928,422 089,424 482,439 965,442 366,444 702,446 589,449 817,451 066,456 019,461 420,464 364,467 620,850 727,852 924,853 659,855 961,861 210,863 083,871 157,881 348,886 453,892 102
FRY40,La Réunion,410 762,410 558,408 957,409 372,411 393,412 017,415 138,419 928,422 089,424 482,439 965,442 366,444 702,446 589,449 817,451 066,456 019,461 420,464 364,467 620,850 727,852 924,853 659,855 961,861 210,863 083,871 157,881 348,886 453,892 102
FRY5,Mayotte,110 666,114 859,119 219,123 736,128 482,133 304,137 757,142 811,147 845,152 651,121 523,126 128,130 924,135 885,141 097,146 392,151 282,156 823,162 354,167 631,232 189,240 987,250 143,259 621,269 579,279 696,289 039,299 634,310 199,320 282
FRY50,Mayotte,110 666,114 859,119 219,123 736,128 482,133 304,137 757,142 811,147 845,152 651,121 523,126 128,130 924,135 885,141 097,146 392,151 282,156 823,162 354,167 631,232 189,240 987,250 143,259 621,269 579,279 696,289 039,299 634,310 199,320 282
FRX,Not regionalised/Unknown NUTS 1,0,0,:,:,:,0,:,:,:,:,0,0,:,:,:,0,:,:,:,:,0,0,:,:,:,0,:,:,:,:
FRXX,Not regionalised/Unknown NUTS 2,0,0,:,:,:,0,:,:,:,:,0,0,:,:,:,0,:,:,:,:,0,0,:,:,:,0,:,:,:,:
FRXXX,Not regionalised/Unknown NUTS 3,0,0,0,0,0,0,:,:,:,:,0,0,0,0,0,0,:,:,:,:,0,0,0,0,0,0,:,:,:,:
HR,Croatia,2 010 756,1 984 691,1 956 684,1 923 380,1 903 803,1 891 983,1 874 023,1 862 293,1 861 866,1 875 410,2 170 159,2 146 424,2 122 085,2 090 961,2 064 873,2 041 528,2 019 003,2 000 012,1 989 028,1 986 557,4 180 915,4 131 115,4 078 769,4 014 341,3 968 676,3 933 511,3 893 026,3 862 305,3 850 894,3 861 967
HR0,Hrvatska,2 010 756,1 984 691,1 956 684,1 923 380,1 903 803,1 891 983,1 874 023,1 862 293,1 861 866,1 875 410,2 170 159,2 146 424,2 122 085,2 090 961,2 064 873,2 041 528,2 019 003,2 000 012,1 989 028,1 986 557,4 180 915,4 131 115,4 078 769,4 014 341,3 968 676,3 933 511,3 893 026,3 862 305,3 850 894,3 861 967
HR02,Panonska Hrvatska,567 508,556 066,542 930,525 993,514 749,505 711,498 695,491 619,485 801,483 450,605 000,593 314,580 615,564 458,552 051,540 727,531 478,521 953,513 305,507 186,1 172 508,1 149 380,1 123 545,1 090 451,1 066 800,1 046 438,1 030 173,1 013 572,999 106,990 636
HR021,Bjelovarsko-bilogorska županija,55 813,54 802,53 703,52 652,51 773,50 891,50 156,49 361,48 762,48 415,58 669,57 603,56 565,55 482,54 549,53 647,52 795,51 847,51 051,50 579,114 482,112 405,110 268,108 134,106 322,104 538,102 951,101 208,99 813,98 994
HR022,Virovitičko-podravska županija,39 397,38 591,37 716,36 584,35 769,34 881,34 350,33 802,33 357,33 054,41 972,41 096,40 248,39 177,38 310,37 393,36 778,36 119,35 451,34 981,81 369,79 687,77 964,75 761,74 079,72 274,71 128,69 921,68 808,68 035
HR023,Požeško-slavonska županija,36 314,35 499,34 539,33 376,32 556,31 941,31 550,31 004,30 419,29 882,38 233,37 395,36 565,35 531,34 680,33 916,33 306,32 620,32 032,31 444,74 547,72 894,71 104,68 907,67 236,65 857,64 856,63 624,62 451,61 326
HR024,Brodsko-posavska županija,73 774,71 998,70 113,67 626,66 115,65 045,64 074,63 143,62 474,62 904,78 291,76 687,74 827,72 561,70 694,69 002,67 733,66 306,64 990,64 115,152 065,148 685,144 940,140 187,136 809,134 047,131 807,129 449,127 464,127 019
HR025,Osječko-baranjska županija,141 789,139 323,136 182,132 186,129 298,126 964,125 148,123 603,122 421,121 701,152 604,150 102,147 030,143 235,140 157,137 402,135 142,133 197,131 403,130 093,294 393,289 425,283 212,275 421,269 455,264 366,260 290,256 800,253 824,251 794
HR026,Vukovarsko-srijemska županija,82 482,80 534,78 247,74 789,72 664,71 297,69 999,68 882,67 804,67 243,88 296,86 333,83 989,80 476,78 238,76 333,74 759,73 348,72 037,70 964,170 778,166 867,162 236,155 265,150 902,147 630,144 758,142 230,139 841,138 207
HR027,Karlovačka županija,59 293,58 426,57 522,56 440,55 847,55 190,54 850,54 123,53 810,53 795,63 590,62 666,61 695,60 699,59 934,59 156,58 347,57 468,56 673,56 282,122 883,121 092,119 217,117 139,115 781,114 346,113 197,111 591,110 483,110 077
HR028,Sisačko-moslavačka županija,78 646,76 893,74 908,72 340,70 727,69 502,68 568,67 701,66 754,66 456,83 345,81 432,79 696,77 297,75 489,73 878,72 618,71 048,69 668,68 728,161 991,158 325,154 604,149 637,146 216,143 380,141 186,138 749,136 422,135 184
HR03,Jadranska Hrvatska,670 178,662 209,654 543,646 447,641 756,640 237,633 716,629 177,631 034,638 555,711 911,705 129,698 597,690 601,683 706,677 363,671 159,667 033,666 953,671 758,1 382 089,1 367 338,1 353 140,1 337 048,1 325 462,1 317 600,1 304 875,1 296 210,1 297 987,1 310 313
HR031,Primorsko-goranska županija,138 881,136 741,134 874,132 671,131 164,130 011,128 155,126 752,126 591,127 346,150 274,148 488,146 706,144 649,142 684,140 914,139 368,137 808,137 347,137 540,289 155,285 229,281 580,277 320,273 848,270 925,267 523,264 560,263 938,264 886
HR032,Ličko-senjska županija,23 791,23 287,22 855,22 260,21 966,21 696,21 420,21 091,21 025,21 222,24 225,23 722,23 347,22 825,22 451,22 142,21 797,21 466,21 444,21 605,48 016,47 009,46 202,45 085,44 417,43 838,43 217,42 557,42 469,42 827
HR033,Zadarska županija,82 540,81 460,80 620,79 673,79 178,79 095,78 473,78 175,78 733,80 239,86 139,85 287,84 749,83 847,83 140,82 366,81 853,81 550,81 825,82 982,168 679,166 747,165 369,163 520,162 318,161 461,160 326,159 725,160 558,163 221
HR034,Šibensko-kninska županija,51 386,50 653,49 871,49 043,48 557,48 375,47 863,47 261,47 102,47 261,53 517,52 750,52 115,51 327,50 645,49 981,49 337,48 762,48 339,48 330,104 903,103 403,101 986,100 370,99 202,98 356,97 200,96 023,95 441,95 591
HR035,Splitsko-dalmatinska županija,216 979,215 017,212 795,210 438,208 918,208 647,206 253,205 222,205 876,207 787,230 543,228 916,227 034,224 659,222 687,220 867,218 715,217 863,217 969,219 474,447 522,443 933,439 829,435 097,431 605,429 514,424 968,423 085,423 845,427 261
HR036,Istarska županija,98 146,96 982,96 141,95 523,95 378,95 279,94 584,94 416,95 619,98 105,105 260,104 461,103 730,102 885,102 036,101 292,100 794,100 645,101 248,102 926,203 406,201 443,199 871,198 408,197 414,196 571,195 378,195 061,196 867,201 031
HR037,Dubrovačko-neretvanska županija,58 455,58 069,57 387,56 839,56 595,57 134,56 968,56 260,56 088,56 595,61 953,61 505,60 916,60 409,60 063,59 801,59 295,58 939,58 781,58 901,120 408,119 574,118 303,117 248,116 658,116 935,116 263,115 199,114 869,115 496
HR04,Kontinentalna Hrvatska (NUTS 2016),1 356 532,1 343 922,1 329 298,1 309 670,1 300 639,1 296 520,:,:,:,:,1 466 555,1 452 457,1 437 552,1 417 484,1 401 536,1 387 843,:,:,:,:,2 823 087,2 796 379,2 766 850,2 727 154,2 702 175,2 684 363,:,:,:,:
HR041,Grad Zagreb (NUTS 2016),374 164,374 902,376 035,376 416,379 194,381 900,:,:,:,:,425 835,426 447,427 612,427 484,427 147,427 335,:,:,:,:,799 999,801 349,803 647,803 900,806 341,809 235,:,:,:,:
HR042,Zagrebacka zupanija (NUTS 2016),154 216,153 054,151 850,150 612,150 458,151 426,:,:,:,:,163 659,162 475,161 222,159 949,158 848,158 185,:,:,:,:,317 875,315 529,313 072,310 561,309 306,309 611,:,:,:,:
HR043,Krapinsko-zagorska zupanija (NUTS 2016),63 021,62 511,61 787,61 218,60 758,60 880,:,:,:,:,66 526,65 958,65 273,64 631,64 028,63 527,:,:,:,:,129 547,128 469,127 060,125 849,124 786,124 407,:,:,:,:
HR044,Varazdinska zupanija (NUTS 2016),84 040,83 360,82 557,81 511,81 134,81 153,:,:,:,:,88 735,87 960,87 248,86 257,85 524,84 732,:,:,:,:,172 775,171 320,169 805,167 768,166 658,165 885,:,:,:,:
HR045,Koprivnicko-krizevacka zupanija (NUTS 2016),54 807,54 234,53 463,52 654,52 028,51 580,:,:,:,:,58 212,57 548,56 666,55 800,55 048,54 306,:,:,:,:,113 019,111 782,110 129,108 454,107 076,105 886,:,:,:,:
HR046,Medimurska zupanija (NUTS 2016),55 280,55 044,54 674,53 990,53 582,53 599,:,:,:,:,57 578,57 327,56 995,56 466,55 955,55 531,:,:,:,:,112 858,112 371,111 669,110 456,109 537,109 130,:,:,:,:
HR047,Bjelovarsko-bilogorska zupanija (NUTS 2016),56 030,55 091,54 076,53 094,52 325,51 543,:,:,:,:,58 775,57 757,56 765,55 735,54 861,54 011,:,:,:,:,114 805,112 848,110 841,108 829,107 186,105 554,:,:,:,:
HR048,Viroviticko-podravska zupanija (NUTS 2016),39 495,38 739,37 905,36 828,36 042,35 251,:,:,:,:,42 003,41 147,40 334,39 303,38 479,37 592,:,:,:,:,81 498,79 886,78 239,76 131,74 521,72 843,:,:,:,:
HR049,Pozesko-slavonska zupanija (NUTS 2016),36 395,35 620,34 656,33 535,32 764,32 175,:,:,:,:,38 057,37 149,36 281,35 173,34 264,33 439,:,:,:,:,74 452,72 769,70 937,68 708,67 028,65 614,:,:,:,:
HR04A,Brodsko-posavska zupanija (NUTS 2016),74 358,72 830,71 128,68 884,67 631,66 816,:,:,:,:,78 476,76 939,75 160,72 973,71 173,69 613,:,:,:,:,152 834,149 769,146 288,141 857,138 804,136 429,:,:,:,:
HR04B,Osjecko-baranjska zupanija (NUTS 2016),143 146,141 148,138 480,134 965,132 608,130 807,:,:,:,:,153 539,151 346,148 644,145 180,142 448,140 070,:,:,:,:,296 685,292 494,287 124,280 145,275 056,270 877,:,:,:,:
HR04C,Vukovarsko-srijemska zupanija (NUTS 2016),82 939,81 140,79 020,75 706,73 750,72 572,:,:,:,:,88 456,86 581,84 304,80 893,78 744,76 917,:,:,:,:,171 395,167 721,163 324,156 599,152 494,149 489,:,:,:,:
HR04D,Karlovacka zupanija (NUTS 2016),59 643,58 891,58 094,57 130,56 687,56 176,:,:,:,:,63 357,62 370,61 370,60 323,59 479,58 628,:,:,:,:,123 000,121 261,119 464,117 453,116 166,114 804,:,:,:,:
HR04E,Sisacko-moslavacka zupanija (NUTS 2016),78 998,77 358,75 573,73 127,71 678,70 642,:,:,:,:,83 347,81 453,79 678,77 317,75 538,73 957,:,:,:,:,162 345,158 811,155 251,150 444,147 216,144 599,:,:,:,:
HR05,Grad Zagreb,366 681,364 834,363 321,361 030,361 103,361 027,358 784,359 061,361 555,365 574,420 941,419 839,419 265,417 329,415 134,413 393,410 111,407 763,407 069,406 548,787 622,784 673,782 586,778 359,776 237,774 420,768 895,766 824,768 624,772 122
HR050,Grad Zagreb,366 681,364 834,363 321,361 030,361 103,361 027,358 784,359 061,361 555,365 574,420 941,419 839,419 265,417 329,415 134,413 393,410 111,407 763,407 069,406 548,787 622,784 673,782 586,778 359,776 237,774 420,768 895,766 824,768 624,772 122
HR06,Sjeverna Hrvatska,406 389,401 582,395 890,389 910,386 195,385 008,382 828,382 436,383 476,387 831,432 307,428 142,423 608,418 573,413 982,410 045,406 255,403 263,401 701,401 065,838 696,829 724,819 498,808 483,800 177,795 053,789 083,785 699,785 177,788 896
HR061,Međimurska županija,54 754,54 293,53 743,52 844,52 261,52 053,51 644,51 571,51 389,51 751,57 228,56 899,56 465,55 832,55 184,54 587,54 052,53 640,53 348,53 259,111 982,111 192,110 208,108 676,107 445,106 640,105 696,105 211,104 737,105 010
HR062,Varaždinska županija,83 104,82 108,80 978,79 624,78 941,78 551,77 921,77 444,77 459,78 382,88 350,87 427,86 563,85 419,84 529,83 619,82 546,81 524,80 987,80 570,171 454,169 535,167 541,165 043,163 470,162 170,160 467,158 968,158 446,158 952
HR063,Koprivničko-križevačka županija,54 176,53 391,52 425,51 415,50 532,49 840,49 238,49 081,48 860,48 969,57 855,57 084,56 054,55 070,54 173,53 272,52 505,51 813,51 065,50 630,112 031,110 475,108 479,106 485,104 705,103 112,101 743,100 894,99 925,99 599
HR064,Krapinsko-zagorska županija,62 388,61 693,60 678,59 911,59 232,59 122,58 821,58 615,58 239,58 409,66 265,65 609,64 882,64 166,63 421,62 844,62 218,61 723,61 170,60 825,128 653,127 302,125 560,124 077,122 653,121 966,121 039,120 338,119 409,119 234
HR065,Zagrebačka županija,151 967,150 097,148 066,146 116,145 229,145 442,145 204,145 725,147 529,150 320,162 609,161 123,159 644,158 086,156 675,155 723,154 934,154 563,155 131,155 781,314 576,311 220,307 710,304 202,301 904,301 165,300 138,300 288,302 660,306 101
IT,Italy,29 228 315,29 193 044,29 178 654,29 156 469,29 131 195,29 050 096,28 866 226,28 818 956,28 814 832,28 846 728,31 067 182,30 970 668,30 888 080,30 781 300,30 685 478,30 591 392,30 369 987,30 211 177,30 182 369,30 124 502,60 295 497,60 163 712,60 066 734,59 937 769,59 816 673,59 641 488,59 236 213,59 030 133,58 997 201,58 971 230
ITC,Nord-Ovest,7 788 712,7 782 407,7 788 605,7 793 155,7 800 239,7 798 925,7 764 404,7 741 607,7 759 911,7 793 995,8 267 018,8 245 038,8 230 218,8 211 472,8 197 792,8 189 754,8 134 679,8 090 334,8 098 715,8 101 699,16 055 730,16 027 445,16 018 823,16 004 627,15 998 031,15 988 679,15 899 083,15 831 941,15 858 626,15 895 694
ITC1,Piemonte,2 128 313,2 121 394,2 118 496,2 111 473,2 103 024,2 095 058,2 079 401,2 073 845,2 072 771,2 077 302,2 275 249,2 262 832,2 251 852,2 238 438,2 225 541,2 216 159,2 195 544,2 182 505,2 178 580,2 174 321,4 403 562,4 384 226,4 370 348,4 349 911,4 328 565,4 311 217,4 274 945,4 256 350,4 251 351,4 251 623
ITC11,Torino,1 096 773,1 094 562,1 093 182,1 087 730,1 083 154,1 079 491,1 074 296,1 071 211,1 069 885,1 072 022,1 178 998,1 173 798,1 169 154,1 161 886,1 155 509,1 151 455,1 144 910,1 137 159,1 134 747,1 132 815,2 275 771,2 268 360,2 262 336,2 249 616,2 238 663,2 230 946,2 219 206,2 208 370,2 204 632,2 204 837
ITC12,Vercelli,84 430,83 936,83 783,83 257,82 721,82 360,81 065,80 981,81 022,81 113,91 110,90 311,89 446,88 647,87 772,87 030,85 519,85 102,84 870,84 591,175 540,174 247,173 229,171 904,170 493,169 390,166 584,166 083,165 892,165 704
ITC13,Biella,86 270,85 610,85 264,84 841,84 295,83 781,82 112,82 057,81 705,81 578,94 363,93 511,92 778,91 896,91 046,90 389,88 612,87 970,87 401,87 005,180 633,179 121,178 042,176 737,175 341,174 170,170 724,170 027,169 106,168 583
ITC14,Verbano-Cusio-Ossola,77 282,77 014,76 914,76 728,76 332,75 812,75 143,74 938,74 918,74 929,82 958,82 278,81 830,81 403,80 946,80 508,79 783,79 311,79 120,78 833,160 240,159 292,158 744,158 131,157 278,156 320,154 926,154 249,154 038,153 762
ITC15,Novara,178 677,178 323,178 282,178 236,178 009,177 671,176 928,176 589,176 980,177 838,190 716,189 748,189 032,188 455,187 764,187 309,185 997,185 327,185 522,185 644,369 393,368 071,367 314,366 691,365 773,364 980,362 925,361 916,362 502,363 482
ITC16,Cuneo,290 971,290 070,289 940,290 208,289 728,289 284,288 044,287 148,287 723,289 089,301 360,300 452,299 266,298 431,297 485,296 829,293 754,293 007,293 013,292 542,592 331,590 522,589 206,588 639,587 213,586 113,581 798,580 155,580 736,581 631
ITC17,Asti,106 280,105 353,105 235,105 149,104 575,103 913,102 693,102 337,102 325,101 989,112 428,111 403,110 565,109 748,108 929,108 097,106 697,105 949,105 626,105 250,218 708,216 756,215 800,214 897,213 504,212 010,209 390,208 286,207 951,207 239
ITC18,Alessandria,207 630,206 526,205 896,205 324,204 210,202 746,199 120,198 584,198 213,198 744,223 316,221 331,219 781,217 972,216 090,214 542,210 272,208 680,208 281,207 641,430 946,427 857,425 677,423 296,420 300,417 288,409 392,407 264,406 494,406 385
ITC2,Valle d’Aosta/Vallée d’Aoste,62 296,61 887,61 859,61 752,61 471,61 121,60 712,60 413,60 353,60 317,65 676,65 143,64 818,64 461,64 182,63 913,63 377,62 947,62 777,62 560,127 972,127 030,126 677,126 213,125 653,125 034,124 089,123 360,123 130,122 877
ITC20,Valle d’Aosta/Vallée d’Aoste,62 296,61 887,61 859,61 752,61 471,61 121,60 712,60 413,60 353,60 317,65 676,65 143,64 818,64 461,64 182,63 913,63 377,62 947,62 777,62 560,127 972,127 030,126 677,126 213,125 653,125 034,124 089,123 360,123 130,122 877
ITC3,Liguria,745 321,740 864,739 648,736 461,733 543,730 371,728 845,725 821,726 267,729 373,824 106,816 878,811 731,805 080,799 437,794 455,789 650,783 406,781 369,779 767,1 569 427,1 557 742,1 551 379,1 541 541,1 532 980,1 524 826,1 518 495,1 509 227,1 507 636,1 509 140
ITC31,Imperia,103 064,102 287,102 217,101 673,101 342,101 094,101 014,101 270,101 356,101 609,111 917,110 735,110 183,109 408,108 640,108 288,108 230,107 400,107 436,107 191,214 981,213 022,212 400,211 081,209 982,209 382,209 244,208 670,208 792,208 800
ITC32,Savona,133 835,132 939,132 515,132 113,131 319,130 416,129 653,128 958,128 826,129 335,146 971,145 829,144 842,143 585,142 413,141 416,140 099,139 080,138 540,138 286,280 806,278 768,277 357,275 698,273 732,271 832,269 752,268 038,267 366,267 621
ITC33,Genova,402 864,400 120,399 442,397 378,395 552,393 657,393 470,391 116,391 611,393 419,450 337,446 091,442 807,438 770,435 620,432 537,430 142,426 286,424 995,424 209,853 201,846 211,842 249,836 148,831 172,826 194,823 612,817 402,816 606,817 628
ITC34,La Spezia,105 558,105 518,105 474,105 297,105 330,105 204,104 708,104 477,104 474,105 010,114 881,114 223,113 899,113 317,112 764,112 214,111 179,110 640,110 398,110 081,220 439,219 741,219 373,218 614,218 094,217 418,215 887,215 117,214 872,215 091
ITC4,Lombardia,4 852 782,4 858 262,4 868 602,4 883 469,4 902 201,4 912 375,4 895 446,4 881 528,4 900 520,4 927 003,5 101 987,5 100 185,5 101 817,5 103 493,5 108 632,5 115 227,5 086 108,5 061 476,5 075 989,5 085 051,9 954 769,9 958 447,9 970 419,9 986 962,10 010 833,10 027 602,9 981 554,9 943 004,9 976 509,10 012 054
ITC41,Varese,430 213,430 144,430 109,430 776,431 187,430 971,428 879,427 977,428 937,429 762,455 709,455 164,454 778,454 143,453 898,453 905,451 214,449 691,450 794,450 495,885 922,885 308,884 887,884 919,885 085,884 876,880 093,877 668,879 731,880 257
ITC42,Como,292 354,292 404,292 864,292 999,293 627,293 740,293 322,292 781,293 870,294 649,305 488,305 029,305 063,304 487,304 180,303 902,303 134,302 160,303 247,303 300,597 842,597 433,597 927,597 486,597 807,597 642,596 456,594 941,597 117,597 949
ITC43,Lecco,165 516,165 075,165 154,165 306,165 523,165 229,164 689,164 165,164 366,164 807,171 646,170 737,170 590,170 282,170 031,169 732,168 880,168 292,168 409,168 463,337 162,335 812,335 744,335 588,335 554,334 961,333 569,332 457,332 775,333 270
ITC44,Sondrio,88 808,88 675,88 716,88 804,88 718,88 684,88 017,88 067,88 128,88 316,93 051,92 794,92 367,92 221,91 962,91 741,90 781,90 717,90 667,90 557,181 859,181 469,181 083,181 025,180 680,180 425,178 798,178 784,178 795,178 873
ITC46,Bergamo,546 851,546 195,547 251,548 480,549 430,549 853,548 139,548 284,549 975,552 702,558 873,558 188,558 025,557 680,557 729,558 273,555 417,554 713,556 328,557 725,1 105 724,1 104 383,1 105 276,1 106 160,1 107 159,1 108 126,1 103 556,1 102 997,1 106 303,1 110 427
ITC47,Brescia,617 427,616 330,615 631,616 276,618 924,619 811,621 517,620 830,623 202,625 870,638 463,637 522,636 242,635 030,635 495,635 626,634 192,632 327,634 124,635 085,1 255 890,1 253 852,1 251 873,1 251 306,1 254 419,1 255 437,1 255 709,1 253 157,1 257 326,1 260 955
ITC48,Pavia,264 309,264 210,264 410,264 293,264 859,264 325,262 271,262 099,263 200,265 015,280 532,279 665,278 728,277 324,276 858,276 051,273 530,272 407,273 206,273 617,544 841,543 875,543 138,541 617,541 717,540 376,535 801,534 506,536 406,538 632
ITC49,Lodi,111 932,111 562,111 533,111 754,112 069,112 331,112 568,112 645,113 286,114 084,115 705,115 437,115 153,115 053,114 880,115 081,114 775,114 682,114 850,115 389,227 637,226 999,226 686,226 807,226 949,227 412,227 343,227 327,228 136,229 473
ITC4A,Cremona,176 137,175 672,175 141,174 965,175 540,175 602,173 930,173 826,174 232,175 015,183 352,182 571,182 027,181 121,180 610,180 306,178 312,177 828,177 957,177 950,359 489,358 243,357 168,356 086,356 150,355 908,352 242,351 654,352 189,352 965
ITC4B,Mantova,201 299,200 319,200 207,199 939,200 525,200 102,200 269,199 603,200 727,201 633,210 672,209 185,208 461,207 635,207 326,206 817,205 792,204 873,205 392,205 369,411 971,409 504,408 668,407 574,407 851,406 919,406 061,404 476,406 119,407 002
ITC4C,Milano,1 537 950,1 546 994,1 555 533,1 566 190,1 576 705,1 585 425,1 575 337,1 564 438,1 572 189,1 584 904,1 648 417,1 653 453,1 659 169,1 666 538,1 673 372,1 679 902,1 666 476,1 650 192,1 655 817,1 660 555,3 186 367,3 200 447,3 214 702,3 232 728,3 250 077,3 265 327,3 241 813,3 214 630,3 228 006,3 245 459
ITC4D,Monza e della Brianza,419 986,420 682,422 053,423 687,425 094,426 302,426 508,426 813,428 408,430 246,440 079,440 440,441 214,441 979,442 291,443 891,443 605,443 594,445 198,446 546,860 065,861 122,863 267,865 666,867 385,870 193,870 113,870 407,873 606,876 792
ITF,Sud,6 817 969,6 800 291,6 781 765,6 761 385,6 731 354,6 687 726,6 598 714,6 601 628,6 579 017,6 561 419,7 211 873,7 176 519,7 142 788,7 102 318,7 059 508,7 019 543,6 940 360,6 910 455,6 885 652,6 853 744,14 029 842,13 976 810,13 924 553,13 863 703,13 790 862,13 707 269,13 539 074,13 512 083,13 464 669,13 415 163
ITF1,Abruzzo,644 679,641 647,639 457,636 732,635 061,631 743,625 585,624 162,622 679,622 009,681 157,677 647,674 473,669 327,665 584,662 198,655 427,651 788,649 948,647 562,1 325 836,1 319 294,1 313 930,1 306 059,1 300 645,1 293 941,1 281 012,1 275 950,1 272 627,1 269 571
ITF11,L’Aquila,149 250,148 536,148 006,147 673,147 031,145 759,143 924,143 291,142 793,142 585,154 886,153 775,152 756,151 411,150 282,149 079,146 887,145 665,145 013,144 247,304 136,302 311,300 762,299 084,297 313,294 838,290 811,288 956,287 806,286 832
ITF12,Teramo,151 111,150 453,150 243,149 492,149 439,148 705,147 348,146 699,146 431,146 725,158 563,157 873,157 444,156 402,155 852,155 195,153 756,152 947,152 640,152 549,309 674,308 326,307 687,305 894,305 291,303 900,301 104,299 646,299 071,299 274
ITF13,Pescara,154 767,154 194,153 854,153 091,153 039,152 614,151 451,151 743,151 415,151 060,167 063,166 516,166 154,164 943,164 327,163 749,162 431,161 888,161 695,161 186,321 830,320 710,320 008,318 034,317 366,316 363,313 882,313 631,313 110,312 246
ITF14,Chieti,189 551,188 464,187 354,186 476,185 552,184 665,182 862,182 429,182 040,181 639,200 645,199 483,198 119,196 571,195 123,194 175,192 353,191 288,190 600,189 580,390 196,387 947,385 473,383 047,380 675,378 840,375 215,373 717,372 640,371 219
ITF2,Molise,152 268,152 098,151 653,151 231,149 761,147 953,144 864,144 013,143 551,143 304,159 130,157 928,156 747,155 333,154 029,152 563,149 430,148 137,147 085,145 920,311 398,310 026,308 400,306 564,303 790,300 516,294 294,292 150,290 636,289 224
ITF21,Isernia,42 544,42 440,42 300,42 221,41 714,41 185,40 316,39 897,39 700,39 505,43 945,43 629,43 197,42 750,42 313,41 969,41 099,40 667,40 212,39 731,86 489,86 069,85 497,84 971,84 027,83 154,81 415,80 564,79 912,79 236
ITF22,Campobasso,109 724,109 658,109 353,109 010,108 047,106 768,104 548,104 116,103 851,103 799,115 185,114 299,113 550,112 583,111 716,110 594,108 331,107 470,106 873,106 189,224 909,223 957,222 903,221 593,219 763,217 362,212 879,211 586,210 724,209 988
ITF3,Campania,2 817 823,2 815 435,2 811 203,2 808 877,2 799 558,2 784 616,2 739 038,2 747 577,2 739 246,2 733 422,2 986 547,2 975 348,2 965 451,2 954 012,2 940 733,2 927 527,2 885 222,2 876 843,2 870 290,2 860 484,5 804 370,5 790 783,5 776 654,5 762 889,5 740 291,5 712 143,5 624 260,5 624 420,5 609 536,5 593 906
ITF31,Caserta,448 049,448 094,448 137,448 045,448 369,447 522,441 458,443 850,444 325,444 833,470 061,469 329,468 478,467 685,467 180,466 144,460 445,461 195,461 749,461 689,918 110,917 423,916 615,915 730,915 549,913 666,901 903,905 045,906 074,906 522
ITF32,Benevento,136 902,136 286,136 048,136 139,135 141,133 407,130 469,129 800,128 875,128 308,144 661,143 492,142 427,141 440,140 243,138 911,136 247,135 255,134 250,133 111,281 563,279 778,278 475,277 579,275 384,272 318,266 716,265 055,263 125,261 419
ITF33,Napoli,1 487 298,1 487 866,1 485 700,1 485 448,1 480 366,1 472 873,1 448 252,1 454 640,1 449 594,1 445 185,1 588 302,1 583 815,1 579 531,1 574 575,1 567 828,1 561 537,1 538 493,1 533 736,1 530 744,1 525 789,3 075 600,3 071 681,3 065 231,3 060 023,3 048 194,3 034 410,2 986 745,2 988 376,2 980 338,2 970 974
ITF34,Avellino,208 407,207 067,206 112,205 441,203 556,201 454,197 524,197 188,195 973,195 385,218 502,216 305,214 607,212 682,210 553,208 915,205 405,204 263,202 959,201 588,426 909,423 372,420 719,418 123,414 109,410 369,402 929,401 451,398 932,396 973
ITF35,Salerno,537 167,536 122,535 206,533 804,532 126,529 360,521 335,522 099,520 479,519 711,565 021,562 407,560 408,557 630,554 929,552 020,544 632,542 394,540 588,538 307,1 102 188,1 098 529,1 095 614,1 091 434,1 087 055,1 081 380,1 065 967,1 064 493,1 061 067,1 058 018
ITF4,Puglia,1 970 084,1 962 242,1 954 192,1 944 620,1 934 344,1 923 532,1 913 253,1 910 909,1 904 137,1 897 886,2 093 185,2 081 493,2 069 875,2 056 346,2 041 184,2 029 773,2 020 524,2 012 032,2 003 546,1 992 775,4 063 269,4 043 735,4 024 067,4 000 966,3 975 528,3 953 305,3 933 777,3 922 941,3 907 683,3 890 661
ITF43,Taranto,281 766,280 417,279 036,277 639,275 624,273 519,272 571,272 000,270 448,269 424,300 634,298 893,297 005,294 797,292 634,290 476,289 387,287 892,286 244,284 077,582 400,579 310,576 041,572 436,568 258,563 995,561 958,559 892,556 692,553 501
ITF44,Brindisi,191 995,190 731,189 682,188 371,187 520,186 266,184 456,184 396,183 723,182 788,207 343,205 581,204 104,202 369,200 297,198 969,197 490,196 877,195 799,194 452,399 338,396 312,393 786,390 740,387 817,385 235,381 946,381 273,379 522,377 240
ITF45,Lecce,384 518,383 009,381 340,379 248,377 434,375 525,372 618,372 760,371 083,369 602,420 294,417 940,415 585,412 654,408 974,406 640,403 612,402 588,400 147,397 629,804 812,800 949,796 925,791 902,786 408,782 165,776 230,775 348,771 230,767 231
ITF46,Foggia,307 306,305 499,304 026,302 174,299 894,297 927,296 028,295 178,293 907,293 270,322 248,319 795,317 529,314 655,311 624,308 977,306 366,303 850,301 775,299 808,629 554,625 294,621 555,616 829,611 518,606 904,602 394,599 028,595 682,593 078
ITF47,Bari,610 225,608 918,607 178,605 202,602 685,600 139,599 459,598 422,597 465,596 069,643 236,640 781,638 012,635 387,632 312,630 066,630 699,628 362,627 583,625 613,1 253 461,1 249 699,1 245 190,1 240 589,1 234 997,1 230 205,1 230 158,1 226 784,1 225 048,1 221 682
ITF48,Barletta-Andria-Trani,194 274,193 668,192 930,191 986,191 187,190 156,188 121,188 153,187 511,186 733,199 430,198 503,197 640,196 484,195 343,194 645,192 970,192 463,191 998,191 196,393 704,392 171,390 570,388 470,386 530,384 801,381 091,380 616,379 509,377 929
ITF5,Basilicata,280 768,279 440,278 136,276 855,274 697,272 150,267 989,266 478,265 185,263 568,292 468,290 447,288 269,286 113,283 890,281 104,277 141,274 690,272 392,269 665,573 236,569 887,566 405,562 968,558 587,553 254,545 130,541 168,537 577,533 233
ITF51,Potenza,182 612,181 643,180 795,179 826,178 179,176 242,173 171,172 091,170 854,169 474,190 711,189 211,187 596,186 077,184 273,182 159,179 319,177 525,175 621,173 778,373 323,370 854,368 391,365 903,362 452,358 401,352 490,349 616,346 475,343 252
ITF52,Matera,98 156,97 797,97 341,97 029,96 518,95 908,94 818,94 387,94 331,94 094,101 757,101 236,100 673,100 036,99 617,98 945,97 822,97 165,96 771,95 887,199 913,199 033,198 014,197 065,196 135,194 853,192 640,191 552,191 102,189 981
ITF6,Calabria,952 347,949 429,947 124,943 070,937 933,927 732,907 985,908 489,904 219,901 230,999 386,993 656,987 973,981 187,974 088,966 378,952 616,946 965,942 391,937 338,1 951 733,1 943 085,1 935 097,1 924 257,1 912 021,1 894 110,1 860 601,1 855 454,1 846 610,1 838 568
ITF61,Cosenza,347 245,345 485,343 987,342 276,340 734,338 116,330 027,330 569,329 644,329 138,363 561,361 338,359 079,356 866,354 871,352 387,346 092,343 974,342 788,341 230,710 806,706 823,703 066,699 142,695 605,690 503,676 119,674 543,672 432,670 368
ITF62,Crotone,84 700,85 146,86 154,86 103,86 226,84 029,81 148,80 911,80 336,79 874,87 269,86 839,86 481,85 801,85 260,84 552,82 911,82 642,82 413,82 028,171 969,171 985,172 635,171 904,171 486,168 581,164 059,163 553,162 749,161 902
ITF63,Catanzaro,174 447,174 119,173 834,173 116,171 704,170 259,167 504,167 694,167 002,166 726,184 625,183 807,183 063,181 884,180 361,179 085,176 935,175 979,175 019,173 933,359 072,357 926,356 897,355 000,352 065,349 344,344 439,343 673,342 021,340 659
ITF64,Vibo Valentia,79 158,78 911,78 386,78 000,77 514,76 594,75 040,74 978,74 616,74 522,81 526,80 913,80 183,79 632,78 864,78 121,77 153,76 580,76 093,75 964,160 684,159 824,158 569,157 632,156 378,154 715,152 193,151 558,150 709,150 486
ITF65,Reggio Calabria,266 797,265 768,264 763,263 575,261 755,258 734,254 266,254 337,252 621,250 970,282 405,280 759,279 167,277 004,274 732,272 233,269 525,267 790,266 078,264 183,549 202,546 527,543 930,540 579,536 487,530 967,523 791,522 127,518 699,515 153
ITG,Isole,3 247 094,3 236 388,3 222 652,3 204 240,3 185 005,3 162 638,3 124 869,3 132 443,3 119 642,3 110 748,3 429 814,3 410 504,3 392 087,3 368 988,3 345 800,3 324 273,3 298 880,3 288 299,3 272 520,3 257 064,6 676 908,6 646 892,6 614 739,6 573 228,6 530 805,6 486 911,6 423 749,6 420 742,6 392 162,6 367 812
ITG1,Sicilia,2 439 786,2 431 322,2 419 673,2 402 871,2 387 653,2 370 942,2 346 759,2 353 773,2 345 397,2 339 466,2 588 480,2 573 078,2 558 227,2 539 317,2 520 895,2 504 348,2 486 946,2 479 556,2 468 619,2 457 893,5 028 266,5 004 400,4 977 900,4 942 188,4 908 548,4 875 290,4 833 705,4 833 329,4 814 016,4 797 359
ITG11,Trapani,211 005,211 153,210 385,209 378,208 114,206 795,205 141,205 214,204 361,203 585,221 808,220 363,219 150,217 585,215 925,214 461,213 136,212 006,210 645,209 361,432 813,431 516,429 535,426 963,424 039,421 256,418 277,417 220,415 006,412 946
ITG12,Palermo,606 972,605 059,602 976,599 069,595 789,591 325,583 560,585 637,583 114,581 145,648 362,645 777,643 187,639 606,635 813,631 663,625 259,623 354,621 075,619 108,1 255 334,1 250 836,1 246 163,1 238 675,1 231 602,1 222 988,1 208 819,1 208 991,1 204 189,1 200 253
ITG13,Messina,308 710,306 240,303 895,300 952,298 553,296 351,291 013,291 475,290 267,289 501,332 533,329 370,326 594,323 195,320 160,317 536,312 967,311 754,309 913,308 570,641 243,635 610,630 489,624 147,618 713,613 887,603 980,603 229,600 180,598 071
ITG14,Agrigento,216 135,214 605,212 660,210 293,208 325,206 000,202 004,202 481,201 398,200 408,228 982,226 770,224 495,222 042,219 678,217 488,214 177,213 406,211 779,210 100,445 117,441 375,437 155,432 335,428 003,423 488,416 181,415 887,413 177,410 508
ITG15,Caltanissetta,131 238,130 386,129 304,127 819,125 832,123 883,122 717,121 966,120 826,119 777,139 734,138 363,137 124,135 416,133 754,132 048,130 971,129 749,128 605,127 341,270 972,268 749,266 428,263 235,259 586,255 931,253 688,251 715,249 431,247 118
ITG16,Enna,81 955,81 296,80 309,79 502,78 685,77 520,76 095,75 786,75 005,74 427,87 967,86 977,85 987,84 657,83 686,82 641,81 595,80 944,79 935,79 129,169 922,168 273,166 296,164 159,162 371,160 161,157 690,156 730,154 940,153 556
ITG17,Catania,529 636,528 882,527 070,524 781,523 032,520 750,520 350,523 886,522 316,521 356,564 275,562 218,559 911,557 042,554 238,551 884,553 739,553 629,552 118,550 457,1 093 911,1 091 100,1 086 981,1 081 823,1 077 270,1 072 634,1 074 089,1 077 515,1 074 434,1 071 813
ITG18,Ragusa,156 336,156 851,157 326,156 899,156 369,156 514,156 013,157 045,158 272,159 637,160 810,160 473,160 150,159 783,159 195,159 087,158 897,159 097,159 521,159 599,317 146,317 324,317 476,316 682,315 564,315 601,314 910,316 142,317 793,319 236
ITG19,Siracusa,197 799,196 850,195 748,194 178,192 954,191 804,189 866,190 283,189 838,189 630,204 009,202 767,201 629,199 991,198 446,197 540,196 205,195 617,195 028,194 228,401 808,399 617,397 377,394 169,391 400,389 344,386 071,385 900,384 866,383 858
ITG2,Sardegna,807 308,805 066,802 979,801 369,797 352,791 696,778 110,778 670,774 245,771 282,841 334,837 426,833 860,829 671,824 905,819 925,811 934,808 743,803 901,799 171,1 648 642,1 642 492,1 636 839,1 631 040,1 622 257,1 611 621,1 590 044,1 587 413,1 578 146,1 570 453
ITG25,Sassari (NUTS 2016),163 257,163 234,162 846,162 268,160 569,159 355,:,:,:,:,171 458,170 869,170 270,169 182,166 968,165 933,:,:,:,:,334 715,334 103,333 116,331 450,327 537,325 288,:,:,:,:
ITG26,Nuoro (NUTS 2016),77 850,77 190,76 786,76 231,75 115,74 295,:,:,:,:,80 563,79 888,79 310,78 642,77 351,76 618,:,:,:,:,158 413,157 078,156 096,154 873,152 466,150 913,:,:,:,:
ITG27,Cagliari (NUTS 2016),273 796,273 855,273 593,274 050,269 484,268 232,:,:,:,:,288 129,287 434,286 780,286 403,281 803,280 685,:,:,:,:,561 925,561 289,560 373,560 453,551 287,548 917,:,:,:,:
ITG28,Oristano (NUTS 2016),79 931,79 547,79 210,79 000,77 623,76 744,:,:,:,:,82 712,82 053,81 536,81 031,79 807,79 020,:,:,:,:,162 643,161 600,160 746,160 031,157 430,155 764,:,:,:,:
ITG29,Olbia-Tempio (NUTS 2016),79 750,79 962,80 098,80 392,79 350,79 287,:,:,:,:,80 200,80 406,80 574,80 800,79 802,79 832,:,:,:,:,159 950,160 368,160 672,161 192,159 152,159 119,:,:,:,:
ITG2A,Ogliastra (NUTS 2016),28 441,28 252,28 245,28 178,27 678,27 452,:,:,:,:,29 201,29 066,28 940,28 760,28 219,28 083,:,:,:,:,57 642,57 318,57 185,56 938,55 897,55 535,:,:,:,:
ITG2B,Medio Campidano (NUTS 2016),49 514,49 136,48 839,48 496,47 572,47 111,:,:,:,:,50 627,50 184,49 784,49 313,48 357,47 877,:,:,:,:,100 141,99 320,98 623,97 809,95 929,94 988,:,:,:,:
ITG2C,Carbonia-Iglesias (NUTS 2016),62 496,62 063,61 790,61 457,59 961,59 220,:,:,:,:,65 361,64 999,64 534,63 973,62 598,61 877,:,:,:,:,127 857,127 062,126 324,125 430,122 559,121 097,:,:,:,:
ITG2D,Sassari,239 967,240 236,240 137,240 015,:,:,233 703,234 414,233 596,233 257,248 950,248 668,248 316,247 494,:,:,242 654,242 102,241 143,240 236,488 917,488 904,488 453,487 509,:,:,476 357,476 516,474 739,473 493
ITG2E,Nuoro,104 910,104 043,103 613,103 049,:,:,98 986,98 680,97 845,97 286,108 455,107 601,106 919,106 051,:,:,102 531,101 696,100 675,99 804,213 365,211 644,210 532,209 100,:,:,201 517,200 376,198 520,197 090
ITG2F,Cagliari,205 611,205 730,205 646,205 983,:,:,203 232,203 718,203 043,202 454,221 067,220 281,219 719,219 223,:,:,218 256,217 970,217 321,216 508,426 678,426 011,425 365,425 206,:,:,421 488,421 688,420 364,418 962
ITG2G,Oristano,79 148,78 718,78 311,78 093,:,:,74 865,74 645,73 988,73 465,81 907,81 229,80 624,80 104,:,:,77 553,77 010,76 337,75 626,161 055,159 947,158 935,158 197,:,:,152 418,151 655,150 325,149 091
ITG2H,Sud Sardegna,177 672,176 339,175 272,174 229,:,:,167 324,167 213,165 773,164 820,180 955,179 647,178 282,176 799,:,:,170 940,169 965,168 425,166 997,358 627,355 986,353 554,351 028,:,:,338 264,337 178,334 198,331 817
ITH,Nord-Est,5 641 164,5 639 117,5 644 012,5 657 136,5 678 487,5 681 723,5 675 225,5 657 451,5 669 091,5 690 774,5 973 753,5 962 984,5 955 672,5 949 613,5 950 004,5 945 814,5 912 130,5 883 881,5 889 431,5 890 698,11 614 917,11 602 101,11 599 684,11 606 749,11 628 491,11 627 537,11 587 355,11 541 332,11 558 522,11 581 472
ITH1,Provincia Autonoma di Bolzano/Bozen,255 395,256 541,258 495,260 330,262 371,263 592,265 445,264 129,264 748,266 626,262 599,263 711,264 959,266 442,267 942,269 052,269 467,268 487,269 399,270 907,517 994,520 252,523 454,526 772,530 313,532 644,534 912,532 616,534 147,537 533
ITH10,Bolzano-Bozen,255 395,256 541,258 495,260 330,262 371,263 592,265 445,264 129,264 748,266 626,262 599,263 711,264 959,266 442,267 942,269 052,269 467,268 487,269 399,270 907,517 994,520 252,523 454,526 772,530 313,532 644,534 912,532 616,534 147,537 533
ITH2,Provincia Autonoma di Trento,262 691,263 737,264 384,265 780,266 908,267 914,266 766,266 340,267 681,269 277,275 497,275 776,275 896,276 186,276 813,277 511,275 400,274 618,275 315,275 892,538 188,539 513,540 280,541 966,543 721,545 425,542 166,540 958,542 996,545 169
ITH20,Trento,262 691,263 737,264 384,265 780,266 908,267 914,266 766,266 340,267 681,269 277,275 497,275 776,275 896,276 186,276 813,277 511,275 400,274 618,275 315,275 892,538 188,539 513,540 280,541 966,543 721,545 425,542 166,540 958,542 996,545 169
ITH3,Veneto,2 387 794,2 382 953,2 382 146,2 384 300,2 390 898,2 389 717,2 391 165,2 380 743,2 382 754,2 388 262,2 514 900,2 507 695,2 501 227,2 496 636,2 493 692,2 489 416,2 478 665,2 467 002,2 466 799,2 463 954,4 902 694,4 890 648,4 883 373,4 880 936,4 884 590,4 879 133,4 869 830,4 847 745,4 849 553,4 852 216
ITH31,Verona,448 471,448 540,449 020,449 788,452 596,453 736,457 203,454 838,455 658,456 995,469 979,469 510,469 049,469 391,470 261,471 006,470 607,469 186,469 998,469 975,918 450,918 050,918 069,919 179,922 857,924 742,927 810,924 024,925 656,926 970
ITH32,Vicenza,424 947,423 684,422 609,422 051,422 477,421 980,422 967,421 557,422 063,422 991,440 403,438 867,437 127,435 594,434 462,433 317,431 995,430 582,430 716,430 619,865 350,862 551,859 736,857 645,856 939,855 297,854 962,852 139,852 779,853 610
ITH33,Belluno,99 337,98 904,98 495,98 394,98 284,97 871,97 200,96 883,96 704,96 782,106 569,105 783,105 087,104 431,103 985,103 438,102 504,101 793,101 401,101 006,205 906,204 687,203 582,202 825,202 269,201 309,199 704,198 676,198 105,197 788
ITH34,Treviso,431 831,430 977,432 140,433 955,435 045,434 858,434 108,433 027,433 687,434 753,451 717,450 338,449 609,449 391,449 128,448 664,446 309,444 863,445 141,444 635,883 548,881 315,881 749,883 346,884 173,883 522,880 417,877 890,878 828,879 388
ITH35,Venezia,412 375,411 542,411 752,412 115,413 168,412 402,410 613,407 415,407 180,407 693,441 870,440 635,439 601,438 492,437 889,436 427,432 932,429 501,428 715,427 712,854 245,852 177,851 353,850 607,851 057,848 829,843 545,836 916,835 895,835 405
ITH36,Padova,453 927,453 451,453 256,454 054,455 794,455 981,456 297,455 085,455 805,457 316,480 211,479 477,478 634,478 410,478 073,477 719,476 332,474 113,474 544,474 291,934 138,932 928,931 890,932 464,933 867,933 700,932 629,929 198,930 349,931 607
ITH37,Rovigo,116 906,115 855,114 874,113 943,113 534,112 889,112 777,111 938,111 657,111 732,124 151,123 085,122 120,120 927,119 894,118 845,117 986,116 964,116 284,115 716,241 057,238 940,236 994,234 870,233 428,231 734,230 763,228 902,227 941,227 448
ITH4,Friuli-Venezia Giulia,590 625,588 364,586 908,587 547,588 663,586 719,585 861,582 704,582 902,583 829,631 039,627 844,625 901,623 608,621 751,619 497,615 649,611 943,611 346,610 787,1 221 664,1 216 208,1 212 809,1 211 155,1 210 414,1 206 216,1 201 510,1 194 647,1 194 248,1 194 616
ITH41,Pordenone,152 459,151 879,151 268,151 911,152 633,152 649,152 908,152 220,152 740,153 237,159 544,158 876,158 438,158 035,158 003,157 853,157 726,157 253,157 393,157 526,312 003,310 755,309 706,309 946,310 636,310 502,310 634,309 473,310 133,310 763
ITH42,Udine,259 645,258 192,257 293,256 763,256 578,255 362,253 242,252 116,251 711,251 832,277 409,276 199,275 344,273 954,272 652,271 112,267 875,266 326,265 665,265 311,537 054,534 391,532 637,530 717,529 230,526 474,521 117,518 442,517 376,517 143
ITH43,Gorizia,68 190,68 061,67 712,67 694,67 922,67 659,68 735,67 999,68 144,68 485,71 714,71 173,70 843,70 524,70 221,70 136,70 335,69 900,69 890,69 829,139 904,139 234,138 555,138 218,138 143,137 795,139 070,137 899,138 034,138 314
ITH44,Trieste,110 331,110 232,110 635,111 179,111 530,111 049,110 976,110 369,110 307,110 275,122 372,121 596,121 276,121 095,120 875,120 396,119 713,118 464,118 398,118 121,232 703,231 828,231 911,232 274,232 405,231 445,230 689,228 833,228 705,228 396
ITH5,Emilia-Romagna,2 144 659,2 147 522,2 152 079,2 159 179,2 169 647,2 173 781,2 165 988,2 163 535,2 171 006,2 182 780,2 289 718,2 287 958,2 287 689,2 286 741,2 289 806,2 290 338,2 272 949,2 261 831,2 266 572,2 269 158,4 434 377,4 435 480,4 439 768,4 445 920,4 459 453,4 464 119,4 438 937,4 425 366,4 437 578,4 451 938
ITH51,Piacenza,139 533,139 190,139 326,139 765,140 181,140 425,139 395,139 375,139 937,140 851,147 936,147 222,146 836,146 439,146 084,146 008,144 347,144 060,144 283,144 538,287 469,286 412,286 162,286 204,286 265,286 433,283 742,283 435,284 220,285 389
ITH52,Parma,215 166,216 841,217 992,219 544,220 998,222 547,220 560,220 623,222 199,224 009,228 726,229 923,230 463,230 942,231 507,232 326,229 068,228 293,229 489,230 140,443 892,446 764,448 455,450 486,452 505,454 873,449 628,448 916,451 688,454 149
ITH53,Reggio nell’Emilia,259 159,259 649,259 824,260 214,260 735,260 736,259 981,259 875,260 650,261 973,270 147,269 994,269 655,269 374,269 197,268 873,267 159,265 711,266 340,266 904,529 306,529 643,529 479,529 588,529 932,529 609,527 140,525 586,526 990,528 877
ITH54,Modena,340 986,341 091,341 552,343 016,346 204,346 686,345 930,345 567,347 206,349 080,359 236,359 075,358 920,358 946,360 553,360 433,357 766,356 184,357 126,357 365,700 222,700 166,700 472,701 962,706 757,707 119,703 696,701 751,704 332,706 445
ITH55,Bologna,480 513,482 860,485 807,487 688,490 811,493 185,491 283,489 835,491 615,494 362,521 585,522 162,524 024,524 862,526 740,528 316,524 325,520 977,522 509,523 174,1 002 098,1 005 022,1 009 831,1 012 550,1 017 551,1 021 501,1 015 608,1 010 812,1 014 124,1 017 536
ITH56,Ferrara,168 810,167 767,166 689,166 388,166 174,165 912,165 003,164 303,164 435,165 045,184 483,182 937,181 099,180 059,179 364,178 598,177 058,175 270,174 852,174 619,353 293,350 704,347 788,346 447,345 538,344 510,342 061,339 573,339 287,339 664
ITH57,Ravenna,188 690,188 741,189 156,189 649,189 246,188 761,188 514,188 427,188 942,189 845,201 734,201 255,200 768,200 290,199 667,199 209,198 129,197 204,197 413,197 384,390 424,389 996,389 924,389 939,388 913,387 970,386 643,385 631,386 355,387 229
ITH58,Forlì-Cesena,191 426,190 833,190 619,191 356,192 526,192 660,191 757,191 340,191 704,192 631,203 531,202 884,202 718,202 511,202 912,202 646,200 885,199 953,199 944,200 181,394 957,393 717,393 337,393 867,395 438,395 306,392 642,391 293,391 648,392 812
ITH59,Rimini,160 376,160 550,161 114,161 559,162 772,162 869,163 565,164 190,164 318,164 984,172 340,172 506,173 206,173 318,173 782,173 929,174 212,174 179,174 616,174 853,332 716,333 056,334 320,334 877,336 554,336 798,337 777,338 369,338 934,339 837
ITI,Centro (IT),5 733 376,5 734 841,5 741 620,5 740 553,5 736 110,5 719 084,5 703 014,5 685 827,5 687 171,5 689 792,6 184 724,6 175 623,6 167 315,6 148 909,6 132 374,6 112 008,6 083 938,6 038 208,6 036 051,6 021 297,11 918 100,11 910 464,11 908 935,11 889 462,11 868 484,11 831 092,11 786 952,11 724 035,11 723 222,11 711 089
ITI1,Toscana,1 796 865,1 791 879,1 792 459,1 791 476,1 788 031,1 784 318,1 788 550,1 776 806,1 776 898,1 779 906,1 942 179,1 934 543,1 928 932,1 920 572,1 913 312,1 908 237,1 904 315,1 886 385,1 885 083,1 880 624,3 739 044,3 726 422,3 721 391,3 712 048,3 701 343,3 692 555,3 692 865,3 663 191,3 661 981,3 660 530
ITI11,Massa-Carrara,95 571,94 599,94 006,93 778,93 221,92 752,92 066,91 522,91 051,90 955,103 226,102 090,101 181,100 429,99 614,98 933,97 770,96 961,96 532,96 027,198 797,196 689,195 187,194 207,192 835,191 685,189 836,188 483,187 583,186 982
ITI12,Lucca,188 054,186 750,186 408,185 986,185 344,184 891,185 702,185 327,185 300,185 451,203 278,201 547,200 333,199 343,198 133,197 652,198 255,197 137,196 884,196 375,391 332,388 297,386 741,385 329,383 477,382 543,383 957,382 464,382 184,381 826
ITI13,Pistoia,139 737,139 545,139 675,140 122,140 623,140 888,140 427,140 180,140 397,140 787,151 530,151 067,150 787,150 543,150 790,150 809,149 818,149 234,149 362,149 102,291 267,290 612,290 462,290 665,291 413,291 697,290 245,289 414,289 759,289 889
ITI14,Firenze,480 019,480 230,481 488,480 886,479 118,477 451,480 134,475 874,476 448,477 473,525 795,525 129,524 336,522 027,519 858,518 066,518 297,511 386,511 746,511 312,1 005 814,1 005 359,1 005 824,1 002 913,998 976,995 517,998 431,987 260,988 194,988 785
ITI15,Prato,122 538,122 939,123 527,124 202,124 968,125 302,130 365,126 596,127 190,127 899,130 050,130 461,131 079,131 057,131 566,131 771,134 904,131 527,132 054,132 022,252 588,253 400,254 606,255 259,256 534,257 073,265 269,258 123,259 244,259 921
ITI16,Livorno,162 194,161 589,161 575,161 064,160 455,160 003,158 750,158 108,157 983,158 140,176 180,175 271,174 295,173 419,172 432,171 874,170 246,169 154,168 622,168 175,338 374,336 860,335 870,334 483,332 887,331 877,328 996,327 262,326 605,326 315
ITI17,Pisa,204 282,203 750,204 348,204 209,203 666,203 611,203 730,203 533,203 546,204 311,216 780,216 034,216 216,215 427,214 634,214 511,214 253,213 508,213 624,213 363,421 062,419 784,420 564,419 636,418 300,418 122,417 983,417 041,417 170,417 674
ITI18,Arezzo,167 582,166 656,166 266,166 115,165 895,165 427,164 326,163 835,163 457,163 489,178 124,177 105,176 283,175 260,174 454,173 745,172 175,171 091,170 595,169 855,345 706,343 761,342 549,341 375,340 349,339 172,336 501,334 926,334 052,333 344
ITI19,Siena,129 312,128 767,128 258,128 348,128 176,127 696,127 334,126 414,126 254,126 420,140 600,139 912,139 072,138 532,137 857,137 483,136 467,134 795,134 303,133 572,269 912,268 679,267 330,266 880,266 033,265 179,263 801,261 209,260 557,259 992
ITI1A,Grosseto,107 576,107 054,106 908,106 766,106 565,106 297,105 716,105 417,105 272,104 981,116 616,115 927,115 350,114 535,113 974,113 393,112 130,111 592,111 361,110 821,224 192,222 981,222 258,221 301,220 539,219 690,217 846,217 009,216 633,215 802
ITI2,Umbria,426 009,424 345,423 330,421 997,421 451,419 894,417 708,415 195,414 273,413 318,462 279,459 747,457 662,454 480,452 293,450 271,447 744,443 617,442 134,439 750,888 288,884 092,880 992,876 477,873 744,870 165,865 452,858 812,856 407,853 068
ITI21,Perugia,316 528,315 479,314 756,313 913,313 631,312 637,312 004,310 134,309 653,309 118,342 291,340 518,339 046,336 611,335 198,334 073,333 502,330 348,329 571,328 104,658 819,655 997,653 802,650 524,648 829,646 710,645 506,640 482,639 224,637 222
ITI22,Terni,109 481,108 866,108 574,108 084,107 820,107 257,105 704,105 061,104 620,104 200,119 988,119 229,118 616,117 869,117 095,116 198,114 242,113 269,112 563,111 646,229 469,228 095,227 190,225 953,224 915,223 455,219 946,218 330,217 183,215 846
ITI3,Marche,747 758,744 554,742 550,741 129,739 088,735 691,729 583,725 470,724 914,725 906,798 111,793 888,789 910,785 202,781 233,776 981,768 653,761 680,759 384,756 840,1 545 869,1 538 442,1 532 460,1 526 331,1 520 321,1 512 672,1 498 236,1 487 150,1 484 298,1 482 746
ITI31,Pesaro e Urbino,175 800,174 946,174 891,175 206,174 947,174 252,172 844,171 326,171 484,172 049,186 169,185 257,184 478,183 827,183 196,182 245,180 428,178 492,178 045,177 833,361 969,360 203,359 369,359 033,358 143,356 497,353 272,349 818,349 529,349 882
ITI32,Ancona,229 166,228 591,227 780,227 377,227 133,226 467,225 501,224 705,225 001,225 761,246 945,245 743,244 318,243 156,242 033,240 984,238 918,236 982,236 654,235 868,476 111,474 334,472 098,470 533,469 166,467 451,464 419,461 687,461 655,461 629
ITI33,Macerata,155 546,154 630,153 975,153 037,152 188,151 062,149 554,148 680,148 235,148 121,165 348,164 427,163 567,161 907,160 834,159 753,157 856,156 306,155 593,154 872,320 894,319 057,317 542,314 944,313 022,310 815,307 410,304 986,303 828,302 993
ITI34,Ascoli Piceno,102 015,101 599,101 432,101 014,100 496,99 998,98 727,98 285,97 875,97 809,109 122,108 471,108 008,107 414,106 813,106 174,104 698,104 080,103 587,103 088,211 137,210 070,209 440,208 428,207 309,206 172,203 425,202 365,201 462,200 897
ITI35,Fermo,85 231,84 788,84 472,84 495,84 324,83 912,82 957,82 474,82 319,82 166,90 527,89 990,89 539,88 898,88 357,87 825,86 753,85 820,85 505,85 179,175 758,174 778,174 011,173 393,172 681,171 737,169 710,168 294,167 824,167 345
ITI4,Lazio,2 762 744,2 774 063,2 783 281,2 785 951,2 787 540,2 779 181,2 767 173,2 768 356,2 771 086,2 770 662,2 982 155,2 987 445,2 990 811,2 988 655,2 985 536,2 976 519,2 963 226,2 946 526,2 949 450,2 944 083,5 744 899,5 761 508,5 774 092,5 774 606,5 773 076,5 755 700,5 730 399,5 714 882,5 720 536,5 714 745
ITI41,Viterbo,154 586,153 835,153 142,153 184,152 870,151 969,151 430,151 710,151 395,151 524,162 716,161 847,160 861,159 826,158 891,157 826,157 400,157 027,156 763,156 162,317 302,315 682,314 003,313 010,311 761,309 795,308 830,308 737,308 158,307 686
ITI42,Rieti,77 200,77 033,76 747,76 436,75 885,75 490,75 121,75 329,75 091,74 943,80 277,79 836,79 128,78 392,77 649,77 007,76 214,75 814,75 366,75 045,157 477,156 869,155 875,154 828,153 534,152 497,151 335,151 143,150 457,149 988
ITI43,Roma,2 014 308,2 026 346,2 037 078,2 040 350,2 043 640,2 038 876,2 028 515,2 028 829,2 033 837,2 034 603,2 201 909,2 210 099,2 216 955,2 219 093,2 219 902,2 214 438,2 202 936,2 188 045,2 193 222,2 190 806,4 216 217,4 236 445,4 254 033,4 259 443,4 263 542,4 253 314,4 231 451,4 216 874,4 227 059,4 225 409
ITI44,Latina,276 456,277 632,278 086,278 758,278 505,278 063,280 109,281 053,280 847,280 962,286 037,286 011,285 822,285 411,284 766,284 529,286 115,286 386,286 149,285 911,562 493,563 643,563 908,564 169,563 271,562 592,566 224,567 439,566 996,566 873
ITI45,Frosinone,240 194,239 217,238 228,237 223,236 640,234 783,231 998,231 435,229 916,228 630,251 216,249 652,248 045,245 933,244 328,242 719,240 561,239 254,237 950,236 159,491 410,488 869,486 273,483 156,480 968,477 502,472 559,470 689,467 866,464 789
CY,Cyprus,411 825,412 692,416 663,421 508,427 831,434 471,437 650,441 083,465 129,475 594,435 183,435 627,438 139,442 728,448 068,453 534,458 357,463 622,483 955,490 771,847 008,848 319,854 802,864 236,875 899,888 005,896 007,904 705,949 084,966 365
CY0,Kýpros,411 825,412 692,416 663,421 508,427 831,434 471,437 650,441 083,465 129,475 594,435 183,435 627,438 139,442 728,448 068,453 534,458 357,463 622,483 955,490 771,847 008,848 319,854 802,864 236,875 899,888 005,896 007,904 705,949 084,966 365
CY00,Kýpros,411 825,412 692,416 663,421 508,427 831,434 471,437 650,441 083,465 129,475 594,435 183,435 627,438 139,442 728,448 068,453 534,458 357,463 622,483 955,490 771,847 008,848 319,854 802,864 236,875 899,888 005,896 007,904 705,949 084,966 365
CY000,Kýpros,411 825,412 692,416 663,421 508,427 831,434 471,437 650,441 083,465 129,475 594,435 183,435 627,438 139,442 728,448 068,453 534,458 357,463 622,483 955,490 771,847 008,848 319,854 802,864 236,875 899,888 005,896 007,904 705,949 084,966 365
LV,Latvia,911 207,904 299,895 683,889 641,884 909,880 956,875 225,869 057,872 321,868 740,1 074 889,1 064 658,1 054 433,1 044 738,1 035 059,1 026 719,1 017 998,1 006 700,1 010 687,1 003 142,1 986 096,1 968 957,1 950 116,1 934 379,1 919 968,1 907 675,1 893 223,1 875 757,1 883 008,1 871 882
LV0,Latvija,911 207,904 299,895 683,889 641,884 909,880 956,875 225,869 057,872 321,868 740,1 074 889,1 064 658,1 054 433,1 044 738,1 035 059,1 026 719,1 017 998,1 006 700,1 010 687,1 003 142,1 986 096,1 968 957,1 950 116,1 934 379,1 919 968,1 907 675,1 893 223,1 875 757,1 883 008,1 871 882
LV00,Latvija,911 207,904 299,895 683,889 641,884 909,880 956,875 225,869 057,872 321,868 740,1 074 889,1 064 658,1 054 433,1 044 738,1 035 059,1 026 719,1 017 998,1 006 700,1 010 687,1 003 142,1 986 096,1 968 957,1 950 116,1 934 379,1 919 968,1 907 675,1 893 223,1 875 757,1 883 008,1 871 882
LV003,Kurzeme (NUTS 2021),117 975,116 292,114 011,112 586,111 516,110 461,110 176,109 004,108 592,:,136 747,134 796,132 306,130 446,128 597,126 946,125 846,124 225,123 720,:,254 722,251 088,246 317,243 032,240 113,237 407,236 022,233 229,232 312,:
LV005,Latgale,129 994,127 937,124 906,122 411,120 531,118 732,117 480,115 129,114 308,112 572,151 587,148 601,145 305,142 446,139 695,137 236,135 202,132 091,130 745,128 495,281 581,276 538,270 211,264 857,260 226,255 968,252 682,247 220,245 053,241 067
LV006,Rīga (NUTS 2021),283 189,283 113,284 417,283 579,281 558,279 723,273 222,269 861,271 356,:,357 818,356 517,357 006,354 392,351 056,347 764,341 396,335 941,338 133,:,641 007,639 630,641 423,637 971,632 614,627 487,614 618,605 802,609 489,:
LV007,Pieriga (NUTS 2021),172 719,172 438,171 519,173 033,175 183,177 484,179 855,182 590,185 734,:,194 890,193 909,193 435,194 233,195 406,196 982,199 127,201 133,204 942,:,367 609,366 347,364 954,367 266,370 589,374 466,378 982,383 723,390 676,:
LV008,Vidzeme (NUTS 2021),93 317,91 860,89 876,88 353,87 346,86 431,86 442,85 382,85 259,:,105 710,104 138,101 918,100 141,98 749,97 507,96 957,95 384,95 172,:,199 027,195 998,191 794,188 494,186 095,183 938,183 399,180 766,180 431,:
LV009,Zemgale,114 013,112 659,110 954,109 679,108 775,108 125,108 050,107 091,107 072,106 110,128 137,126 697,124 463,123 080,121 556,120 284,119 470,117 926,117 975,116 918,242 150,239 356,235 417,232 759,230 331,228 409,227 520,225 017,225 047,223 028
LV00A,Rīga,:,:,:,:,:,:,:,:,:,391 253,:,:,:,:,:,:,:,:,:,468 782,:,:,:,:,:,:,:,:,:,860 035
LV00B,Kurzeme,:,:,:,:,:,:,:,:,:,128 656,:,:,:,:,:,:,:,:,:,145 261,:,:,:,:,:,:,:,:,:,273 917
LV00C,Vidzeme,:,:,:,:,:,:,:,:,:,130 149,:,:,:,:,:,:,:,:,:,143 686,:,:,:,:,:,:,:,:,:,273 835
LT,Lithuania,1 346 390,1 331 734,1 314 678,1 300 044,1 295 184,1 299 477,1 304 965,1 306 599,1 335 816,1 365 905,1 580 254,1 563 839,1 544 399,1 526 156,1 517 016,1 510 500,1 505 796,1 499 399,1 521 463,1 519 986,2 926 644,2 895 573,2 859 077,2 826 200,2 812 200,2 809 977,2 810 761,2 805 998,2 857 279,2 885 891
LT0,Lietuva,1 346 390,1 331 734,1 314 678,1 300 044,1 295 184,1 299 477,1 304 965,1 306 599,1 335 816,1 365 905,1 580 254,1 563 839,1 544 399,1 526 156,1 517 016,1 510 500,1 505 796,1 499 399,1 521 463,1 519 986,2 926 644,2 895 573,2 859 077,2 826 200,2 812 200,2 809 977,2 810 761,2 805 998,2 857 279,2 885 891
LT01,Sostinės regionas,365 815,364 411,364 123,365 022,366 728,371 131,375 569,380 465,397 128,411 598,433 724,432 044,430 965,430 112,431 373,433 217,435 228,437 485,451 596,456 653,799 539,796 455,795 088,795 134,798 101,804 348,810 797,817 950,848 724,868 251
LT011,Vilniaus apskritis,365 815,364 411,364 123,365 022,366 728,371 131,375 569,380 465,397 128,411 598,433 724,432 044,430 965,430 112,431 373,433 217,435 228,437 485,451 596,456 653,799 539,796 455,795 088,795 134,798 101,804 348,810 797,817 950,848 724,868 251
LT02,Vidurio ir vakarų Lietuvos regionas,980 575,967 323,950 555,935 022,928 456,928 346,929 396,926 134,938 688,954 307,1 146 530,1 131 795,1 113 434,1 096 044,1 085 643,1 077 283,1 070 568,1 061 914,1 069 867,1 063 333,2 127 105,2 099 118,2 063 989,2 031 066,2 014 099,2 005 629,1 999 964,1 988 048,2 008 555,2 017 640
LT021,Alytaus apskritis,69 684,68 593,67 224,65 856,65 092,64 622,64 238,63 229,63 368,62 786,80 421,79 323,77 815,76 323,75 367,74 419,73 503,72 474,72 252,71 395,150 105,147 916,145 039,142 179,140 459,139 041,137 741,135 703,135 620,134 181
LT022,Kauno apskritis,266 173,263 444,260 270,257 654,257 393,259 713,262 661,263 387,269 127,274 732,318 599,315 573,312 104,308 793,308 152,307 393,306 910,306 179,310 776,310 698,584 772,579 017,572 374,566 447,565 545,567 106,569 571,569 566,579 903,585 430
LT023,Klaipėdos apskritis,150 989,149 498,147 669,146 369,146 803,148 490,149 980,151 323,156 540,161 600,176 436,175 568,173 772,172 255,171 926,172 194,172 303,172 940,177 741,178 231,327 425,325 066,321 441,318 624,318 729,320 684,322 283,324 263,334 281,339 831
LT024,Marijampolės apskritis,72 528,71 346,69 701,68 007,66 898,66 245,65 682,64 794,64 536,64 381,80 714,79 098,77 378,75 560,74 429,73 501,72 610,71 635,71 251,70 282,153 242,150 444,147 079,143 567,141 327,139 746,138 292,136 429,135 787,134 663
LT025,Panevėžio apskritis,109 096,107 365,105 188,102 686,101 501,100 543,99 527,97 783,96 874,96 188,128 391,126 156,123 411,121 067,119 198,117 694,116 706,114 931,114 503,112 905,237 487,233 521,228 599,223 753,220 699,218 237,216 233,212 714,211 377,209 093
LT026,Šiaulių apskritis,129 235,126 993,124 465,123 132,122 150,122 034,121 724,122 366,124 882,128 684,153 576,150 959,148 087,145 414,143 348,141 861,140 496,138 779,139 174,138 119,282 811,277 952,272 552,268 546,265 498,263 895,262 220,261 145,264 056,266 803
LT027,Tauragės apskritis,48 744,47 941,46 914,45 642,44 771,43 986,43 396,42 537,42 629,43 346,55 297,54 441,53 145,51 923,50 962,50 040,49 271,48 356,47 988,47 188,104 041,102 382,100 059,97 565,95 733,94 026,92 667,90 893,90 617,90 534
LT028,Telšių apskritis,67 719,66 889,65 418,63 713,63 042,62 652,62 456,61 677,61 729,61 969,77 501,76 408,75 103,73 704,72 422,71 481,70 920,70 014,69 718,68 944,145 220,143 297,140 521,137 417,135 464,134 133,133 376,131 691,131 447,130 913
LT029,Utenos apskritis,66 407,65 254,63 706,61 963,60 806,60 061,59 732,59 038,59 003,60 621,75 595,74 269,72 619,71 005,69 839,68 700,67 849,66 606,66 464,65 571,142 002,139 523,136 325,132 968,130 645,128 761,127 581,125 644,125 467,126 192
LU,Luxembourg,281 972,289 193,296 641,302 580,308 720,314 964,319 456,325 064,332 444,338 274,280 986,287 056,294 026,299 425,305 174,311 144,315 274,320 333,328 365,333 776,562 958,576 249,590 667,602 005,613 894,626 108,634 730,645 397,660 809,672 050
LU0,Luxembourg,281 972,289 193,296 641,302 580,308 720,314 964,319 456,325 064,332 444,338 274,280 986,287 056,294 026,299 425,305 174,311 144,315 274,320 333,328 365,333 776,562 958,576 249,590 667,602 005,613 894,626 108,634 730,645 397,660 809,672 050
LU00,Luxembourg,281 972,289 193,296 641,302 580,308 720,314 964,319 456,325 064,332 444,338 274,280 986,287 056,294 026,299 425,305 174,311 144,315 274,320 333,328 365,333 776,562 958,576 249,590 667,602 005,613 894,626 108,634 730,645 397,660 809,672 050
LU000,Luxembourg,281 972,289 193,296 641,302 580,308 720,314 964,319 456,325 064,332 444,338 274,280 986,287 056,294 026,299 425,305 174,311 144,315 274,320 333,328 365,333 776,562 958,576 249,590 667,602 005,613 894,626 108,634 730,645 397,660 809,672 050
HU,Hungary,4 687 436,4 678 478,4 663 753,4 658 683,4 660 856,4 663 876,4 647 359,4 628 875,4 625 260,4 623 378,5 128 422,5 101 174,5 076 104,5 054 972,5 039 416,5 025 500,5 004 102,4 981 528,4 974 484,4 961 249,9 815 858,9 779 652,9 739 857,9 713 655,9 700 272,9 689 376,9 651 461,9 610 403,9 599 744,9 584 627
HU1,Közép-Magyarország,1 396 879,1 400 970,1 403 363,1 410 228,1 421 624,1 429 940,1 423 215,1 422 891,1 429 563,1 442 025,1 566 359,1 566 355,1 566 346,1 567 241,1 571 155,1 574 938,1 567 677,1 565 516,1 570 231,1 577 454,2 963 238,2 967 325,2 969 709,2 977 469,2 992 779,3 004 878,2 990 892,2 988 407,2 999 794,3 019 479
HU11,Budapest,806 199,805 733,801 943,801 218,803 939,802 837,790 343,782 132,782 385,792 495,935 402,932 837,926 986,921 815,918 424,914 307,900 160,890 311,888 619,893 727,1 741 601,1 738 570,1 728 929,1 723 033,1 722 363,1 717 144,1 690 503,1 672 443,1 671 004,1 686 222
HU110,Budapest,806 199,805 733,801 943,801 218,803 939,802 837,790 343,782 132,782 385,792 495,935 402,932 837,926 986,921 815,918 424,914 307,900 160,890 311,888 619,893 727,1 741 601,1 738 570,1 728 929,1 723 033,1 722 363,1 717 144,1 690 503,1 672 443,1 671 004,1 686 222
HU12,Pest,590 680,595 237,601 420,609 010,617 685,627 103,632 872,640 759,647 178,649 530,630 957,633 518,639 360,645 426,652 731,660 631,667 517,675 205,681 612,683 727,1 221 637,1 228 755,1 240 780,1 254 436,1 270 416,1 287 734,1 300 389,1 315 964,1 328 790,1 333 257
HU120,Pest,590 680,595 237,601 420,609 010,617 685,627 103,632 872,640 759,647 178,649 530,630 957,633 518,639 360,645 426,652 731,660 631,667 517,675 205,681 612,683 727,1 221 637,1 228 755,1 240 780,1 254 436,1 270 416,1 287 734,1 300 389,1 315 964,1 328 790,1 333 257
HU2,Dunántúl,1 419 953,1 416 168,1 410 555,1 408 451,1 409 651,1 412 541,1 411 455,1 405 907,1 405 135,1 401 691,1 528 722,1 519 346,1 511 434,1 506 195,1 502 644,1 500 624,1 499 709,1 495 803,1 495 863,1 489 601,2 948 675,2 935 514,2 921 989,2 914 646,2 912 295,2 913 165,2 911 164,2 901 710,2 900 998,2 891 292
HU21,Közép-Dunántúl,515 464,515 373,513 649,514 169,516 605,518 990,518 166,516 252,516 182,515 644,549 057,546 933,544 167,543 280,543 701,543 992,543 813,542 657,543 217,541 659,1 064 521,1 062 306,1 057 816,1 057 449,1 060 306,1 062 982,1 061 979,1 058 909,1 059 399,1 057 303
HU211,Fejér,202 848,203 547,202 692,203 185,204 065,204 689,204 640,204 597,204 909,205 062,214 723,214 818,213 370,213 382,213 503,213 729,213 994,213 945,214 656,214 428,417 571,418 365,416 062,416 567,417 568,418 418,418 634,418 542,419 565,419 490
HU212,Komárom-Esztergom,144 565,144 626,144 534,144 877,146 366,147 784,147 215,146 467,146 726,147 184,155 766,154 965,154 670,154 568,155 005,155 557,154 923,154 402,154 766,154 650,300 331,299 591,299 204,299 445,301 371,303 341,302 138,300 869,301 492,301 834
HU213,Veszprém,168 051,167 200,166 423,166 107,166 174,166 517,166 311,165 188,164 547,163 398,178 568,177 150,176 127,175 330,175 193,174 706,174 896,174 310,173 795,172 581,346 619,344 350,342 550,341 437,341 367,341 223,341 207,339 498,338 342,335 979
HU22,Nyugat-Dunántúl,470 889,470 692,469 825,470 501,472 326,474 885,475 800,475 669,476 967,476 860,504 865,502 474,501 085,500 896,501 261,502 201,503 659,504 075,505 957,504 709,975 754,973 166,970 910,971 397,973 587,977 086,979 459,979 744,982 924,981 569
HU221,Győr-Moson-Sopron,217 055,217 929,218 553,220 415,223 048,226 046,228 616,228 924,230 136,231 008,230 688,230 704,231 198,232 355,234 283,236 208,238 803,239 541,241 173,242 238,447 743,448 633,449 751,452 770,457 331,462 254,467 419,468 465,471 309,473 246
HU222,Vas,121 647,121 466,121 074,120 986,120 944,121 215,120 842,120 611,121 015,120 707,130 115,129 317,128 737,128 604,128 485,128 357,128 078,128 298,128 797,127 492,251 762,250 783,249 811,249 590,249 429,249 572,248 920,248 909,249 812,248 199
HU223,Zala,132 187,131 297,130 198,129 100,128 334,127 624,126 342,126 134,125 816,125 145,144 062,142 453,141 150,139 937,138 493,137 636,136 778,136 236,135 987,134 979,276 249,273 750,271 348,269 037,266 827,265 260,263 120,262 370,261 803,260 124
HU23,Dél-Dunántúl,433 600,430 103,427 081,423 781,420 720,418 666,417 489,413 986,411 986,409 187,474 800,469 939,466 182,462 019,457 682,454 431,452 237,449 071,446 689,443 233,908 400,900 042,893 263,885 800,878 402,873 097,869 726,863 057,858 675,852 420
HU231,Baranya,176 947,175 924,174 977,174 252,172 988,172 453,171 530,170 418,169 562,168 585,195 518,194 097,192 871,191 781,190 215,189 313,187 999,186 648,185 753,184 746,372 465,370 021,367 848,366 033,363 203,361 766,359 529,357 066,355 315,353 331
HU232,Somogy,148 315,146 986,145 827,144 390,143 447,142 740,143 395,142 249,141 773,140 669,162 622,160 604,159 065,157 409,155 806,154 752,155 110,154 173,153 543,152 022,310 937,307 590,304 892,301 799,299 253,297 492,298 505,296 422,295 316,292 691
HU233,Tolna,108 338,107 193,106 277,105 139,104 285,103 473,102 564,101 319,100 651,99 933,116 660,115 238,114 246,112 829,111 661,110 366,109 128,108 250,107 393,106 465,224 998,222 431,220 523,217 968,215 946,213 839,211 692,209 569,208 044,206 398
HU3,Alföld és Észak,1 870 604,1 861 340,1 849 835,1 840 004,1 829 581,1 821 395,1 812 689,1 800 077,1 790 562,1 779 662,2 033 341,2 015 473,1 998 324,1 981 536,1 965 617,1 949 938,1 936 716,1 920 209,1 908 390,1 894 194,3 903 945,3 876 813,3 848 159,3 821 540,3 795 198,3 771 333,3 749 405,3 720 286,3 698 952,3 673 856
HU31,Észak-Magyarország,556 028,551 708,547 501,544 029,540 769,538 181,535 918,532 164,528 686,523 964,607 790,600 960,595 391,589 819,584 416,579 074,575 275,569 205,565 104,559 363,1 163 818,1 152 668,1 142 892,1 133 848,1 125 185,1 117 255,1 111 193,1 101 369,1 093 790,1 083 327
HU311,Borsod-Abaúj-Zemplén,320 031,317 592,315 067,312 767,310 494,308 646,307 125,304 942,302 344,299 189,348 675,344 631,341 327,337 753,334 461,331 147,328 519,324 679,321 875,318 611,668 706,662 223,656 394,650 520,644 955,639 793,635 644,629 621,624 219,617 800
HU312,Heves,142 444,141 601,140 670,140 277,139 956,139 725,139 016,138 229,137 993,136 944,158 041,156 612,155 159,154 200,153 229,152 102,151 380,150 201,149 540,148 114,300 485,298 213,295 829,294 477,293 185,291 827,290 396,288 430,287 533,285 058
HU313,Nógrád,93 553,92 515,91 764,90 985,90 319,89 810,89 777,88 993,88 349,87 831,101 074,99 717,98 905,97 866,96 726,95 825,95 376,94 325,93 689,92 638,194 627,192 232,190 669,188 851,187 045,185 635,185 153,183 318,182 038,180 469
HU32,Észak-Alföld,709 333,707 624,705 242,702 192,697 947,694 419,691 761,686 524,683 027,680 536,763 890,758 765,753 888,747 999,742 044,736 273,731 728,726 016,721 985,718 038,1 473 223,1 466 389,1 459 130,1 450 191,1 439 991,1 430 692,1 423 489,1 412 540,1 405 012,1 398 574
HU321,Hajdú-Bihar,257 708,256 803,255 673,254 997,253 915,253 692,253 694,252 976,252 615,253 114,278 221,276 521,274 858,273 400,271 746,270 459,269 954,268 826,268 041,267 436,535 929,533 324,530 531,528 397,525 661,524 151,523 648,521 802,520 656,520 550
HU322,Jász-Nagykun-Szolnok,182 925,181 430,180 249,179 512,179 153,177 781,176 296,174 710,173 523,172 232,196 059,193 812,192 205,190 484,189 378,187 471,185 788,184 173,182 865,181 279,378 984,375 242,372 454,369 996,368 531,365 252,362 084,358 883,356 388,353 511
HU323,Szabolcs-Szatmár-Bereg,268 700,269 391,269 320,267 683,264 879,262 946,261 771,258 838,256 889,255 190,289 610,288 432,286 825,284 115,280 920,278 343,275 986,273 017,271 079,269 323,558 310,557 823,556 145,551 798,545 799,541 289,537 757,531 855,527 968,524 513
HU33,Dél-Alföld,605 243,602 008,597 092,593 783,590 865,588 795,585 010,581 389,578 849,575 162,661 661,655 748,649 045,643 718,639 157,634 591,629 713,624 988,621 301,616 793,1 266 904,1 257 756,1 246 137,1 237 501,1 230 022,1 223 386,1 214 723,1 206 377,1 200 150,1 191 955
HU331,Bács-Kiskun,245 564,244 913,243 437,242 487,241 971,241 607,240 705,239 832,239 512,238 310,266 906,265 022,262 829,261 301,259 865,258 433,257 251,255 843,255 051,253 322,512 470,509 935,506 266,503 788,501 836,500 040,497 956,495 675,494 563,491 632
HU332,Békés,167 265,165 203,162 914,160 763,158 708,156 918,155 078,153 383,151 724,150 104,181 312,178 568,175 895,173 204,171 034,168 672,166 583,164 698,162 656,160 808,348 577,343 771,338 809,333 967,329 742,325 590,321 661,318 081,314 380,310 912
HU333,Csongrád-Csanád,192 414,191 892,190 741,190 533,190 186,190 270,189 227,188 174,187 613,186 748,213 443,212 158,210 321,209 213,208 258,207 486,205 879,204 447,203 594,202 663,405 857,404 050,401 062,399 746,398 444,397 756,395 106,392 621,391 207,389 411
HUX,Not regionalised/Unknown NUTS 1,0,0,0,0,0,0,:,:,:,:,0,0,0,0,0,0,:,:,:,:,0,0,0,0,0,0,:,:,:,:
HUXX,Not regionalised/Unknown NUTS 2,0,0,0,0,0,0,:,:,:,:,0,0,0,0,0,0,:,:,:,:,0,0,0,0,0,0,:,:,:,:
HUXXX,Not regionalised/Unknown NUTS 3,0,0,0,0,0,0,:,:,:,:,0,0,0,0,0,0,:,:,:,:,0,0,0,0,0,0,:,:,:,:
MT,Malta,220 495,226 508,231 743,240 738,252 181,266 559,267 614,270 469,284 821,298 746,218 310,223 127,227 632,234 099,240 787,248 296,248 511,249 705,257 230,264 697,438 805,449 635,459 375,474 837,492 968,514 855,516 125,520 174,542 051,563 443
MT0,Malta,220 495,226 508,231 743,240 738,252 181,266 559,267 614,270 469,284 821,298 746,218 310,223 127,227 632,234 099,240 787,248 296,248 511,249 705,257 230,264 697,438 805,449 635,459 375,474 837,492 968,514 855,516 125,520 174,542 051,563 443
MT00,Malta,220 495,226 508,231 743,240 738,252 181,266 559,267 614,270 469,284 821,298 746,218 310,223 127,227 632,234 099,240 787,248 296,248 511,249 705,257 230,264 697,438 805,449 635,459 375,474 837,492 968,514 855,516 125,520 174,542 051,563 443
MT001,Malta,204 291,210 017,214 889,223 304,233 928,247 032,247 811,250 063,263 754,277 258,202 084,206 702,210 943,216 960,223 144,229 991,229 907,230 844,238 106,245 259,406 375,416 719,425 832,440 264,457 072,477 023,477 718,480 907,501 860,522 517
MT002,Gozo and Comino/Għawdex u Kemmuna,16 204,16 491,16 854,17 434,18 253,19 527,19 803,20 406,21 067,21 488,16 226,16 425,16 689,17 139,17 643,18 305,18 604,18 861,19 124,19 438,32 430,32 916,33 543,34 573,35 896,37 832,38 407,39 267,40 191,40 926
NL,Netherlands,8 372 858,8 417 135,8 475 102,8 527 041,8 581 086,8 648 031,8 686 536,8 745 468,8 850 309,8 920 768,8 527 868,8 561 985,8 606 405,8 654 043,8 701 077,8 759 554,8 788 879,8 845 204,8 960 982,9 022 174,16 900 726,16 979 120,17 081 507,17 181 084,17 282 163,17 407 585,17 475 415,17 590 672,17 811 291,17 942 942
NL1,Noord-Nederland,856 500,856 917,859 337,859 645,860 658,863 870,866 176,870 805,878 102,883 727,862 275,861 473,862 910,862 667,863 171,865 635,866 967,871 127,879 575,883 653,1 718 775,1 718 390,1 722 247,1 722 312,1 723 829,1 729 505,1 733 143,1 741 932,1 757 677,1 767 380
NL11,Groningen,290 840,291 058,291 291,290 938,291 436,292 444,293 361,294 948,297 573,300 286,293 102,292 663,292 290,292 006,292 554,293 422,293 576,295 222,298 502,301 061,583 942,583 721,583 581,582 944,583 990,585 866,586 937,590 170,596 075,601 347
NL111,Oost-Groningen (NUTS 2021),74 279,74 167,73 539,73 208,73 258,73 427,67 780,68 280,68 879,:,74 687,74 416,73 854,73 577,73 545,73 766,68 059,68 325,68 857,:,148 966,148 583,147 393,146 785,146 803,147 193,135 839,136 605,137 736,:
NL112,Delfzijl en omgeving,23 688,23 453,23 383,23 165,23 009,22 930,22 841,22 760,22 743,22 681,23 872,23 658,23 467,23 231,23 042,22 927,22 746,22 629,22 651,22 425,47 560,47 111,46 850,46 396,46 051,45 857,45 587,45 389,45 394,45 106
NL113,Overig Groningen (NUTS 2021),192 873,193 438,194 369,194 565,195 169,196 087,202 740,203 908,205 951,:,194 543,194 589,194 969,195 198,195 967,196 729,202 771,204 268,206 994,:,387 416,388 027,389 338,389 763,391 136,392 816,405 511,408 176,412 945,:
NL114,Oost-Groningen,:,:,:,:,:,:,:,:,:,69 047,:,:,:,:,:,:,:,:,:,68 873,:,:,:,:,:,:,:,:,:,137 920
NL115,Overig Groningen,:,:,:,:,:,:,:,:,:,208 558,:,:,:,:,:,:,:,:,:,209 763,:,:,:,:,:,:,:,:,:,418 321
NL12,Friesland (NL),323 398,323 376,324 048,324 491,324 666,325 951,326 788,328 155,330 889,332 347,322 859,322 664,322 826,322 777,323 006,324 006,324 647,325 864,328 662,329 557,646 257,646 040,646 874,647 268,647 672,649 957,651 435,654 019,659 551,661 904
NL124,Noord-Friesland (NUTS 2021),162 542,162 571,162 847,162 905,162 957,163 681,161 452,162 252,163 931,:,161 561,161 506,161 520,161 346,161 696,162 359,160 110,161 107,162 652,:,324 103,324 077,324 367,324 251,324 653,326 040,321 562,323 359,326 583,:
NL125,Zuidwest-Friesland (NUTS 2021),67 904,67 922,68 171,68 374,68 234,68 486,71 350,71 523,72 020,:,67 473,67 391,67 572,67 630,67 530,67 672,70 427,70 374,70 855,:,135 377,135 313,135 743,136 004,135 764,136 158,141 777,141 897,142 875,:
NL126,Zuidoost-Friesland,92 952,92 883,93 030,93 212,93 475,93 784,93 986,94 380,94 938,95 470,93 825,93 767,93 734,93 801,93 780,93 975,94 110,94 383,95 155,95 348,186 777,186 650,186 764,187 013,187 255,187 759,188 096,188 763,190 093,190 818
NL127,Noord-Friesland,:,:,:,:,:,:,:,:,:,165 023,:,:,:,:,:,:,:,:,:,163 713,:,:,:,:,:,:,:,:,:,328 736
NL128,Zuidwest-Friesland,:,:,:,:,:,:,:,:,:,71 854,:,:,:,:,:,:,:,:,:,70 496,:,:,:,:,:,:,:,:,:,142 350
NL13,Drenthe,242 262,242 483,243 998,244 216,244 556,245 475,246 027,247 702,249 640,251 094,246 314,246 146,247 794,247 884,247 611,248 207,248 744,250 041,252 411,253 035,488 576,488 629,491 792,492 100,492 167,493 682,494 771,497 743,502 051,504 129
NL131,Noord-Drenthe,93 704,93 829,95 222,95 070,94 955,95 445,95 701,96 133,96 753,97 233,95 655,95 768,97 275,97 032,96 560,96 924,97 107,97 573,98 555,98 827,189 359,189 597,192 497,192 102,191 515,192 369,192 808,193 706,195 308,196 060
NL132,Zuidoost-Drenthe,83 824,83 725,83 701,83 543,83 695,83 744,83 734,84 454,85 182,85 689,84 988,84 611,84 430,84 299,84 273,84 160,84 205,84 600,85 202,85 396,168 812,168 336,168 131,167 842,167 968,167 904,167 939,169 054,170 384,171 085
NL133,Zuidwest-Drenthe,64 734,64 929,65 075,65 603,65 906,66 286,66 592,67 115,67 705,68 172,65 671,65 767,66 089,66 553,66 778,67 123,67 432,67 868,68 654,68 812,130 405,130 696,131 164,132 156,132 684,133 409,134 024,134 983,136 359,136 984
NL2,Oost-Nederland,1 773 765,1 782 445,1 794 283,1 804 460,1 816 378,1 830 858,1 841 523,1 854 905,1 876 518,1 890 486,1 795 256,1 801 254,1 809 123,1 818 814,1 828 571,1 840 521,1 849 839,1 862 248,1 886 224,1 898 444,3 569 021,3 583 699,3 603 406,3 623 274,3 644 949,3 671 379,3 691 362,3 717 153,3 762 742,3 788 930
NL21,Overijssel,570 894,573 324,575 428,577 431,580 491,583 756,586 055,589 158,594 954,598 158,569 758,570 956,572 259,574 070,575 940,578 650,580 478,582 752,589 379,590 875,1 140 652,1 144 280,1 147 687,1 151 501,1 156 431,1 162 406,1 166 533,1 171 910,1 184 333,1 189 033
NL211,Noord-Overijssel,180 466,181 969,183 135,184 545,186 136,187 682,189 004,190 369,192 895,194 152,181 228,182 331,183 184,184 274,185 472,186 977,188 288,189 542,192 578,193 471,361 694,364 300,366 319,368 819,371 608,374 659,377 292,379 911,385 473,387 623
NL212,Zuidwest-Overijssel,76 049,76 394,76 684,77 029,77 428,77 950,78 389,78 700,79 651,80 059,76 933,77 061,77 475,77 805,78 111,78 733,79 119,79 382,80 312,80 545,152 982,153 455,154 159,154 834,155 539,156 683,157 508,158 082,159 963,160 604
NL213,Twente,314 379,314 961,315 609,315 857,316 927,318 124,318 662,320 089,322 408,323 947,311 597,311 564,311 600,311 991,312 357,312 940,313 071,313 828,316 489,316 859,625 976,626 525,627 209,627 848,629 284,631 064,631 733,633 917,638 897,640 806
NL22,Gelderland,1 001 922,1 006 964,1 014 717,1 021 117,1 027 649,1 035 459,1 041 167,1 048 162,1 059 161,1 066 793,1 024 656,1 028 387,1 033 184,1 038 986,1 044 323,1 050 493,1 055 436,1 062 310,1 074 547,1 082 278,2 026 578,2 035 351,2 047 901,2 060 103,2 071 972,2 085 952,2 096 603,2 110 472,2 133 708,2 149 071
NL221,Veluwe,329 926,332 324,335 571,338 585,341 609,345 263,348 174,351 315,355 634,358 996,338 020,339 703,342 091,344 655,347 190,350 237,352 801,355 573,360 158,363 497,667 946,672 027,677 662,683 240,688 799,695 500,700 975,706 888,715 792,722 493
NL224,Zuidwest-Gelderland,118 567,119 028,119 959,120 713,122 246,123 675,124 805,126 047,127 782,128 263,118 981,119 277,119 931,120 531,121 806,122 890,123 869,124 921,126 878,127 392,237 548,238 305,239 890,241 244,244 052,246 565,248 674,250 968,254 660,255 655
NL225,Achterhoek,198 489,198 805,199 353,199 549,199 713,200 038,200 625,201 291,202 634,203 093,200 283,200 455,200 568,200 867,200 972,201 155,201 614,202 105,203 627,203 692,398 772,399 260,399 921,400 416,400 685,401 193,402 239,403 396,406 261,406 785
NL226,Arnhem/Nijmegen,354 940,356 807,359 834,362 270,364 081,366 483,367 563,369 509,373 111,376 441,367 372,368 952,370 594,372 933,374 355,376 211,377 152,379 711,383 884,387 697,722 312,725 759,730 428,735 203,738 436,742 694,744 715,749 220,756 995,764 138
NL23,Flevoland,200 949,202 157,204 138,205 912,208 238,211 643,214 301,217 585,222 403,225 535,200 842,201 911,203 680,205 758,208 308,211 378,213 925,217 186,222 298,225 291,401 791,404 068,407 818,411 670,416 546,423 021,428 226,434 771,444 701,450 826
NL230,Flevoland,200 949,202 157,204 138,205 912,208 238,211 643,214 301,217 585,222 403,225 535,200 842,201 911,203 680,205 758,208 308,211 378,213 925,217 186,222 298,225 291,401 791,404 068,407 818,411 670,416 546,423 021,428 226,434 771,444 701,450 826
NL3,West-Nederland,3 944 087,3 974 255,4 008 915,4 041 899,4 074 368,4 113 290,4 132 830,4 162 319,4 216 748,4 254 597,4 062 151,4 087 767,4 116 862,4 148 115,4 178 074,4 213 255,4 228 259,4 258 092,4 319 547,4 354 041,8 006 238,8 062 022,8 125 777,8 190 014,8 252 442,8 326 545,8 361 089,8 420 411,8 536 295,8 608 638
NL31,Utrecht (NUTS 2021),618 888,624 475,630 345,635 951,642 078,648 738,670 178,674 377,682 812,:,644 684,649 138,654 159,659 533,664 834,670 493,690 975,695 496,704 831,:,1 263 572,1 273 613,1 284 504,1 295 484,1 306 912,1 319 231,1 361 153,1 369 873,1 387 643,:
NL310,Utrecht (NUTS 2021),618 888,624 475,630 345,635 951,642 078,648 738,670 178,674 377,682 812,:,644 684,649 138,654 159,659 533,664 834,670 493,690 975,695 496,704 831,:,1 263 572,1 273 613,1 284 504,1 295 484,1 306 912,1 319 231,1 361 153,1 369 873,1 387 643,:
NL32,Noord-Holland,1 360 069,1 372 462,1 386 465,1 397 944,1 409 569,1 423 303,1 428 559,1 438 477,1 457 961,1 470 038,1 401 860,1 412 392,1 423 018,1 433 238,1 443 790,1 456 224,1 459 927,1 471 350,1 494 661,1 506 449,2 761 929,2 784 854,2 809 483,2 831 182,2 853 359,2 879 527,2 888 486,2 909 827,2 952 622,2 976 487
NL321,Kop van Noord-Holland,186 363,186 500,186 946,187 552,188 131,189 376,190 117,190 906,192 888,193 415,185 732,186 106,186 320,186 909,187 528,188 393,189 187,190 160,192 855,193 139,372 095,372 606,373 266,374 461,375 659,377 769,379 304,381 066,385 743,386 554
NL323,IJmond,95 899,96 429,97 079,97 616,98 117,98 825,98 955,98 931,99 499,99 950,98 239,98 600,99 101,99 566,99 871,100 283,100 434,100 650,101 250,101 375,194 138,195 029,196 180,197 182,197 988,199 108,199 389,199 581,200 749,201 325
NL324,Agglomeratie Haarlem (NUTS 2021),110 257,111 458,112 665,113 251,114 534,115 556,112 575,112 906,114 311,:,117 390,118 114,118 890,119 583,120 607,121 538,118 159,118 388,120 327,:,227 647,229 572,231 555,232 834,235 141,237 094,230 734,231 294,234 638,:
NL325,Zaanstreek,82 618,83 134,83 847,84 534,85 292,85 626,85 845,85 937,87 520,88 352,84 540,84 996,85 652,86 326,86 922,87 438,87 389,87 610,88 710,89 589,167 158,168 130,169 499,170 860,172 214,173 064,173 234,173 547,176 230,177 941
NL327,Het Gooi en Vechtstreek,119 491,120 378,121 761,122 914,124 005,125 092,126 212,126 995,118 715,119 260,127 006,127 946,128 931,130 060,130 965,131 983,132 897,133 669,125 084,125 506,246 497,248 324,250 692,252 974,254 970,257 075,259 109,260 664,243 799,244 766
NL328,Alkmaar en omgeving,119 136,119 655,120 781,121 644,122 341,123 411,124 091,125 208,126 248,126 890,121 369,121 966,122 851,123 552,124 389,125 582,126 386,127 410,129 028,129 734,240 505,241 621,243 632,245 196,246 730,248 993,250 477,252 618,255 276,256 624
NL329,Groot-Amsterdam (NUTS 2021),646 305,654 908,663 386,670 433,677 149,685 417,690 764,697 594,718 780,:,667 584,674 664,681 273,687 242,693 508,701 007,705 475,713 463,737 407,:,1 313 889,1 329 572,1 344 659,1 357 675,1 370 657,1 386 424,1 396 239,1 411 057,1 456 187,:
NL32A,Agglomeratie Haarlem,:,:,:,:,:,:,:,:,:,115 298,:,:,:,:,:,:,:,:,:,121 186,:,:,:,:,:,:,:,:,:,236 484
NL32B,Groot-Amsterdam,:,:,:,:,:,:,:,:,:,726 873,:,:,:,:,:,:,:,:,:,745 920,:,:,:,:,:,:,:,:,:,1 472 793
NL33,Zuid-Holland (NUTS 2021),1 776 412,1 788 203,1 802 768,1 818 321,1 832 619,1 850 814,1 842 669,1 857 303,1 881 868,:,1 823 599,1 834 100,1 847 454,1 862 723,1 876 520,1 893 485,1 883 381,1 896 641,1 923 038,:,3 600 011,3 622 303,3 650 222,3 681 044,3 709 139,3 744 299,3 726 050,3 753 944,3 804 906,:
NL332,Agglomeratie 's-Gravenhage (NUTS 2021),410 639,414 708,419 430,424 900,429 141,435 367,438 003,442 376,449 339,:,427 376,430 717,434 557,439 229,443 070,448 353,449 860,454 095,461 013,:,838 015,845 425,853 987,864 129,872 211,883 720,887 863,896 471,910 352,:
NL333,Delft en Westland (NUTS 2021),115 433,115 744,116 267,117 857,118 764,119 557,119 955,121 127,122 965,:,108 608,109 123,109 780,111 226,112 393,113 754,114 422,115 377,117 480,:,224 041,224 867,226 047,229 083,231 157,233 311,234 377,236 504,240 445,:
NL337,Agglomeratie Leiden en Bollenstreek (NUTS 2021),204 173,205 630,207 248,208 772,210 020,211 593,212 388,213 854,216 414,:,210 933,212 393,214 048,215 885,217 197,218 765,219 207,220 673,223 898,:,415 106,418 023,421 296,424 657,427 217,430 358,431 595,434 527,440 312,:
NL33A,Zuidoost-Zuid-Holland (NUTS 2021),197 735,198 151,198 943,199 815,200 529,201 728,184 553,185 656,188 014,:,202 494,202 757,203 430,204 294,204 952,205 845,188 452,189 312,191 738,:,400 229,400 908,402 373,404 109,405 481,407 573,373 005,374 968,379 752,:
NL33B,Oost-Zuid-Holland (NUTS 2021),158 115,159 198,160 928,162 809,164 734,166 199,167 942,169 306,171 601,:,160 573,161 560,163 126,165 012,166 887,168 418,169 856,171 175,173 969,:,318 688,320 758,324 054,327 821,331 621,334 617,337 798,340 481,345 570,:
NL33C,Groot-Rijnmond (NUTS 2021),690 317,694 772,699 952,704 168,709 431,716 370,719 828,724 984,733 535,:,713 615,717 550,722 513,727 077,732 021,738 350,741 584,746 009,754 940,:,1 403 932,1 412 322,1 422 465,1 431 245,1 441 452,1 454 720,1 461 412,1 470 993,1 488 475,:
NL34,Zeeland,188 718,189 115,189 337,189 683,190 102,190 435,191 424,192 162,194 107,194 618,192 008,192 137,192 231,192 621,192 930,193 053,193 976,194 605,197 017,197 016,380 726,381 252,381 568,382 304,383 032,383 488,385 400,386 767,391 124,391 634
NL341,Zeeuwsch-Vlaanderen,52 415,52 478,52 458,52 358,52 505,52 385,52 401,52 422,52 763,52 669,53 269,53 190,53 183,53 080,52 994,52 807,52 803,52 753,53 069,52 943,105 684,105 668,105 641,105 438,105 499,105 192,105 204,105 175,105 832,105 612
NL342,Overig Zeeland,136 303,136 637,136 879,137 325,137 597,138 050,139 023,139 740,141 344,141 949,138 739,138 947,139 048,139 541,139 936,140 246,141 173,141 852,143 948,144 073,275 042,275 584,275 927,276 866,277 533,278 296,280 196,281 592,285 292,286 022
NL35,Utrecht,:,:,:,:,:,:,:,:,:,688 825,:,:,:,:,:,:,:,:,:,711 232,:,:,:,:,:,:,:,:,:,1 400 057
NL350,Utrecht,:,:,:,:,:,:,:,:,:,688 825,:,:,:,:,:,:,:,:,:,711 232,:,:,:,:,:,:,:,:,:,1 400 057
NL36,Zuid-Holland,:,:,:,:,:,:,:,:,:,1 901 116,:,:,:,:,:,:,:,:,:,1 939 344,:,:,:,:,:,:,:,:,:,3 840 460
NL361,Agglomeratie ’s-Gravenhage,:,:,:,:,:,:,:,:,:,453 369,:,:,:,:,:,:,:,:,:,464 189,:,:,:,:,:,:,:,:,:,917 558
NL362,Delft en Westland,:,:,:,:,:,:,:,:,:,125 606,:,:,:,:,:,:,:,:,:,119 289,:,:,:,:,:,:,:,:,:,244 895
NL363,Agglomeratie Leiden en Bollenstreek,:,:,:,:,:,:,:,:,:,218 819,:,:,:,:,:,:,:,:,:,226 937,:,:,:,:,:,:,:,:,:,445 756
NL364,Zuidoost-Zuid-Holland,:,:,:,:,:,:,:,:,:,188 835,:,:,:,:,:,:,:,:,:,192 255,:,:,:,:,:,:,:,:,:,381 090
NL365,Oost-Zuid-Holland,:,:,:,:,:,:,:,:,:,173 204,:,:,:,:,:,:,:,:,:,175 375,:,:,:,:,:,:,:,:,:,348 579
NL366,Groot-Rijnmond,:,:,:,:,:,:,:,:,:,741 283,:,:,:,:,:,:,:,:,:,761 299,:,:,:,:,:,:,:,:,:,1 502 582
NL4,Zuid-Nederland,1 798 506,1 803 518,1 812 567,1 821 037,1 829 682,1 840 013,1 846 007,1 857 439,1 878 941,1 891 958,1 808 186,1 811 491,1 817 510,1 824 447,1 831 261,1 840 143,1 843 814,1 853 737,1 875 636,1 886 036,3 606 692,3 615 009,3 630 077,3 645 484,3 660 943,3 680 156,3 689 821,3 711 176,3 754 577,3 777 994
NL41,Noord-Brabant,1 243 856,1 249 641,1 257 518,1 266 093,1 275 080,1 284 686,1 290 858,1 301 018,1 317 926,1 328 275,1 244 895,1 249 108,1 255 013,1 262 193,1 269 726,1 278 269,1 283 091,1 291 856,1 308 284,1 316 464,2 488 751,2 498 749,2 512 531,2 528 286,2 544 806,2 562 955,2 573 949,2 592 874,2 626 210,2 644 739
NL411,West-Noord-Brabant,308 872,309 785,311 504,313 545,315 020,315 894,316 602,318 170,321 405,323 778,315 010,315 534,316 463,317 878,319 010,320 010,320 429,321 891,325 313,327 397,623 882,625 319,627 967,631 423,634 030,635 904,637 031,640 061,646 718,651 175
NL412,Midden-Noord-Brabant (NUTS 2021),232 477,233 884,235 230,237 209,239 088,240 990,246 165,248 394,251 600,:,234 206,235 300,236 507,238 014,239 869,242 193,246 839,248 872,252 198,:,466 683,469 184,471 737,475 223,478 957,483 183,493 004,497 266,503 798,:
NL413,Noordoost-Noord-Brabant (NUTS 2021),322 799,323 817,325 724,327 493,329 507,332 123,330 298,333 009,336 964,:,322 864,323 814,325 340,327 329,329 109,331 134,329 226,331 463,335 550,:,645 663,647 631,651 064,654 822,658 616,663 257,659 524,664 472,672 514,:
NL414,Zuidoost-Noord-Brabant,379 708,382 155,385 060,387 846,391 465,395 679,397 793,401 445,407 957,411 420,372 815,374 460,376 703,378 972,381 738,384 932,386 597,389 630,395 223,397 756,752 523,756 615,761 763,766 818,773 203,780 611,784 390,791 075,803 180,809 176
NL415,Midden-Noord-Brabant,:,:,:,:,:,:,:,:,:,253 592,:,:,:,:,:,:,:,:,:,253 882,:,:,:,:,:,:,:,:,:,507 474
NL416,Noordoost-Noord-Brabant,:,:,:,:,:,:,:,:,:,339 485,:,:,:,:,:,:,:,:,:,337 429,:,:,:,:,:,:,:,:,:,676 914
NL42,Limburg (NL),554 650,553 877,555 049,554 944,554 602,555 327,555 149,556 421,561 015,563 683,563 291,562 383,562 497,562 254,561 535,561 874,560 723,561 881,567 352,569 572,1 117 941,1 116 260,1 117 546,1 117 198,1 116 137,1 117 201,1 115 872,1 118 302,1 128 367,1 133 255
NL421,Noord-Limburg,140 920,140 552,141 519,141 537,141 968,142 284,142 740,143 747,145 578,146 371,139 632,139 419,139 995,139 949,140 099,140 321,140 610,141 410,143 670,144 021,280 552,279 971,281 514,281 486,282 067,282 605,283 350,285 157,289 248,290 392
NL422,Midden-Limburg,117 665,117 741,118 203,118 555,118 457,118 893,119 364,119 776,120 984,121 593,117 686,117 688,117 792,118 132,118 245,118 519,118 904,119 322,120 483,120 980,235 351,235 429,235 995,236 687,236 702,237 412,238 268,239 098,241 467,242 573
NL423,Zuid-Limburg,296 065,295 584,295 327,294 852,294 177,294 150,293 045,292 898,294 453,295 719,305 973,305 276,304 710,304 173,303 191,303 034,301 209,301 149,303 199,304 571,602 038,600 860,600 037,599 025,597 368,597 184,594 254,594 047,597 652,600 290
AT,Austria,4 200 397,4 272 553,4 312 441,4 338 518,4 357 033,4 378 772,4 396 952,4 425 485,4 484 815,4 514 832,4 384 529,4 427 918,4 460 424,4 483 749,4 501 742,4 522 292,4 535 712,4 553 444,4 619 957,4 643 918,8 584 926,8 700 471,8 772 865,8 822 267,8 858 775,8 901 064,8 932 664,8 978 929,9 104 772,9 158 750
AT1,Ostösterreich,1 812 546,1 850 180,1 873 154,1 887 121,1 894 847,1 905 804,1 915 846,1 927 891,1 961 869,1 978 891,1 909 925,1 934 748,1 952 123,1 964 998,1 973 619,1 984 110,1 991 992,2 000 081,2 039 851,2 052 543,3 722 471,3 784 928,3 825 277,3 852 119,3 868 466,3 889 914,3 907 838,3 927 972,4 001 720,4 031 434
AT11,Burgenland,141 110,142 959,143 526,143 659,143 946,144 339,145 286,146 026,147 513,147 782,147 246,148 052,148 416,149 016,149 487,150 097,150 724,151 557,153 737,154 169,288 356,291 011,291 942,292 675,293 433,294 436,296 010,297 583,301 250,301 951
AT111,Mittelburgenland,18 459,18 522,18 581,18 515,18 418,18 388,18 406,18 450,18 561,18 581,19 163,19 170,19 171,19 146,19 095,18 996,19 047,19 074,19 182,19 226,37 622,37 692,37 752,37 661,37 513,37 384,37 453,37 524,37 743,37 807
AT112,Nordburgenland,75 086,76 485,76 941,77 364,77 886,78 345,79 179,79 787,80 703,80 857,78 551,79 324,79 794,80 476,81 095,81 719,82 290,83 093,84 396,84 801,153 637,155 809,156 735,157 840,158 981,160 064,161 469,162 880,165 099,165 658
AT113,Südburgenland,47 565,47 952,48 004,47 780,47 642,47 606,47 701,47 789,48 249,48 344,49 532,49 558,49 451,49 394,49 297,49 382,49 387,49 390,50 159,50 142,97 097,97 510,97 455,97 174,96 939,96 988,97 088,97 179,98 408,98 486
AT12,Niederösterreich,803 803,814 136,820 504,822 697,825 898,829 174,832 553,836 996,845 231,848 198,832 975,839 555,845 249,847 971,851 644,855 113,858 326,861 800,873 142,875 525,1 636 778,1 653 691,1 665 753,1 670 668,1 677 542,1 684 287,1 690 879,1 698 796,1 718 373,1 723 723
AT121,Mostviertel-Eisenwurzen,120 521,121 647,122 460,122 634,123 111,123 439,123 549,123 956,124 969,125 293,122 168,122 784,123 211,123 416,123 629,123 908,124 025,124 208,125 311,125 485,242 689,244 431,245 671,246 050,246 740,247 347,247 574,248 164,250 280,250 778
AT122,Niederösterreich-Süd,125 414,126 856,127 753,127 595,128 064,128 247,128 805,129 461,130 716,131 067,130 306,131 276,131 902,132 035,132 416,132 909,133 460,134 023,135 892,136 222,255 720,258 132,259 655,259 630,260 480,261 156,262 265,263 484,266 608,267 289
AT123,Sankt Pölten,74 071,75 262,75 953,76 450,76 663,77 111,77 394,77 961,79 144,79 914,76 586,77 314,78 092,78 435,78 783,79 252,79 620,80 105,81 330,81 984,150 657,152 576,154 045,154 885,155 446,156 363,157 014,158 066,160 474,161 898
AT124,Waldviertel,107 730,108 615,108 946,108 228,107 801,107 530,107 155,107 098,107 228,107 001,110 399,110 604,110 567,109 933,109 644,109 151,108 712,108 552,109 226,108 837,218 129,219 219,219 513,218 161,217 445,216 681,215 867,215 650,216 454,215 838
AT125,Weinviertel,61 088,61 532,61 901,61 803,61 882,61 962,62 105,62 504,63 022,63 005,62 456,62 749,63 038,63 090,63 085,63 248,63 385,63 768,64 542,64 491,123 544,124 281,124 939,124 893,124 967,125 210,125 490,126 272,127 564,127 496
AT126,Wiener Umland/Nordteil,155 037,157 366,159 036,160 577,162 057,163 261,164 675,165 793,167 855,168 784,161 214,163 004,164 951,166 495,168 305,169 696,171 113,172 208,175 140,176 113,316 251,320 370,323 987,327 072,330 362,332 957,335 788,338 001,342 995,344 897
AT127,Wiener Umland/Südteil,159 942,162 858,164 455,165 410,166 320,167 624,168 870,170 223,172 297,173 134,169 846,171 824,173 488,174 567,175 782,176 949,178 011,178 936,181 701,182 393,329 788,334 682,337 943,339 977,342 102,344 573,346 881,349 159,353 998,355 527
AT13,Wien,867 633,893 085,909 124,920 765,925 003,932 291,938 007,944 869,969 125,982 911,929 704,947 141,958 458,968 011,972 488,978 900,982 942,986 724,1 012 972,1 022 849,1 797 337,1 840 226,1 867 582,1 888 776,1 897 491,1 911 191,1 920 949,1 931 593,1 982 097,2 005 760
AT130,Wien,867 633,893 085,909 124,920 765,925 003,932 291,938 007,944 869,969 125,982 911,929 704,947 141,958 458,968 011,972 488,978 900,982 942,986 724,1 012 972,1 022 849,1 797 337,1 840 226,1 867 582,1 888 776,1 897 491,1 911 191,1 920 949,1 931 593,1 982 097,2 005 760
AT2,Südösterreich,871 575,880 675,883 840,885 541,887 317,889 260,890 617,896 061,903 986,906 386,907 636,911 819,914 535,915 571,916 674,918 428,918 549,921 374,930 196,933 159,1 779 211,1 792 494,1 798 375,1 801 112,1 803 991,1 807 688,1 809 166,1 817 435,1 834 182,1 839 545
AT21,Kärnten,271 270,273 449,273 561,273 488,273 484,273 688,274 467,276 013,278 471,278 568,286 371,287 033,287 516,287 410,287 455,287 605,287 622,288 500,290 513,291 176,557 641,560 482,561 077,560 898,560 939,561 293,562 089,564 513,568 984,569 744
AT211,Klagenfurt-Villach,135 236,136 920,137 690,138 253,138 693,139 407,140 361,141 899,144 063,144 310,146 159,147 021,147 833,148 326,148 835,149 407,150 063,151 046,152 472,153 418,281 395,283 941,285 523,286 579,287 528,288 814,290 424,292 945,296 535,297 728
AT212,Oberkärnten,61 554,61 721,61 455,61 200,61 125,60 903,60 791,60 777,60 965,60 887,63 784,63 753,63 520,63 189,63 127,62 921,62 672,62 692,63 051,62 886,125 338,125 474,124 975,124 389,124 252,123 824,123 463,123 469,124 016,123 773
AT213,Unterkärnten,74 480,74 808,74 416,74 035,73 666,73 378,73 315,73 337,73 443,73 371,76 428,76 259,76 163,75 895,75 493,75 277,74 887,74 762,74 990,74 872,150 908,151 067,150 579,149 930,149 159,148 655,148 202,148 099,148 433,148 243
AT22,Steiermark,600 305,607 226,610 279,612 053,613 833,615 572,616 150,620 048,625 515,627 818,621 265,624 786,627 019,628 161,629 219,630 823,630 927,632 874,639 683,641 983,1 221 570,1 232 012,1 237 298,1 240 214,1 243 052,1 246 395,1 247 077,1 252 922,1 265 198,1 269 801
AT221,Graz,206 089,210 564,214 048,216 556,218 740,220 959,222 091,224 457,228 039,230 896,215 215,218 524,220 921,222 680,224 326,226 183,226 896,228 585,232 848,235 575,421 304,429 088,434 969,439 236,443 066,447 142,448 987,453 042,460 887,466 471
AT222,Liezen,38 762,39 042,39 172,39 211,39 113,38 969,38 957,38 971,39 011,39 010,40 812,40 818,40 839,40 871,40 788,40 683,40 635,40 638,40 820,40 668,79 574,79 860,80 011,80 082,79 901,79 652,79 592,79 609,79 831,79 678
AT223,Östliche Obersteiermark,79 205,79 654,78 940,78 449,78 068,77 797,77 105,77 525,78 037,77 226,82 562,82 253,81 837,81 439,80 976,80 600,80 100,79 848,80 441,80 031,161 767,161 907,160 777,159 888,159 044,158 397,157 205,157 373,158 478,157 257
AT224,Oststeiermark,131 432,132 083,132 375,132 410,132 698,132 661,131 853,132 377,133 021,132 996,133 518,133 711,133 968,134 108,134 214,134 310,133 523,133 753,134 659,134 569,264 950,265 794,266 343,266 518,266 912,266 971,265 376,266 130,267 680,267 565
AT225,West- und Südsteiermark,94 836,95 751,95 941,95 950,96 074,96 238,97 359,98 058,98 561,99 020,97 719,98 072,98 251,98 150,98 392,98 754,99 753,100 213,100 790,101 168,192 555,193 823,194 192,194 100,194 466,194 992,197 112,198 271,199 351,200 188
AT226,Westliche Obersteiermark,49 981,50 132,49 803,49 477,49 140,48 948,48 785,48 660,48 846,48 670,51 439,51 408,51 203,50 913,50 523,50 293,50 020,49 837,50 125,49 972,101 420,101 540,101 006,100 390,99 663,99 241,98 805,98 497,98 971,98 642
AT3,Westösterreich,1 516 276,1 541 698,1 555 447,1 565 856,1 574 869,1 583 708,1 590 489,1 601 533,1 618 960,1 629 555,1 566 968,1 581 351,1 593 766,1 603 180,1 611 449,1 619 754,1 625 171,1 631 989,1 649 910,1 658 216,3 083 244,3 123 049,3 149 213,3 169 036,3 186 318,3 203 462,3 215 660,3 233 522,3 268 870,3 287 771
AT31,Oberösterreich,709 411,720 157,726 184,730 819,735 399,739 814,742 755,748 779,757 943,762 438,727 840,733 791,738 861,742 757,746 696,750 465,752 853,756 361,764 882,767 911,1 437 251,1 453 948,1 465 045,1 473 576,1 482 095,1 490 279,1 495 608,1 505 140,1 522 825,1 530 349
AT311,Innviertel,138 961,140 738,142 071,143 112,143 937,144 856,145 643,146 965,148 882,150 056,139 948,140 990,142 121,142 935,143 703,144 653,145 274,146 176,147 874,148 521,278 909,281 728,284 192,286 047,287 640,289 509,290 917,293 141,296 756,298 577
AT312,Linz-Wels,277 316,282 380,285 722,288 747,291 444,293 585,294 897,297 367,301 418,303 844,290 321,293 264,296 006,298 282,300 337,302 052,303 133,304 631,308 162,309 854,567 637,575 644,581 728,587 029,591 781,595 637,598 030,601 998,609 580,613 698
AT313,Mühlviertel,103 183,104 545,104 936,105 082,105 443,105 831,106 042,106 719,107 863,108 399,102 029,102 737,103 147,103 401,103 861,104 302,104 473,104 938,106 071,106 342,205 212,207 282,208 083,208 483,209 304,210 133,210 515,211 657,213 934,214 741
AT314,Steyr-Kirchdorf,75 596,76 590,77 057,77 183,77 191,77 424,77 584,77 923,78 681,78 966,77 401,77 673,77 921,78 262,78 295,78 420,78 467,78 670,79 418,79 600,152 997,154 263,154 978,155 445,155 486,155 844,156 051,156 593,158 099,158 566
AT315,Traunviertel,114 355,115 904,116 398,116 695,117 384,118 118,118 589,119 805,121 099,121 173,118 141,119 127,119 666,119 877,120 500,121 038,121 506,121 946,123 357,123 594,232 496,235 031,236 064,236 572,237 884,239 156,240 095,241 751,244 456,244 767
AT32,Salzburg,262 197,267 167,268 727,270 326,271 580,273 167,274 351,275 397,278 190,279 844,276 378,278 648,280 536,282 253,283 641,285 243,286 359,287 209,290 156,291 635,538 575,545 815,549 263,552 579,555 221,558 410,560 710,562 606,568 346,571 479
AT321,Lungau,10 134,10 253,10 148,10 112,10 097,10 072,9 970,9 986,10 097,10 134,10 324,10 294,10 278,10 232,10 223,10 179,10 148,10 173,10 340,10 349,20 458,20 547,20 426,20 344,20 320,20 251,20 118,20 159,20 437,20 483
AT322,Pinzgau-Pongau,80 759,81 899,82 183,82 478,82 797,83 209,83 665,84 044,84 999,85 534,83 631,84 125,84 612,84 960,85 238,85 613,85 895,86 308,87 191,87 791,164 390,166 024,166 795,167 438,168 035,168 822,169 560,170 352,172 190,173 325
AT323,Salzburg und Umgebung,171 304,175 015,176 396,177 736,178 686,179 886,180 716,181 367,183 094,184 176,182 423,184 229,185 646,187 061,188 180,189 451,190 316,190 728,192 625,193 495,353 727,359 244,362 042,364 797,366 866,369 337,371 032,372 095,375 719,377 671
AT33,Tirol,357 890,364 049,367 705,370 406,372 135,373 599,375 028,377 475,380 637,383 137,370 936,375 090,378 448,380 734,382 570,384 035,385 077,386 627,390 667,392 833,728 826,739 139,746 153,751 140,754 705,757 634,760 105,764 102,771 304,775 970
AT331,Außerfern,15 674,15 907,16 069,16 129,16 217,16 268,16 383,16 512,16 670,16 792,16 017,16 129,16 330,16 403,16 453,16 570,16 671,16 772,16 937,17 067,31 691,32 036,32 399,32 532,32 670,32 838,33 054,33 284,33 607,33 859
AT332,Innsbruck,145 785,149 566,151 184,152 384,152 963,153 491,153 918,154 587,155 608,156 850,153 221,155 660,157 106,157 913,158 465,158 923,158 839,158 916,160 491,161 459,299 006,305 226,308 290,310 297,311 428,312 414,312 757,313 503,316 099,318 309
AT333,Osttirol,24 177,24 328,24 269,24 214,24 147,24 150,24 166,24 162,24 163,24 156,24 719,24 698,24 610,24 619,24 606,24 588,24 648,24 656,24 691,24 685,48 896,49 026,48 879,48 833,48 753,48 738,48 814,48 818,48 854,48 841
AT334,Tiroler Oberland,50 438,50 981,51 340,51 753,51 944,52 147,52 259,52 650,53 256,53 415,51 109,51 438,51 850,52 196,52 474,52 713,53 009,53 387,54 117,54 312,101 547,102 419,103 190,103 949,104 418,104 860,105 268,106 037,107 373,107 727
AT335,Tiroler Unterland,121 816,123 267,124 843,125 926,126 864,127 543,128 302,129 564,130 940,131 924,125 870,127 165,128 552,129 603,130 572,131 241,131 910,132 896,134 431,135 310,247 686,250 432,253 395,255 529,257 436,258 784,260 212,262 460,265 371,267 234
AT34,Vorarlberg,186 778,190 325,192 831,194 305,195 755,197 128,198 355,199 882,202 190,204 136,191 814,193 822,195 921,197 436,198 542,200 011,200 882,201 792,204 205,205 837,378 592,384 147,388 752,391 741,394 297,397 139,399 237,401 674,406 395,409 973
AT341,Bludenz-Bregenzer Wald,44 184,45 098,45 553,45 809,46 088,46 312,46 439,46 812,47 261,47 680,44 387,44 836,45 294,45 590,45 801,46 050,46 217,46 481,47 043,47 336,88 571,89 934,90 847,91 399,91 889,92 362,92 656,93 293,94 304,95 016
AT342,Rheintal-Bodenseegebiet,142 594,145 227,147 278,148 496,149 667,150 816,151 916,153 070,154 929,156 456,147 427,148 986,150 627,151 846,152 741,153 961,154 665,155 311,157 162,158 501,290 021,294 213,297 905,300 342,302 408,304 777,306 581,308 381,312 091,314 957
PL,Poland,18 397 163,18 377 040,18 377 837,18 380 299,18 380 376,18 373 381,17 942 141,17 846 003,17 773 379,17 705 971,19 608 451,19 590 169,19 595 127,19 596 388,19 592 436,19 584 757,19 131 216,19 043 758,18 980 357,18 914 999,38 005 614,37 967 209,37 972 964,37 976 687,37 972 812,37 958 138,37 073 357,36 889 761,36 753 736,36 620 970
PL2,Makroregion południowy,3 803 165,3 798 141,3 797 748,3 797 633,3 797 775,3 796 532,3 691 945,3 670 299,3 654 150,3 639 935,4 057 119,4 052 457,4 052 583,4 052 728,4 051 768,4 050 884,3 942 799,3 924 498,3 910 438,3 896 571,7 860 284,7 850 598,7 850 331,7 850 361,7 849 543,7 847 416,7 634 744,7 594 797,7 564 588,7 536 506
PL21,Małopolskie,1 613 484,1 616 399,1 621 152,1 625 979,1 631 724,1 637 265,1 613 918,1 611 679,1 610 187,1 609 755,1 711 095,1 713 632,1 718 651,1 723 519,1 728 821,1 734 691,1 710 625,1 709 283,1 709 118,1 709 230,3 324 579,3 330 031,3 339 803,3 349 498,3 360 545,3 371 956,3 324 543,3 320 962,3 319 305,3 318 985
PL213,Miasto Kraków,351 756,352 119,354 003,355 441,358 436,362 564,370 883,371 695,371 547,372 704,401 665,401 973,403 682,405 185,408 247,413 090,419 244,420 244,421 108,422 207,753 421,754 092,757 685,760 626,766 683,775 654,790 127,791 939,792 655,794 911
PL214,Krakowski,347 008,349 086,351 421,353 870,356 408,358 735,366 077,368 041,369 811,371 341,359 288,361 163,363 678,366 307,368 720,371 153,377 437,379 527,381 258,383 005,706 296,710 249,715 099,720 177,725 128,729 888,743 514,747 568,751 069,754 346
PL217,Tarnowski,222 093,221 978,222 028,222 125,222 054,221 624,209 922,208 452,207 493,206 645,230 808,230 659,230 702,230 732,230 659,230 049,219 354,217 842,217 057,216 340,452 901,452 637,452 730,452 857,452 713,451 673,429 276,426 294,424 550,422 985
PL218,Nowosądecki,261 379,262 202,262 937,263 839,264 705,264 961,253 724,253 313,253 106,252 726,266 729,267 458,268 279,269 113,269 694,269 918,260 150,259 784,259 506,259 307,528 108,529 660,531 216,532 952,534 399,534 879,513 874,513 097,512 612,512 033
PL219,Nowotarski,163 442,163 728,163 875,164 096,164 132,164 178,157 437,156 205,155 990,155 703,170 611,170 736,170 917,171 249,171 282,171 276,164 440,163 698,163 611,163 388,334 053,334 464,334 792,335 345,335 414,335 454,321 877,319 903,319 601,319 091
PL21A,Oświęcimski,267 806,267 286,266 888,266 608,265 989,265 203,255 875,253 973,252 240,250 636,281 994,281 643,281 393,280 933,280 219,279 205,270 000,268 188,266 578,264 983,549 800,548 929,548 281,547 541,546 208,544 408,525 875,522 161,518 818,515 619
PL22,Śląskie,2 189 681,2 181 742,2 176 596,2 171 654,2 166 051,2 159 267,2 078 027,2 058 620,2 043 963,2 030 180,2 346 024,2 338 825,2 333 932,2 329 209,2 322 947,2 316 193,2 232 174,2 215 215,2 201 320,2 187 341,4 535 705,4 520 567,4 510 528,4 500 863,4 488 998,4 475 460,4 310 201,4 273 835,4 245 283,4 217 521
PL224,Częstochowski,249 623,248 350,247 422,246 226,245 608,244 709,233 968,231 194,229 774,228 342,269 510,268 243,267 074,265 902,264 531,263 293,253 424,250 935,249 030,247 081,519 133,516 593,514 496,512 128,510 139,508 002,487 392,482 129,478 804,475 423
PL225,Bielski,318 199,318 418,318 736,319 492,319 913,320 121,314 221,312 725,311 596,310 368,340 203,340 195,340 475,340 832,341 315,341 373,334 206,332 797,331 916,330 625,658 402,658 613,659 211,660 324,661 228,661 494,648 427,645 522,643 512,640 993
PL227,Rybnicki,305 158,304 274,304 030,303 919,303 444,302 587,290 215,287 789,285 771,284 027,319 821,319 285,319 327,319 386,319 039,318 482,305 680,303 480,301 842,300 094,624 979,623 559,623 357,623 305,622 483,621 069,595 895,591 269,587 613,584 121
PL228,Bytomski,211 228,210 288,209 534,208 950,208 204,207 467,197 813,196 191,194 526,193 164,225 790,224 870,224 277,223 620,222 833,222 194,211 401,210 133,208 819,207 493,437 018,435 158,433 811,432 570,431 037,429 661,409 214,406 324,403 345,400 657
PL229,Gliwicki,227 063,226 102,225 359,224 725,223 625,222 586,210 523,208 059,206 237,204 523,243 318,242 516,241 588,240 710,239 516,238 635,225 433,223 404,221 972,220 553,470 381,468 618,466 947,465 435,463 141,461 221,435 956,431 463,428 209,425 076
PL22A,Katowicki,358 207,355 983,354 462,352 937,351 272,349 620,332 006,328 033,324 862,322 218,388 502,386 491,385 021,383 517,381 996,380 292,364 013,360 488,357 362,354 548,746 709,742 474,739 483,736 454,733 268,729 912,696 019,688 521,682 224,676 766
PL22B,Sosnowiecki,331 104,328 818,326 971,324 728,322 721,320 497,310 733,306 654,303 582,300 520,360 087,358 061,356 348,354 542,352 363,350 075,339 368,335 680,332 560,329 506,691 191,686 879,683 319,679 270,675 084,670 572,650 101,642 334,636 142,630 026
PL22C,Tyski,189 099,189 509,190 082,190 677,191 264,191 680,188 548,187 975,187 615,187 018,198 793,199 164,199 822,200 700,201 354,201 849,198 649,198 298,197 819,197 441,387 892,388 673,389 904,391 377,392 618,393 529,387 197,386 273,385 434,384 459
PL4,Makroregion północno-zachodni,2 990 540,2 988 928,2 989 997,2 992 600,2 994 952,2 995 041,2 936 270,2 922 530,2 910 760,2 900 250,3 153 077,3 151 222,3 153 614,3 156 005,3 157 032,3 157 500,3 095 040,3 083 884,3 075 310,3 065 791,6 143 617,6 140 150,6 143 611,6 148 605,6 151 984,6 152 541,6 031 310,6 006 414,5 986 070,5 966 041
PL41,Wielkopolskie,1 677 535,1 679 280,1 682 517,1 686 705,1 690 834,1 693 988,1 682 145,1 678 839,1 675 282,1 672 285,1 770 154,1 771 686,1 774 956,1 778 900,1 782 338,1 785 537,1 773 239,1 771 035,1 768 946,1 766 219,3 447 689,3 450 966,3 457 473,3 465 605,3 473 172,3 479 525,3 455 384,3 449 874,3 444 228,3 438 504
PL411,Pilski,201 470,201 074,200 922,200 690,200 301,199 579,191 515,190 132,188 952,187 832,206 887,206 420,206 356,206 189,205 846,205 182,197 512,196 296,195 462,194 687,408 357,407 494,407 278,406 879,406 147,404 761,389 027,386 428,384 414,382 519
PL414,Koniński,321 182,320 562,320 222,320 020,319 742,319 229,307 908,306 180,304 836,303 357,334 138,333 783,333 385,333 335,332 876,332 342,321 340,319 845,318 680,317 354,655 320,654 345,653 607,653 355,652 618,651 571,629 248,626 025,623 516,620 711
PL415,Miasto Poznań,253 763,252 705,251 746,251 111,250 391,249 983,254 377,253 375,251 750,250 746,289 994,288 447,287 516,286 571,285 555,284 773,288 330,287 083,285 313,283 850,543 757,541 152,539 262,537 682,535 946,534 756,542 707,540 458,537 063,534 596
PL416,Kaliski,325 290,324 944,324 933,324 986,324 883,324 358,316 952,315 335,313 930,312 481,341 924,341 477,341 411,341 279,340 991,340 617,332 202,330 731,329 535,328 062,667 214,666 421,666 344,666 265,665 874,664 975,649 154,646 066,643 465,640 543
PL417,Leszczyński,271 116,271 290,271 729,272 389,273 140,273 472,268 744,267 802,267 106,266 512,279 297,279 633,280 073,280 553,280 939,281 228,277 227,276 586,276 232,275 594,550 413,550 923,551 802,552 942,554 079,554 700,545 971,544 388,543 338,542 106
PL418,Poznański,304 714,308 705,312 965,317 509,322 377,327 367,342 649,346 015,348 708,351 357,317 914,321 926,326 215,330 973,336 131,341 395,356 628,360 494,363 724,366 672,622 628,630 631,639 180,648 482,658 508,668 762,699 277,706 509,712 432,718 029
PL42,Zachodniopomorskie,822 191,819 798,817 920,816 498,814 774,812 658,783 533,777 270,772 145,767 077,866 295,864 227,863 326,862 375,860 728,858 947,826 518,820 989,816 904,812 676,1 688 486,1 684 025,1 681 246,1 678 873,1 675 502,1 671 605,1 610 051,1 598 259,1 589 049,1 579 753
PL424,Miasto Szczecin,192 714,192 647,191 434,191 075,190 694,190 453,187 179,185 463,184 109,182 810,212 135,212 058,210 981,210 481,210 165,210 295,205 348,203 640,202 488,201 127,404 849,404 705,402 415,401 556,400 859,400 748,392 527,389 103,386 597,383 937
PL426,Koszaliński,170 811,170 244,169 825,169 600,169 221,168 839,163 666,162 204,161 061,159 976,181 817,181 222,181 151,181 321,181 070,180 791,174 560,173 121,172 351,171 572,352 628,351 466,350 976,350 921,350 291,349 630,338 226,335 325,333 412,331 548
PL427,Szczecinecko-pyrzycki,210 236,208 983,208 469,207 274,206 068,204 449,191 093,189 025,187 220,185 460,216 112,214 882,214 534,213 595,212 263,210 603,197 400,195 374,193 706,192 079,426 348,423 865,423 003,420 869,418 331,415 052,388 493,384 399,380 926,377 539
PL428,Szczeciński,248 430,247 924,248 192,248 549,248 791,248 917,241 595,240 578,239 755,238 831,256 231,256 065,256 660,256 978,257 230,257 258,249 210,248 854,248 359,247 898,504 661,503 989,504 852,505 527,506 021,506 175,490 805,489 432,488 114,486 729
PL43,Lubuskie,490 814,489 850,489 560,489 397,489 344,488 395,470 592,466 421,463 333,460 888,516 628,515 309,515 332,514 730,513 966,513 016,495 283,491 860,489 460,486 896,1 007 442,1 005 159,1 004 892,1 004 127,1 003 310,1 001 411,965 875,958 281,952 793,947 784
PL431,Gorzowski,186 268,185 883,185 955,185 962,185 991,185 785,179 715,177 756,176 473,175 363,194 994,194 570,194 845,194 721,194 447,194 042,188 410,186 789,185 955,184 846,381 262,380 453,380 800,380 683,380 438,379 827,368 125,364 545,362 428,360 209
PL432,Zielonogórski,304 546,303 967,303 605,303 435,303 353,302 610,290 877,288 665,286 860,285 525,321 634,320 739,320 487,320 009,319 519,318 974,306 873,305 071,303 505,302 050,626 180,624 706,624 092,623 444,622 872,621 584,597 750,593 736,590 365,587 575
PL5,Makroregion południowo-zachodni,1 844 256,1 840 474,1 840 470,1 839 291,1 838 091,1 836 086,1 806 942,1 797 178,1 789 482,1 782 037,1 980 995,1 976 707,1 976 458,1 974 875,1 973 019,1 970 956,1 936 917,1 927 495,1 920 807,1 913 818,3 825 251,3 817 181,3 816 928,3 814 166,3 811 110,3 807 042,3 743 859,3 724 673,3 710 289,3 695 855
PL51,Dolnośląskie,1 380 533,1 378 617,1 379 355,1 378 887,1 379 024,1 379 038,1 365 987,1 360 252,1 355 854,1 351 581,1 487 805,1 486 007,1 486 863,1 486 471,1 486 048,1 485 771,1 467 570,1 461 977,1 458 065,1 453 882,2 868 338,2 864 624,2 866 218,2 865 358,2 865 072,2 864 809,2 833 557,2 822 229,2 813 919,2 805 463
PL514,Miasto Wrocław,294 250,295 303,296 976,297 847,299 329,300 780,316 968,317 157,317 670,317 619,334 422,335 401,337 216,338 203,339 330,340 780,353 251,353 281,353 536,353 273,628 672,630 704,634 192,636 050,638 659,641 560,670 219,670 438,671 206,670 892
PL515,Jeleniogórski,272 869,271 359,270 314,269 041,267 500,266 012,252 800,249 842,247 599,245 443,290 369,288 805,287 745,286 488,285 076,283 270,269 853,267 136,265 101,263 024,563 238,560 164,558 059,555 529,552 576,549 282,522 653,516 978,512 700,508 467
PL516,Legnicko-głogowski,216 806,216 202,215 938,215 471,214 847,214 186,206 096,204 719,203 401,202 110,229 656,229 213,228 996,228 554,227 938,227 259,219 132,217 899,216 824,215 638,446 462,445 415,444 934,444 025,442 785,441 445,425 228,422 618,420 225,417 748
PL517,Wałbrzyski,316 556,314 101,312 186,310 099,308 042,305 600,285 907,282 246,279 016,276 010,342 967,340 368,338 316,335 965,333 584,331 089,311 334,307 442,304 198,300 988,659 523,654 469,650 502,646 064,641 626,636 689,597 241,589 688,583 214,576 998
PL518,Wrocławski,280 052,281 652,283 941,286 429,289 306,292 460,304 216,306 288,308 168,310 399,290 391,292 220,294 590,297 261,300 120,303 373,314 000,316 219,318 406,320 959,570 443,573 872,578 531,583 690,589 426,595 833,618 216,622 507,626 574,631 358
PL52,Opolskie,463 723,461 857,461 115,460 404,459 067,457 048,440 955,436 926,433 628,430 456,493 190,490 700,489 595,488 404,486 971,485 185,469 347,465 518,462 742,459 936,956 913,952 557,950 710,948 808,946 038,942 233,910 302,902 444,896 370,890 392
PL523,Nyski,179 931,178 780,178 129,177 555,176 953,176 052,166 742,165 012,163 302,161 666,190 135,188 866,188 121,187 448,186 760,185 676,175 724,174 058,172 525,171 160,370 066,367 646,366 250,365 003,363 713,361 728,342 466,339 070,335 827,332 826
PL524,Opolski,283 792,283 077,282 986,282 849,282 114,280 996,274 213,271 914,270 326,268 790,303 055,301 834,301 474,300 956,300 211,299 509,293 623,291 460,290 217,288 776,586 847,584 911,584 460,583 805,582 325,580 505,567 836,563 374,560 543,557 566
PL6,Makroregion północny,2 802 596,2 800 878,2 801 751,2 804 464,2 805 222,2 805 808,2 717 540,2 703 534,2 692 253,2 681 865,2 953 350,2 952 921,2 955 265,2 958 625,2 959 729,2 960 341,2 870 103,2 858 597,2 850 069,2 841 467,5 755 946,5 753 799,5 757 016,5 763 089,5 764 951,5 766 149,5 587 643,5 562 131,5 542 322,5 523 332
PL61,Kujawsko-pomorskie,1 000 857,998 881,997 991,997 967,995 963,993 882,953 336,945 953,940 020,933 987,1 064 989,1 063 125,1 062 584,1 061 781,1 059 470,1 057 094,1 015 780,1 008 825,1 003 177,997 661,2 065 846,2 062 006,2 060 575,2 059 748,2 055 433,2 050 976,1 969 116,1 954 778,1 943 197,1 931 648
PL613,Bydgosko-toruński,365 239,365 417,366 146,366 937,367 343,367 894,357 874,356 004,354 428,352 904,402 493,402 717,403 410,404 135,404 403,404 940,393 539,391 597,389 906,388 700,767 732,768 134,769 556,771 072,771 746,772 834,751 413,747 601,744 334,741 604
PL616,Grudziądzki,189 614,188 906,188 519,188 397,187 718,186 927,179 388,177 737,176 537,175 266,197 504,196 794,196 597,196 298,195 604,194 888,186 988,185 582,184 480,183 374,387 118,385 700,385 116,384 695,383 322,381 815,366 376,363 319,361 017,358 640
PL617,Inowrocławski,177 821,177 340,176 920,176 720,176 029,175 314,166 353,164 719,163 600,162 434,185 349,184 779,184 500,184 095,183 491,182 700,173 854,172 531,171 549,170 338,363 170,362 119,361 420,360 815,359 520,358 014,340 207,337 250,335 149,332 772
PL618,Świecki,92 503,92 399,92 299,92 371,92 245,92 144,87 336,86 669,86 095,85 473,94 230,94 148,94 156,93 956,93 663,93 426,88 993,88 519,88 052,87 512,186 733,186 547,186 455,186 327,185 908,185 570,176 329,175 188,174 147,172 985
PL619,Włocławski,175 680,174 819,174 107,173 542,172 628,171 603,162 385,160 824,159 360,157 910,185 413,184 687,183 921,183 297,182 309,181 140,172 406,170 596,169 190,167 737,361 093,359 506,358 028,356 839,354 937,352 743,334 791,331 420,328 550,325 647
PL62,Warmińsko-mazurskie,694 593,692 573,690 398,689 061,686 971,684 333,646 208,640 447,635 854,631 315,723 948,722 161,720 243,719 354,717 470,714 705,676 653,671 396,667 526,663 397,1 418 541,1 414 734,1 410 641,1 408 415,1 404 441,1 399 038,1 322 861,1 311 843,1 303 380,1 294 712
PL621,Elbląski,257 659,256 893,255 804,254 911,254 089,252 840,239 321,237 007,235 101,233 366,267 165,266 203,264 973,264 296,263 179,261 790,248 308,246 134,244 559,242 811,524 824,523 096,520 777,519 207,517 268,514 630,487 629,483 141,479 660,476 177
PL622,Olsztyński,296 791,295 952,295 287,294 866,294 119,293 279,277 630,275 361,273 618,271 903,313 959,313 415,312 921,312 722,312 350,311 388,295 569,293 513,292 033,290 557,610 750,609 367,608 208,607 588,606 469,604 667,573 199,568 874,565 651,562 460
PL623,Ełcki,140 143,139 728,139 307,139 284,138 763,138 214,129 257,128 079,127 135,126 046,142 824,142 543,142 349,142 336,141 941,141 527,132 776,131 749,130 934,130 029,282 967,282 271,281 656,281 620,280 704,279 741,262 033,259 828,258 069,256 075
PL63,Pomorskie,1 107 146,1 109 424,1 113 362,1 117 436,1 122 288,1 127 593,1 117 996,1 117 134,1 116 379,1 116 563,1 164 413,1 167 635,1 172 438,1 177 490,1 182 789,1 188 542,1 177 670,1 178 376,1 179 366,1 180 409,2 271 559,2 277 059,2 285 800,2 294 926,2 305 077,2 316 135,2 295 666,2 295 510,2 295 745,2 296 972
PL633,Trójmiejski,351 087,351 215,351 732,352 006,353 091,354 874,354 964,353 659,352 494,351 965,389 841,390 306,391 113,391 324,392 881,395 055,393 922,393 096,392 320,391 916,740 928,741 521,742 845,743 330,745 972,749 929,748 886,746 755,744 814,743 881
PL634,Gdański,274 545,277 514,280 856,284 548,288 561,292 639,303 031,306 087,308 740,311 701,278 679,281 724,285 326,289 639,293 817,297 909,308 088,311 714,314 851,317 984,553 224,559 238,566 182,574 187,582 378,590 548,611 119,617 801,623 591,629 685
PL636,Słupski,161 449,161 149,161 012,160 926,160 851,160 579,154 074,153 157,152 393,151 651,168 156,168 029,168 039,168 244,168 083,167 796,161 101,160 255,159 752,159 306,329 605,329 178,329 051,329 170,328 934,328 375,315 175,313 412,312 145,310 957
PL637,Chojnicki,109 707,109 664,109 895,110 196,110 324,110 365,106 579,106 121,105 765,105 328,111 567,111 665,111 908,112 227,112 311,112 416,108 808,108 575,108 489,108 215,221 274,221 329,221 803,222 423,222 635,222 781,215 387,214 696,214 254,213 543
PL638,Starogardzki,210 358,209 882,209 867,209 760,209 461,209 136,199 348,198 110,196 987,195 918,216 170,215 911,216 052,216 056,215 697,215 366,205 751,204 736,203 954,202 988,426 528,425 793,425 919,425 816,425 158,424 502,405 099,402 846,400 941,398 906
PL7,Makroregion centralny,1 796 131,1 787 805,1 781 981,1 774 748,1 767 591,1 759 090,1 697 512,1 681 043,1 668 164,1 655 394,1 941 664,1 933 440,1 927 157,1 919 716,1 911 819,1 902 338,1 837 930,1 821 142,1 807 954,1 794 998,3 737 795,3 721 245,3 709 138,3 694 464,3 679 410,3 661 428,3 535 442,3 502 185,3 476 118,3 450 392
PL71,Łódzkie,1 186 831,1 181 900,1 178 369,1 173 733,1 169 453,1 164 579,1 135 783,1 125 387,1 117 488,1 109 941,1 303 013,1 297 450,1 293 251,1 288 715,1 283 714,1 278 106,1 245 166,1 234 080,1 225 533,1 217 298,2 489 844,2 479 350,2 471 620,2 462 448,2 453 167,2 442 685,2 380 949,2 359 467,2 343 021,2 327 239
PL711,Miasto Łódź,320 664,318 455,316 717,314 359,312 317,310 378,304 951,301 143,298 529,295 847,383 564,380 547,378 273,375 235,372 598,370 141,362 674,357 969,354 454,350 748,704 228,699 002,694 990,689 594,684 915,680 519,667 625,659 112,652 983,646 595
PL712,Łódzki,182 303,182 524,182 611,182 873,183 298,183 658,184 666,184 152,183 819,183 693,200 985,201 180,201 430,201 907,202 331,202 633,202 377,201 887,201 459,201 404,383 288,383 704,384 041,384 780,385 629,386 291,387 043,386 039,385 278,385 097
PL713,Piotrkowski,286 991,285 716,284 899,283 772,282 711,281 409,270 011,267 395,265 334,263 377,302 217,301 048,300 106,299 362,298 351,296 960,285 151,282 818,280 705,278 969,589 208,586 764,585 005,583 134,581 062,578 369,555 162,550 213,546 039,542 346
PL714,Sieradzki,219 511,218 727,218 364,217 669,216 910,215 897,208 380,206 813,205 440,203 975,228 496,227 761,227 206,226 716,225 829,224 757,217 155,215 479,214 261,212 759,448 007,446 488,445 570,444 385,442 739,440 654,425 535,422 292,419 701,416 734
PL715,Skierniewicki,177 362,176 478,175 778,175 060,174 217,173 237,167 775,165 884,164 366,163 049,187 751,186 914,186 236,185 495,184 605,183 615,177 809,175 927,174 654,173 418,365 113,363 392,362 014,360 555,358 822,356 852,345 584,341 811,339 020,336 467
PL72,Świętokrzyskie,609 300,605 905,603 612,601 015,598 138,594 511,561 729,555 656,550 676,545 453,638 651,635 990,633 906,631 001,628 105,624 232,592 764,587 062,582 421,577 700,1 247 951,1 241 895,1 237 518,1 232 016,1 226 243,1 218 743,1 154 493,1 142 718,1 133 097,1 123 153
PL721,Kielecki,370 896,369 019,367 933,366 623,365 009,363 031,342 184,338 608,335 728,332 783,393 743,392 342,391 435,390 117,388 535,386 501,366 582,363 272,360 680,357 899,764 639,761 361,759 368,756 740,753 544,749 532,708 766,701 880,696 408,690 682
PL722,Sandomiersko-jędrzejowski,238 404,236 886,235 679,234 392,233 129,231 480,219 545,217 048,214 948,212 670,244 908,243 648,242 471,240 884,239 570,237 731,226 182,223 790,221 741,219 801,483 312,480 534,478 150,475 276,472 699,469 211,445 727,440 838,436 689,432 471
PL8,Makroregion wschodni,2 619 022,2 612 993,2 609 757,2 606 154,2 601 025,2 594 745,2 461 977,2 443 301,2 430 371,2 417 466,2 753 921,2 747 976,2 744 699,2 740 021,2 734 478,2 727 383,2 596 021,2 576 776,2 564 215,2 551 338,5 372 943,5 360 969,5 354 456,5 346 175,5 335 503,5 322 128,5 057 998,5 020 077,4 994 586,4 968 804
PL81,Lubelskie,1 030 808,1 026 973,1 024 020,1 020 568,1 016 645,1 012 376,958 758,949 495,942 702,935 763,1 095 502,1 091 555,1 088 767,1 084 874,1 080 649,1 075 916,1 022 422,1 012 581,1 005 698,998 702,2 126 310,2 118 528,2 112 787,2 105 442,2 097 294,2 088 292,1 981 180,1 962 076,1 948 400,1 934 465
PL811,Bialski,149 544,148 944,148 518,147 936,147 244,146 548,138 010,136 571,135 495,134 371,153 546,152 872,152 392,151 826,151 108,150 074,142 042,140 440,139 419,138 255,303 090,301 816,300 910,299 762,298 352,296 622,280 052,277 011,274 914,272 626
PL812,Chełmsko-zamojski,307 983,306 122,304 408,302 551,300 349,297 779,276 720,272 955,270 007,266 954,323 571,321 568,319 715,317 579,315 132,312 603,292 411,288 460,285 489,282 355,631 554,627 690,624 123,620 130,615 481,610 382,569 131,561 415,555 496,549 309
PL814,Lubelski,336 237,336 228,336 687,336 826,337 177,337 537,327 542,326 071,325 253,324 419,371 960,372 046,372 579,372 598,372 816,373 202,360 443,358 585,357 633,356 823,708 197,708 274,709 266,709 424,709 993,710 739,687 985,684 656,682 886,681 242
PL815,Puławski,237 044,235 679,234 407,233 255,231 875,230 512,216 486,213 898,211 947,210 019,246 425,245 069,244 081,242 871,241 593,240 037,227 526,225 096,223 157,221 269,483 469,480 748,478 488,476 126,473 468,470 549,444 012,438 994,435 104,431 288
PL82,Podkarpackie,1 021 156,1 020 753,1 021 520,1 022 382,1 022 557,1 021 912,968 318,962 920,959 793,956 314,1 063 108,1 062 743,1 063 202,1 063 495,1 063 578,1 062 535,1 010 979,1 005 696,1 002 539,999 054,2 084 264,2 083 496,2 084 722,2 085 877,2 086 135,2 084 447,1 979 297,1 968 616,1 962 332,1 955 368
PL821,Krośnieński,232 692,232 193,231 848,231 539,231 113,230 392,216 588,214 552,213 270,211 878,241 965,241 495,241 091,240 558,240 048,239 124,226 436,224 662,223 299,221 816,474 657,473 688,472 939,472 097,471 161,469 516,443 024,439 214,436 569,433 694
PL822,Przemyski,190 660,190 091,189 593,189 194,188 443,187 495,174 417,172 713,171 747,170 478,198 497,197 732,197 019,196 454,195 698,194 804,182 815,181 302,180 022,178 622,389 157,387 823,386 612,385 648,384 141,382 299,357 232,354 015,351 769,349 100
PL823,Rzeszowski,301 900,302 744,304 512,306 362,308 424,310 445,301 170,301 710,302 206,302 448,317 105,318 048,319 456,321 146,322 975,324 622,314 784,315 076,315 763,316 016,619 005,620 792,623 968,627 508,631 399,635 067,615 954,616 786,617 969,618 464
PL824,Tarnobrzeski,295 904,295 725,295 567,295 287,294 577,293 580,276 143,273 945,272 570,271 510,305 541,305 468,305 636,305 337,304 857,303 985,286 944,284 656,283 455,282 600,601 445,601 193,601 203,600 624,599 434,597 565,563 087,558 601,556 025,554 110
PL84,Podlaskie,567 058,565 267,564 217,563 204,561 823,560 457,534 901,530 886,527 876,525 389,595 311,593 678,592 730,591 652,590 251,588 932,562 620,558 499,555 978,553 582,1 162 369,1 158 945,1 156 947,1 154 856,1 152 074,1 149 389,1 097 521,1 089 385,1 083 854,1 078 971
PL841,Białostocki,241 144,241 050,241 464,241 925,242 433,242 934,234 699,234 184,233 996,233 938,261 436,261 574,262 001,262 488,262 755,263 236,254 243,253 712,253 617,253 728,502 580,502 624,503 465,504 413,505 188,506 170,488 942,487 896,487 613,487 666
PL842,Łomżyński,194 363,193 170,192 142,191 089,189 667,188 281,177 729,175 466,173 713,172 167,198 568,197 271,196 195,195 122,193 896,192 586,182 054,179 836,178 163,176 697,392 931,390 441,388 337,386 211,383 563,380 867,359 783,355 302,351 876,348 864
PL843,Suwalski,131 551,131 047,130 611,130 190,129 723,129 242,122 473,121 236,120 167,119 284,135 307,134 833,134 534,134 042,133 600,133 110,126 323,124 951,124 198,123 157,266 858,265 880,265 145,264 232,263 323,262 352,248 796,246 187,244 365,242 441
PL9,Makroregion województwo mazowieckie,2 541 453,2 547 821,2 556 133,2 565 409,2 575 720,2 586 079,2 629 955,2 628 118,2 628 199,2 629 024,2 768 325,2 775 446,2 785 351,2 794 418,2 804 591,2 815 355,2 852 406,2 851 366,2 851 564,2 851 016,5 309 778,5 323 267,5 341 484,5 359 827,5 380 311,5 401 434,5 482 361,5 479 484,5 479 763,5 480 040
PL91,Warszawski stołeczny,1 387 267,1 396 858,1 407 299,1 418 872,1 433 038,1 447 651,1 531 908,1 538 870,1 545 410,1 552 265,1 572 791,1 583 084,1 594 979,1 606 162,1 620 066,1 634 748,1 710 982,1 717 923,1 724 100,1 729 318,2 960 058,2 979 942,3 002 278,3 025 034,3 053 104,3 082 399,3 242 890,3 256 793,3 269 510,3 281 583
PL911,Miasto Warszawa,795 530,799 915,804 676,810 382,818 044,825 303,865 191,866 508,867 441,868 011,935 717,940 255,945 669,950 916,957 942,964 468,1 000 937,1 001 510,1 001 747,1 001 017,1 731 247,1 740 170,1 750 345,1 761 298,1 775 986,1 789 771,1 866 128,1 868 018,1 869 188,1 869 028
PL912,Warszawski wschodni,297 217,299 654,302 238,305 037,308 044,311 320,328 754,331 086,333 390,335 526,318 079,320 804,324 075,326 687,329 807,333 514,348 665,351 492,353 989,356 247,615 296,620 458,626 313,631 724,637 851,644 834,677 419,682 578,687 379,691 773
PL913,Warszawski zachodni,294 520,297 289,300 385,303 453,306 950,311 028,337 963,341 276,344 579,348 728,318 995,322 025,325 235,328 559,332 317,336 766,361 380,364 921,368 364,372 054,613 515,619 314,625 620,632 012,639 267,647 794,699 343,706 197,712 943,720 782
PL92,Mazowiecki regionalny,1 154 186,1 150 963,1 148 834,1 146 537,1 142 682,1 138 428,1 098 047,1 089 248,1 082 789,1 076 759,1 195 534,1 192 362,1 190 372,1 188 256,1 184 525,1 180 607,1 141 424,1 133 443,1 127 464,1 121 698,2 349 720,2 343 325,2 339 206,2 334 793,2 327 207,2 319 035,2 239 471,2 222 691,2 210 253,2 198 457
PL921,Radomski,300 950,299 977,299 119,298 315,297 022,295 391,280 344,277 779,275 822,274 074,313 074,311 800,310 827,310 162,308 950,307 492,293 937,291 547,289 861,288 243,614 024,611 777,609 946,608 477,605 972,602 883,574 281,569 326,565 683,562 317
PL922,Ciechanowski,168 582,168 059,167 696,167 102,166 495,165 831,160 578,159 180,158 313,157 282,173 600,173 236,173 108,172 395,171 811,171 012,165 854,164 562,163 628,162 736,342 182,341 295,340 804,339 497,338 306,336 843,326 432,323 742,321 941,320 018
PL923,Płocki,160 293,159 633,159 195,158 727,157 935,157 277,150 765,149 478,148 334,147 259,169 747,169 191,168 775,168 300,167 540,166 870,160 499,159 159,158 171,156 963,330 040,328 824,327 970,327 027,325 475,324 147,311 264,308 637,306 505,304 222
PL924,Ostrołęcki,191 153,190 588,190 309,189 930,189 398,188 782,181 718,180 307,179 176,178 259,193 588,193 044,192 631,192 407,191 915,191 215,184 332,183 311,182 361,181 478,384 741,383 632,382 940,382 337,381 313,379 997,366 050,363 618,361 537,359 737
PL925,Siedlecki,207 263,206 916,206 702,206 586,206 204,205 752,199 110,197 707,196 819,195 956,212 317,211 943,211 890,211 845,211 361,211 157,204 689,203 337,202 304,201 554,419 580,418 859,418 592,418 431,417 565,416 909,403 799,401 044,399 123,397 510
PL926,Żyrardowski,125 945,125 790,125 813,125 877,125 628,125 395,125 532,124 797,124 325,123 929,133 208,133 148,133 141,133 147,132 948,132 861,132 113,131 527,131 139,130 724,259 153,258 938,258 954,259 024,258 576,258 256,257 645,256 324,255 464,254 653
PT,Portugal,4 934 668,4 919 465,4 907 936,4 902 631,4 898 614,4 926 990,4 942 871,4 967 262,5 020 648,5 083 568,5 460 453,5 449 089,5 436 542,5 433 139,5 434 882,5 448 405,5 451 426,5 453 855,5 495 973,5 556 158,10 395 121,10 368 554,10 344 478,10 335 770,10 333 496,10 375 395,10 394 297,10 421 117,10 516 621,10 639 726
PT1,Continente,4 694 644,4 682 132,4 672 685,4 668 391,4 665 187,4 693 640,4 708 580,4 732 084,4 783 958,4 844 936,5 199 589,5 190 248,5 179 372,5 177 338,5 180 084,5 193 929,5 196 201,5 197 546,5 238 468,5 297 143,9 894 233,9 872 380,9 852 057,9 845 729,9 845 271,9 887 569,9 904 781,9 929 630,10 022 426,10 142 079
PT11,Norte,1 718 713,1 711 858,1 709 318,1 706 921,1 706 320,1 713 134,1 714 291,1 723 122,1 743 176,1 759 847,1 900 094,1 893 933,1 887 272,1 885 480,1 885 310,1 886 908,1 887 143,1 886 856,1 897 118,1 914 014,3 618 807,3 605 791,3 596 590,3 592 401,3 591 630,3 600 042,3 601 434,3 609 978,3 640 294,3 673 861
PT111,Alto Minho,109 915,109 302,108 892,108 382,108 109,108 459,108 861,109 116,110 134,111 056,126 985,126 116,125 134,124 436,123 876,123 565,123 583,122 766,122 540,123 159,236 900,235 418,234 026,232 818,231 985,232 024,232 444,231 882,232 674,234 215
PT112,Cávado,193 948,193 836,194 296,194 940,196 046,198 377,200 070,201 656,204 692,207 396,213 636,213 680,213 715,214 351,215 395,216 986,218 071,218 179,219 813,222 437,407 584,407 516,408 011,409 291,411 441,415 363,418 141,419 835,424 505,429 833
PT119,Ave,201 135,200 648,200 658,200 550,200 700,201 529,202 540,202 519,203 763,204 791,217 544,216 928,216 345,216 238,216 314,216 662,217 573,216 572,216 655,217 673,418 679,417 576,417 003,416 788,417 014,418 191,420 113,419 091,420 418,422 464
PT11A,Área Metropolitana do Porto,822 421,820 450,820 762,821 186,822 116,826 416,825 252,833 460,847 336,858 332,916 876,915 700,914 078,914 976,916 636,918 892,918 020,922 384,932 658,944 332,1 739 297,1 736 150,1 734 840,1 736 162,1 738 752,1 745 308,1 743 272,1 755 844,1 779 994,1 802 664
PT11B,Alto Tâmega e Barroso,42 274,41 793,41 331,40 903,40 540,40 349,40 215,39 959,39 999,40 016,46 854,46 321,45 754,45 372,44 950,44 527,44 356,43 842,43 511,43 653,89 128,88 114,87 085,86 275,85 490,84 876,84 571,83 801,83 510,83 669
PT11C,Tâmega e Sousa,202 575,201 044,200 020,198 883,197 933,197 708,197 799,197 401,197 905,198 508,217 462,216 146,214 892,213 991,213 270,212 445,212 546,211 273,210 520,210 840,420 037,417 190,414 912,412 874,411 203,410 153,410 345,408 674,408 425,409 348
PT11D,Douro,92 414,91 333,90 322,89 424,88 541,88 108,87 817,87 580,87 748,88 006,102 021,100 897,99 708,98 864,98 011,97 316,96 895,96 251,95 957,96 189,194 435,192 230,190 030,188 288,186 552,185 424,184 712,183 831,183 705,184 195
PT11E,Terras de Trás-os-Montes,54 031,53 452,53 037,52 653,52 335,52 188,51 737,51 431,51 599,51 742,58 716,58 145,57 646,57 252,56 858,56 515,56 099,55 589,55 464,55 731,112 747,111 597,110 683,109 905,109 193,108 703,107 836,107 020,107 063,107 473
PT15,Algarve,217 316,217 599,218 277,219 967,221 655,224 868,227 866,228 467,232 369,235 043,232 649,234 080,235 023,236 146,237 942,240 742,242 026,241 516,246 249,249 079,449 965,451 679,453 300,456 113,459 597,465 610,469 892,469 983,478 618,484 122
PT150,Algarve,217 316,217 599,218 277,219 967,221 655,224 868,227 866,228 467,232 369,235 043,232 649,234 080,235 023,236 146,237 942,240 742,242 026,241 516,246 249,249 079,449 965,451 679,453 300,456 113,459 597,465 610,469 892,469 983,478 618,484 122
PT16,Centro (PT) (NUTS 2021),1 078 355,1 072 877,1 066 172,1 060 508,1 055 427,1 059 488,1 065 930,1 076 335,1 083 360,:,1 194 162,1 186 711,1 180 031,1 174 497,1 170 761,1 170 470,1 173 756,1 176 313,1 181 596,:,2 272 517,2 259 588,2 246 203,2 235 005,2 226 188,2 229 958,2 239 686,2 252 648,2 264 956,:
PT16B,Oeste (NUTS 2021),172 281,172 011,171 625,171 364,171 234,172 760,175 878,179 853,183 203,:,187 229,186 801,186 396,186 248,186 365,187 128,189 874,192 512,195 882,:,359 510,358 812,358 021,357 612,357 599,359 888,365 752,372 365,379 085,:
PT16D,Região de Aveiro (NUTS 2021),174 357,174 079,173 765,173 704,173 953,175 711,176 643,179 326,181 169,:,191 821,191 240,190 799,190 719,190 951,191 899,192 628,194 039,195 591,:,366 178,365 319,364 564,364 423,364 904,367 610,369 271,373 365,376 760,:
PT16E,Região de Coimbra (NUTS 2021),211 326,210 306,208 843,207 540,206 406,206 796,207 018,208 218,209 099,:,237 835,236 407,235 206,233 993,233 136,232 917,232 270,231 847,232 347,:,449 161,446 713,444 049,441 533,439 542,439 713,439 288,440 065,441 446,:
PT16F,Região de Leiria (NUTS 2021),138 341,137 945,137 351,136 829,136 298,137 070,138 348,139 687,140 738,:,150 701,150 038,149 410,148 970,148 705,148 966,149 831,150 332,151 401,:,289 042,287 983,286 761,285 799,285 003,286 036,288 179,290 019,292 139,:
PT16G,Viseu Dão Lafões (NUTS 2021),122 543,121 746,120 690,119 890,119 041,119 363,120 014,120 468,120 412,:,137 547,136 506,135 534,134 761,134 268,134 093,134 240,133 701,133 226,:,260 090,258 252,256 224,254 651,253 309,253 456,254 254,254 169,253 638,:
PT16H,Beira Baixa (NUTS 2021),40 258,39 890,39 484,39 106,38 718,38 653,38 634,38 801,38 815,:,44 729,44 200,43 772,43 353,42 968,42 680,42 556,42 366,42 286,:,84 987,84 090,83 256,82 459,81 686,81 333,81 190,81 167,81 101,:
PT16I,Médio Tejo (NUTS 2021),112 723,111 610,110 513,109 415,108 364,108 264,108 846,109 803,110 378,:,125 674,124 460,123 390,122 300,121 456,120 882,121 087,121 199,121 496,:,238 397,236 070,233 903,231 715,229 820,229 146,229 933,231 002,231 874,:
PT16J,Beiras e Serra da Estrela (NUTS 2021),106 526,105 290,103 901,102 660,101 413,100 871,100 549,100 179,99 546,:,118 626,117 059,115 524,114 153,112 912,111 905,111 270,110 317,109 367,:,225 152,222 349,219 425,216 813,214 325,212 776,211 819,210 496,208 913,:
PT17,Área Metropolitana de Lisboa (NUTS 2021),1 328 111,1 330 592,1 333 040,1 337 986,1 340 617,1 354 512,1 357 268,1 357 935,1 376 361,:,1 492 655,1 498 816,1 503 866,1 511 099,1 518 805,1 530 288,1 527 427,1 525 710,1 545 203,:,2 820 766,2 829 408,2 836 906,2 849 085,2 859 422,2 884 800,2 884 695,2 883 645,2 921 564,:
PT170,Área Metropolitana de Lisboa (NUTS 2021),1 328 111,1 330 592,1 333 040,1 337 986,1 340 617,1 354 512,1 357 268,1 357 935,1 376 361,:,1 492 655,1 498 816,1 503 866,1 511 099,1 518 805,1 530 288,1 527 427,1 525 710,1 545 203,:,2 820 766,2 829 408,2 836 906,2 849 085,2 859 422,2 884 800,2 884 695,2 883 645,2 921 564,:
PT18,Alentejo (NUTS 2021),352 149,349 206,345 878,343 009,341 168,341 638,343 225,346 225,348 692,:,380 029,376 708,373 180,370 116,367 266,365 521,365 849,367 151,368 302,:,732 178,725 914,719 058,713 125,708 434,707 159,709 074,713 376,716 994,:
PT181,Alentejo Litoral (NUTS 2021),47 415,47 360,47 260,47 288,47 572,48 568,49 277,50 257,51 280,:,48 195,47 976,47 755,47 589,47 507,47 614,47 785,48 046,48 483,:,95 610,95 336,95 015,94 877,95 079,96 182,97 062,98 303,99 763,:
PT184,Baixo Alentejo (NUTS 2021),59 163,58 460,57 803,57 120,56 624,56 603,56 611,56 719,56 732,:,62 618,61 898,61 232,60 607,59 903,59 402,59 087,58 944,58 781,:,121 781,120 358,119 035,117 727,116 527,116 005,115 698,115 663,115 513,:
PT185,Lezíria do Tejo (NUTS 2021),114 890,114 185,113 257,112 484,112 012,112 289,113 537,115 559,117 380,:,126 214,125 362,124 327,123 503,122 817,122 585,123 703,125 313,126 879,:,241 104,239 547,237 584,235 987,234 829,234 874,237 240,240 872,244 259,:
PT186,Alto Alentejo (NUTS 2021),53 757,53 005,52 175,51 510,50 929,50 455,50 195,49 907,49 585,:,59 366,58 585,57 766,57 070,56 399,55 769,55 481,55 124,54 719,:,113 123,111 590,109 941,108 580,107 328,106 224,105 676,105 031,104 304,:
PT187,Alentejo Central (NUTS 2021),76 924,76 196,75 383,74 607,74 031,73 723,73 605,73 783,73 715,:,83 636,82 887,82 100,81 347,80 640,80 151,79 793,79 724,79 440,:,160 560,159 083,157 483,155 954,154 671,153 874,153 398,153 507,153 155,:
PT19,Centro (PT),:,:,:,:,:,:,:,:,:,811 187,:,:,:,:,:,:,:,:,:,884 448,:,:,:,:,:,:,:,:,:,1 695 635
PT191,Região de Aveiro,:,:,:,:,:,:,:,:,:,185 216,:,:,:,:,:,:,:,:,:,199 473,:,:,:,:,:,:,:,:,:,384 689
PT192,Região de Coimbra,:,:,:,:,:,:,:,:,:,212 205,:,:,:,:,:,:,:,:,:,234 777,:,:,:,:,:,:,:,:,:,446 982
PT193,Região de Leiria,:,:,:,:,:,:,:,:,:,143 437,:,:,:,:,:,:,:,:,:,153 785,:,:,:,:,:,:,:,:,:,297 222
PT194,Viseu Dão Lafões,:,:,:,:,:,:,:,:,:,122 153,:,:,:,:,:,:,:,:,:,134 657,:,:,:,:,:,:,:,:,:,256 810
PT195,Beira Baixa,:,:,:,:,:,:,:,:,:,48 017,:,:,:,:,:,:,:,:,:,52 019,:,:,:,:,:,:,:,:,:,100 036
PT196,Beiras e Serra da Estrela,:,:,:,:,:,:,:,:,:,100 159,:,:,:,:,:,:,:,:,:,109 737,:,:,:,:,:,:,:,:,:,209 896
PT1A,Grande Lisboa,:,:,:,:,:,:,:,:,:,1 000 333,:,:,:,:,:,:,:,:,:,1 126 245,:,:,:,:,:,:,:,:,:,2 126 578
PT1A0,Grande Lisboa,:,:,:,:,:,:,:,:,:,1 000 333,:,:,:,:,:,:,:,:,:,1 126 245,:,:,:,:,:,:,:,:,:,2 126 578
PT1B,Península de Setúbal,:,:,:,:,:,:,:,:,:,395 983,:,:,:,:,:,:,:,:,:,438 616,:,:,:,:,:,:,:,:,:,834 599
PT1B0,Península de Setúbal,:,:,:,:,:,:,:,:,:,395 983,:,:,:,:,:,:,:,:,:,438 616,:,:,:,:,:,:,:,:,:,834 599
PT1C,Alentejo,:,:,:,:,:,:,:,:,:,232 363,:,:,:,:,:,:,:,:,:,242 338,:,:,:,:,:,:,:,:,:,474 701
PT1C1,Alentejo Litoral,:,:,:,:,:,:,:,:,:,52 243,:,:,:,:,:,:,:,:,:,49 145,:,:,:,:,:,:,:,:,:,101 388
PT1C2,Baixo Alentejo,:,:,:,:,:,:,:,:,:,56 793,:,:,:,:,:,:,:,:,:,58 964,:,:,:,:,:,:,:,:,:,115 757
PT1C3,Alto Alentejo,:,:,:,:,:,:,:,:,:,49 499,:,:,:,:,:,:,:,:,:,54 582,:,:,:,:,:,:,:,:,:,104 081
PT1C4,Alentejo Central,:,:,:,:,:,:,:,:,:,73 828,:,:,:,:,:,:,:,:,:,79 647,:,:,:,:,:,:,:,:,:,153 475
PT1D,Oeste e Vale do Tejo,:,:,:,:,:,:,:,:,:,410 180,:,:,:,:,:,:,:,:,:,442 403,:,:,:,:,:,:,:,:,:,852 583
PT1D1,Oeste,:,:,:,:,:,:,:,:,:,187 927,:,:,:,:,:,:,:,:,:,200 469,:,:,:,:,:,:,:,:,:,388 396
PT1D2,Médio Tejo,:,:,:,:,:,:,:,:,:,103 098,:,:,:,:,:,:,:,:,:,113 325,:,:,:,:,:,:,:,:,:,216 423
PT1D3,Lezíria do Tejo,:,:,:,:,:,:,:,:,:,119 155,:,:,:,:,:,:,:,:,:,128 609,:,:,:,:,:,:,:,:,:,247 764
PT2,Região Autónoma dos Açores,119 343,118 383,117 418,116 775,116 131,115 852,116 094,116 623,117 286,117 636,123 928,123 270,122 690,122 189,121 697,121 261,121 522,122 171,122 839,123 389,243 271,241 653,240 108,238 964,237 828,237 113,237 616,238 794,240 125,241 025
PT20,Região Autónoma dos Açores,119 343,118 383,117 418,116 775,116 131,115 852,116 094,116 623,117 286,117 636,123 928,123 270,122 690,122 189,121 697,121 261,121 522,122 171,122 839,123 389,243 271,241 653,240 108,238 964,237 828,237 113,237 616,238 794,240 125,241 025
PT200,Região Autónoma dos Açores,119 343,118 383,117 418,116 775,116 131,115 852,116 094,116 623,117 286,117 636,123 928,123 270,122 690,122 189,121 697,121 261,121 522,122 171,122 839,123 389,243 271,241 653,240 108,238 964,237 828,237 113,237 616,238 794,240 125,241 025
PT3,Região Autónoma da Madeira,120 681,118 950,117 833,117 465,117 296,117 498,118 197,118 555,119 404,120 996,136 936,135 571,134 480,133 612,133 101,133 215,133 703,134 138,134 666,135 626,257 617,254 521,252 313,251 077,250 397,250 713,251 900,252 693,254 070,256 622
PT30,Região Autónoma da Madeira,120 681,118 950,117 833,117 465,117 296,117 498,118 197,118 555,119 404,120 996,136 936,135 571,134 480,133 612,133 101,133 215,133 703,134 138,134 666,135 626,257 617,254 521,252 313,251 077,250 397,250 713,251 900,252 693,254 070,256 622
PT300,Região Autónoma da Madeira,120 681,118 950,117 833,117 465,117 296,117 498,118 197,118 555,119 404,120 996,136 936,135 571,134 480,133 612,133 101,133 215,133 703,134 138,134 666,135 626,257 617,254 521,252 313,251 077,250 397,250 713,251 900,252 693,254 070,256 622
RO,Romania,9 707 074,9 649 733,9 602 080,9 554 867,9 500 450,9 460 661,9 387 590,9 239 811,9 263 961,9 271 370,10 163 573,10 110 852,10 041 869,9 978 614,9 914 008,9 868 177,9 814 072,9 802 644,9 790 587,9 796 206,19 870 647,19 760 585,19 643 949,19 533 481,19 414 458,19 328 838,19 201 662,19 042 455,19 054 548,19 067 576
RO1,Macroregiunea Unu,2 414 995,2 405 025,2 398 342,2 392 277,2 384 814,2 380 989,2 367 454,2 335 746,2 347 149,2 354 966,2 520 695,2 513 506,2 502 725,2 493 598,2 485 570,2 481 266,2 472 396,2 461 147,2 465 620,2 472 879,4 935 690,4 918 531,4 901 067,4 885 875,4 870 384,4 862 255,4 839 850,4 796 893,4 812 769,4 827 845
RO11,Nord-Vest,1 261 420,1 256 505,1 253 570,1 250 590,1 246 685,1 244 564,1 238 464,1 227 794,1 233 929,1 238 205,1 324 123,1 320 062,1 314 712,1 309 914,1 305 427,1 302 865,1 298 553,1 295 755,1 297 984,1 301 579,2 585 543,2 576 567,2 568 282,2 560 504,2 552 112,2 547 429,2 537 017,2 523 549,2 531 913,2 539 784
RO111,Bihor,278 953,277 624,276 725,276 051,274 907,274 394,272 927,268 257,269 844,270 996,293 002,291 345,289 628,288 120,286 497,285 809,284 363,283 765,284 119,284 961,571 955,568 969,566 353,564 171,561 404,560 203,557 290,552 022,553 963,555 957
RO112,Bistriţa-Năsăud,140 888,140 342,140 044,139 546,138 898,138 299,137 427,146 421,147 046,147 600,142 322,142 153,141 343,140 512,139 953,139 550,138 830,148 921,149 137,149 482,283 210,282 495,281 387,280 058,278 851,277 849,276 257,295 342,296 183,297 082
RO113,Cluj,337 930,338 008,338 818,339 724,340 692,342 342,342 242,329 194,332 512,334 724,362 735,363 250,363 953,364 895,366 213,367 243,368 042,353 824,356 418,358 783,700 665,701 258,702 771,704 619,706 905,709 585,710 284,683 018,688 930,693 507
RO114,Maramureş,231 333,229 985,228 700,227 712,226 456,225 242,223 084,220 569,220 998,221 159,239 358,238 348,236 702,235 594,234 233,233 394,231 786,230 915,230 624,230 722,470 691,468 333,465 402,463 306,460 689,458 636,454 870,451 484,451 622,451 881
RO115,Satu Mare,165 064,164 096,163 391,162 548,161 679,161 028,159 978,160 103,160 368,160 484,174 934,174 085,173 118,172 041,170 893,170 189,169 294,170 255,170 186,170 217,339 998,338 181,336 509,334 589,332 572,331 217,329 272,330 358,330 554,330 701
RO116,Sălaj,107 252,106 450,105 892,105 009,104 053,103 259,102 806,103 250,103 161,103 242,111 772,110 881,109 968,108 752,107 638,106 680,106 238,108 075,107 500,107 414,219 024,217 331,215 860,213 761,211 691,209 939,209 044,211 325,210 661,210 656
RO12,Centru,1 153 575,1 148 520,1 144 772,1 141 687,1 138 129,1 136 425,1 128 990,1 107 952,1 113 220,1 116 761,1 196 572,1 193 444,1 188 013,1 183 684,1 180 143,1 178 401,1 173 843,1 165 392,1 167 636,1 171 300,2 350 147,2 341 964,2 332 785,2 325 371,2 318 272,2 314 826,2 302 833,2 273 344,2 280 856,2 288 061
RO121,Alba,165 831,164 590,163 412,162 209,160 802,159 971,158 262,160 175,160 420,160 505,170 044,168 898,167 549,166 055,164 624,163 908,162 655,165 528,165 356,165 192,335 875,333 488,330 961,328 264,325 426,323 879,320 917,325 703,325 776,325 697
RO122,Braşov,268 752,268 430,268 413,268 674,269 023,269 703,269 136,264 606,267 168,269 043,282 233,282 504,282 382,282 511,283 170,283 817,284 120,283 631,285 625,288 086,550 985,550 934,550 795,551 185,552 193,553 520,553 256,548 237,552 793,557 129
RO123,Covasna,102 866,102 110,101 567,100 905,100 339,99 972,99 192,98 068,98 244,98 208,104 730,104 169,103 353,102 566,101 807,101 503,100 858,101 835,101 525,101 467,207 596,206 279,204 920,203 471,202 146,201 475,200 050,199 903,199 769,199 675
RO124,Harghita,153 241,152 146,151 302,150 604,149 643,149 142,147 739,143 466,143 628,143 809,155 897,155 409,154 377,153 615,152 665,152 323,151 336,148 159,148 133,148 339,309 138,307 555,305 679,304 219,302 308,301 465,299 075,291 625,291 761,292 148
RO125,Mureş,268 265,266 742,265 630,264 609,263 199,262 312,260 118,253 416,254 026,254 402,278 150,276 984,275 074,273 605,271 994,270 874,269 207,265 562,265 318,265 429,546 415,543 726,540 704,538 214,535 193,533 186,529 325,518 978,519 344,519 831
RO126,Sibiu,194 620,194 502,194 448,194 686,195 123,195 325,194 543,188 221,189 734,190 794,205 518,205 480,205 278,205 332,205 883,205 976,205 667,200 677,201 679,202 787,400 138,399 982,399 726,400 018,401 006,401 301,400 210,388 898,391 413,393 581
RO2,Macroregiunea Doi,2 846 545,2 828 356,2 811 096,2 792 630,2 768 339,2 751 048,2 724 451,2 736 429,2 738 708,2 736 121,2 915 405,2 898 246,2 875 714,2 853 161,2 826 396,2 810 268,2 790 650,2 847 014,2 838 667,2 835 865,5 761 950,5 726 602,5 686 810,5 645 791,5 594 735,5 561 316,5 515 101,5 583 443,5 577 375,5 571 986
RO21,Nord-Est,1 622 817,1 616 554,1 609 712,1 602 776,1 591 514,1 584 364,1 572 285,1 588 417,1 592 780,1 594 303,1 646 781,1 640 180,1 629 828,1 619 956,1 607 050,1 599 851,1 591 180,1 633 402,1 631 433,1 632 511,3 269 598,3 256 734,3 239 540,3 222 732,3 198 564,3 184 215,3 163 465,3 221 819,3 224 213,3 226 814
RO211,Bacău,298 975,296 999,294 823,292 716,289 689,287 747,284 465,294 235,293 816,292 882,305 183,303 550,300 703,298 337,295 457,293 695,291 115,305 180,303 767,303 006,604 158,600 549,595 526,591 053,585 146,581 442,575 580,599 415,597 583,595 888
RO212,Botoşani,197 909,195 705,193 986,191 786,189 234,188 037,185 657,194 646,194 488,194 860,201 350,198 920,196 348,193 482,190 388,188 525,186 148,196 449,195 025,194 888,399 259,394 625,390 334,385 268,379 622,376 562,371 805,391 095,389 513,389 748
RO213,Iaşi,390 753,391 813,392 859,394 042,395 418,394 812,395 335,376 654,381 269,383 396,395 843,396 846,397 054,397 711,398 141,397 880,399 417,389 016,392 756,395 293,786 596,788 659,789 913,791 753,793 559,792 692,794 752,765 670,774 025,778 689
RO214,Neamţ,226 891,224 784,222 784,220 872,218 102,216 369,213 248,220 109,219 052,218 337,232 481,230 859,228 733,226 360,223 709,222 091,219 738,231 929,230 283,229 439,459 372,455 643,451 517,447 232,441 811,438 460,432 986,452 038,449 335,447 776
RO215,Suceava,312 396,311 930,311 582,311 555,310 444,309 751,307 962,315 688,316 934,318 493,318 634,317 803,316 737,315 884,314 119,313 268,312 130,325 088,325 231,326 703,631 030,629 733,628 319,627 439,624 563,623 019,620 092,640 776,642 165,645 196
RO216,Vaslui,195 893,195 323,193 678,191 805,188 627,187 648,185 618,187 085,187 221,186 335,193 290,192 202,190 253,188 182,185 236,184 392,182 632,185 740,184 371,183 182,389 183,387 525,383 931,379 987,373 863,372 040,368 250,372 825,371 592,369 517
RO22,Sud-Est,1 223 728,1 211 802,1 201 384,1 189 854,1 176 825,1 166 684,1 152 166,1 148 012,1 145 928,1 141 818,1 268 624,1 258 066,1 245 886,1 233 205,1 219 346,1 210 417,1 199 470,1 213 612,1 207 234,1 203 354,2 492 352,2 469 868,2 447 270,2 423 059,2 396 171,2 377 101,2 351 636,2 361 624,2 353 162,2 345 172
RO221,Brăila,150 858,148 606,146 562,144 296,142 168,140 496,137 788,135 421,134 295,133 194,157 318,155 002,152 515,149 801,147 369,145 420,142 891,144 768,142 710,141 557,308 176,303 608,299 077,294 097,289 537,285 916,280 679,280 189,277 005,274 751
RO222,Buzău,213 770,211 232,208 908,206 303,203 602,201 550,198 635,196 372,195 419,194 288,222 670,219 783,216 954,213 528,210 121,207 612,205 074,207 435,205 325,204 056,436 440,431 015,425 862,419 831,413 723,409 162,403 709,403 807,400 744,398 344
RO223,Constanţa,333 465,331 876,330 515,329 216,327 889,326 515,323 734,316 645,317 146,317 210,349 874,349 178,347 771,346 879,345 820,345 627,344 331,339 359,339 914,340 209,683 339,681 054,678 286,676 095,673 709,672 142,668 065,656 004,657 060,657 419
RO224,Galaţi,258 827,256 247,253 957,251 760,248 418,246 193,243 294,241 038,241 365,240 514,265 747,263 811,261 325,259 105,255 640,254 020,251 855,253 962,252 958,252 495,524 574,520 058,515 282,510 865,504 058,500 213,495 149,495 000,494 323,493 009
RO225,Tulcea,103 128,101 702,100 560,99 092,97 329,96 094,94 599,95 099,94 412,93 520,102 837,101 494,100 119,98 642,97 092,96 007,95 108,97 469,96 586,95 816,205 965,203 196,200 679,197 734,194 421,192 101,189 707,192 568,190 998,189 336
RO226,Vrancea,163 680,162 139,160 882,159 187,157 419,155 836,154 116,163 437,163 291,163 092,170 178,168 798,167 202,165 250,163 304,161 731,160 211,170 619,169 741,169 221,333 858,330 937,328 084,324 437,320 723,317 567,314 327,334 056,333 032,332 313
RO3,Macroregiunea Trei,2 573 275,2 560 405,2 549 011,2 540 053,2 530 955,2 522 761,2 507 342,2 448 259,2 458 318,2 461 977,2 772 211,2 759 353,2 741 591,2 727 653,2 714 050,2 700 617,2 688 709,2 674 818,2 672 946,2 677 093,5 345 486,5 319 758,5 290 602,5 267 706,5 245 005,5 223 378,5 196 051,5 123 077,5 131 264,5 139 070
RO31,Sud-Muntenia,1 501 553,1 487 237,1 475 892,1 458 649,1 443 004,1 429 893,1 413 020,1 390 907,1 387 318,1 384 106,1 559 733,1 544 318,1 527 502,1 506 766,1 486 828,1 471 483,1 455 974,1 463 902,1 453 821,1 449 517,3 061 286,3 031 555,3 003 394,2 965 415,2 929 832,2 901 376,2 868 994,2 854 809,2 841 139,2 833 623
RO311,Argeş,293 055,290 695,288 271,286 066,283 470,281 321,277 338,274 612,274 390,273 993,307 201,305 069,302 260,299 647,296 392,293 706,290 340,292 291,291 253,290 836,600 256,595 764,590 531,585 713,579 862,575 027,567 678,566 903,565 643,564 829
RO312,Călăraşi,146 924,145 309,144 367,142 180,140 593,138 534,137 342,138 445,137 972,137 555,151 760,150 196,148 468,145 881,143 706,141 718,140 359,143 529,142 506,141 794,298 684,295 505,292 835,288 061,284 299,280 252,277 701,281 974,280 478,279 349
RO313,Dâmboviţa,251 477,249 402,247 917,245 883,243 754,241 818,239 714,234 359,234 239,234 205,258 054,255 817,253 357,250 330,247 488,245 297,243 388,244 235,242 975,242 757,509 531,505 219,501 274,496 213,491 242,487 115,483 102,478 594,477 214,476 962
RO314,Giurgiu,136 515,135 729,135 913,133 706,132 569,131 505,130 513,128 101,127 807,127 787,140 117,138 841,138 108,135 533,133 625,131 758,130 537,132 099,130 907,130 874,276 632,274 570,274 021,269 239,266 194,263 263,261 050,260 200,258 714,258 661
RO315,Ialomiţa,131 815,130 572,129 535,128 155,126 789,125 903,124 567,122 999,122 968,122 811,135 324,134 161,132 696,130 988,129 331,128 502,127 350,127 421,126 897,126 553,267 139,264 733,262 231,259 143,256 120,254 405,251 917,250 420,249 865,249 364
RO316,Prahova,363 895,360 576,357 234,353 941,350 404,347 849,342 943,334 651,333 791,332 707,383 670,379 907,375 599,371 658,367 568,364 598,360 425,359 839,357 411,356 269,747 565,740 483,732 833,725 599,717 972,712 447,703 368,694 490,691 202,688 976
RO317,Teleorman,177 872,174 954,172 655,168 718,165 425,162 963,160 603,157 740,156 151,155 048,183 607,180 327,177 014,172 729,168 718,165 904,163 575,164 488,161 872,160 434,361 479,355 281,349 669,341 447,334 143,328 867,324 178,322 228,318 023,315 482
RO32,Bucureşti-Ilfov,1 071 722,1 073 168,1 073 119,1 081 404,1 087 951,1 092 868,1 094 322,1 057 352,1 071 000,1 077 871,1 212 478,1 215 035,1 214 089,1 220 887,1 227 222,1 229 134,1 232 735,1 210 916,1 219 125,1 227 576,2 284 200,2 288 203,2 287 208,2 302 291,2 315 173,2 322 002,2 327 057,2 268 268,2 290 125,2 305 447
RO321,Bucureşti,860 710,855 830,847 792,849 774,850 413,853 854,847 176,793 263,797 537,795 321,992 692,988 132,978 914,979 095,979 484,981 404,976 350,929 602,927 734,926 463,1 853 402,1 843 962,1 826 706,1 828 869,1 829 897,1 835 258,1 823 526,1 722 865,1 725 271,1 721 784
RO322,Ilfov,211 012,217 338,225 327,231 630,237 538,239 014,247 146,264 089,273 463,282 550,219 786,226 903,235 175,241 792,247 738,247 730,256 385,281 314,291 391,301 113,430 798,444 241,460 502,473 422,485 276,486 744,503 531,545 403,564 854,583 663
RO4,Macroregiunea Patru,1 872 259,1 855 947,1 843 631,1 829 907,1 816 342,1 805 863,1 788 343,1 719 377,1 719 786,1 718 306,1 955 262,1 939 747,1 921 839,1 904 202,1 887 992,1 876 026,1 862 317,1 819 665,1 813 354,1 810 369,3 827 521,3 795 694,3 765 470,3 734 109,3 704 334,3 681 889,3 650 660,3 539 042,3 533 140,3 528 675
RO41,Sud-Vest Oltenia,990 857,979 511,970 667,960 017,949 080,940 955,930 814,912 640,910 271,907 660,1 024 909,1 013 971,1 002 312,989 796,977 780,969 454,961 264,956 923,951 409,948 037,2 015 766,1 993 482,1 972 979,1 949 813,1 926 860,1 910 409,1 892 078,1 869 563,1 861 680,1 855 697
RO411,Dolj,316 289,313 353,310 955,308 878,306 212,304 160,301 125,289 570,289 870,289 415,330 166,327 687,324 676,322 148,319 444,317 250,314 837,309 988,309 697,308 956,646 455,641 040,635 631,631 026,625 656,621 410,615 962,599 558,599 567,598 371
RO412,Gorj,164 233,162 249,160 527,158 720,156 575,154 722,152 497,154 349,153 695,153 236,167 183,165 288,163 099,161 183,158 919,157 263,155 470,158 674,157 603,156 820,331 416,327 537,323 626,319 903,315 494,311 985,307 967,313 023,311 298,310 056
RO413,Mehedinţi,126 276,124 549,123 054,120 998,119 154,118 057,116 723,114 327,113 454,112 844,129 864,128 051,126 273,123 962,122 108,120 850,119 737,119 304,117 953,117 250,256 140,252 600,249 327,244 960,241 262,238 907,236 460,233 631,231 407,230 094
RO414,Olt,206 267,203 257,201 264,198 058,195 086,192 719,190 503,188 075,186 869,185 914,212 197,209 234,206 455,202 705,199 303,197 011,195 272,193 647,191 664,190 625,418 464,412 491,407 719,400 763,394 389,389 730,385 775,381 722,378 533,376 539
RO415,Vâlcea,177 792,176 103,174 867,173 363,172 053,171 297,169 966,166 319,166 383,166 251,185 499,183 711,181 809,179 798,178 006,177 080,175 948,175 310,174 492,174 386,363 291,359 814,356 676,353 161,350 059,348 377,345 914,341 629,340 875,340 637
RO42,Vest,881 402,876 436,872 964,869 890,867 262,864 908,857 529,806 737,809 515,810 646,930 353,925 776,919 527,914 406,910 212,906 572,901 053,862 742,861 945,862 332,1 811 755,1 802 212,1 792 491,1 784 296,1 777 474,1 771 480,1 758 582,1 669 479,1 671 460,1 672 978
RO421,Arad,207 093,205 953,205 251,204 237,203 663,203 084,201 613,199 324,199 940,200 262,219 366,218 122,216 694,214 898,213 759,212 826,211 417,210 943,210 474,210 609,426 459,424 075,421 945,419 135,417 422,415 910,413 030,410 267,410 414,410 871
RO422,Caraş-Severin,139 823,137 891,136 392,134 470,132 779,131 997,130 180,119 413,119 043,118 585,146 320,144 576,142 717,140 571,138 513,137 554,136 103,126 901,125 842,125 100,286 143,282 467,279 109,275 041,271 292,269 551,266 283,246 314,244 885,243 685
RO423,Hunedoara,197 521,195 176,192 640,190 548,188 277,186 595,183 104,173 750,172 683,171 442,206 033,203 774,200 536,198 066,195 370,193 510,190 665,186 929,184 871,183 437,403 554,398 950,393 176,388 614,383 647,380 105,373 769,360 679,357 554,354 879
RO424,Timiş,336 965,337 416,338 681,340 635,342 543,343 232,342 632,314 250,317 849,320 357,358 634,359 304,359 580,360 871,362 570,362 682,362 868,337 969,340 758,343 186,695 599,696 720,698 261,701 506,705 113,705 914,705 500,652 219,658 607,663 543
SI,Slovenia,1 022 229,1 023 333,1 025 125,1 027 041,1 038 656,1 051 066,1 059 938,1 057 695,1 063 271,1 068 429,1 040 645,1 040 855,1 040 770,1 039 839,1 042 252,1 044 795,1 049 039,1 049 485,1 053 701,1 055 520,2 062 874,2 064 188,2 065 895,2 066 880,2 080 908,2 095 861,2 108 977,2 107 180,2 116 972,2 123 949
SI0,Slovenija,1 022 229,1 023 333,1 025 125,1 027 041,1 038 656,1 051 066,1 059 938,1 057 695,1 063 271,1 068 429,1 040 645,1 040 855,1 040 770,1 039 839,1 042 252,1 044 795,1 049 039,1 049 485,1 053 701,1 055 520,2 062 874,2 064 188,2 065 895,2 066 880,2 080 908,2 095 861,2 108 977,2 107 180,2 116 972,2 123 949
SI03,Vzhodna Slovenija,545 435,545 051,544 990,544 953,550 010,555 221,559 077,558 153,561 039,564 070,548 110,547 142,546 169,544 764,544 425,544 791,545 969,545 634,546 846,547 616,1 093 545,1 092 193,1 091 159,1 089 717,1 094 435,1 100 012,1 105 046,1 103 787,1 107 885,1 111 686
SI031,Pomurska,57 345,57 127,56 780,56 509,56 413,56 535,57 024,56 785,56 759,56 688,59 325,58 951,58 697,58 267,57 874,57 703,57 701,57 441,57 345,56 980,116 670,116 078,115 477,114 776,114 287,114 238,114 725,114 226,114 104,113 668
SI032,Podravska,160 426,160 228,160 047,160 451,162 310,164 112,166 121,165 922,166 521,167 616,162 930,162 325,161 996,161 607,161 794,161 882,162 348,162 076,162 493,162 956,323 356,322 553,322 043,322 058,324 104,325 994,328 469,327 998,329 014,330 572
SI033,Koroška,35 836,35 657,35 494,35 419,35 643,35 828,35 777,35 691,35 809,35 762,35 467,35 383,35 267,35 131,34 945,34 927,34 858,34 880,34 909,34 730,71 303,71 040,70 761,70 550,70 588,70 755,70 635,70 571,70 718,70 492
SI034,Savinjska,127 110,127 250,127 753,127 926,129 378,130 607,131 378,131 191,132 092,133 118,126 865,127 068,127 008,126 834,126 981,127 240,127 530,127 508,128 040,128 668,253 975,254 318,254 761,254 760,256 359,257 847,258 908,258 699,260 132,261 786
SI035,Zasavska,28 385,28 290,28 277,28 183,28 220,28 417,28 540,28 414,28 598,28 718,29 326,29 114,29 003,28 878,28 742,28 739,28 664,28 469,28 493,28 525,57 711,57 404,57 280,57 061,56 962,57 156,57 204,56 883,57 091,57 243
SI036,Posavska,38 045,38 116,37 958,37 928,38 232,38 496,38 499,38 336,38 520,38 636,37 574,37 595,37 586,37 431,37 327,37 328,37 429,37 488,37 467,37 391,75 619,75 711,75 544,75 359,75 559,75 824,75 928,75 824,75 987,76 027
SI037,Jugovzhodna Slovenija,71 737,71 842,72 044,72 067,73 148,74 239,74 431,74 469,75 081,75 493,70 636,70 724,70 667,70 752,70 884,71 118,71 492,71 783,72 007,72 296,142 373,142 566,142 711,142 819,144 032,145 357,145 923,146 252,147 088,147 789
SI038,Primorsko-notranjska,26 551,26 541,26 637,26 470,26 666,26 987,27 307,27 345,27 659,28 039,25 987,25 982,25 945,25 864,25 878,25 854,25 947,25 989,26 092,26 070,52 538,52 523,52 582,52 334,52 544,52 841,53 254,53 334,53 751,54 109
SI04,Zahodna Slovenija,476 794,478 282,480 135,482 088,488 646,495 845,500 861,499 542,502 232,504 359,492 535,493 713,494 601,495 075,497 827,500 004,503 070,503 851,506 855,507 904,969 329,971 995,974 736,977 163,986 473,995 849,1 003 931,1 003 393,1 009 087,1 012 263
SI041,Osrednjeslovenska,260 881,262 344,264 118,265 937,270 293,274 753,275 712,274 692,277 376,279 500,273 637,274 679,275 554,276 369,278 878,280 521,280 236,280 521,284 031,285 853,534 518,537 023,539 672,542 306,549 171,555 274,555 948,555 213,561 407,565 353
SI042,Gorenjska,100 930,100 962,100 955,101 018,102 013,103 616,106 131,105 950,105 534,105 275,102 920,102 876,102 845,102 618,102 657,103 005,104 938,105 277,104 654,104 176,203 850,203 838,203 800,203 636,204 670,206 621,211 069,211 227,210 188,209 451
SI043,Goriška,59 055,59 018,58 896,58 708,59 159,59 676,59 975,59 766,59 919,59 999,59 133,59 046,58 851,58 552,58 457,58 365,58 550,58 547,58 517,58 255,118 188,118 064,117 747,117 260,117 616,118 041,118 525,118 313,118 436,118 254
SI044,Obalno-kraška,55 928,55 958,56 166,56 425,57 181,57 800,59 043,59 134,59 403,59 585,56 845,57 112,57 351,57 536,57 835,58 113,59 346,59 506,59 653,59 620,112 773,113 070,113 517,113 961,115 016,115 913,118 389,118 640,119 056,119 205
SK,Slovakia,2 642 328,2 646 082,2 651 684,2 656 514,2 661 077,2 665 350,2 666 486,2 657 903,2 655 094,2 653 217,2 779 021,2 780 170,2 783 659,2 786 606,2 789 344,2 792 523,2 793 295,2 776 809,2 773 698,2 771 470,5 421 349,5 426 252,5 435 343,5 443 120,5 450 421,5 457 873,5 459 781,5 434 712,5 428 792,5 424 687
SK0,Slovensko,2 642 328,2 646 082,2 651 684,2 656 514,2 661 077,2 665 350,2 666 486,2 657 903,2 655 094,2 653 217,2 779 021,2 780 170,2 783 659,2 786 606,2 789 344,2 792 523,2 793 295,2 776 809,2 773 698,2 771 470,5 421 349,5 426 252,5 435 343,5 443 120,5 450 421,5 457 873,5 459 781,5 434 712,5 428 792,5 424 687
SK01,Bratislavský kraj,296 319,300 614,304 970,309 586,313 964,319 112,322 823,348 299,350 722,353 071,328 848,332 674,336 922,341 252,345 634,350 480,354 201,375 415,377 648,379 686,625 167,633 288,641 892,650 838,659 598,669 592,677 024,723 714,728 370,732 757
SK010,Bratislavský kraj,296 319,300 614,304 970,309 586,313 964,319 112,322 823,348 299,350 722,353 071,328 848,332 674,336 922,341 252,345 634,350 480,354 201,375 415,377 648,379 686,625 167,633 288,641 892,650 838,659 598,669 592,677 024,723 714,728 370,732 757
SK02,Západné Slovensko,895 968,895 253,894 990,894 259,893 435,892 328,889 919,887 193,884 339,882 156,938 864,936 906,935 761,934 169,932 710,931 464,929 480,925 349,922 605,920 361,1 834 832,1 832 159,1 830 751,1 828 428,1 826 145,1 823 792,1 819 399,1 812 542,1 806 944,1 802 517
SK021,Trnavský kraj,273 025,273 806,274 725,275 476,276 116,276 738,276 776,277 007,277 022,277 190,285 652,285 891,286 431,286 896,287 475,288 179,288 548,288 289,288 551,288 924,558 677,559 697,561 156,562 372,563 591,564 917,565 324,565 296,565 573,566 114
SK022,Trenčiansky kraj,290 154,289 652,289 160,288 499,287 841,287 205,286 138,281 717,280 179,278 822,301 079,300 283,299 656,298 865,298 041,297 364,296 429,291 982,290 496,289 280,591 233,589 935,588 816,587 364,585 882,584 569,582 567,573 699,570 675,568 102
SK023,Nitriansky kraj,332 789,331 795,331 105,330 284,329 478,328 385,327 005,328 469,327 138,326 144,352 133,350 732,349 674,348 408,347 194,345 921,344 503,345 078,343 558,342 157,684 922,682 527,680 779,678 692,676 672,674 306,671 508,673 547,670 696,668 301
SK03,Stredné Slovensko,656 640,655 704,655 440,654 894,654 535,653 393,652 317,641 567,639 347,637 210,689 168,687 754,686 847,685 917,684 707,683 392,681 921,668 944,666 536,664 320,1 345 808,1 343 458,1 342 287,1 340 811,1 339 242,1 336 785,1 334 238,1 310 511,1 305 883,1 301 530
SK031,Žilinský kraj,339 088,339 117,339 408,339 554,339 899,339 959,339 838,339 564,338 888,338 458,351 361,351 317,351 370,351 469,351 469,351 550,351 298,349 961,349 218,348 716,690 449,690 434,690 778,691 023,691 368,691 509,691 136,689 525,688 106,687 174
SK032,Banskobystrický kraj,317 552,316 587,316 032,315 340,314 636,313 434,312 479,302 003,300 459,298 752,337 807,336 437,335 477,334 448,333 238,331 842,330 623,318 983,317 318,315 604,655 359,653 024,651 509,649 788,647 874,645 276,643 102,620 986,617 777,614 356
SK04,Východné Slovensko,793 401,794 511,796 284,797 775,799 143,800 517,801 427,780 844,780 686,780 780,822 141,822 836,824 129,825 268,826 293,827 187,827 693,807 101,806 909,807 103,1 615 542,1 617 347,1 620 413,1 623 043,1 625 436,1 627 704,1 629 120,1 587 945,1 587 595,1 587 883
SK041,Prešovský kraj,404 993,405 500,406 429,407 280,408 005,408 788,409 303,399 576,399 803,400 104,414 984,415 197,415 881,416 546,417 017,417 456,417 725,408 081,408 287,408 706,819 977,820 697,822 310,823 826,825 022,826 244,827 028,807 657,808 090,808 810
SK042,Košický kraj,388 408,389 011,389 855,390 495,391 138,391 729,392 124,381 268,380 883,380 676,407 157,407 639,408 248,408 722,409 276,409 731,409 968,399 020,398 622,398 397,795 565,796 650,798 103,799 217,800 414,801 460,802 092,780 288,779 505,779 073
FI,Finland,2 691 863,2 701 490,2 712 327,2 719 131,2 723 290,2 728 262,2 733 808,2 743 101,2 753 477,2 773 898,2 779 890,2 785 818,2 790 970,2 793 999,2 794 629,2 797 030,2 799 985,2 805 140,2 810 493,2 829 953,5 471 753,5 487 308,5 503 297,5 513 130,5 517 919,5 525 292,5 533 793,5 548 241,5 563 970,5 603 851
FI1,Manner-Suomi,2 677 417,2 687 005,2 697 760,2 704 411,2 708 420,2 713 383,2 718 819,2 728 013,2 738 413,2 758 776,2 765 420,2 771 320,2 776 323,2 779 230,2 779 710,2 782 025,2 784 845,2 789 884,2 795 198,2 814 534,5 442 837,5 458 325,5 474 083,5 483 641,5 488 130,5 495 408,5 503 664,5 517 897,5 533 611,5 573 310
FI19,Länsi-Suomi,681 640,682 985,684 444,684 803,684 925,684 675,684 895,687 085,688 552,692 352,695 641,696 131,696 149,695 562,694 824,693 977,693 956,695 160,696 209,700 109,1 377 281,1 379 116,1 380 593,1 380 365,1 379 749,1 378 652,1 378 851,1 382 245,1 384 761,1 392 461
FI193,Keski-Suomi (NUTS 2021),136 424,136 738,137 306,137 268,137 062,136 918,136 824,136 995,136 799,:,138 936,139 042,138 890,138 763,138 459,138 186,137 954,137 846,137 757,:,275 360,275 780,276 196,276 031,275 521,275 104,274 778,274 841,274 556,:
FI194,Etelä-Pohjanmaa (NUTS 2021),96 267,95 856,95 477,94 988,94 572,94 133,93 703,93 536,93 099,:,97 133,96 730,96 383,95 922,95 143,94 552,93 976,93 746,93 269,:,193 400,192 586,191 860,190 910,189 715,188 685,187 679,187 282,186 368,:
FI195,Pohjanmaa (NUTS 2021),91 087,91 506,91 461,91 347,91 355,91 319,91 155,91 430,91 690,:,90 069,90 173,89 980,89 598,89 439,89 126,89 132,89 091,89 039,:,181 156,181 679,181 441,180 945,180 794,180 445,180 287,180 521,180 729,:
FI196,Satakunta,110 434,110 004,109 619,109 103,108 269,107 357,106 767,106 235,105 472,105 053,113 549,112 953,112 121,111 295,110 355,109 395,108 649,108 046,107 084,106 687,223 983,222 957,221 740,220 398,218 624,216 752,215 416,214 281,212 556,211 740
FI197,Pirkanmaa (NUTS 2021),247 428,248 881,250 581,252 097,253 667,254 948,256 446,258 889,261 492,:,255 954,257 233,258 775,259 984,261 428,262 718,264 245,266 431,269 060,:,503 382,506 114,509 356,512 081,515 095,517 666,520 691,525 320,530 552,:
FI198,Keski-Suomi,:,:,:,:,:,:,:,:,:,136 186,:,:,:,:,:,:,:,:,:,137 085,:,:,:,:,:,:,:,:,:,273 271
FI199,Etelä-Pohjanmaa,:,:,:,:,:,:,:,:,:,95 275,:,:,:,:,:,:,:,:,:,95 264,:,:,:,:,:,:,:,:,:,190 539
FI19A,Pohjanmaa,:,:,:,:,:,:,:,:,:,90 120,:,:,:,:,:,:,:,:,:,87 482,:,:,:,:,:,:,:,:,:,177 602
FI19B,Pirkanmaa,:,:,:,:,:,:,:,:,:,265 718,:,:,:,:,:,:,:,:,:,273 591,:,:,:,:,:,:,:,:,:,539 309
FI1B,Helsinki-Uusimaa,778 493,787 495,797 682,806 972,815 181,825 227,832 256,839 306,849 733,863 732,824 895,832 766,840 611,848 652,855 843,864 498,870 422,875 435,883 300,895 805,1 603 388,1 620 261,1 638 293,1 655 624,1 671 024,1 689 725,1 702 678,1 714 741,1 733 033,1 759 537
FI1B1,Helsinki-Uusimaa,778 493,787 495,797 682,806 972,815 181,825 227,832 256,839 306,849 733,863 732,824 895,832 766,840 611,848 652,855 843,864 498,870 422,875 435,883 300,895 805,1 603 388,1 620 261,1 638 293,1 655 624,1 671 024,1 689 725,1 702 678,1 714 741,1 733 033,1 759 537
FI1C,Etelä-Suomi,568 369,568 204,568 187,567 832,566 308,564 524,564 426,564 336,564 112,566 105,593 337,592 287,590 987,589 169,586 411,584 270,583 058,581 976,580 361,582 527,1 161 706,1 160 491,1 159 174,1 157 001,1 152 719,1 148 794,1 147 484,1 146 312,1 144 473,1 148 632
FI1C1,Varsinais-Suomi,230 309,231 240,232 069,233 454,234 142,234 555,235 849,237 149,238 411,241 030,242 416,243 083,243 474,244 223,244 440,244 786,245 554,246 328,247 156,249 756,472 725,474 323,475 543,477 677,478 582,479 341,481 403,483 477,485 567,490 786
FI1C2,Kanta-Häme,86 219,86 009,85 623,85 278,84 711,84 473,84 368,84 298,83 983,83 885,89 131,88 701,88 158,87 442,86 653,86 452,86 209,85 915,85 554,85 662,175 350,174 710,173 781,172 720,171 364,170 925,170 577,170 213,169 537,169 547
FI1C3,Päijät-Häme (NUTS 2021),97 967,97 844,98 124,98 034,97 807,97 347,97 174,96 896,96 799,:,104 042,103 771,103 561,103 194,102 822,102 257,101 972,101 669,101 225,:,202 009,201 615,201 685,201 228,200 629,199 604,199 146,198 565,198 024,:
FI1C4,Kymenlaakso (NUTS 2021),88 595,88 117,87 628,86 629,85 716,84 568,83 848,83 148,82 284,:,91 263,90 571,90 031,88 882,87 672,86 599,85 589,84 802,83 708,:,179 858,178 688,177 659,175 511,173 388,171 167,169 437,167 950,165 992,:
FI1C5,Etelä-Karjala,65 279,64 994,64 743,64 437,63 932,63 581,63 187,62 845,62 635,62 642,66 485,66 161,65 763,65 428,64 824,64 176,63 734,63 262,62 718,62 520,131 764,131 155,130 506,129 865,128 756,127 757,126 921,126 107,125 353,125 162
FI1C6,Päijät-Häme,:,:,:,:,:,:,:,:,:,99 961,:,:,:,:,:,:,:,:,:,104 518,:,:,:,:,:,:,:,:,:,204 479
FI1C7,Kymenlaakso,:,:,:,:,:,:,:,:,:,78 587,:,:,:,:,:,:,:,:,:,80 071,:,:,:,:,:,:,:,:,:,158 658
FI1D,Pohjois- ja Itä-Suomi,648 915,648 321,647 447,644 804,642 006,638 957,637 242,637 286,636 016,636 587,651 547,650 136,648 576,645 847,642 632,639 280,637 409,637 313,635 328,636 093,1 300 462,1 298 457,1 296 023,1 290 651,1 284 638,1 278 237,1 274 651,1 274 599,1 271 344,1 272 680
FI1D1,Etelä-Savo (NUTS 2021),74 550,73 996,73 377,72 530,71 398,70 357,69 577,69 028,68 375,:,77 012,76 309,75 598,74 664,73 217,71 978,71 010,70 420,69 677,:,151 562,150 305,148 975,147 194,144 615,142 335,140 587,139 448,138 052,:
FI1D2,Pohjois-Savo (NUTS 2021),122 775,122 754,122 575,122 029,121 535,120 820,120 417,120 489,120 222,:,125 632,125 375,125 201,124 624,124 067,123 416,123 159,123 250,122 927,:,248 407,248 129,247 776,246 653,245 602,244 236,243 576,243 739,243 149,:
FI1D3,Pohjois-Karjala (NUTS 2021),82 178,81 914,81 662,81 133,80 751,80 229,79 794,79 694,79 401,:,83 080,82 841,82 423,81 853,81 489,80 982,80 547,80 451,80 078,:,165 258,164 755,164 085,162 986,162 240,161 211,160 341,160 145,159 479,:
FI1D5,Keski-Pohjanmaa,34 144,34 274,34 327,34 196,34 067,33 909,33 900,33 897,33 902,33 940,34 688,34 758,34 700,34 584,34 370,34 249,34 088,34 018,33 903,33 796,68 832,69 032,69 027,68 780,68 437,68 158,67 988,67 915,67 805,67 736
FI1D7,Lappi,91 150,90 714,90 355,89 718,89 291,88 647,88 437,88 212,87 881,88 082,90 598,90 144,89 852,89 505,89 231,88 514,88 228,88 282,87 914,88 068,181 748,180 858,180 207,179 223,178 522,177 161,176 665,176 494,175 795,176 150
FI1D8,Kainuu,38 114,37 774,37 564,37 171,36 777,36 481,36 237,36 145,35 847,35 642,38 005,37 550,37 239,36 788,36 284,35 825,35 427,35 110,34 674,34 522,76 119,75 324,74 803,73 959,73 061,72 306,71 664,71 255,70 521,70 164
FI1D9,Pohjois-Pohjanmaa,206 004,206 895,207 587,208 027,208 187,208 514,208 880,209 821,210 388,211 160,202 532,203 159,203 563,203 829,203 974,204 316,204 950,205 782,206 155,207 045,408 536,410 054,411 150,411 856,412 161,412 830,413 830,415 603,416 543,418 205
FI1DA,Etelä-Savo,:,:,:,:,:,:,:,:,:,64 090,:,:,:,:,:,:,:,:,:,65 824,:,:,:,:,:,:,:,:,:,129 914
FI1DB,Pohjois-Savo,:,:,:,:,:,:,:,:,:,122 790,:,:,:,:,:,:,:,:,:,125 400,:,:,:,:,:,:,:,:,:,248 190
FI1DC,Pohjois-Karjala,:,:,:,:,:,:,:,:,:,80 883,:,:,:,:,:,:,:,:,:,81 438,:,:,:,:,:,:,:,:,:,162 321
FI2,Åland,14 446,14 485,14 567,14 720,14 870,14 879,14 989,15 088,15 064,15 122,14 470,14 498,14 647,14 769,14 919,15 005,15 140,15 256,15 295,15 419,28 916,28 983,29 214,29 489,29 789,29 884,30 129,30 344,30 359,30 541
FI20,Åland,14 446,14 485,14 567,14 720,14 870,14 879,14 989,15 088,15 064,15 122,14 470,14 498,14 647,14 769,14 919,15 005,15 140,15 256,15 295,15 419,28 916,28 983,29 214,29 489,29 789,29 884,30 129,30 344,30 359,30 541
FI200,Åland,14 446,14 485,14 567,14 720,14 870,14 879,14 989,15 088,15 064,15 122,14 470,14 498,14 647,14 769,14 919,15 005,15 140,15 256,15 295,15 419,28 916,28 983,29 214,29 489,29 789,29 884,30 129,30 344,30 359,30 541
SE,Sweden,4 872 240,4 930 966,5 013 347,5 082 662,5 142 438,5 195 814,5 222 847,5 260 707,5 298 324,5 312 519,4 875 115,4 920 051,4 981 806,5 037 580,5 087 747,5 131 775,5 156 448,5 191 619,5 223 232,5 239 188,9 747 355,9 851 017,9 995 153,10 120 242,10 230 185,10 327 589,10 379 295,10 452 326,10 521 556,10 551 707
SE1,Östra Sverige,1 904 011,1 931 435,1 966 757,2 001 105,2 031 971,2 059 541,2 072 439,2 091 935,2 111 054,2 120 045,1 915 599,1 938 829,1 966 448,1 994 848,2 020 966,2 044 938,2 057 288,2 075 494,2 092 618,2 102 536,3 819 610,3 870 264,3 933 205,3 995 953,4 052 937,4 104 479,4 129 727,4 167 429,4 203 672,4 222 581
SE11,Stockholm,1 092 604,1 110 627,1 131 580,1 153 113,1 172 510,1 190 016,1 197 675,1 209 929,1 223 530,1 230 985,1 105 440,1 120 812,1 137 480,1 155 030,1 171 614,1 187 065,1 194 315,1 205 210,1 216 497,1 223 836,2 198 044,2 231 439,2 269 060,2 308 143,2 344 124,2 377 081,2 391 990,2 415 139,2 440 027,2 454 821
SE110,Stockholms län,1 092 604,1 110 627,1 131 580,1 153 113,1 172 510,1 190 016,1 197 675,1 209 929,1 223 530,1 230 985,1 105 440,1 120 812,1 137 480,1 155 030,1 171 614,1 187 065,1 194 315,1 205 210,1 216 497,1 223 836,2 198 044,2 231 439,2 269 060,2 308 143,2 344 124,2 377 081,2 391 990,2 415 139,2 440 027,2 454 821
SE12,Östra Mellansverige,811 407,820 808,835 177,847 992,859 461,869 525,874 764,882 006,887 524,889 060,810 159,818 017,828 968,839 818,849 352,857 873,862 973,870 284,876 121,878 700,1 621 566,1 638 825,1 664 145,1 687 810,1 708 813,1 727 398,1 737 737,1 752 290,1 763 645,1 767 760
SE121,Uppsala län,174 028,176 681,180 376,184 415,188 247,192 221,194 401,197 645,200 328,201 864,174 914,177 483,180 997,184 556,188 107,191 492,193 993,197 381,200 354,202 725,348 942,354 164,361 373,368 971,376 354,383 713,388 394,395 026,400 682,404 589
SE122,Södermanlands län,140 148,141 829,144 383,146 066,147 994,149 438,150 298,151 560,151 990,151 630,140 518,141 883,143 714,145 275,146 701,148 102,149 103,150 241,150 576,150 314,280 666,283 712,288 097,291 341,294 695,297 540,299 401,301 801,302 566,301 944
SE123,Östergötlands län,222 285,224 313,228 146,231 230,233 710,235 926,236 990,238 187,239 195,239 353,219 820,221 348,223 959,226 266,227 873,229 569,230 168,231 517,232 717,232 945,442 105,445 661,452 105,457 496,461 583,465 495,467 158,469 704,471 912,472 298
SE124,Örebro län,143 890,145 419,147 759,149 790,151 469,152 851,153 322,153 826,154 351,154 477,144 260,145 593,147 182,149 117,150 783,151 954,152 321,152 966,153 421,153 639,288 150,291 012,294 941,298 907,302 252,304 805,305 643,306 792,307 772,308 116
SE125,Västmanlands län,131 056,132 566,134 513,136 491,138 041,139 089,139 753,140 788,141 660,141 736,130 647,131 710,133 116,134 604,135 888,136 756,137 388,138 179,139 053,139 077,261 703,264 276,267 629,271 095,273 929,275 845,277 141,278 967,280 713,280 813
SE2,Södra Sverige,2 104 759,2 130 832,2 167 977,2 197 727,2 224 242,2 247 442,2 260 667,2 277 299,2 294 767,2 301 085,2 107 226,2 126 790,2 154 824,2 178 827,2 201 402,2 219 920,2 232 323,2 247 745,2 262 090,2 269 669,4 211 985,4 257 622,4 322 801,4 376 554,4 425 644,4 467 362,4 492 990,4 525 044,4 556 857,4 570 754
SE21,Småland med öarna,415 511,420 159,427 859,433 104,437 529,440 823,442 304,445 131,447 172,446 235,410 732,414 117,419 808,423 783,427 101,429 377,431 103,433 449,435 160,434 003,826 243,834 276,847 667,856 887,864 630,870 200,873 407,878 580,882 332,880 238
SE211,Jönköpings län,173 005,175 003,177 864,180 533,182 642,184 259,185 039,186 293,187 493,187 379,171 257,172 834,174 871,176 704,178 183,179 340,179 971,180 771,181 620,181 477,344 262,347 837,352 735,357 237,360 825,363 599,365 010,367 064,369 113,368 856
SE212,Kronobergs län,95 718,96 996,98 789,100 411,101 774,102 792,103 106,103 686,104 257,103 915,93 410,94 373,95 839,97 108,98 112,98 677,99 157,99 654,100 078,99 771,189 128,191 369,194 628,197 519,199 886,201 469,202 263,203 340,204 335,203 686
SE213,Kalmar län,118 333,119 605,122 296,122 924,123 540,123 956,124 187,124 754,124 964,124 544,117 265,118 074,120 005,120 612,121 130,121 490,121 823,122 421,122 747,122 123,235 598,237 679,242 301,243 536,244 670,245 446,246 010,247 175,247 711,246 667
SE214,Gotlands län,28 455,28 555,28 910,29 236,29 573,29 816,29 972,30 398,30 458,30 397,28 800,28 836,29 093,29 359,29 676,29 870,30 152,30 603,30 715,30 632,57 255,57 391,58 003,58 595,59 249,59 686,60 124,61 001,61 173,61 029
SE22,Sydsverige,718 137,727 750,740 923,752 249,761 336,769 510,775 003,781 395,787 666,790 409,724 928,732 130,742 095,751 811,760 512,767 923,773 389,779 967,785 398,789 345,1 443 065,1 459 880,1 483 018,1 504 060,1 521 848,1 537 433,1 548 392,1 561 362,1 573 064,1 579 754
SE221,Blekinge län,78 164,79 473,80 765,81 283,81 431,81 424,81 141,81 083,81 025,80 541,75 993,76 780,77 688,78 088,78 253,78 182,77 915,77 854,77 715,77 432,154 157,156 253,158 453,159 371,159 684,159 606,159 056,158 937,158 740,157 973
SE224,Skåne län,639 973,648 277,660 158,670 966,679 905,688 086,693 862,700 312,706 641,709 868,648 935,655 350,664 407,673 723,682 259,689 741,695 474,702 113,707 683,711 913,1 288 908,1 303 627,1 324 565,1 344 689,1 362 164,1 377 827,1 389 336,1 402 425,1 414 324,1 421 781
SE23,Västsverige,971 111,982 923,999 195,1 012 374,1 025 377,1 037 109,1 043 360,1 050 773,1 059 929,1 064 441,971 566,980 543,992 921,1 003 233,1 013 789,1 022 620,1 027 831,1 034 329,1 041 532,1 046 321,1 942 677,1 963 466,1 992 116,2 015 607,2 039 166,2 059 729,2 071 191,2 085 102,2 101 461,2 110 762
SE231,Hallands län,154 911,157 261,160 362,162 735,165 043,167 500,168 903,170 749,172 032,172 365,155 754,157 523,159 971,162 090,164 309,166 348,167 845,169 494,170 773,171 381,310 665,314 784,320 333,324 825,329 352,333 848,336 748,340 243,342 805,343 746
SE232,Västra Götalands län,816 200,825 662,838 833,849 639,860 334,869 609,874 457,880 024,887 897,892 076,815 812,823 020,832 950,841 143,849 480,856 272,859 986,864 835,870 759,874 940,1 632 012,1 648 682,1 671 783,1 690 782,1 709 814,1 725 881,1 734 443,1 744 859,1 758 656,1 767 016
SE3,Norra Sverige,863 470,868 699,878 613,883 830,886 225,888 831,889 741,891 473,892 503,891 389,852 290,854 432,860 534,863 905,865 379,866 917,866 837,868 380,868 524,866 983,1 715 760,1 723 131,1 739 147,1 747 735,1 751 604,1 755 748,1 756 578,1 759 853,1 761 027,1 758 372
SE31,Norra Mellansverige,417 954,421 495,427 453,429 413,431 079,432 543,432 907,433 457,433 750,432 025,415 631,417 252,420 998,422 788,424 141,425 219,425 156,425 893,425 870,424 418,833 585,838 747,848 451,852 201,855 220,857 762,858 063,859 350,859 620,856 443
SE311,Värmlands län,137 471,138 250,140 306,140 934,141 582,142 280,142 529,142 641,143 161,142 903,137 220,137 654,139 028,139 465,139 900,140 134,140 356,140 555,140 815,140 645,274 691,275 904,279 334,280 399,281 482,282 414,282 885,283 196,283 976,283 548
SE312,Dalarnas län,140 220,141 711,143 821,144 682,145 244,145 641,145 584,145 863,145 898,145 403,138 683,139 317,140 710,141 483,141 947,142 325,142 092,142 524,142 412,141 850,278 903,281 028,284 531,286 165,287 191,287 966,287 676,288 387,288 310,287 253
SE313,Gävleborgs län,140 263,141 534,143 326,143 797,144 253,144 622,144 794,144 953,144 691,143 719,139 728,140 281,141 260,141 840,142 294,142 760,142 708,142 814,142 643,141 923,279 991,281 815,284 586,285 637,286 547,287 382,287 502,287 767,287 334,285 642
SE32,Mellersta Norrland,185 747,186 839,188 771,189 860,189 918,190 296,190 218,190 496,190 311,189 755,184 079,184 434,185 474,185 914,185 815,185 861,185 491,185 751,185 624,184 965,369 826,371 273,374 245,375 774,375 733,376 157,375 709,376 247,375 935,374 720
SE321,Västernorrlands län,122 055,122 654,123 776,124 099,123 944,123 982,123 654,123 440,122 974,122 488,121 006,121 243,121 796,121 869,121 509,121 365,120 900,120 753,120 291,119 660,243 061,243 897,245 572,245 968,245 453,245 347,244 554,244 193,243 265,242 148
SE322,Jämtlands län,63 692,64 185,64 995,65 761,65 974,66 314,66 564,67 056,67 337,67 267,63 073,63 191,63 678,64 045,64 306,64 496,64 591,64 998,65 333,65 305,126 765,127 376,128 673,129 806,130 280,130 810,131 155,132 054,132 670,132 572
SE33,Övre Norrland,259 769,260 365,262 389,264 557,265 228,265 992,266 616,267 520,268 442,269 609,252 580,252 746,254 062,255 203,255 423,255 837,256 190,256 736,257 030,257 600,512 349,513 111,516 451,519 760,520 651,521 829,522 806,524 256,525 472,527 209
SE331,Västerbottens län,132 324,132 930,134 341,135 894,136 929,137 706,138 429,139 213,140 338,141 852,130 038,130 448,131 540,132 571,133 225,134 030,134 763,135 350,135 957,136 877,262 362,263 378,265 881,268 465,270 154,271 736,273 192,274 563,276 295,278 729
SE332,Norrbottens län,127 445,127 435,128 048,128 663,128 299,128 286,128 187,128 307,128 104,127 757,122 542,122 298,122 522,122 632,122 198,121 807,121 427,121 386,121 073,120 723,249 987,249 733,250 570,251 295,250 497,250 093,249 614,249 693,249 177,248 480
EFTA,European Free Trade Association,6 856 443,6 932 512,7 012 346,7 071 295,7 124 056,7 181 581,7 230 269,7 288 159,7 365 069,7 463 671,6 913 491,6 978 750,7 041 680,7 095 018,7 144 052,7 194 913,7 239 247,7 291 458,7 366 735,7 472 386,13 769 934,13 911 262,14 054 026,14 166 313,14 268 108,14 376 494,14 469 516,14 579 617,14 731 804,14 936 057
IS,Iceland,165 186,167 270,171 033,177 600,182 837,186 941,189 043,193 095,199 958,196 552,163 914,165 259,167 316,170 850,174 154,177 193,179 749,183 153,187 800,187 015,329 100,332 529,338 349,348 450,356 991,364 134,368 792,376 248,387 758,383 567
IS0,Ísland,165 186,167 270,171 033,177 600,182 837,186 941,189 043,193 095,199 958,196 552,163 914,165 259,167 316,170 850,174 154,177 193,179 749,183 153,187 800,187 015,329 100,332 529,338 349,348 450,356 991,364 134,368 792,376 248,387 758,383 567
IS00,Ísland,165 186,167 270,171 033,177 600,182 837,186 941,189 043,193 095,199 958,196 552,163 914,165 259,167 316,170 850,174 154,177 193,179 749,183 153,187 800,187 015,329 100,332 529,338 349,348 450,356 991,364 134,368 792,376 248,387 758,383 567
IS001,Höfuðborgarsvæði,104 956,106 376,108 463,112 202,115 867,118 728,120 280,122 657,126 602,123 951,106 326,107 243,108 415,110 282,112 364,114 306,116 248,118 225,120 931,120 115,211 282,213 619,216 878,222 484,228 231,233 034,236 528,240 882,247 533,244 066
IS002,Landsbyggð,60 230,60 894,62 570,65 398,66 970,68 213,68 763,70 438,73 356,72 601,57 588,58 016,58 901,60 568,61 790,62 887,63 501,64 928,66 869,66 900,117 818,118 910,121 471,125 966,128 760,131 100,132 264,135 366,140 225,139 501
LI,Liechtenstein,18 553,18 660,18 746,18 890,19 025,19 215,19 368,19 496,19 688,19 859,18 813,18 962,19 064,19 224,19 353,19 532,19 687,19 812,19 989,20 156,37 366,37 622,37 810,38 114,38 378,38 747,39 055,39 308,39 677,40 015
LI0,Liechtenstein,18 553,18 660,18 746,18 890,19 025,19 215,19 368,19 496,19 688,19 859,18 813,18 962,19 064,19 224,19 353,19 532,19 687,19 812,19 989,20 156,37 366,37 622,37 810,38 114,38 378,38 747,39 055,39 308,39 677,40 015
LI00,Liechtenstein,18 553,18 660,18 746,18 890,19 025,19 215,19 368,19 496,19 688,19 859,18 813,18 962,19 064,19 224,19 353,19 532,19 687,19 812,19 989,20 156,37 366,37 622,37 810,38 114,38 378,38 747,39 055,39 308,39 677,40 015
LI000,Liechtenstein,18 553,18 660,18 746,18 890,19 025,19 215,19 368,19 496,19 688,19 859,18 813,18 962,19 064,19 224,19 353,19 532,19 687,19 812,19 989,20 156,37 366,37 622,37 810,38 114,38 378,38 747,39 055,39 308,39 677,40 015
NO,Norway,2 598 824,2 625 111,2 649 130,2 668 371,2 685 073,2 706 562,2 719 259,2 737 332,2 765 470,2 795 728,2 566 978,2 588 874,2 609 187,2 627 248,2 643 139,2 661 018,2 672 110,2 687 938,2 723 514,2 754 489,5 165 802,5 213 985,5 258 317,5 295 619,5 328 212,5 367 580,5 391 369,5 425 270,5 488 984,5 550 217
NO0,Norge,2 598 824,2 625 111,2 649 130,2 668 371,2 685 073,2 706 562,2 719 259,2 737 332,2 765 470,2 795 728,2 566 978,2 588 874,2 609 187,2 627 248,2 643 139,2 661 018,2 672 110,2 687 938,2 723 514,2 754 489,5 165 802,5 213 985,5 258 317,5 295 619,5 328 212,5 367 580,5 391 369,5 425 270,5 488 984,5 550 217
NO01,Oslo og Akershus (statistical region 2016),615 578,625 352,635 222,643 613,652 640,664 135,:,:,:,:,617 276,626 335,635 905,643 882,652 482,662 547,:,:,:,:,1 232 854,1 251 687,1 271 127,1 287 495,1 305 122,1 326 682,:,:,:,:
NO011,Oslo (statistical region 2016),323 000,328 022,332 578,335 806,339 597,346 184,:,:,:,:,324 875,329 456,334 181,337 663,341 470,347 310,:,:,:,:,647 875,657 478,666 759,673 469,681 067,693 494,:,:,:,:
NO012,Akershus (statistical region 2016),292 578,297 330,302 644,307 807,313 043,317 951,:,:,:,:,292 401,296 879,301 724,306 219,311 012,315 237,:,:,:,:,584 979,594 209,604 368,614 026,624 055,633 188,:,:,:,:
NO02,Innlandet,184 108,184 362,185 109,185 921,186 084,186 319,185 898,186 293,187 346,188 684,184 250,184 274,184 784,185 073,184 970,185 066,184 705,184 960,186 282,187 620,368 358,368 636,369 893,370 994,371 054,371 385,370 603,371 253,373 628,376 304
NO020,Innlandet,184 108,184 362,185 109,185 921,186 084,186 319,185 898,186 293,187 346,188 684,184 250,184 274,184 784,185 073,184 970,185 066,184 705,184 960,186 282,187 620,368 358,368 636,369 893,370 994,371 054,371 385,370 603,371 253,373 628,376 304
NO021,Hedmark (statistical region 2016),97 311,97 461,97 959,98 491,98 776,99 100,:,:,:,:,97 845,97 833,98 231,98 475,98 630,98 820,:,:,:,:,195 156,195 294,196 190,196 966,197 406,197 920,:,:,:,:
NO022,Oppland (statistical region 2016),94 575,94 672,95 042,95 335,95 260,95 176,:,:,:,:,94 254,94 255,94 437,94 535,94 285,94 189,:,:,:,:,188 829,188 927,189 479,189 870,189 545,189 365,:,:,:,:
NO03,Sør-Østlandet (statistical region 2016),487 964,492 607,497 147,500 661,503 790,507 431,:,:,:,:,488 718,492 157,495 815,498 978,501 280,504 041,:,:,:,:,976 682,984 764,992 962,999 639,1 005 070,1 011 472,:,:,:,:
NO031,Østfold (statistical region 2016),143 485,144 973,146 687,147 944,149 123,150 488,:,:,:,:,143 752,144 850,146 206,147 476,148 397,149 624,:,:,:,:,287 237,289 823,292 893,295 420,297 520,300 112,:,:,:,:
NO032,Buskerud (statistical region 2016),137 930,139 512,140 666,141 686,142 477,143 687,:,:,:,:,136 852,138 102,139 048,140 083,140 671,141 649,:,:,:,:,274 782,277 614,279 714,281 769,283 148,285 336,:,:,:,:
NO033,Vestfold (statistical region 2016),120 743,121 947,123 100,124 252,125 451,126 419,:,:,:,:,121 949,122 939,123 948,124 807,125 633,126 250,:,:,:,:,242 692,244 886,247 048,249 059,251 084,252 669,:,:,:,:
NO034,Telemark (statistical region 2016),85 806,86 175,86 694,86 779,86 739,86 837,:,:,:,:,86 165,86 266,86 613,86 612,86 579,86 518,:,:,:,:,171 971,172 441,173 307,173 391,173 318,173 355,:,:,:,:
NO04,Agder og Rogaland (statistical region 2016),385 630,388 967,391 326,393 385,394 800,398 228,:,:,:,:,376 401,379 212,381 487,383 894,386 098,388 895,:,:,:,:,762 031,768 179,772 813,777 279,780 898,787 123,:,:,:,:
NO041,Aust-Agder (statistical region 2016),57 672,58 222,58 767,59 098,59 291,59 683,:,:,:,:,57 107,57 563,57 906,58 124,58 364,58 590,:,:,:,:,114 779,115 785,116 673,117 222,117 655,118 273,:,:,:,:
NO042,Vest-Agder (statistical region 2016),90 712,91 769,92 585,93 752,94 148,94 974,:,:,:,:,90 185,90 874,91 531,92 780,93 441,93 985,:,:,:,:,180 897,182 643,184 116,186 532,187 589,188 959,:,:,:,:
NO043,Rogaland (statistical region 2016),237 246,238 976,239 974,240 535,241 361,243 571,:,:,:,:,229 109,230 775,232 050,232 990,234 293,236 320,:,:,:,:,466 355,469 751,472 024,473 525,475 654,479 891,:,:,:,:
NO05,Vestlandet (statistical region 2016),448 516,452 270,455 300,456 756,457 581,459 647,:,:,:,:,435 800,438 449,441 203,442 871,444 108,445 688,:,:,:,:,884 316,890 719,896 503,899 627,901 689,905 335,:,:,:,:
NO051,Hordaland (statistical region 2016),258 709,261 364,263 313,264 546,265 290,267 296,:,:,:,:,252 698,254 708,256 650,257 993,259 205,260 831,:,:,:,:,511 407,516 072,519 963,522 539,524 495,528 127,:,:,:,:
NO052,Sogn og Fjordane (statistical region 2016),55 533,55 804,56 331,56 268,56 007,55 921,:,:,:,:,53 640,53 692,53 935,53 962,53 767,53 645,:,:,:,:,109 173,109 496,110 266,110 230,109 774,109 566,:,:,:,:
NO053,Møre og Romsdal (statistical region 2016),134 274,135 102,135 656,135 942,136 284,136 430,:,:,:,:,129 462,130 049,130 618,130 916,131 136,131 212,:,:,:,:,263 736,265 151,266 274,266 858,267 420,267 642,:,:,:,:
NO06,Trøndelag,227 246,229 459,232 339,234 574,236 382,238 103,239 336,240 812,242 569,244 736,222 140,223 893,225 882,227 780,229 252,230 599,231 788,233 319,235 901,238 223,449 386,453 352,458 221,462 354,465 634,468 702,471 124,474 131,478 470,482 959
NO060,Trøndelag/Trööndelage,227 246,229 459,232 339,234 574,236 382,238 103,239 336,240 812,242 569,244 736,222 140,223 893,225 882,227 780,229 252,230 599,231 788,233 319,235 901,238 223,449 386,453 352,458 221,462 354,465 634,468 702,471 124,474 131,478 470,482 959
NO061,Sør-Trøndelag (statistical region 2016),157 140,158 741,161 156,163 167,:,:,:,:,:,:,152 953,154 364,156 207,157 717,:,:,:,:,:,:,310 093,313 105,317 363,320 884,:,:,:,:,:,:
NO062,Nord-Trøndelag (statistical region 2016),68 336,68 747,69 334,69 565,:,:,:,:,:,:,67 409,67 605,67 899,68 293,:,:,:,:,:,:,135 745,136 352,137 233,137 858,:,:,:,:,:,:
NO07,Nord-Norge,244 134,244 970,246 644,247 398,247 682,246 561,245 653,245 363,245 674,247 586,236 606,237 024,238 003,238 603,238 770,237 985,236 860,236 563,237 862,240 159,480 740,481 994,484 647,486 001,486 452,484 546,482 513,481 926,483 536,487 745
NO071,Nordland/Nordlánnda,121 600,121 761,122 472,122 804,122 901,122 432,122 070,122 024,122 324,123 222,118 802,118 862,119 142,119 272,119 225,118 803,118 275,118 166,118 760,119 859,240 402,240 623,241 614,242 076,242 126,241 235,240 345,240 190,241 084,243 081
NO072,Troms/Romsa/Tromssa,83 026,83 521,84 337,84 746,85 100,84 656,:,:,:,85 947,80 453,80 676,81 295,81 753,82 102,81 946,:,:,:,83 664,163 479,164 197,165 632,166 499,167 202,166 602,:,:,:,169 611
NO073,Finnmark/Finnmárku/Finmarkku,38 872,38 929,39 199,39 205,39 041,38 850,:,:,:,38 417,36 735,36 750,36 950,36 962,36 822,36 622,:,:,:,36 636,75 607,75 679,76 149,76 167,75 863,75 472,:,:,:,75 053
NO074,Troms og Finnmark/Romsa ja Finnmárku/Tromssa ja Finmarkku (statistical region 2021),122 534,123 209,124 172,124 594,124 781,124 129,123 583,123 339,123 350,:,117 804,118 162,118 861,119 331,119 545,119 182,118 585,118 397,119 102,:,240 338,241 371,243 033,243 925,244 326,243 311,242 168,241 736,242 452,:
NO08,Oslo og Viken,907 892,921 520,933 802,944 524,955 582,969 629,977 077,987 922,1 003 232,1 017 084,908 821,921 231,932 361,942 674,952 794,965 030,972 317,981 135,998 046,1 011 405,1 816 713,1 842 751,1 866 163,1 887 198,1 908 376,1 934 659,1 949 394,1 969 057,2 001 278,2 028 489
NO081,Oslo,322 892,328 424,332 578,335 806,339 599,346 184,347 650,349 108,353 242,357 520,324 784,329 966,334 181,337 663,341 472,347 310,349 360,350 719,355 795,360 191,647 676,658 390,666 759,673 469,681 071,693 494,697 010,699 827,709 037,717 711
NO082,Viken (statistical region 2021),585 000,593 096,601 224,608 718,615 983,623 445,629 427,638 814,649 990,:,584 037,591 265,598 180,605 011,611 322,617 720,622 957,630 416,642 251,:,1 169 037,1 184 361,1 199 404,1 213 729,1 227 305,1 241 165,1 252 384,1 269 230,1 292 241,:
NO083,Østfold,:,:,:,:,:,:,:,:,:,156 859,:,:,:,:,:,:,:,:,:,155 293,:,:,:,:,:,:,:,:,:,312 152
NO084,Akershus,:,:,:,:,:,:,:,:,:,366 732,:,:,:,:,:,:,:,:,:,362 073,:,:,:,:,:,:,:,:,:,728 805
NO085,Buskerud,:,:,:,:,:,:,:,:,:,135 973,:,:,:,:,:,:,:,:,:,133 848,:,:,:,:,:,:,:,:,:,269 821
NO09,Agder og Sør-Østlandet,351 546,354 874,357 811,360 505,362 238,364 551,366 776,369 576,373 488,377 444,352 112,354 469,356 680,359 026,360 717,362 076,363 949,366 390,371 664,375 932,703 658,709 343,714 491,719 531,722 955,726 627,730 725,735 966,745 152,753 376
NO091,Vestfold og Telemark (statistical region 2021),203 185,204 886,206 459,207 655,208 799,209 895,211 291,212 921,214 739,:,204 829,205 971,207 243,208 122,208 912,209 501,210 591,211 911,214 362,:,408 014,410 857,413 702,415 777,417 711,419 396,421 882,424 832,429 101,:
NO092,Agder,148 361,149 988,151 352,152 850,153 439,154 656,155 485,156 655,158 749,160 690,147 283,148 498,149 437,150 904,151 805,152 575,153 358,154 479,157 302,159 161,295 644,298 486,300 789,303 754,305 244,307 231,308 843,311 134,316 051,319 851
NO093,Vestfold,:,:,:,:,:,:,:,:,:,128 118,:,:,:,:,:,:,:,:,:,128 314,:,:,:,:,:,:,:,:,:,256 432
NO094,Telemark,:,:,:,:,:,:,:,:,:,88 636,:,:,:,:,:,:,:,:,:,88 457,:,:,:,:,:,:,:,:,:,177 093
NO0A,Vestlandet,683 898,689 926,693 425,695 449,697 105,701 399,704 519,707 366,713 161,720 194,663 049,667 983,671 477,674 092,676 636,680 262,682 491,685 571,693 759,701 150,1 346 947,1 357 909,1 364 902,1 369 541,1 373 741,1 381 661,1 387 010,1 392 937,1 406 920,1 421 344
NO0A1,Rogaland,237 223,239 180,239 974,240 535,241 361,243 572,245 170,246 841,249 668,253 147,229 079,230 995,232 050,232 991,234 293,236 320,237 475,238 956,242 682,246 271,466 302,470 175,472 024,473 526,475 654,479 892,482 645,485 797,492 350,499 418
NO0A2,Vestland,313 577,316 757,319 029,320 210,320 691,322 614,323 928,325 104,327 134,329 703,305 746,308 084,310 017,311 398,312 426,313 917,314 893,316 188,319 071,321 599,619 323,624 841,629 046,631 608,633 117,636 531,638 821,641 292,646 205,651 302
NO0A3,Møre og Romsdal,133 098,133 989,134 422,134 704,135 053,135 213,135 421,135 421,136 359,137 344,128 224,128 904,129 410,129 703,129 917,130 025,130 123,130 427,132 006,133 280,261 322,262 893,263 832,264 407,264 970,265 238,265 544,265 848,268 365,270 624
NO0B,Svalbard og Jan Mayen,0,0,0,0,0,0,:,0,0,:,0,0,0,0,0,0,:,0,0,:,0,0,0,0,0,0,:,0,0,:
NO0B1,Jan Mayen,0,0,0,0,0,0,:,0,0,:,0,0,0,0,0,0,:,0,0,:,0,0,0,0,0,0,:,0,0,:
NO0B2,Svalbard,0,0,0,0,0,0,:,0,0,:,0,0,0,0,0,0,:,0,0,:,0,0,0,0,0,0,:,0,0,:
CH,Switzerland,4 073 880,4 121 471,4 173 437,4 206 434,4 237 121,4 268 863,4 302 599,4 338 203,4 379 953,4 451 532,4 163 786,4 205 655,4 246 113,4 277 696,4 307 406,4 337 170,4 367 701,4 400 588,4 435 432,4 510 726,8 237 666,8 327 126,8 419 550,8 484 130,8 544 527,8 606 033,8 670 300,8 738 791,8 815 385,8 962 258
CH0,Schweiz/Suisse/Svizzera,4 073 880,4 121 471,4 173 437,4 206 434,4 237 121,4 268 863,4 302 599,4 338 203,4 379 953,4 451 532,4 163 786,4 205 655,4 246 113,4 277 696,4 307 406,4 337 170,4 367 701,4 400 588,4 435 432,4 510 726,8 237 666,8 327 126,8 419 550,8 484 130,8 544 527,8 606 033,8 670 300,8 738 791,8 815 385,8 962 258
CH01,Région lémanique,768 192,779 927,790 573,798 780,804 808,810 627,818 492,826 704,835 051,851 611,802 402,813 912,822 949,831 061,837 772,844 124,851 116,858 921,866 776,884 513,1 570 594,1 593 839,1 613 522,1 629 841,1 642 580,1 654 751,1 669 608,1 685 625,1 701 827,1 736 124
CH011,Vaud,373 187,379 074,385 389,389 504,392 529,395 189,400 217,404 311,408 209,415 697,388 259,394 333,399 433,403 625,406 616,409 909,414 545,418 657,422 222,430 173,761 446,773 407,784 822,793 129,799 145,805 098,814 762,822 968,830 431,845 870
CH012,Valais / Wallis,164 399,166 426,168 072,169 162,170 431,171 254,172 955,175 475,177 835,182 413,167 364,169 270,171 104,172 301,173 524,174 271,175 548,177 734,179 447,183 431,331 763,335 696,339 176,341 463,343 955,345 525,348 503,353 209,357 282,365 844
CH013,Genève,230 606,234 427,237 112,240 114,241 848,244 184,245 320,246 918,249 007,253 501,246 779,250 309,252 412,255 135,257 632,259 944,261 023,262 530,265 107,270 909,477 385,484 736,489 524,495 249,499 480,504 128,506 343,509 448,514 114,524 410
CH02,Espace Mittelland,898 913,907 412,917 893,922 655,926 783,931 877,936 569,942 630,948 765,961 157,927 338,934 839,941 664,946 231,950 371,954 707,959 124,964 861,969 981,983 596,1 826 251,1 842 251,1 859 557,1 868 886,1 877 154,1 886 584,1 895 693,1 907 491,1 918 746,1 944 753
CH021,Bern / Berne,494 008,498 258,503 789,505 911,507 791,510 170,512 300,514 609,516 805,522 248,515 410,519 225,522 724,525 215,527 186,529 304,530 832,532 864,534 632,541 285,1 009 418,1 017 483,1 026 513,1 031 126,1 034 977,1 039 474,1 043 132,1 047 473,1 051 437,1 063 533
CH022,Fribourg / Freiburg,151 587,153 729,156 334,157 874,159 579,161 153,162 985,165 058,167 569,170 884,151 790,153 732,155 580,157 200,159 135,160 630,162 511,164 751,166 896,170 653,303 377,307 461,311 914,315 074,318 714,321 783,325 496,329 809,334 465,341 537
CH023,Solothurn,131 036,132 439,134 300,135 497,136 475,137 659,138 626,140 047,141 168,143 570,132 683,133 979,135 141,135 935,136 719,137 588,138 836,140 198,141 240,143 274,263 719,266 418,269 441,271 432,273 194,275 247,277 462,280 245,282 408,286 844
CH024,Neuchâtel,86 540,87 021,87 312,87 093,86 621,86 495,86 184,86 394,86 657,87 554,90 787,91 086,91 255,90 871,90 229,90 001,89 710,89 772,89 914,90 737,177 327,178 107,178 567,177 964,176 850,176 496,175 894,176 166,176 571,178 291
CH025,Jura,35 742,35 965,36 158,36 280,36 317,36 400,36 474,36 522,36 566,36 901,36 668,36 817,36 964,37 010,37 102,37 184,37 235,37 276,37 299,37 647,72 410,72 782,73 122,73 290,73 419,73 584,73 709,73 798,73 865,74 548
CH03,Nordwestschweiz,552 700,559 109,566 718,571 672,576 428,581 620,587 202,592 477,598 131,609 883,564 458,569 614,575 438,580 247,584 677,589 537,594 574,599 462,604 304,615 879,1 117 158,1 128 723,1 142 156,1 151 919,1 161 105,1 171 157,1 181 776,1 191 939,1 202 435,1 225 762
CH031,Basel-Stadt,91 760,92 514,93 212,93 723,94 311,94 997,95 621,95 406,95 937,97 361,98 820,99 303,99 858,100 185,100 455,100 847,101 114,100 630,100 849,102 670,190 580,191 817,193 070,193 908,194 766,195 844,196 735,196 036,196 786,200 031
CH032,Basel-Landschaft,137 719,138 808,140 142,140 771,141 341,141 890,142 767,143 638,144 441,146 562,143 582,144 423,145 482,146 252,146 791,147 578,148 202,149 179,149 976,152 275,281 301,283 231,285 624,287 023,288 132,289 468,290 969,292 817,294 417,298 837
CH033,Aargau,323 221,327 787,333 364,337 178,340 776,344 733,348 814,353 433,357 753,365 960,322 056,325 888,330 098,333 810,337 431,341 112,345 258,349 653,353 479,360 934,645 277,653 675,663 462,670 988,678 207,685 845,694 072,703 086,711 232,726 894
CH04,Zürich,717 702,728 517,739 814,748 276,757 081,766 679,774 299,780 245,788 846,800 992,728 652,737 907,748 155,756 070,763 887,772 596,779 124,784 417,791 121,804 516,1 446 354,1 466 424,1 487 969,1 504 346,1 520 968,1 539 275,1 553 423,1 564 662,1 579 967,1 605 508
CH040,Zürich,717 702,728 517,739 814,748 276,757 081,766 679,774 299,780 245,788 846,800 992,728 652,737 907,748 155,756 070,763 887,772 596,779 124,784 417,791 121,804 516,1 446 354,1 466 424,1 487 969,1 504 346,1 520 968,1 539 275,1 553 423,1 564 662,1 579 967,1 605 508
CH05,Ostschweiz,572 509,577 461,582 942,586 426,590 060,594 186,598 955,604 645,612 142,622 444,572 063,576 024,579 742,582 932,586 261,589 627,594 114,599 070,604 873,615 025,1 144 572,1 153 485,1 162 684,1 169 358,1 176 321,1 183 813,1 193 069,1 203 715,1 217 015,1 237 469
CH051,Glarus,20 136,20 309,20 329,20 423,20 448,20 546,20 625,20 812,20 975,21 274,19 658,19 719,19 818,19 926,19 955,20 044,20 226,20 378,20 496,20 782,39 794,40 028,40 147,40 349,40 403,40 590,40 851,41 190,41 471,42 056
CH052,Schaffhausen,39 111,39 391,40 020,40 251,40 560,40 768,41 162,41 608,42 318,43 329,40 306,40 445,40 749,41 100,41 431,41 580,41 945,42 387,42 896,43 782,79 417,79 836,80 769,81 351,81 991,82 348,83 107,83 995,85 214,87 111
CH053,Appenzell Ausserrhoden,27 271,27 506,27 778,27 879,27 889,27 938,27 883,27 993,28 114,28 438,26 793,27 037,27 176,27 299,27 345,27 507,27 426,27 592,27 645,28 057,54 064,54 543,54 954,55 178,55 234,55 445,55 309,55 585,55 759,56 495
CH054,Appenzell Innerrhoden,8 121,8 196,8 237,8 290,8 300,8 303,8 361,8 389,8 408,8 518,7 733,7 778,7 766,7 815,7 845,7 825,7 932,7 971,8 008,8 067,15 854,15 974,16 003,16 105,16 145,16 128,16 293,16 360,16 416,16 585
CH055,St. Gallen,247 516,249 392,251 526,252 710,254 304,256 039,258 108,260 651,264 521,269 080,248 308,249 673,251 026,251 976,253 393,254 695,256 396,258 594,261 446,266 034,495 824,499 065,502 552,504 686,507 697,510 734,514 504,519 245,525 967,535 114
CH056,Graubünden / Grigioni / Grischun,97 752,98 212,98 853,99 050,99 374,99 707,100 289,101 045,101 760,102 927,98 134,98 398,98 697,98 838,99 005,99 314,99 807,100 331,100 778,101 961,195 886,196 610,197 550,197 888,198 379,199 021,200 096,201 376,202 538,204 888
CH057,Thurgau,132 602,134 455,136 199,137 823,139 185,140 885,142 527,144 147,146 046,148 878,131 131,132 974,134 510,135 978,137 287,138 662,140 382,141 817,143 604,146 342,263 733,267 429,270 709,273 801,276 472,279 547,282 909,285 964,289 650,295 220
CH06,Zentralschweiz,393 323,397 579,402 620,406 120,409 769,412 733,416 252,420 053,424 681,431 286,389 051,392 879,396 667,399 951,403 287,406 229,409 493,413 125,416 691,423 636,782 374,790 458,799 287,806 071,813 056,818 962,825 745,833 178,841 372,854 922
CH061,Luzern,195 965,198 192,200 897,202 534,204 100,205 976,207 582,209 465,212 021,216 015,198 639,200 570,202 500,203 972,205 457,207 144,208 765,210 861,212 830,216 729,394 604,398 762,403 397,406 506,409 557,413 120,416 347,420 326,424 851,432 744
CH062,Uri,18 399,18 348,18 427,18 522,18 609,18 739,18 768,18 844,19 007,19 342,17 609,17 625,17 718,17 777,17 824,17 964,18 051,18 203,18 310,18 589,36 008,35 973,36 145,36 299,36 433,36 703,36 819,37 047,37 317,37 931
CH063,Schwyz,78 152,78 825,79 852,80 618,81 599,82 213,83 109,84 061,84 722,85 877,74 607,75 268,76 011,76 683,77 566,78 267,79 048,79 628,80 198,81 526,152 759,154 093,155 863,157 301,159 165,160 480,162 157,163 689,164 920,167 403
CH064,Obwalden,18 693,18 801,18 965,19 030,19 144,19 158,19 268,19 454,19 574,19 849,18 141,18 275,18 413,18 545,18 697,18 772,18 840,18 981,19 126,19 423,36 834,37 076,37 378,37 575,37 841,37 930,38 108,38 435,38 700,39 272
CH065,Nidwalden,21 481,21 705,21 795,22 006,22 122,22 053,22 298,22 488,22 783,23 024,20 599,20 715,20 761,20 963,21 101,21 034,21 222,21 406,21 637,21 992,42 080,42 420,42 556,42 969,43 223,43 087,43 520,43 894,44 420,45 016
CH066,Zug,60 633,61 708,62 684,63 410,64 195,64 594,65 227,65 741,66 574,67 179,59 456,60 426,61 264,62 011,62 642,63 048,63 567,64 046,64 590,65 377,120 089,122 134,123 948,125 421,126 837,127 642,128 794,129 787,131 164,132 556
CH07,Ticino,170 541,171 466,172 877,172 505,172 192,171 141,170 830,171 449,172 337,174 159,179 822,180 480,181 498,181 204,181 151,180 350,180 156,180 732,181 686,183 561,350 363,351 946,354 375,353 709,353 343,351 491,350 986,352 181,354 023,357 720
CH070,Ticino,170 541,171 466,172 877,172 505,172 192,171 141,170 830,171 449,172 337,174 159,179 822,180 480,181 498,181 204,181 151,180 350,180 156,180 732,181 686,183 561,350 363,351 946,354 375,353 709,353 343,351 491,350 986,352 181,354 023,357 720
UK,United Kingdom,31 934 099,32 226 060,32 479 738,32 709 956,32 901 036,:,:,:,:,:,32 919 294,33 152 984,33 364 404,33 563 620,33 746 076,:,:,:,:,:,64 853 393,65 379 044,65 844 142,66 273 576,66 647 112,:,:,:,:,:
UKC,North East (UK) (NUTS 2021),1 285 132,1 290 568,1 295 951,1 300 180,1 304 887,:,:,:,:,:,1 336 634,1 340 086,1 344 735,1 348 035,1 352 093,:,:,:,:,:,2 621 766,2 630 654,2 640 686,2 648 215,2 656 980,:,:,:,:,:
UKC1,Tees Valley and Durham (NUTS 2021),581 169,583 578,586 015,587 918,589 786,:,:,:,:,:,604 954,606 599,608 422,610 074,611 757,:,:,:,:,:,1 186 123,1 190 177,1 194 437,1 197 992,1 201 543,:,:,:,:,:
UKC11,Hartlepool and Stockton-on-Tees (NUTS 2021),140 873,141 391,141 950,142 471,142 921,:,:,:,:,:,146 460,146 831,147 193,147 738,148 077,:,:,:,:,:,287 333,288 222,289 143,290 209,290 998,:,:,:,:,:
UKC12,South Teesside (NUTS 2021),134 190,134 741,135 359,135 623,135 723,:,:,:,:,:,140 189,140 491,140 885,141 064,141 265,:,:,:,:,:,274 379,275 232,276 244,276 687,276 988,:,:,:,:,:
UKC13,Darlington (NUTS 2021),51 535,51 702,51 769,51 805,51 880,:,:,:,:,:,54 413,54 467,54 580,54 621,54 642,:,:,:,:,:,105 948,106 169,106 349,106 426,106 522,:,:,:,:,:
UKC14,Durham CC (NUTS 2021),254 571,255 744,256 937,258 019,259 262,:,:,:,:,:,263 892,264 810,265 764,266 651,267 773,:,:,:,:,:,518 463,520 554,522 701,524 670,527 035,:,:,:,:,:
UKC2,Northumberland and Tyne and Wear (NUTS 2021),703 963,706 990,709 936,712 262,715 101,:,:,:,:,:,731 680,733 487,736 313,737 961,740 336,:,:,:,:,:,1 435 643,1 440 477,1 446 249,1 450 223,1 455 437,:,:,:,:,:
UKC21,Northumberland (NUTS 2021),154 675,154 785,155 296,155 383,155 636,:,:,:,:,:,161 986,162 196,162 958,163 057,163 374,:,:,:,:,:,316 661,316 981,318 254,318 440,319 010,:,:,:,:,:
UKC22,Tyneside (NUTS 2021),414 430,417 186,419 507,421 531,424 032,:,:,:,:,:,427 734,429 235,431 205,432 609,434 662,:,:,:,:,:,842 164,846 421,850 712,854 140,858 694,:,:,:,:,:
UKC23,Sunderland (NUTS 2021),134 858,135 019,135 133,135 348,135 433,:,:,:,:,:,141 960,142 056,142 150,142 295,142 300,:,:,:,:,:,276 818,277 075,277 283,277 643,277 733,:,:,:,:,:
UKD,North West (UK) (NUTS 2021),3 523 119,3 549 105,3 572 221,3 589 207,3 603 179,:,:,:,:,:,3 630 862,3 650 371,3 668 991,3 682 929,3 696 896,:,:,:,:,:,7 153 981,7 199 476,7 241 212,7 272 136,7 300 075,:,:,:,:,:
UKD1,Cumbria (NUTS 2021),245 672,245 928,245 888,245 739,245 679,:,:,:,:,:,252 873,252 817,252 753,252 477,252 404,:,:,:,:,:,498 545,498 745,498 641,498 216,498 083,:,:,:,:,:
UKD11,West Cumbria (NUTS 2021),116 126,116 104,115 745,115 512,115 338,:,:,:,:,:,118 056,117 962,117 751,117 439,117 280,:,:,:,:,:,234 182,234 066,233 496,232 951,232 618,:,:,:,:,:
UKD12,East Cumbria (NUTS 2021),129 546,129 824,130 143,130 227,130 341,:,:,:,:,:,134 817,134 855,135 002,135 038,135 124,:,:,:,:,:,264 363,264 679,265 145,265 265,265 465,:,:,:,:,:
UKD3,Greater Manchester (NUTS 2021),1 358 285,1 372 318,1 384 741,1 394 448,1 401 575,:,:,:,:,:,1 383 689,1 395 030,1 404 994,1 413 632,1 420 428,:,:,:,:,:,2 741 974,2 767 348,2 789 735,2 808 080,2 822 003,:,:,:,:,:
UKD33,Manchester (NUTS 2021),264 523,270 728,275 109,278 624,280 500,:,:,:,:,:,259 799,264 834,268 285,271 161,272 730,:,:,:,:,:,524 322,535 562,543 394,549 785,553 230,:,:,:,:,:
UKD34,Greater Manchester South West (NUTS 2021),236 354,238 576,240 693,242 974,244 958,:,:,:,:,:,239 650,241 672,243 880,245 916,247 700,:,:,:,:,:,476 004,480 248,484 573,488 890,492 658,:,:,:,:,:
UKD35,Greater Manchester South East (NUTS 2021),249 133,250 599,252 040,253 180,254 046,:,:,:,:,:,259 226,260 699,262 000,263 030,263 946,:,:,:,:,:,508 359,511 298,514 040,516 210,517 992,:,:,:,:,:
UKD36,Greater Manchester North West (NUTS 2021),299 155,300 758,302 458,303 647,304 489,:,:,:,:,:,303 812,304 785,305 793,306 946,307 894,:,:,:,:,:,602 967,605 543,608 251,610 593,612 383,:,:,:,:,:
UKD37,Greater Manchester North East (NUTS 2021),309 120,311 657,314 441,316 023,317 582,:,:,:,:,:,321 202,323 040,325 036,326 579,328 158,:,:,:,:,:,630 322,634 697,639 477,642 602,645 740,:,:,:,:,:
UKD4,Lancashire (NUTS 2021),727 409,731 443,735 248,737 450,739 998,:,:,:,:,:,746 409,748 853,751 854,752 984,755 320,:,:,:,:,:,1 473 818,1 480 296,1 487 102,1 490 434,1 495 318,:,:,:,:,:
UKD41,Blackburn with Darwen (NUTS 2021),73 848,74 192,74 449,74 539,74 577,:,:,:,:,:,73 765,73 940,74 146,74 169,74 176,:,:,:,:,:,147 613,148 132,148 595,148 708,148 753,:,:,:,:,:
UKD42,Blackpool (NUTS 2021),69 201,69 151,69 172,69 092,68 956,:,:,:,:,:,71 336,70 921,70 760,70 494,70 142,:,:,:,:,:,140 537,140 072,139 932,139 586,139 098,:,:,:,:,:
UKD44,Lancaster & Wyre (NUTS 2021),122 041,122 958,123 691,124 290,125 218,:,:,:,:,:,127 506,128 057,128 634,128 890,129 573,:,:,:,:,:,249 547,251 015,252 325,253 180,254 791,:,:,:,:,:
UKD45,Mid Lancashire (NUTS 2021),190 670,191 793,192 896,193 401,194 008,:,:,:,:,:,194 625,195 459,196 206,196 475,197 136,:,:,:,:,:,385 295,387 252,389 102,389 876,391 144,:,:,:,:,:
UKD46,East Lancashire (NUTS 2021),160 910,161 611,162 256,162 556,163 211,:,:,:,:,:,165 479,165 855,166 406,166 532,167 170,:,:,:,:,:,326 389,327 466,328 662,329 088,330 381,:,:,:,:,:
UKD47,Chorley & West Lancashire (NUTS 2021),110 739,111 738,112 784,113 572,114 028,:,:,:,:,:,113 698,114 621,115 702,116 424,117 123,:,:,:,:,:,224 437,226 359,228 486,229 996,231 151,:,:,:,:,:
UKD6,Cheshire (NUTS 2021),448 928,451 164,453 388,455 046,456 540,:,:,:,:,:,466 543,468 547,470 873,472 753,474 807,:,:,:,:,:,915 471,919 711,924 261,927 799,931 347,:,:,:,:,:
UKD61,Warrington (NUTS 2021),102 809,103 419,103 920,104 475,104 656,:,:,:,:,:,104 419,104 946,105 416,105 968,106 173,:,:,:,:,:,207 228,208 365,209 336,210 443,210 829,:,:,:,:,:
UKD62,Cheshire East (NUTS 2021),183 804,184 518,185 179,185 722,186 343,:,:,:,:,:,191 344,191 992,192 898,193 554,194 351,:,:,:,:,:,375 148,376 510,378 077,379 276,380 694,:,:,:,:,:
UKD63,Cheshire West and Chester (NUTS 2021),162 315,163 227,164 289,164 849,165 541,:,:,:,:,:,170 780,171 609,172 559,173 231,174 283,:,:,:,:,:,333 095,334 836,336 848,338 080,339 824,:,:,:,:,:
UKD7,Merseyside (NUTS 2021),742 825,748 252,752 956,756 524,759 387,:,:,:,:,:,781 348,785 124,788 517,791 083,793 937,:,:,:,:,:,1 524 173,1 533 376,1 541 473,1 547 607,1 553 324,:,:,:,:,:
UKD71,East Merseyside (NUTS 2021),218 714,219 745,220 803,221 450,222 167,:,:,:,:,:,232 140,232 944,233 831,234 515,235 545,:,:,:,:,:,450 854,452 689,454 634,455 965,457 712,:,:,:,:,:
UKD72,Liverpool (NUTS 2021),237 340,240 835,243 692,246 035,247 871,:,:,:,:,:,240 381,243 394,245 885,247 598,248 913,:,:,:,:,:,477 721,484 229,489 577,493 633,496 784,:,:,:,:,:
UKD73,Sefton (NUTS 2021),131 606,132 095,132 355,132 611,132 782,:,:,:,:,:,142 401,142 394,142 393,142 451,142 780,:,:,:,:,:,274 007,274 489,274 748,275 062,275 562,:,:,:,:,:
UKD74,Wirral (NUTS 2021),155 165,155 577,156 106,156 428,156 567,:,:,:,:,:,166 426,166 392,166 408,166 519,166 699,:,:,:,:,:,321 591,321 969,322 514,322 947,323 266,:,:,:,:,:
UKE,Yorkshire and The Humber (NUTS 2021),2 649 749,2 668 112,2 684 327,2 697 836,2 709 045,:,:,:,:,:,2 725 418,2 739 587,2 753 429,2 764 759,2 777 185,:,:,:,:,:,5 375 167,5 407 699,5 437 756,5 462 595,5 486 230,:,:,:,:,:
UKE1,East Yorkshire and Northern Lincolnshire (NUTS 2021),457 171,458 689,460 162,461 298,462 011,:,:,:,:,:,467 387,468 129,469 027,469 767,470 634,:,:,:,:,:,924 558,926 818,929 189,931 065,932 645,:,:,:,:,:
UKE11,"Kingston upon Hull, City of (NUTS 2021)",129 681,130 458,131 128,131 520,131 531,:,:,:,:,:,128 339,128 850,129 231,129 529,129 618,:,:,:,:,:,258 020,259 308,260 359,261 049,261 149,:,:,:,:,:
UKE12,East Riding of Yorkshire (NUTS 2021),165 155,165 395,165 823,166 208,166 668,:,:,:,:,:,171 827,171 875,172 100,172 383,172 957,:,:,:,:,:,336 982,337 270,337 923,338 591,339 625,:,:,:,:,:
UKE13,North and North East Lincolnshire (NUTS 2021),162 335,162 836,163 211,163 570,163 812,:,:,:,:,:,167 221,167 404,167 696,167 855,168 059,:,:,:,:,:,329 556,330 240,330 907,331 425,331 871,:,:,:,:,:
UKE2,North Yorkshire (NUTS 2021),398 109,400 423,402 561,404 094,405 618,:,:,:,:,:,411 939,413 643,415 580,416 780,418 436,:,:,:,:,:,810 048,814 066,818 141,820 874,824 054,:,:,:,:,:
UKE21,York (NUTS 2021),100 079,101 026,101 635,102 499,103 287,:,:,:,:,:,104 637,105 313,105 903,106 387,106 948,:,:,:,:,:,204 716,206 339,207 538,208 886,210 235,:,:,:,:,:
UKE22,North Yorkshire CC (NUTS 2021),298 030,299 397,300 926,301 595,302 331,:,:,:,:,:,307 302,308 330,309 677,310 393,311 488,:,:,:,:,:,605 332,607 727,610 603,611 988,613 819,:,:,:,:,:
UKE3,South Yorkshire (NUTS 2021),677 675,683 331,688 352,692 660,696 516,:,:,:,:,:,693 142,697 127,701 074,704 606,708 455,:,:,:,:,:,1 370 817,1 380 458,1 389 426,1 397 266,1 404 971,:,:,:,:,:
UKE31,"Barnsley, Doncaster and Rotherham (NUTS 2021)",396 703,399 323,401 981,404 023,405 851,:,:,:,:,:,407 747,409 488,411 509,413 135,415 092,:,:,:,:,:,804 450,808 811,813 490,817 158,820 943,:,:,:,:,:
UKE32,Sheffield (NUTS 2021),280 972,284 008,286 371,288 637,290 665,:,:,:,:,:,285 395,287 639,289 565,291 471,293 363,:,:,:,:,:,566 367,571 647,575 936,580 108,584 028,:,:,:,:,:
UKE4,West Yorkshire (NUTS 2021),1 116 794,1 125 669,1 133 252,1 139 784,1 144 900,:,:,:,:,:,1 152 950,1 160 688,1 167 748,1 173 606,1 179 660,:,:,:,:,:,2 269 744,2 286 357,2 301 000,2 313 390,2 324 560,:,:,:,:,:
UKE41,Bradford (NUTS 2021),260 440,261 766,263 093,263 970,264 683,:,:,:,:,:,268 268,269 425,270 577,271 358,272 303,:,:,:,:,:,528 708,531 191,533 670,535 328,536 986,:,:,:,:,:
UKE42,Leeds (NUTS 2021),377 651,381 654,384 481,387 268,389 182,:,:,:,:,:,391 643,395 463,398 454,401 057,403 343,:,:,:,:,:,769 294,777 117,782 935,788 325,792 525,:,:,:,:,:
UKE44,Calderdale and Kirklees (NUTS 2021),315 100,317 216,318 898,320 671,321 833,:,:,:,:,:,323 769,325 284,326 558,328 081,329 284,:,:,:,:,:,638 869,642 500,645 456,648 752,651 117,:,:,:,:,:
UKE45,Wakefield (NUTS 2021),163 603,165 033,166 780,167 875,169 202,:,:,:,:,:,169 270,170 516,172 159,173 110,174 730,:,:,:,:,:,332 873,335 549,338 939,340 985,343 932,:,:,:,:,:
UKF,East Midlands (UK) (NUTS 2021),2 298 755,2 322 358,2 347 408,2 364 463,2 378 928,:,:,:,:,:,2 358 626,2 378 953,2 401 083,2 416 821,2 432 137,:,:,:,:,:,4 657 381,4 701 311,4 748 491,4 781 284,4 811 065,:,:,:,:,:
UKF1,Derbyshire and Nottinghamshire (NUTS 2021),1 065 307,1 073 329,1 082 310,1 088 565,1 093 559,:,:,:,:,:,1 090 124,1 097 282,1 105 333,1 111 286,1 116 822,:,:,:,:,:,2 155 431,2 170 611,2 187 643,2 199 851,2 210 381,:,:,:,:,:
UKF11,Derby (NUTS 2021),125 246,126 369,127 205,128 003,128 188,:,:,:,:,:,127 841,128 672,129 402,130 145,130 558,:,:,:,:,:,253 087,255 041,256 607,258 148,258 746,:,:,:,:,:
UKF12,East Derbyshire (NUTS 2021),138 228,138 694,139 274,139 688,140 007,:,:,:,:,:,143 274,143 908,144 557,144 980,145 386,:,:,:,:,:,281 502,282 602,283 831,284 668,285 393,:,:,:,:,:
UKF13,South and West Derbyshire (NUTS 2021),246 010,247 123,248 811,249 839,250 928,:,:,:,:,:,254 263,255 168,256 742,257 876,259 372,:,:,:,:,:,500 273,502 291,505 553,507 715,510 300,:,:,:,:,:
UKF14,Nottingham (NUTS 2021),160 096,162 807,165 590,167 058,168 250,:,:,:,:,:,156 554,159 020,161 373,162 390,163 047,:,:,:,:,:,316 650,321 827,326 963,329 448,331 297,:,:,:,:,:
UKF15,North Nottinghamshire (NUTS 2021),227 699,229 532,231 681,233 165,234 189,:,:,:,:,:,234 484,236 078,238 066,239 523,240 890,:,:,:,:,:,462 183,465 610,469 747,472 688,475 079,:,:,:,:,:
UKF16,South Nottinghamshire (NUTS 2021),168 028,168 804,169 749,170 812,171 997,:,:,:,:,:,173 708,174 436,175 193,176 372,177 569,:,:,:,:,:,341 736,343 240,344 942,347 184,349 566,:,:,:,:,:
UKF2,"Leicestershire, Rutland and Northamptonshire (NUTS 2021)",874 424,886 564,898 995,907 210,914 616,:,:,:,:,:,892 883,903 049,913 857,921 552,929 148,:,:,:,:,:,1 767 307,1 789 613,1 812 852,1 828 762,1 843 764,:,:,:,:,:
UKF21,Leicester (NUTS 2021),169 247,172 659,175 617,177 682,178 991,:,:,:,:,:,171 974,174 100,175 889,177 483,178 403,:,:,:,:,:,341 221,346 759,351 506,355 165,357 394,:,:,:,:,:
UKF22,Leicestershire CC and Rutland (NUTS 2021),351 207,354 812,359 230,361 776,364 910,:,:,:,:,:,357 113,360 724,365 325,368 087,371 529,:,:,:,:,:,708 320,715 536,724 555,729 863,736 439,:,:,:,:,:
UKF24,West Northamptonshire (NUTS 2021),191 871,194 618,197 061,198 912,200 241,:,:,:,:,:,196 069,198 321,200 332,201 945,203 446,:,:,:,:,:,387 940,392 939,397 393,400 857,403 687,:,:,:,:,:
UKF25,North Northamptonshire (NUTS 2021),162 099,164 475,167 087,168 840,170 474,:,:,:,:,:,167 727,169 904,172 311,174 037,175 770,:,:,:,:,:,329 826,334 379,339 398,342 877,346 244,:,:,:,:,:
UKF3,Lincolnshire (NUTS 2021),359 024,362 465,366 103,368 688,370 753,:,:,:,:,:,375 619,378 622,381 893,383 983,386 167,:,:,:,:,:,734 643,741 087,747 996,752 671,756 920,:,:,:,:,:
UKF30,Lincolnshire (NUTS 2021),359 024,362 465,366 103,368 688,370 753,:,:,:,:,:,375 619,378 622,381 893,383 983,386 167,:,:,:,:,:,734 643,741 087,747 996,752 671,756 920,:,:,:,:,:
UKG,West Midlands (UK) (NUTS 2021),2 835 658,2 862 479,2 891 236,2 911 017,2 928 079,:,:,:,:,:,2 898 662,2 920 463,2 944 512,2 962 074,2 979 793,:,:,:,:,:,5 734 320,5 782 942,5 835 748,5 873 091,5 907 872,:,:,:,:,:
UKG1,"Herefordshire, Worcestershire and Warwickshire (NUTS 2021)",651 389,655 382,660 669,664 000,667 634,:,:,:,:,:,668 115,672 004,677 386,680 393,684 905,:,:,:,:,:,1 319 504,1 327 386,1 338 055,1 344 393,1 352 539,:,:,:,:,:
UKG11,"Herefordshire, County of (NUTS 2021)",93 148,93 639,94 212,94 769,95 232,:,:,:,:,:,94 994,95 400,96 086,96 505,96 982,:,:,:,:,:,188 142,189 039,190 298,191 274,192 214,:,:,:,:,:
UKG12,Worcestershire (NUTS 2021),284 603,286 323,288 575,290 093,291 386,:,:,:,:,:,292 935,294 947,297 405,298 983,300 772,:,:,:,:,:,577 538,581 270,585 980,589 076,592 158,:,:,:,:,:
UKG13,Warwickshire (NUTS 2021),273 638,275 420,277 882,279 138,281 016,:,:,:,:,:,280 186,281 657,283 895,284 905,287 151,:,:,:,:,:,553 824,557 077,561 777,564 043,568 167,:,:,:,:,:
UKG2,Shropshire and Staffordshire (NUTS 2021),792 225,797 192,803 297,806 629,809 998,:,:,:,:,:,802 375,805 811,810 491,813 248,816 958,:,:,:,:,:,1 594 600,1 603 003,1 613 788,1 619 877,1 626 956,:,:,:,:,:
UKG21,Telford and Wrekin (NUTS 2021),84 677,85 756,86 866,87 520,88 221,:,:,:,:,:,86 063,86 960,87 887,88 466,89 229,:,:,:,:,:,170 740,172 716,174 753,175 986,177 450,:,:,:,:,:
UKG22,Shropshire CC (NUTS 2021),154 563,155 537,156 833,157 506,158 419,:,:,:,:,:,156 958,157 796,159 130,159 731,160 770,:,:,:,:,:,311 521,313 333,315 963,317 237,319 189,:,:,:,:,:
UKG23,Stoke-on-Trent (NUTS 2021),125 456,126 302,127 550,128 121,128 453,:,:,:,:,:,125 883,126 390,126 945,127 432,127 674,:,:,:,:,:,251 339,252 692,254 495,255 553,256 127,:,:,:,:,:
UKG24,Staffordshire CC (NUTS 2021),427 529,429 597,432 048,433 482,434 905,:,:,:,:,:,433 471,434 665,436 529,437 619,439 285,:,:,:,:,:,861 000,864 262,868 577,871 101,874 190,:,:,:,:,:
UKG3,West Midlands (NUTS 2021),1 392 044,1 409 905,1 427 270,1 440 388,1 450 447,:,:,:,:,:,1 428 172,1 442 648,1 456 635,1 468 433,1 477 930,:,:,:,:,:,2 820 216,2 852 553,2 883 905,2 908 821,2 928 377,:,:,:,:,:
UKG31,Birmingham (NUTS 2021),546 062,553 361,560 212,565 509,568 654,:,:,:,:,:,561 209,567 170,572 401,577 263,580 208,:,:,:,:,:,1 107 271,1 120 531,1 132 613,1 142 772,1 148 862,:,:,:,:,:
UKG32,Solihull (NUTS 2021),102 358,102 906,103 704,104 238,104 678,:,:,:,:,:,108 168,108 598,109 348,109 858,110 377,:,:,:,:,:,210 526,211 504,213 052,214 096,215 055,:,:,:,:,:
UKG33,Coventry (NUTS 2021),170 429,175 639,180 235,183 939,187 407,:,:,:,:,:,169 236,173 113,176 435,179 407,182 054,:,:,:,:,:,339 665,348 752,356 670,363 346,369 461,:,:,:,:,:
UKG36,Dudley (NUTS 2021),155 174,155 600,156 294,156 742,157 055,:,:,:,:,:,160 821,161 345,162 195,162 659,163 265,:,:,:,:,:,315 995,316 945,318 489,319 401,320 320,:,:,:,:,:
UKG37,Sandwell (NUTS 2021),156 966,158 793,160 656,162 063,163 048,:,:,:,:,:,160 726,162 077,163 383,164 659,165 726,:,:,:,:,:,317 692,320 870,324 039,326 722,328 774,:,:,:,:,:
UKG38,Walsall (NUTS 2021),135 120,136 399,137 689,138 609,139 451,:,:,:,:,:,139 762,140 970,142 378,143 279,144 212,:,:,:,:,:,274 882,277 369,280 067,281 888,283 663,:,:,:,:,:
UKG39,Wolverhampton (NUTS 2021),125 935,127 207,128 480,129 288,130 154,:,:,:,:,:,128 250,129 375,130 495,131 308,132 088,:,:,:,:,:,254 185,256 582,258 975,260 596,262 242,:,:,:,:,:
UKH,East of England (NUTS 2021),2 977 747,3 007 319,3 030 726,3 056 139,3 073 861,:,:,:,:,:,3 068 738,3 095 079,3 117 882,3 141 674,3 161 549,:,:,:,:,:,6 046 485,6 102 398,6 148 608,6 197 813,6 235 410,:,:,:,:,:
UKH1,East Anglia (NUTS 2021),1 215 589,1 226 323,1 235 097,1 243 642,1 249 971,:,:,:,:,:,1 240 975,1 249 559,1 258 229,1 265 436,1 271 705,:,:,:,:,:,2 456 564,2 475 882,2 493 326,2 509 078,2 521 676,:,:,:,:,:
UKH11,Peterborough (NUTS 2021),95 801,97 624,99 040,100 211,101 342,:,:,:,:,:,96 280,97 578,98 786,99 690,100 457,:,:,:,:,:,192 081,195 202,197 826,199 901,201 799,:,:,:,:,:
UKH12,Cambridgeshire CC (NUTS 2021),318 857,321 657,323 330,325 475,327 077,:,:,:,:,:,319 503,321 411,323 091,324 715,326 335,:,:,:,:,:,638 360,643 068,646 421,650 190,653 412,:,:,:,:,:
UKH14,Suffolk (NUTS 2021),368 249,370 574,372 890,374 924,376 019,:,:,:,:,:,376 847,378 835,381 149,383 126,384 453,:,:,:,:,:,745 096,749 409,754 039,758 050,760 472,:,:,:,:,:
UKH15,Norwich & East Norfolk (NUTS 2021),178 215,179 790,180 964,182 123,182 966,:,:,:,:,:,183 769,184 974,186 296,187 146,187 856,:,:,:,:,:,361 984,364 764,367 260,369 269,370 822,:,:,:,:,:
UKH16,North & West Norfolk (NUTS 2021),123 857,124 491,124 965,125 578,125 863,:,:,:,:,:,129 928,130 440,130 740,131 282,131 675,:,:,:,:,:,253 785,254 931,255 705,256 860,257 538,:,:,:,:,:
UKH17,Breckland & South Norfolk (NUTS 2021),130 610,132 187,133 908,135 331,136 704,:,:,:,:,:,134 648,136 321,138 167,139 477,140 929,:,:,:,:,:,265 258,268 508,272 075,274 808,277 633,:,:,:,:,:
UKH2,Bedfordshire and Hertfordshire (NUTS 2021),889 745,900 450,907 567,916 743,922 279,:,:,:,:,:,917 194,927 316,934 106,943 044,949 568,:,:,:,:,:,1 806 939,1 827 766,1 841 673,1 859 787,1 871 847,:,:,:,:,:
UKH21,Luton (NUTS 2021),106 791,108 449,109 030,110 239,110 556,:,:,:,:,:,105 093,106 311,106 255,107 229,107 489,:,:,:,:,:,211 884,214 760,215 285,217 468,218 045,:,:,:,:,:
UKH23,Hertfordshire (NUTS 2021),567 734,573 293,577 267,582 184,584 928,:,:,:,:,:,591 987,597 538,601 387,606 336,609 706,:,:,:,:,:,1 159 721,1 170 831,1 178 654,1 188 520,1 194 634,:,:,:,:,:
UKH24,Bedford (NUTS 2021),81 536,82 899,83 786,84 899,85 674,:,:,:,:,:,83 674,84 714,85 586,86 558,87 563,:,:,:,:,:,165 210,167 613,169 372,171 457,173 237,:,:,:,:,:
UKH25,Central Bedfordshire (NUTS 2021),133 684,135 809,137 484,139 421,141 121,:,:,:,:,:,136 440,138 753,140 878,142 921,144 810,:,:,:,:,:,270 124,274 562,278 362,282 342,285 931,:,:,:,:,:
UKH3,Essex (NUTS 2021),872 413,880 546,888 062,895 754,901 611,:,:,:,:,:,910 569,918 204,925 547,933 194,940 276,:,:,:,:,:,1 782 982,1 798 750,1 813 609,1 828 948,1 841 887,:,:,:,:,:
UKH31,Southend-on-Sea (NUTS 2021),87 670,88 171,88 787,89 433,89 869,:,:,:,:,:,91 140,91 747,92 411,93 096,93 584,:,:,:,:,:,178 810,179 918,181 198,182 529,183 453,:,:,:,:,:
UKH32,Thurrock (NUTS 2021),81 269,82 474,83 627,84 609,85 542,:,:,:,:,:,83 661,84 768,85 777,86 818,87 863,:,:,:,:,:,164 930,167 242,169 404,171 427,173 405,:,:,:,:,:
UKH34,Essex Haven Gateway (NUTS 2021),232 261,235 190,237 558,239 892,241 628,:,:,:,:,:,242 066,244 543,246 798,248 989,250 886,:,:,:,:,:,474 327,479 733,484 356,488 881,492 514,:,:,:,:,:
UKH35,West Essex (NUTS 2021),145 339,146 531,147 544,148 898,150 001,:,:,:,:,:,153 130,154 404,155 701,157 133,158 521,:,:,:,:,:,298 469,300 935,303 245,306 031,308 522,:,:,:,:,:
UKH36,Heart of Essex (NUTS 2021),152 854,153 959,155 270,156 298,156 915,:,:,:,:,:,158 230,159 185,160 290,161 304,162 230,:,:,:,:,:,311 084,313 144,315 560,317 602,319 145,:,:,:,:,:
UKH37,Essex Thames Gateway (NUTS 2021),173 020,174 221,175 276,176 624,177 656,:,:,:,:,:,182 342,183 557,184 570,185 854,187 192,:,:,:,:,:,355 362,357 778,359 846,362 478,364 848,:,:,:,:,:
UKI,London (NUTS 2021),4 269 942,4 337 318,4 383 956,4 440 012,4 486 269,:,:,:,:,:,4 333 168,4 380 927,4 413 309,4 459 811,4 495 987,:,:,:,:,:,8 603 110,8 718 245,8 797 265,8 899 823,8 982 256,:,:,:,:,:
UKI3,Inner London - West (NUTS 2021),565 321,575 074,580 957,586 953,595 936,:,:,:,:,:,573 122,578 568,582 179,586 649,594 577,:,:,:,:,:,1 138 443,1 153 642,1 163 136,1 173 602,1 190 513,:,:,:,:,:
UKI31,Camden & City of London (NUTS 2021),123 129,127 446,130 539,133 214,136 950,:,:,:,:,:,123 193,126 013,128 172,130 053,133 066,:,:,:,:,:,246 322,253 459,258 711,263 267,270 016,:,:,:,:,:
UKI32,Westminster (NUTS 2021),121 077,124 736,126 865,128 925,132 550,:,:,:,:,:,112 902,115 280,116 531,117 776,120 587,:,:,:,:,:,233 979,240 016,243 396,246 701,253 137,:,:,:,:,:
UKI33,Kensington and Chelsea & Hammersmith and Fulham (NUTS 2021),167 775,168 283,168 228,168 369,169 179,:,:,:,:,:,172 357,171 389,170 420,170 264,170 730,:,:,:,:,:,340 132,339 672,338 648,338 633,339 909,:,:,:,:,:
UKI34,Wandsworth (NUTS 2021),153 340,154 609,155 325,156 445,157 257,:,:,:,:,:,164 670,165 886,167 056,168 556,170 194,:,:,:,:,:,318 010,320 495,322 381,325 001,327 451,:,:,:,:,:
UKI4,Inner London - East (NUTS 2021),1 156 877,1 181 823,1 198 801,1 218 810,1 234 669,:,:,:,:,:,1 138 083,1 155 695,1 168 264,1 184 124,1 196 221,:,:,:,:,:,2 294 960,2 337 518,2 367 065,2 402 934,2 430 890,:,:,:,:,:
UKI41,Hackney & Newham (NUTS 2021),306 211,313 925,319 489,325 035,329 443,:,:,:,:,:,291 810,297 405,301 367,306 007,309 416,:,:,:,:,:,598 021,611 330,620 856,631 042,638 859,:,:,:,:,:
UKI42,Tower Hamlets (NUTS 2021),150 060,154 889,158 743,162 959,167 300,:,:,:,:,:,139 138,142 474,145 697,148 986,152 521,:,:,:,:,:,289 198,297 363,304 440,311 945,319 821,:,:,:,:,:
UKI43,Haringey & Islington (NUTS 2021),245 224,250 913,254 228,258 385,261 093,:,:,:,:,:,245 557,249 030,250 961,253 724,255 493,:,:,:,:,:,490 781,499 943,505 189,512 109,516 586,:,:,:,:,:
UKI44,Lewisham & Southwark (NUTS 2021),295 637,300 525,303 880,308 362,311 618,:,:,:,:,:,302 650,306 470,309 166,313 095,315 762,:,:,:,:,:,598 287,606 995,613 046,621 457,627 380,:,:,:,:,:
UKI45,Lambeth (NUTS 2021),159 745,161 571,162 461,164 069,165 215,:,:,:,:,:,158 928,160 316,161 073,162 312,163 029,:,:,:,:,:,318 673,321 887,323 534,326 381,328 244,:,:,:,:,:
UKI5,Outer London - East and North East (NUTS 2021),910 406,925 477,937 075,950 168,959 656,:,:,:,:,:,942 767,954 613,962 481,973 938,980 982,:,:,:,:,:,1 853 173,1 880 090,1 899 556,1 924 106,1 940 638,:,:,:,:,:
UKI51,Bexley & Greenwich (NUTS 2021),252 295,256 444,259 867,263 539,266 389,:,:,:,:,:,260 606,264 141,266 715,270 003,272 412,:,:,:,:,:,512 901,520 585,526 582,533 542,538 801,:,:,:,:,:
UKI52,Barking & Dagenham and Havering (NUTS 2021),217 156,221 519,225 294,228 959,231 605,:,:,:,:,:,231 413,235 485,238 841,242 346,244 456,:,:,:,:,:,448 569,457 004,464 135,471 305,476 061,:,:,:,:,:
UKI53,Redbridge & Waltham Forest (NUTS 2021),282 370,286 623,289 655,293 335,296 062,:,:,:,:,:,282 743,285 433,286 752,289 844,291 513,:,:,:,:,:,565 113,572 056,576 407,583 179,587 575,:,:,:,:,:
UKI54,Enfield (NUTS 2021),158 585,160 891,162 259,164 335,165 600,:,:,:,:,:,168 005,169 554,170 173,171 745,172 601,:,:,:,:,:,326 590,330 445,332 432,336 080,338 201,:,:,:,:,:
UKI6,Outer London - South (NUTS 2021),620 390,626 383,630 362,636 948,641 140,:,:,:,:,:,655 843,661 628,665 304,671 918,675 632,:,:,:,:,:,1 276 233,1 288 011,1 295 666,1 308 866,1 316 772,:,:,:,:,:
UKI61,Bromley (NUTS 2021),155 395,156 814,157 837,159 583,160 827,:,:,:,:,:,168 037,169 608,170 627,172 457,173 709,:,:,:,:,:,323 432,326 422,328 464,332 040,334 536,:,:,:,:,:
UKI62,Croydon (NUTS 2021),183 631,185 206,186 507,188 349,189 180,:,:,:,:,:,194 957,196 500,197 575,199 350,200 293,:,:,:,:,:,378 588,381 706,384 082,387 699,389 473,:,:,:,:,:
UKI63,"Merton, Kingston upon Thames & Sutton (NUTS 2021)",281 364,284 363,286 018,289 016,291 133,:,:,:,:,:,292 849,295 520,297 102,300 111,301 630,:,:,:,:,:,574 213,579 883,583 120,589 127,592 763,:,:,:,:,:
UKI7,Outer London - West and North West (NUTS 2021),1 016 948,1 028 561,1 036 761,1 047 133,1 054 868,:,:,:,:,:,1 023 353,1 030 423,1 035 081,1 043 182,1 048 575,:,:,:,:,:,2 040 301,2 058 984,2 071 842,2 090 315,2 103 443,:,:,:,:,:
UKI71,Barnet (NUTS 2021),184 774,188 089,190 669,193 685,196 298,:,:,:,:,:,191 513,193 730,195 661,197 842,199 541,:,:,:,:,:,376 287,381 819,386 330,391 527,395 839,:,:,:,:,:
UKI72,Brent (NUTS 2021),162 932,164 963,166 876,168 257,169 156,:,:,:,:,:,158 842,159 968,160 887,161 744,162 460,:,:,:,:,:,321 774,324 931,327 763,330 001,331 616,:,:,:,:,:
UKI73,Ealing (NUTS 2021),172 315,173 051,172 860,173 492,173 551,:,:,:,:,:,171 300,171 469,170 885,171 390,171 286,:,:,:,:,:,343 615,344 520,343 745,344 882,344 837,:,:,:,:,:
UKI74,Harrow & Hillingdon (NUTS 2021),268 689,272 413,275 018,278 242,280 694,:,:,:,:,:,270 999,273 313,274 876,277 468,279 209,:,:,:,:,:,539 688,545 726,549 894,555 710,559 903,:,:,:,:,:
UKI75,Hounslow & Richmond upon Thames (NUTS 2021),228 238,230 045,231 338,233 457,235 169,:,:,:,:,:,230 699,231 943,232 772,234 738,236 079,:,:,:,:,:,458 937,461 988,464 110,468 195,471 248,:,:,:,:,:
UKJ,South East (UK) (NUTS 2021),4 384 906,4 427 233,4 461 864,4 496 086,4 522 339,:,:,:,:,:,4 526 665,4 562 648,4 593 783,4 624 825,4 652 694,:,:,:,:,:,8 911 571,8 989 881,9 055 647,9 120 911,9 175 033,:,:,:,:,:
UKJ1,"Berkshire, Buckinghamshire and Oxfordshire (NUTS 2021)",1 162 806,1 174 455,1 183 630,1 192 409,1 199 575,:,:,:,:,:,1 184 399,1 194 093,1 201 884,1 210 098,1 217 853,:,:,:,:,:,2 347 205,2 368 548,2 385 514,2 402 507,2 417 428,:,:,:,:,:
UKJ11,Berkshire (NUTS 2021),442 940,447 132,450 362,453 592,456 098,:,:,:,:,:,447 056,450 559,453 270,456 304,459 059,:,:,:,:,:,889 996,897 691,903 632,909 896,915 157,:,:,:,:,:
UKJ12,Milton Keynes (NUTS 2021),129 563,131 055,132 162,133 679,134 466,:,:,:,:,:,132 145,133 645,134 703,136 182,137 211,:,:,:,:,:,261 708,264 700,266 865,269 861,271 677,:,:,:,:,:
UKJ13,Buckinghamshire CC (NUTS 2021),256 757,259 847,262 009,264 136,266 090,:,:,:,:,:,267 253,270 247,272 510,274 907,277 038,:,:,:,:,:,524 010,530 094,534 519,539 043,543 128,:,:,:,:,:
UKJ14,Oxfordshire (NUTS 2021),333 546,336 421,339 097,341 002,342 921,:,:,:,:,:,337 945,339 642,341 401,342 705,344 545,:,:,:,:,:,671 491,676 063,680 498,683 707,687 466,:,:,:,:,:
UKJ2,"Surrey, East and West Sussex (NUTS 2021)",1 382 220,1 395 383,1 405 360,1 416 705,1 425 200,:,:,:,:,:,1 445 600,1 456 886,1 466 027,1 476 062,1 484 638,:,:,:,:,:,2 827 820,2 852 269,2 871 387,2 892 767,2 909 838,:,:,:,:,:
UKJ21,Brighton and Hove (NUTS 2021),141 572,143 422,144 549,146 010,147 096,:,:,:,:,:,140 790,142 215,143 127,144 124,145 073,:,:,:,:,:,282 362,285 637,287 676,290 134,292 169,:,:,:,:,:
UKJ22,East Sussex CC (NUTS 2021),262 325,264 772,266 715,269 080,270 720,:,:,:,:,:,280 440,282 521,284 213,286 299,287 906,:,:,:,:,:,542 765,547 293,550 928,555 379,558 626,:,:,:,:,:
UKJ25,West Surrey (NUTS 2021),381 229,384 379,386 248,388 702,390 268,:,:,:,:,:,392 902,395 690,397 728,399 820,401 302,:,:,:,:,:,774 131,780 069,783 976,788 522,791 570,:,:,:,:,:
UKJ26,East Surrey (NUTS 2021),192 107,193 392,194 659,196 027,197 169,:,:,:,:,:,201 981,203 230,204 533,205 909,207 124,:,:,:,:,:,394 088,396 622,399 192,401 936,404 293,:,:,:,:,:
UKJ27,West Sussex (South West) (NUTS 2021),213 217,215 400,217 328,219 379,220 743,:,:,:,:,:,230 200,231 906,233 408,235 307,236 806,:,:,:,:,:,443 417,447 306,450 736,454 686,457 549,:,:,:,:,:
UKJ28,West Sussex (North East) (NUTS 2021),191 770,194 018,195 861,197 507,199 204,:,:,:,:,:,199 287,201 324,203 018,204 603,206 427,:,:,:,:,:,391 057,395 342,398 879,402 110,405 631,:,:,:,:,:
UKJ3,Hampshire and Isle of Wight (NUTS 2021),960 860,969 308,975 887,981 665,985 439,:,:,:,:,:,985 339,991 922,998 065,1 003 409,1 007 611,:,:,:,:,:,1 946 199,1 961 230,1 973 952,1 985 074,1 993 050,:,:,:,:,:
UKJ31,Portsmouth (NUTS 2021),106 082,107 749,108 919,109 667,110 105,:,:,:,:,:,103 205,104 187,105 108,105 684,105 918,:,:,:,:,:,209 287,211 936,214 027,215 351,216 023,:,:,:,:,:
UKJ32,Southampton (NUTS 2021),124 042,126 493,128 263,129 497,130 128,:,:,:,:,:,120 049,121 743,123 120,123 921,124 233,:,:,:,:,:,244 091,248 236,251 383,253 418,254 361,:,:,:,:,:
UKJ34,Isle of Wight (NUTS 2021),68 220,68 478,68 764,69 088,69 408,:,:,:,:,:,71 315,71 532,71 857,72 022,72 198,:,:,:,:,:,139 535,140 010,140 621,141 110,141 606,:,:,:,:,:
UKJ35,South Hampshire (NUTS 2021),221 015,222 203,223 274,224 510,225 315,:,:,:,:,:,230 092,231 167,232 720,233 961,235 208,:,:,:,:,:,451 107,453 370,455 994,458 471,460 523,:,:,:,:,:
UKJ36,Central Hampshire (NUTS 2021),261 142,262 788,264 218,265 726,267 011,:,:,:,:,:,277 944,279 853,281 291,283 018,284 629,:,:,:,:,:,539 086,542 641,545 509,548 744,551 640,:,:,:,:,:
UKJ37,North Hampshire (NUTS 2021),180 359,181 597,182 449,183 177,183 472,:,:,:,:,:,182 734,183 440,183 969,184 803,185 425,:,:,:,:,:,363 093,365 037,366 418,367 980,368 897,:,:,:,:,:
UKJ4,Kent (NUTS 2021),879 020,888 087,896 987,905 307,912 125,:,:,:,:,:,911 327,919 747,927 807,935 256,942 592,:,:,:,:,:,1 790 347,1 807 834,1 824 794,1 840 563,1 854 717,:,:,:,:,:
UKJ41,Medway (NUTS 2021),136 031,136 949,137 488,138 647,139 105,:,:,:,:,:,138 166,139 130,139 794,141 078,141 789,:,:,:,:,:,274 197,276 079,277 282,279 725,280 894,:,:,:,:,:
UKJ43,Kent Thames Gateway (NUTS 2021),172 640,174 657,176 783,178 748,180 560,:,:,:,:,:,177 047,179 315,181 471,183 476,185 575,:,:,:,:,:,349 687,353 972,358 254,362 224,366 135,:,:,:,:,:
UKJ44,East Kent (NUTS 2021),254 171,257 232,260 167,262 710,264 594,:,:,:,:,:,266 280,268 616,270 627,272 263,273 834,:,:,:,:,:,520 451,525 848,530 794,534 973,538 428,:,:,:,:,:
UKJ45,Mid Kent (NUTS 2021),140 379,142 158,143 921,145 534,147 172,:,:,:,:,:,145 981,147 661,149 509,151 133,152 910,:,:,:,:,:,286 360,289 819,293 430,296 667,300 082,:,:,:,:,:
UKJ46,West Kent (NUTS 2021),175 799,177 091,178 628,179 668,180 694,:,:,:,:,:,183 853,185 025,186 406,187 306,188 484,:,:,:,:,:,359 652,362 116,365 034,366 974,369 178,:,:,:,:,:
UKK,South West (UK) (NUTS 2021),2 676 125,2 700 522,2 723 239,2 744 438,2 763 556,:,:,:,:,:,2 771 282,2 793 781,2 814 874,2 833 865,2 852 825,:,:,:,:,:,5 447 407,5 494 303,5 538 113,5 578 303,5 616 381,:,:,:,:,:
UKK1,"Gloucestershire, Wiltshire and Bristol/Bath area (NUTS 2021)",1 200 588,1 212 964,1 223 613,1 234 490,1 244 704,:,:,:,:,:,1 228 931,1 240 908,1 251 171,1 261 532,1 271 864,:,:,:,:,:,2 429 519,2 453 872,2 474 784,2 496 022,2 516 568,:,:,:,:,:
UKK11,"Bristol, City of (NUTS 2021)",223 456,226 810,229 109,232 013,234 315,:,:,:,:,:,223 785,226 510,228 526,230 925,232 784,:,:,:,:,:,447 241,453 320,457 635,462 938,467 099,:,:,:,:,:
UKK12,"Bath and North East Somerset, North Somerset and South Gloucestershire (NUTS 2021)",326 977,330 767,333 902,337 048,340 343,:,:,:,:,:,337 336,341 014,344 044,347 031,350 495,:,:,:,:,:,664 313,671 781,677 946,684 079,690 838,:,:,:,:,:
UKK13,Gloucestershire (NUTS 2021),301 460,304 158,306 771,309 136,311 399,:,:,:,:,:,313 231,316 205,318 859,321 321,323 850,:,:,:,:,:,614 691,620 363,625 630,630 457,635 249,:,:,:,:,:
UKK14,Swindon (NUTS 2021),108 109,108 767,109 443,110 193,110 973,:,:,:,:,:,108 660,109 309,110 020,110 874,111 544,:,:,:,:,:,216 769,218 076,219 463,221 067,222 517,:,:,:,:,:
UKK15,Wiltshire CC (NUTS 2021),240 586,242 462,244 388,246 100,247 674,:,:,:,:,:,245 919,247 870,249 722,251 381,253 191,:,:,:,:,:,486 505,490 332,494 110,497 481,500 865,:,:,:,:,:
UKK2,Dorset and Somerset (NUTS 2021),639 793,644 846,649 266,653 440,656 514,:,:,:,:,:,664 677,669 013,673 020,676 428,679 489,:,:,:,:,:,1 304 470,1 313 859,1 322 286,1 329 868,1 336 003,:,:,:,:,:
UKK21,Bournemouth and Poole (NUTS 2016),169 325,170 754,171 972,173 367,173 933,:,:,:,:,:,171 180,172 264,173 217,174 153,174 376,:,:,:,:,:,340 505,343 018,345 189,347 520,348 309,:,:,:,:,:
UKK22,Dorset CC (NUTS 2016),204 676,205 872,206 898,207 792,208 616,:,:,:,:,:,214 974,216 015,216 898,217 626,218 447,:,:,:,:,:,419 650,421 887,423 796,425 418,427 063,:,:,:,:,:
UKK23,Somerset (NUTS 2021),265 792,268 220,270 396,272 281,273 965,:,:,:,:,:,278 523,280 734,282 905,284 649,286 666,:,:,:,:,:,544 315,548 954,553 301,556 930,560 631,:,:,:,:,:
UKK3,Cornwall and Isles of Scilly (NUTS 2021),267 216,269 443,272 234,274 285,276 253,:,:,:,:,:,283 221,285 571,288 292,290 303,292 359,:,:,:,:,:,550 437,555 014,560 526,564 588,568 612,:,:,:,:,:
UKK30,Cornwall and Isles of Scilly (NUTS 2021),267 216,269 443,272 234,274 285,276 253,:,:,:,:,:,283 221,285 571,288 292,290 303,292 359,:,:,:,:,:,550 437,555 014,560 526,564 588,568 612,:,:,:,:,:
UKK4,Devon (NUTS 2021),568 528,573 269,578 126,582 223,586 085,:,:,:,:,:,594 453,598 289,602 391,605 602,609 113,:,:,:,:,:,1 162 981,1 171 558,1 180 517,1 187 825,1 195 198,:,:,:,:,:
UKK41,Plymouth (NUTS 2021),129 611,130 181,130 803,131 437,131 604,:,:,:,:,:,131 350,131 695,131 920,132 352,132 531,:,:,:,:,:,260 961,261 876,262 723,263 789,264 135,:,:,:,:,:
UKK42,Torbay (NUTS 2021),64 623,64 979,65 451,65 861,66 214,:,:,:,:,:,68 900,69 105,69 369,69 635,69 837,:,:,:,:,:,133 523,134 084,134 820,135 496,136 051,:,:,:,:,:
UKK43,Devon CC (NUTS 2021),374 294,378 109,381 872,384 925,388 267,:,:,:,:,:,394 203,397 489,401 102,403 615,406 745,:,:,:,:,:,768 497,775 598,782 974,788 540,795 012,:,:,:,:,:
UKL,Wales (NUTS 2021),1 523 506,1 529 847,1 537 160,1 541 536,1 546 631,:,:,:,:,:,1 572 197,1 576 375,1 582 095,1 584 986,1 589 752,:,:,:,:,:,3 095 703,3 106 222,3 119 255,3 126 522,3 136 383,:,:,:,:,:
UKL1,West Wales and The Valleys (NUTS 2021),958 797,962 246,965 724,967 978,970 273,:,:,:,:,:,990 149,992 130,995 040,995 668,998 110,:,:,:,:,:,1 948 946,1 954 376,1 960 764,1 963 646,1 968 383,:,:,:,:,:
UKL11,Isle of Anglesey (NUTS 2021),34 457,34 357,34 319,34 470,34 469,:,:,:,:,:,35 582,35 450,35 413,35 566,35 604,:,:,:,:,:,70 039,69 807,69 732,70 036,70 073,:,:,:,:,:
UKL12,Gwynedd (NUTS 2021),60 545,60 901,61 221,61 616,61 851,:,:,:,:,:,61 738,62 082,62 328,62 147,62 296,:,:,:,:,:,122 283,122 983,123 549,123 763,124 147,:,:,:,:,:
UKL13,Conwy and Denbighshire (NUTS 2021),103 335,103 538,103 721,104 079,104 266,:,:,:,:,:,107 942,108 003,108 192,108 238,108 409,:,:,:,:,:,211 277,211 541,211 913,212 317,212 675,:,:,:,:,:
UKL14,South West Wales (NUTS 2021),188 801,188 732,188 829,189 935,190 371,:,:,:,:,:,194 784,194 714,195 162,195 647,196 109,:,:,:,:,:,383 585,383 446,383 991,385 582,386 480,:,:,:,:,:
UKL15,Central Valleys (NUTS 2021),145 223,145 768,146 372,146 420,146 781,:,:,:,:,:,151 035,151 466,152 101,152 104,152 458,:,:,:,:,:,296 258,297 234,298 473,298 524,299 239,:,:,:,:,:
UKL16,Gwent Valleys (NUTS 2021),167 122,167 374,167 723,167 807,168 000,:,:,:,:,:,174 212,174 407,174 638,174 899,175 280,:,:,:,:,:,341 334,341 781,342 361,342 706,343 280,:,:,:,:,:
UKL17,Bridgend and Neath Port Talbot (NUTS 2021),139 111,140 159,141 148,140 843,141 221,:,:,:,:,:,143 376,143 988,144 584,144 542,145 051,:,:,:,:,:,282 487,284 147,285 732,285 385,286 272,:,:,:,:,:
UKL18,Swansea (NUTS 2021),120 203,121 417,122 391,122 808,123 314,:,:,:,:,:,121 480,122 020,122 622,122 525,122 903,:,:,:,:,:,241 683,243 437,245 013,245 333,246 217,:,:,:,:,:
UKL2,East Wales (NUTS 2021),564 709,567 601,571 436,573 558,576 358,:,:,:,:,:,582 048,584 245,587 055,589 318,591 642,:,:,:,:,:,1 146 757,1 151 846,1 158 491,1 162 876,1 168 000,:,:,:,:,:
UKL21,Monmouthshire and Newport (NUTS 2021),117 984,118 889,120 095,119 779,120 397,:,:,:,:,:,122 239,122 893,123 841,123 714,124 494,:,:,:,:,:,240 223,241 782,243 936,243 493,244 891,:,:,:,:,:
UKL22,Cardiff and Vale of Glamorgan (NUTS 2021),237 655,239 569,241 786,243 101,244 844,:,:,:,:,:,246 485,248 182,249 945,251 464,252 802,:,:,:,:,:,484 140,487 751,491 731,494 565,497 646,:,:,:,:,:
UKL23,Flintshire and Wrexham (NUTS 2021),143 375,143 545,144 032,145 195,145 716,:,:,:,:,:,146 279,146 236,146 367,147 344,147 654,:,:,:,:,:,289 654,289 781,290 399,292 539,293 370,:,:,:,:,:
UKL24,Powys (NUTS 2021),65 695,65 598,65 523,65 483,65 401,:,:,:,:,:,67 045,66 934,66 902,66 796,66 692,:,:,:,:,:,132 740,132 532,132 425,132 279,132 093,:,:,:,:,:
UKM,Scotland (NUTS 2021),2 603 497,2 618 987,2 633 884,2 646 031,2 656 113,:,:,:,:,:,2 756 776,2 769 878,2 780 839,2 790 895,2 798 125,:,:,:,:,:,5 360 273,5 388 865,5 414 723,5 436 926,5 454 238,:,:,:,:,:
UKM5,North Eastern Scotland (NUTS 2021),243 750,244 527,244 341,246 136,246 600,:,:,:,:,:,247 125,247 646,246 982,248 488,248 765,:,:,:,:,:,490 875,492 173,491 323,494 624,495 365,:,:,:,:,:
UKM50,Aberdeen City and Aberdeenshire (NUTS 2021),243 750,244 527,244 341,246 136,246 600,:,:,:,:,:,247 125,247 646,246 982,248 488,248 765,:,:,:,:,:,490 875,492 173,491 323,494 624,495 365,:,:,:,:,:
UKM6,Highlands and Islands (NUTS 2021),229 856,230 517,230 832,231 916,232 104,:,:,:,:,:,238 033,238 386,238 588,238 827,238 886,:,:,:,:,:,467 889,468 903,469 420,470 743,470 990,:,:,:,:,:
UKM61,Caithness & Sutherland and Ross & Cromarty (NUTS 2021),45 916,45 941,45 968,46 470,46 527,:,:,:,:,:,47 830,47 876,47 827,48 371,48 390,:,:,:,:,:,93 746,93 817,93 795,94 841,94 917,:,:,:,:,:
UKM62,"Inverness & Nairn and Moray, Badenoch & Strathspey (NUTS 2021)",99 286,100 111,100 450,100 390,100 561,:,:,:,:,:,102 783,103 352,103 664,103 429,103 632,:,:,:,:,:,202 069,203 463,204 114,203 819,204 193,:,:,:,:,:
UKM63,"Lochaber, Skye & Lochalsh, Arran & Cumbrae and Argyll & Bute (NUTS 2021)",48 705,48 521,48 462,49 112,49 085,:,:,:,:,:,51 373,51 150,51 068,51 049,50 927,:,:,:,:,:,100 078,99 671,99 530,100 161,100 012,:,:,:,:,:
UKM64,Eilean Siar (Western Isles) (NUTS 2021),13 405,13 322,13 285,13 230,13 164,:,:,:,:,:,13 753,13 662,13 634,13 586,13 524,:,:,:,:,:,27 158,26 984,26 919,26 816,26 688,:,:,:,:,:
UKM65,Orkney Islands (NUTS 2021),10 756,10 836,10 915,10 938,10 992,:,:,:,:,:,10 868,10 929,11 014,11 011,11 063,:,:,:,:,:,21 624,21 765,21 929,21 949,22 055,:,:,:,:,:
UKM66,Shetland Islands (NUTS 2021),11 788,11 786,11 752,11 776,11 775,:,:,:,:,:,11 426,11 417,11 381,11 381,11 350,:,:,:,:,:,23 214,23 203,23 133,23 157,23 125,:,:,:,:,:
UKM7,Eastern Scotland (NUTS 2021),945 351,953 068,960 820,967 316,973 068,:,:,:,:,:,1 001 213,1 008 860,1 015 572,1 020 991,1 025 631,:,:,:,:,:,1 946 564,1 961 928,1 976 392,1 988 307,1 998 699,:,:,:,:,:
UKM71,Angus and Dundee City (NUTS 2021),128 254,128 292,128 290,128 638,128 766,:,:,:,:,:,136 725,136 662,136 592,136 714,136 699,:,:,:,:,:,264 979,264 954,264 882,265 352,265 465,:,:,:,:,:
UKM72,Clackmannanshire and Fife (NUTS 2021),203 125,203 982,205 110,205 633,206 092,:,:,:,:,:,215 810,216 578,217 152,217 594,217 878,:,:,:,:,:,418 935,420 560,422 262,423 227,423 970,:,:,:,:,:
UKM73,East Lothian and Midlothian (NUTS 2021),90 884,91 876,92 968,93 890,94 939,:,:,:,:,:,98 492,99 688,100 846,101 877,103 008,:,:,:,:,:,189 376,191 564,193 814,195 767,197 947,:,:,:,:,:
UKM75,"Edinburgh, City of (NUTS 2021)",241 269,244 714,248 448,251 399,254 079,:,:,:,:,:,254 445,258 269,261 745,264 256,266 404,:,:,:,:,:,495 714,502 983,510 193,515 655,520 483,:,:,:,:,:
UKM76,Falkirk (NUTS 2021),77 272,77 764,78 209,78 643,78 928,:,:,:,:,:,80 805,81 164,81 548,81 874,82 101,:,:,:,:,:,158 077,158 928,159 757,160 517,161 029,:,:,:,:,:
UKM77,Perth & Kinross and Stirling (NUTS 2021),117 370,118 536,119 239,119 897,120 424,:,:,:,:,:,124 240,125 058,125 525,125 988,126 356,:,:,:,:,:,241 610,243 594,244 764,245 885,246 780,:,:,:,:,:
UKM78,West Lothian (NUTS 2021),87 177,87 904,88 556,89 216,89 840,:,:,:,:,:,90 696,91 441,92 164,92 688,93 185,:,:,:,:,:,177 873,179 345,180 720,181 904,183 025,:,:,:,:,:
UKM8,West Central Scotland (NUTS 2021),729 606,735 439,741 630,743 988,747 323,:,:,:,:,:,780 832,785 189,789 586,792 427,794 675,:,:,:,:,:,1 510 438,1 520 628,1 531 216,1 536 415,1 541 998,:,:,:,:,:
UKM81,"East Dunbartonshire, West Dunbartonshire and Helensburgh & Lomond (NUTS 2021)",107 840,108 180,108 675,108 175,108 153,:,:,:,:,:,114 711,114 975,115 187,115 407,115 363,:,:,:,:,:,222 551,223 155,223 862,223 582,223 516,:,:,:,:,:
UKM82,Glasgow City (NUTS 2021),292 736,297 211,301 480,303 488,305 965,:,:,:,:,:,311 379,314 596,317 692,319 597,321 514,:,:,:,:,:,604 115,611 807,619 172,623 085,627 479,:,:,:,:,:
UKM83,"Inverclyde, East Renfrewshire and Renfrewshire (NUTS 2021)",166 078,166 688,167 645,168 058,168 603,:,:,:,:,:,180 681,181 267,181 979,182 374,182 654,:,:,:,:,:,346 759,347 955,349 624,350 432,351 257,:,:,:,:,:
UKM84,North Lanarkshire (NUTS 2021),162 952,163 360,163 830,164 267,164 602,:,:,:,:,:,174 061,174 351,174 728,175 049,175 144,:,:,:,:,:,337 013,337 711,338 558,339 316,339 746,:,:,:,:,:
UKM9,Southern Scotland (NUTS 2021),454 934,455 436,456 261,456 675,457 018,:,:,:,:,:,489 573,489 797,490 111,490 162,490 168,:,:,:,:,:,944 507,945 233,946 372,946 837,947 186,:,:,:,:,:
UKM91,Scottish Borders (NUTS 2021),55 290,55 396,55 644,55 761,55 931,:,:,:,:,:,58 737,58 890,59 118,59 219,59 299,:,:,:,:,:,114 027,114 286,114 762,114 980,115 230,:,:,:,:,:
UKM92,Dumfries & Galloway (NUTS 2021),72 756,72 614,72 476,72 405,72 329,:,:,:,:,:,77 056,76 986,76 883,76 755,76 542,:,:,:,:,:,149 812,149 600,149 359,149 160,148 871,:,:,:,:,:
UKM93,East Ayrshire and North Ayrshire mainland (NUTS 2021),121 107,121 066,121 023,120 905,120 717,:,:,:,:,:,131 338,131 179,131 013,130 782,130 590,:,:,:,:,:,252 445,252 245,252 036,251 687,251 307,:,:,:,:,:
UKM94,South Ayrshire (NUTS 2021),53 676,53 669,53 738,53 746,53 697,:,:,:,:,:,58 783,58 768,58 838,58 813,58 764,:,:,:,:,:,112 459,112 437,112 576,112 559,112 461,:,:,:,:,:
UKM95,South Lanarkshire (NUTS 2021),152 105,152 691,153 380,153 858,154 344,:,:,:,:,:,163 659,163 974,164 259,164 593,164 973,:,:,:,:,:,315 764,316 665,317 639,318 451,319 317,:,:,:,:,:
UKN,Northern Ireland (UK) (NUTS 2021),905 963,912 212,917 766,923 011,928 149,:,:,:,:,:,940 266,944 836,948 872,952 946,957 040,:,:,:,:,:,1 846 229,1 857 048,1 866 638,1 875 957,1 885 189,:,:,:,:,:
UKN0,Northern Ireland (UK) (NUTS 2021),905 963,912 212,917 766,923 011,928 149,:,:,:,:,:,940 266,944 836,948 872,952 946,957 040,:,:,:,:,:,1 846 229,1 857 048,1 866 638,1 875 957,1 885 189,:,:,:,:,:
UKN06,Belfast (NUTS 2021),163 016,164 035,164 780,165 176,165 806,:,:,:,:,:,174 879,175 236,175 125,175 201,175 700,:,:,:,:,:,337 895,339 271,339 905,340 377,341 506,:,:,:,:,:
UKN07,"Armagh City, Banbridge and Craigavon (NUTS 2021)",102 447,103 684,104 765,105 891,107 038,:,:,:,:,:,104 335,105 383,106 351,107 328,108 208,:,:,:,:,:,206 782,209 067,211 116,213 219,215 246,:,:,:,:,:
UKN08,"Newry, Mourne and Down (NUTS 2021)",87 105,87 744,88 419,89 132,89 683,:,:,:,:,:,88 797,89 367,90 008,90 645,91 142,:,:,:,:,:,175 902,177 111,178 427,179 777,180 825,:,:,:,:,:
UKN09,Ards and North Down (NUTS 2021),76 626,77 144,77 482,77 807,78 124,:,:,:,:,:,81 752,82 062,82 380,82 590,82 851,:,:,:,:,:,158 378,159 206,159 862,160 397,160 975,:,:,:,:,:
UKN10,Derry City and Strabane (NUTS 2016),73 334,73 549,73 796,73 845,73 946,:,:,:,:,:,76 001,76 262,76 529,76 604,76 611,:,:,:,:,:,149 335,149 811,150 325,150 449,150 557,:,:,:,:,:
UKN11,Mid Ulster (NUTS 2016),71 893,72 589,73 268,74 052,74 652,:,:,:,:,:,71 565,72 114,72 647,73 248,73 726,:,:,:,:,:,143 458,144 703,145 915,147 300,148 378,:,:,:,:,:
UKN12,Causeway Coast and Glens (NUTS 2016),70 683,71 061,71 261,71 466,71 628,:,:,:,:,:,72 073,72 302,72 485,72 639,72 739,:,:,:,:,:,142 756,143 363,143 746,144 105,144 367,:,:,:,:,:
UKN13,Antrim and Newtownabbey (NUTS 2016),68 010,68 308,68 670,69 027,69 392,:,:,:,:,:,72 212,72 444,72 698,72 967,73 173,:,:,:,:,:,140 222,140 752,141 368,141 994,142 565,:,:,:,:,:
UKN14,Lisburn and Castlereagh (NUTS 2016),68 305,68 966,69 649,70 417,71 125,:,:,:,:,:,71 121,71 725,72 268,72 869,73 646,:,:,:,:,:,139 426,140 691,141 917,143 286,144 771,:,:,:,:,:
UKN15,Mid and East Antrim (NUTS 2016),66 905,67 290,67 601,67 863,68 171,:,:,:,:,:,69 999,70 202,70 399,70 578,70 777,:,:,:,:,:,136 904,137 492,138 000,138 441,138 948,:,:,:,:,:
UKN16,Fermanagh and Omagh (NUTS 2016),57 639,57 842,58 075,58 335,58 584,:,:,:,:,:,57 532,57 739,57 982,58 277,58 467,:,:,:,:,:,115 171,115 581,116 057,116 612,117 051,:,:,:,:,:
ME,Montenegro,307 522,307 734,307 752,307 741,307 712,307 555,306 864,305 174,304 691,306 826,314 577,314 484,314 635,314 618,314 470,314 318,313 875,312 509,312 004,316 854,622 099,622 218,622 387,622 359,622 182,621 873,620 739,617 683,616 695,623 680
ME0,Crna Gora,307 522,307 734,307 752,307 741,307 712,307 555,306 864,305 174,304 691,306 826,314 577,314 484,314 635,314 618,314 470,314 318,313 875,312 509,312 004,316 854,622 099,622 218,622 387,622 359,622 182,621 873,620 739,617 683,616 695,623 680
ME00,Crna Gora,307 522,307 734,307 752,307 741,307 712,307 555,306 864,305 174,304 691,306 826,314 577,314 484,314 635,314 618,314 470,314 318,313 875,312 509,312 004,316 854,622 099,622 218,622 387,622 359,622 182,621 873,620 739,617 683,616 695,623 680
ME000,Crna Gora,307 522,307 734,307 752,307 741,307 712,307 555,306 864,305 174,304 691,306 826,314 577,314 484,314 635,314 618,314 470,314 318,313 875,312 509,312 004,316 854,622 099,622 218,622 387,622 359,622 182,621 873,620 739,617 683,616 695,623 680
MK,North Macedonia,1 036 518,1 037 601,1 038 613,1 039 283,1 040 200,1 039 716,1 035 218,911 015,907 033,:,1 032 654,1 033 677,1 035 089,1 036 018,1 036 932,1 036 539,1 033 590,926 099,922 921,:,2 069 172,2 071 278,2 073 702,2 075 301,2 077 132,2 076 255,2 068 808,1 837 114,1 829 954,:
MK0,Severna Makedonija,1 036 466,1 037 555,1 038 577,1 039 250,1 040 167,1 039 685,1 035 188,911 015,907 033,:,1 032 398,1 033 443,1 034 906,1 035 858,1 036 786,1 036 402,1 033 470,926 099,922 921,:,2 068 864,2 070 998,2 073 483,2 075 108,2 076 953,2 076 087,2 068 658,1 837 114,1 829 954,:
MK00,Severna Makedonija,1 036 466,1 037 555,1 038 577,1 039 250,1 040 167,1 039 685,1 035 188,911 015,907 033,:,1 032 398,1 033 443,1 034 906,1 035 858,1 036 786,1 036 402,1 033 470,926 099,922 921,:,2 068 864,2 070 998,2 073 483,2 075 108,2 076 953,2 076 087,2 068 658,1 837 114,1 829 954,:
MK001,Vardarski,77 883,77 683,77 474,77 286,77 196,76 912,76 274,69 924,69 279,:,75 385,75 232,75 095,74 961,74 824,74 578,74 045,68 911,68 366,:,153 268,152 915,152 569,152 247,152 020,151 490,150 319,138 835,137 645,:
MK002,Istočen,89 682,89 447,89 079,88 739,88 347,87 829,87 006,75 004,74 143,:,87 726,87 429,87 182,86 876,86 529,85 974,85 270,75 151,74 528,:,177 408,176 876,176 261,175 615,174 876,173 803,172 276,150 155,148 671,:
MK003,Jugozapaden,110 416,110 240,110 224,110 185,110 149,109 997,109 408,88 470,87 950,:,109 633,109 464,109 505,109 469,109 422,109 175,108 699,89 212,88 660,:,220 049,219 704,219 729,219 654,219 571,219 172,218 107,177 682,176 610,:
MK004,Jugoistočen,87 760,87 739,87 757,87 697,87 630,87 314,86 699,74 467,73 797,:,85 777,85 780,85 760,85 683,85 674,85 487,85 119,74 055,73 475,:,173 537,173 519,173 517,173 380,173 304,172 801,171 818,148 522,147 272,:
MK005,Pelagoniski,116 041,115 694,115 288,114 806,114 253,113 731,112 499,105 034,103 922,:,115 442,115 063,114 705,114 164,113 659,113 101,112 168,105 468,104 630,:,231 483,230 757,229 993,228 970,227 912,226 832,224 667,210 502,208 552,:
MK006,Pološki,160 802,161 194,161 442,161 825,162 304,162 577,162 104,124 416,124 325,:,158 634,159 021,159 323,159 700,159 994,160 263,160 039,127 698,127 597,:,319 436,320 215,320 765,321 525,322 298,322 840,322 143,252 114,251 922,:
MK007,Severoistočen,89 707,89 719,89 668,89 705,89 677,89 527,89 093,76 921,76 506,:,86 408,86 454,86 459,86 514,86 478,86 405,86 037,76 199,75 899,:,176 115,176 173,176 127,176 219,176 155,175 932,175 130,153 120,152 405,:
MK008,Skopski,304 175,305 839,307 645,309 007,310 611,311 798,312 105,296 779,297 111,:,313 393,315 000,316 877,318 491,320 206,321 419,322 093,309 405,309 766,:,617 568,620 839,624 522,627 498,630 817,633 217,634 198,606 184,606 877,:
MKX,Not regionalised/Unknown level 1,52,46,36,33,33,31,:,:,:,:,256,234,183,160,146,137,:,:,:,:,308,280,219,193,179,168,:,:,:,:
MKXX,Not regionalised/Unknown level 2,52,46,36,33,33,31,:,:,:,:,256,234,183,160,146,137,:,:,:,:,308,280,219,193,179,168,:,:,:,:
MKXXX,Not regionalised/Unknown level 3,52,46,36,33,33,31,:,:,:,:,256,234,183,160,146,137,:,:,:,:,308,280,219,193,179,168,:,:,:,:
AL,Albania,1 461 199,1 458 451,1 453 541,1 438 609,1 429 594,1 420 613,1 409 982,1 387 060,1 366 921,:,1 424 597,1 417 141,1 423 050,1 431 715,1 432 833,1 425 342,1 419 759,1 406 532,1 394 864,:,2 885 796,2 875 592,2 876 591,2 870 324,2 862 427,2 845 955,2 829 741,2 793 592,2 761 785,:
AL0,Shqipëria,1 461 199,1 458 451,1 453 541,1 438 609,1 429 594,1 420 613,1 409 982,1 387 060,1 366 921,:,1 424 597,1 417 141,1 423 050,1 431 715,1 432 833,1 425 342,1 419 759,1 406 532,1 394 864,:,2 885 796,2 875 592,2 876 591,2 870 324,2 862 427,2 845 955,2 829 741,2 793 592,2 761 785,:
AL01,Veri,425 862,424 299,421 069,414 195,409 557,405 090,401 156,393 084,385 558,:,410 586,406 682,405 835,405 598,404 201,399 599,396 799,390 886,385 462,:,836 448,830 981,826 904,819 793,813 758,804 689,797 955,783 970,771 020,:
AL011,Dibër,67 970,67 307,65 742,63 083,61 946,60 455,59 372,57 145,55 350,:,63 084,61 749,59 837,57 895,57 002,55 402,54 311,52 440,51 030,:,131 054,129 056,125 579,120 978,118 948,115 857,113 683,109 585,106 380,:
AL012,Durrës,142 142,143 616,145 390,146 978,146 760,147 136,147 648,147 096,146 040,:,135 847,136 589,139 433,142 648,143 366,143 561,144 381,144 229,143 757,:,277 989,280 205,284 823,289 626,290 126,290 697,292 029,291 325,289 797,:
AL013,Kukës,42 109,41 675,40 925,39 677,39 305,38 748,38 213,37 361,36 715,:,40 319,39 619,38 634,37 718,37 289,36 680,36 175,35 407,34 783,:,82 428,81 294,79 559,77 395,76 594,75 428,74 388,72 768,71 498,:
AL014,Lezhë,67 130,66 676,65 642,63 600,62 282,60 977,59 826,57 775,56 017,:,64 699,63 582,63 377,63 200,62 913,61 723,60 852,59 508,58 164,:,131 829,130 258,129 019,126 800,125 195,122 700,120 678,117 283,114 181,:
AL015,Shkodër,106 511,105 025,103 370,100 857,99 264,97 774,96 097,93 707,91 436,:,106 637,105 143,104 554,104 137,103 631,102 233,101 080,99 302,97 728,:,213 148,210 168,207 924,204 994,202 895,200 007,197 177,193 009,189 164,:
AL02,Qender,562 208,566 185,572 173,577 014,579 519,582 232,582 430,581 001,579 456,:,562 609,564 402,574 010,585 530,590 623,594 008,596 005,597 622,598 531,:,1 124 817,1 130 587,1 146 183,1 162 544,1 170 142,1 176 240,1 178 435,1 178 623,1 177 987,:
AL021,Elbasan,147 828,146 834,144 258,140 098,137 508,134 707,132 501,128 208,124 249,:,142 838,140 772,139 564,138 450,137 474,135 367,133 744,130 904,128 470,:,290 666,287 606,283 822,278 548,274 982,270 074,266 245,259 112,252 719,:
AL022,Tiranë,414 380,419 351,427 915,436 916,442 011,447 525,449 929,452 793,455 207,:,419 771,423 630,434 446,447 080,453 149,458 641,462 261,466 718,470 061,:,834 151,842 981,862 361,883 996,895 160,906 166,912 190,919 511,925 268,:
AL03,Jug,473 129,467 967,460 299,447 400,440 518,433 291,426 396,412 975,401 907,:,451 402,446 057,443 205,440 587,438 009,431 735,426 955,418 024,410 871,:,924 531,914 024,903 504,887 987,878 527,865 026,853 351,830 999,812 778,:
AL031,Berat,70 832,69 461,67 397,64 271,62 718,61 147,59 715,57 192,55 061,:,67 533,65 980,64 545,63 161,62 439,60 856,59 735,57 858,56 370,:,138 365,135 441,131 942,127 432,125 157,122 003,119 450,115 050,111 431,:
AL032,Fier,158 871,157 633,155 524,151 735,149 374,146 633,144 281,139 603,135 568,:,149 143,147 475,146 983,146 409,145 373,143 256,141 721,138 810,136 104,:,308 014,305 108,302 507,298 144,294 747,289 889,286 002,278 413,271 672,:
AL033,Gjirokastër,35 424,34 617,33 191,31 109,30 058,28 928,28 112,26 567,25 407,:,34 133,33 403,32 748,31 842,31 365,30 453,29 919,28 711,27 907,:,69 557,68 020,65 939,62 951,61 423,59 381,58 031,55 278,53 314,:
AL034,Korçë,111 962,110 480,108 337,105 081,103 389,101 774,100 228,97 235,94 488,:,108 234,106 942,105 984,105 098,104 500,103 057,101 965,100 068,98 437,:,220 196,217 422,214 321,210 179,207 889,204 831,202 193,197 303,192 925,:
AL035,Vlorë,96 040,95 776,95 850,95 204,94 979,94 809,94 060,92 378,91 383,:,92 359,92 257,92 945,94 077,94 332,94 113,93 615,92 577,92 053,:,188 399,188 033,188 795,189 281,189 311,188 922,187 675,184 955,183 436,:
ALX,Not regionalised/Unknown level 1,:,:,:,0,0,0,:,:,:,:,:,:,:,0,0,0,:,:,:,:,:,:,:,0,0,0,:,:,:,:
ALXX,Not regionalised/Unknown level 2,:,:,:,0,0,0,:,:,:,:,:,:,:,0,0,0,:,:,:,:,:,:,:,0,0,0,:,:,:,:
ALXXX,Not regionalised/Unknown level 3,:,:,:,0,0,0,:,:,:,:,:,:,:,0,0,0,:,:,:,:,:,:,:,0,0,0,:,:,:,:
RS,Serbia,3 464 399,3 446 258,3 429 027,3 410 592,3 392 811,3 374 639,3 345 972,3 308 035,3 229 478,3 212 372,3 649 994,3 630 114,3 611 245,3 590 852,3 570 953,3 552 066,3 525 575,3 489 070,3 411 719,3 392 796,7 114 393,7 076 372,7 040 272,7 001 444,6 963 764,6 926 705,6 871 547,6 797 105,6 641 197,6 605 168
RS1,Srbija - sever,:,:,1 710 253,1 707 212,1 704 426,1 701 878,1 693 328,1 680 332,1 640 355,1 636 664,:,:,1 851 759,1 848 069,1 844 404,1 841 588,1 833 870,1 821 769,1 781 329,1 776 367,:,:,3 562 012,3 555 281,3 548 830,3 543 466,3 527 198,3 502 101,3 421 684,3 413 031
RS11,Beogradski region,:,:,796 031,797 222,798 811,800 901,798 665,794 112,795 259,795 359,:,:,889 766,891 244,893 108,895 291,894 103,890 455,887 774,888 066,:,:,1 685 797,1 688 466,1 691 919,1 696 192,1 692 768,1 684 567,1 683 033,1 683 425
RS110,Beogradska oblast,:,:,796 031,797 222,798 811,800 901,798 665,794 112,795 259,795 359,:,:,889 766,891 244,893 108,895 291,894 103,890 455,887 774,888 066,:,:,1 685 797,1 688 466,1 691 919,1 696 192,1 692 768,1 684 567,1 683 033,1 683 425
RS12,Region Vojvodine,:,:,914 222,909 990,905 615,900 977,894 663,886 220,845 096,841 305,:,:,961 993,956 825,951 296,946 297,939 767,931 314,893 555,888 301,:,:,1 876 215,1 866 815,1 856 911,1 847 274,1 834 430,1 817 534,1 738 651,1 729 606
RS121,Zapadnobacka oblast,:,:,86 249,85 323,84 295,83 317,82 174,80 876,75 042,74 208,:,:,90 130,88 993,87 815,86 680,85 511,84 230,79 030,77 932,:,:,176 379,174 316,172 110,169 997,167 685,165 106,154 072,152 140
RS122,Juznobanatska oblast,:,:,138 836,137 855,137 002,136 007,134 851,133 330,127 384,126 609,:,:,143 363,142 351,141 354,140 428,139 293,137 646,132 383,131 442,:,:,282 199,280 206,278 356,276 435,274 144,270 976,259 767,258 051
RS123,Juznobacka oblast,:,:,297 921,298 203,298 452,298 600,298 111,296 916,291 933,291 978,:,:,319 781,319 997,320 126,320 472,320 068,319 262,315 729,315 459,:,:,617 702,618 200,618 578,619 072,618 179,616 178,607 662,607 437
RS124,Severnobanatska oblast,:,:,68 023,67 327,66 644,65 986,65 188,64 191,57 169,56 609,:,:,71 065,70 326,69 539,68 736,67 958,66 898,60 431,59 709,:,:,139 088,137 653,136 183,134 722,133 146,131 089,117 600,116 318
RS125,Severnobacka oblast,:,:,87 231,86 822,86 388,85 811,85 208,84 303,77 149,76 511,:,:,93 559,93 085,92 465,91 925,91 146,90 137,82 785,82 177,:,:,180 790,179 907,178 853,177 736,176 354,174 440,159 934,158 688
RS126,Srednjobanatska oblast,:,:,87 230,86 556,85 784,85 017,84 035,82 896,76 970,76 409,:,:,90 869,89 959,88 948,88 000,86 922,85 660,80 409,79 640,:,:,178 099,176 515,174 732,173 017,170 957,168 556,157 379,156 049
RS127,Sremska oblast,:,:,148 732,147 904,147 050,146 239,145 096,143 708,139 449,138 981,:,:,153 226,152 114,151 049,150 056,148 869,147 481,142 788,141 942,:,:,301 958,300 018,298 099,296 295,293 965,291 189,282 237,280 923
RS2,Srbija - jug,:,:,1 718 774,1 703 380,1 688 385,1 672 761,1 652 644,1 627 703,1 589 123,1 575 708,:,:,1 759 486,1 742 783,1 726 549,1 710 478,1 691 705,1 667 301,1 630 390,1 616 429,:,:,3 478 260,3 446 163,3 414 934,3 383 239,3 344 349,3 295 004,3 219 513,3 192 137
RS21,Region Sumadije i Zapadne Srbije,:,:,961 320,953 277,945 665,937 490,927 081,914 063,894 588,887 954,:,:,988 166,979 503,971 190,962 939,953 386,940 578,921 861,914 818,:,:,1 949 486,1 932 780,1 916 855,1 900 429,1 880 467,1 854 641,1 816 449,1 802 772
RS211,Zlatiborska oblast,:,:,134 931,133 622,132 389,131 089,129 395,127 499,126 040,124 865,:,:,137 469,136 138,134 637,133 162,131 682,129 789,128 127,127 004,:,:,272 400,269 760,267 026,264 251,261 077,257 288,254 167,251 869
RS212,Kolubarska oblast,:,:,82 463,81 643,80 928,80 152,79 232,78 153,76 382,75 782,:,:,83 657,82 785,81 959,81 290,80 440,79 336,77 725,77 031,:,:,166 120,164 428,162 887,161 442,159 672,157 489,154 107,152 813
RS213,Macvanska oblast,:,:,140 884,139 672,138 281,136 954,135 227,133 166,130 959,129 702,:,:,143 491,141 968,140 662,139 223,137 694,135 600,133 932,132 803,:,:,284 375,281 640,278 943,276 177,272 921,268 766,264 891,262 505
RS214,Moravicka oblast,:,:,99 686,98 802,97 916,97 085,95 929,94 568,92 676,91 950,:,:,103 287,102 279,101 414,100 565,99 455,98 192,96 259,95 411,:,:,202 973,201 081,199 330,197 650,195 384,192 760,188 935,187 361
RS215,Pomoravska oblast,:,:,98 835,97 589,96 599,95 364,93 980,91 975,88 180,87 190,:,:,104 467,103 160,102 047,100 715,99 292,97 273,93 445,92 154,:,:,203 302,200 749,198 646,196 079,193 272,189 248,181 625,179 344
RS216,Rasinska oblast,:,:,112 588,111 269,110 063,108 758,107 305,105 398,101 550,100 509,:,:,115 551,114 206,112 844,111 680,110 290,108 264,105 041,103 920,:,:,228 139,225 475,222 907,220 438,217 595,213 662,206 591,204 429
RS217,Raska oblast,:,:,151 971,151 584,151 279,150 936,150 300,149 209,147 660,147 528,:,:,154 451,153 903,153 528,153 211,152 656,151 920,149 215,149 100,:,:,306 422,305 487,304 807,304 147,302 956,301 129,296 875,296 628
RS218,Sumadijska oblast,:,:,139 962,139 096,138 210,137 152,135 713,134 095,131 141,130 428,:,:,145 793,145 064,144 099,143 093,141 877,140 204,138 117,137 395,:,:,285 755,284 160,282 309,280 245,277 590,274 299,269 258,267 823
RS22,Region Juzne i Istocne Srbije,:,:,757 454,750 103,742 720,735 271,725 563,713 640,694 535,687 754,:,:,771 320,763 280,755 359,747 539,738 319,726 723,708 529,701 611,:,:,1 528 774,1 513 383,1 498 079,1 482 810,1 463 882,1 440 363,1 403 064,1 389 365
RS221,Borska oblast,:,:,56 615,55 715,54 793,53 899,52 848,51 586,49 269,48 533,:,:,59 101,58 199,57 292,56 320,55 353,54 155,51 442,50 651,:,:,115 716,113 914,112 085,110 219,108 201,105 741,100 711,99 184
RS222,Branicevska oblast,:,:,83 586,82 476,81 421,80 308,78 862,77 370,76 680,75 803,:,:,87 767,86 587,85 356,84 182,82 763,81 147,79 212,78 208,:,:,171 353,169 063,166 777,164 490,161 625,158 517,155 892,154 011
RS223,Zajecarska oblast,:,:,54 108,53 307,52 465,51 681,50 763,49 646,46 996,46 224,:,:,56 408,55 446,54 452,53 599,52 662,51 357,49 369,48 537,:,:,110 516,108 753,106 917,105 280,103 425,101 003,96 365,94 761
RS224,Jablanicka oblast,:,:,102 198,101 077,100 011,98 755,97 511,95 939,92 033,90 945,:,:,102 202,101 028,99 935,98 777,97 488,95 789,92 109,91 070,:,:,204 400,202 105,199 946,197 532,194 999,191 728,184 142,182 015
RS225,Nisavska oblast,:,:,179 203,178 276,177 360,176 429,174 633,172 212,168 211,167 171,:,:,185 894,184 941,184 086,183 116,181 665,179 692,175 437,174 520,:,:,365 097,363 217,361 446,359 545,356 298,351 904,343 648,341 691
RS226,Pirotska oblast,:,:,43 800,43 287,42 721,42 193,41 541,40 753,38 624,38 119,:,:,42 717,42 123,41 523,40 960,40 378,39 657,37 806,37 357,:,:,86 517,85 410,84 244,83 153,81 919,80 410,76 430,75 476
RS227,Podunavska oblast,:,:,93 886,92 959,91 906,91 003,89 818,88 429,86 661,85 938,:,:,96 238,95 098,94 044,93 036,91 935,90 618,88 629,87 861,:,:,190 124,188 057,185 950,184 039,181 753,179 047,175 290,173 799
RS228,Pcinjska oblast,:,:,100 750,100 191,99 652,99 123,98 296,97 141,97 122,96 393,:,:,98 489,97 911,97 319,96 771,95 892,94 818,96 332,95 620,:,:,199 239,198 102,196 971,195 894,194 188,191 959,193 454,192 013
RS229,Toplicka oblast,:,:,43 308,42 815,42 391,41 880,41 291,40 564,38 939,38 628,:,:,42 504,41 947,41 352,40 778,40 183,39 490,38 193,37 787,:,:,85 812,84 762,83 743,82 658,81 474,80 054,77 132,76 415
TR,Türkiye,38 984 302,39 511 191,40 043 650,40 535 135,41 139 980,41 721 136,41 915 985,42 428 101,42 704 112,42 734 071,38 711 602,39 229 862,39 771 221,40 275 390,40 863 902,41 433 861,41 698 377,42 252 172,42 575 441,42 638 306,77 695 904,78 741 053,79 814 871,80 810 525,82 003 882,83 154 997,83 614 362,84 680 273,85 279 553,85 372 377
TR1,İstanbul,7 221 158,7 360 499,7 424 390,7 529 491,7 542 231,7 790 256,7 750 836,7 933 686,7 955 820,7 806 787,7 155 860,7 296 935,7 379 726,7 499 740,7 525 493,7 729 011,7 711 616,7 907 214,7 952 131,7 849 137,14 377 018,14 657 434,14 804 116,15 029 231,15 067 724,15 519 267,15 462 452,15 840 900,15 907 951,15 655 924
TR10,İstanbul,7 221 158,7 360 499,7 424 390,7 529 491,7 542 231,7 790 256,7 750 836,7 933 686,7 955 820,7 806 787,7 155 860,7 296 935,7 379 726,7 499 740,7 525 493,7 729 011,7 711 616,7 907 214,7 952 131,7 849 137,14 377 018,14 657 434,14 804 116,15 029 231,15 067 724,15 519 267,15 462 452,15 840 900,15 907 951,15 655 924
TR100,İstanbul,7 221 158,7 360 499,7 424 390,7 529 491,7 542 231,7 790 256,7 750 836,7 933 686,7 955 820,7 806 787,7 155 860,7 296 935,7 379 726,7 499 740,7 525 493,7 729 011,7 711 616,7 907 214,7 952 131,7 849 137,14 377 018,14 657 434,14 804 116,15 029 231,15 067 724,15 519 267,15 462 452,15 840 900,15 907 951,15 655 924
TR2,Batı Marmara,1 699 194,1 715 544,1 741 863,1 776 218,1 808 376,1 823 591,1 833 833,1 870 523,1 884 229,1 916 160,1 652 388,1 671 905,1 700 366,1 727 391,1 761 176,1 778 337,1 798 565,1 829 241,1 859 256,1 891 986,3 351 582,3 387 449,3 442 229,3 503 609,3 569 552,3 601 928,3 632 398,3 699 764,3 743 485,3 808 146
TR21,"Tekirdağ, Edirne, Kırklareli",846 010,863 105,882 679,904 783,922 546,938 020,942 612,964 662,978 383,996 555,804 725,824 315,843 581,863 585,879 769,893 131,907 953,927 216,948 129,967 573,1 650 735,1 687 420,1 726 260,1 768 368,1 802 315,1 831 151,1 850 565,1 891 878,1 926 512,1 964 128
TR211,Tekirdağ,466 956,482 404,499 819,516 496,527 975,542 646,552 587,570 355,583 014,595 133,439 776,455 506,473 056,488 967,501 952,512 766,528 478,543 045,559 437,571 926,906 732,937 910,972 875,1 005 463,1 029 927,1 055 412,1 081 065,1 113 400,1 142 451,1 167 059
TR212,Edirne,203 001,203 349,203 738,206 342,209 390,210 304,205 775,207 863,208 328,210 653,197 279,199 188,197 963,200 513,202 138,203 599,201 988,204 252,206 386,209 260,400 280,402 537,401 701,406 855,411 528,413 903,407 763,412 115,414 714,419 913
TR213,Kırklareli,176 053,177 352,179 122,181 945,185 181,185 070,184 250,186 444,187 041,190 769,167 670,169 621,172 562,174 105,175 679,176 766,177 487,179 919,182 306,186 387,343 723,346 973,351 684,356 050,360 860,361 836,361 737,366 363,369 347,377 156
TR22,"Balıkesir, Çanakkale",853 184,852 439,859 184,871 435,885 830,885 571,891 221,905 861,905 846,919 605,847 663,847 590,856 785,863 806,881 407,885 206,890 612,902 025,911 127,924 413,1 700 847,1 700 029,1 715 969,1 735 241,1 767 237,1 770 777,1 781 833,1 807 886,1 816 973,1 844 018
TR221,Balıkesir,593 529,592 718,596 896,602 275,612 738,613 474,619 765,625 527,626 430,634 259,595 528,593 970,599 280,602 549,613 837,615 146,620 520,625 083,631 160,639 260,1 189 057,1 186 688,1 196 176,1 204 824,1 226 575,1 228 620,1 240 285,1 250 610,1 257 590,1 273 519
TR222,Çanakkale,259 655,259 721,262 288,269 160,273 092,272 097,271 456,280 334,279 416,285 346,252 135,253 620,257 505,261 257,267 570,270 060,270 092,276 942,279 967,285 153,511 790,513 341,519 793,530 417,540 662,542 157,541 548,557 276,559 383,570 499
TR3,Ege,5 006 714,5 064 755,5 127 204,5 189 142,5 252 021,5 302 497,5 336 461,5 377 042,5 428 607,5 453 803,5 016 835,5 073 377,5 137 907,5 194 821,5 262 179,5 315 936,5 352 654,5 407 603,5 458 196,5 492 977,10 023 549,10 138 132,10 265 111,10 383 963,10 514 200,10 618 433,10 689 115,10 784 645,10 886 803,10 946 780
TR31,İzmir,2 050 424,2 078 224,2 104 632,2 133 548,2 152 585,2 174 319,2 187 226,2 199 287,2 215 716,2 221 180,2 062 648,2 090 191,2 118 913,2 146 129,2 167 934,2 192 932,2 207 468,2 226 502,2 246 340,2 258 345,4 113 072,4 168 415,4 223 545,4 279 677,4 320 519,4 367 251,4 394 694,4 425 789,4 462 056,4 479 525
TR310,İzmir,2 050 424,2 078 224,2 104 632,2 133 548,2 152 585,2 174 319,2 187 226,2 199 287,2 215 716,2 221 180,2 062 648,2 090 191,2 118 913,2 146 129,2 167 934,2 192 932,2 207 468,2 226 502,2 246 340,2 258 345,4 113 072,4 168 415,4 223 545,4 279 677,4 320 519,4 367 251,4 394 694,4 425 789,4 462 056,4 479 525
TR32,"Aydın, Denizli, Muğla",1 462 500,1 483 486,1 503 806,1 526 219,1 551 341,1 570 944,1 584 312,1 604 496,1 628 018,1 644 849,1 452 688,1 472 339,1 493 914,1 512 106,1 541 674,1 560 378,1 576 460,1 601 732,1 624 740,1 642 671,2 915 188,2 955 825,2 997 720,3 038 325,3 093 015,3 131 322,3 160 772,3 206 228,3 252 758,3 287 520
TR321,Aydın,519 900,525 267,533 004,539 726,546 092,552 626,557 066,563 037,569 291,576 262,522 079,528 239,535 256,541 113,551 654,558 346,562 018,570 994,578 950,585 440,1 041 979,1 053 506,1 068 260,1 080 839,1 097 746,1 110 972,1 119 084,1 134 031,1 148 241,1 161 702
TR322,Denizli,487 958,494 808,500 398,507 543,512 109,517 716,518 742,523 498,525 359,526 717,490 742,498 634,505 289,511 192,515 673,519 492,522 173,527 558,530 973,532 365,978 700,993 442,1 005 687,1 018 735,1 027 782,1 037 208,1 040 915,1 051 056,1 056 332,1 059 082
TR323,Muğla,454 642,463 411,470 404,478 950,493 140,500 602,508 504,517 961,533 368,541 870,439 867,445 466,453 369,459 801,474 347,482 540,492 269,503 180,514 817,524 866,894 509,908 877,923 773,938 751,967 487,983 142,1 000 773,1 021 141,1 048 185,1 066 736
TR33,"Manisa, Afyonkarahisar, Kütahya, Uşak",1 493 790,1 503 045,1 518 766,1 529 375,1 548 095,1 557 234,1 564 923,1 573 259,1 584 873,1 587 774,1 501 499,1 510 847,1 525 080,1 536 586,1 552 571,1 562 626,1 568 726,1 579 369,1 587 116,1 591 961,2 995 289,3 013 892,3 043 846,3 065 961,3 100 666,3 119 860,3 133 649,3 152 628,3 171 989,3 179 735
TR331,Manisa,686 379,691 955,701 094,710 378,720 337,725 238,728 724,731 208,737 888,741 274,681 526,688 411,695 851,702 663,709 306,715 373,721 892,725 418,730 391,734 442,1 367 905,1 380 366,1 396 945,1 413 041,1 429 643,1 440 611,1 450 616,1 456 626,1 468 279,1 475 716
TR332,Afyonkarahisar,350 370,351 993,354 458,354 438,360 152,362 447,367 399,371 421,373 459,374 705,356 001,357 022,360 065,361 255,365 416,367 036,369 513,372 758,374 096,376 639,706 371,709 015,714 523,715 693,725 568,729 483,736 912,744 179,747 555,751 344
TR333,Kütahya,282 810,282 816,283 955,282 661,284 675,285 020,284 575,284 739,286 833,284 542,288 744,288 647,289 687,289 595,293 266,294 237,292 113,293 901,293 868,291 132,571 554,571 463,573 642,572 256,577 941,579 257,576 688,578 640,580 701,575 674
TR334,Uşak,174 231,176 281,179 259,181 898,182 931,184 529,184 225,185 891,186 693,187 253,175 228,176 767,179 477,183 073,184 583,185 980,185 208,187 292,188 761,189 748,349 459,353 048,358 736,364 971,367 514,370 509,369 433,373 183,375 454,377 001
TR4,Doğu Marmara,3 680 018,3 767 169,3 862 781,3 930 387,3 998 390,4 079 896,4 130 337,4 204 099,4 266 572,4 305 893,3 652 119,3 732 183,3 821 406,3 894 210,3 969 745,4 045 079,4 105 479,4 176 730,4 244 878,4 292 610,7 332 137,7 499 352,7 684 187,7 824 597,7 968 135,8 124 975,8 235 816,8 380 829,8 511 450,8 598 503
TR41,"Bursa, Eskişehir, Bilecik",1 908 648,1 945 582,1 989 828,2 015 947,2 049 254,2 086 618,2 105 184,2 140 026,2 164 822,2 175 965,1 901 136,1 936 042,1 974 707,2 003 169,2 039 902,2 076 404,2 104 194,2 134 495,2 165 188,2 182 082,3 809 784,3 881 624,3 964 535,4 019 116,4 089 156,4 163 022,4 209 378,4 274 521,4 330 010,4 358 047
TR411,Bursa,1 394 715,1 423 583,1 454 059,1 470 341,1 498 219,1 530 956,1 550 767,1 573 362,1 595 869,1 605 941,1 392 824,1 418 964,1 447 337,1 466 462,1 496 302,1 525 164,1 551 066,1 574 456,1 598 851,1 608 630,2 787 539,2 842 547,2 901 396,2 936 803,2 994 521,3 056 120,3 101 833,3 147 818,3 194 720,3 214 571
TR412,Eskişehir,405 253,412 205,421 580,429 078,434 112,443 635,443 227,447 761,451 335,454 606,407 067,414 511,423 262,431 542,437 075,443 840,445 601,450 608,455 282,460 812,812 320,826 716,844 842,860 620,871 187,887 475,888 828,898 369,906 617,915 418
TR413,Bilecik,108 680,109 794,114 189,116 528,116 923,112 027,111 190,118 903,117 618,115 418,101 245,102 567,104 108,105 165,106 525,107 400,107 527,109 431,111 055,112 640,209 925,212 361,218 297,221 693,223 448,219 427,218 717,228 334,228 673,228 058
TR42,"Kocaeli, Sakarya, Düzce, Bolu, Yalova",1 771 370,1 821 587,1 872 953,1 914 440,1 949 136,1 993 278,2 025 153,2 064 073,2 101 750,2 129 928,1 750 983,1 796 141,1 846 699,1 891 041,1 929 843,1 968 675,2 001 285,2 042 235,2 079 690,2 110 528,3 522 353,3 617 728,3 719 652,3 805 481,3 878 979,3 961 953,4 026 438,4 106 308,4 181 440,4 240 456
TR421,Kocaeli,872 403,901 860,927 157,953 145,963 326,988 098,1 009 533,1 027 775,1 050 743,1 061 291,850 392,878 195,903 615,930 125,943 065,964 937,987 725,1 005 666,1 028 329,1 041 616,1 722 795,1 780 055,1 830 772,1 883 270,1 906 391,1 953 035,1 997 258,2 033 441,2 079 072,2 102 907
TR422,Sakarya,467 167,477 879,490 935,496 488,505 645,516 000,522 388,531 366,541 449,550 484,465 539,475 302,486 013,493 726,505 055,513 650,520 261,529 510,538 631,547 631,932 706,953 181,976 948,990 214,1 010 700,1 029 650,1 042 649,1 060 876,1 080 080,1 098 115
TR423,Düzce,178 342,181 197,185 775,188 855,194 051,196 494,198 032,200 612,202 950,204 734,177 207,179 191,184 596,188 755,193 793,195 672,197 647,200 364,202 181,205 131,355 549,360 388,370 371,377 610,387 844,392 166,395 679,400 976,405 131,409 865
TR424,Bolu,140 405,144 501,148 481,150 383,154 711,156 777,156 340,158 580,158 704,161 319,144 384,146 594,151 415,152 801,157 099,159 349,158 462,161 434,162 120,163 470,284 789,291 095,299 896,303 184,311 810,316 126,314 802,320 014,320 824,324 789
TR425,Yalova,113 053,116 150,120 605,125 569,131 403,135 909,138 860,145 740,147 904,152 100,113 461,116 859,121 060,125 634,130 831,135 067,137 190,145 261,148 429,152 680,226 514,233 009,241 665,251 203,262 234,270 976,276 050,291 001,296 333,304 780
TR5,Batı Anadolu,3 729 054,3 798 715,3 849 215,3 907 580,3 949 333,4 029 466,4 052 556,4 104 883,4 127 965,4 144 316,3 770 188,3 844 600,3 904 216,3 964 267,4 012 174,4 095 263,4 115 705,4 178 297,4 211 505,4 243 367,7 499 242,7 643 315,7 753 431,7 871 847,7 961 507,8 124 729,8 168 261,8 283 180,8 339 470,8 387 683
TR51,Ankara,2 562 805,2 621 235,2 653 431,2 702 492,2 728 900,2 793 850,2 805 877,2 843 409,2 856 479,2 860 361,2 587 267,2 649 340,2 693 087,2 742 534,2 775 085,2 845 226,2 857 445,2 903 916,2 925 806,2 943 121,5 150 072,5 270 575,5 346 518,5 445 026,5 503 985,5 639 076,5 663 322,5 747 325,5 782 285,5 803 482
TR510,Ankara,2 562 805,2 621 235,2 653 431,2 702 492,2 728 900,2 793 850,2 805 877,2 843 409,2 856 479,2 860 361,2 587 267,2 649 340,2 693 087,2 742 534,2 775 085,2 845 226,2 857 445,2 903 916,2 925 806,2 943 121,5 150 072,5 270 575,5 346 518,5 445 026,5 503 985,5 639 076,5 663 322,5 747 325,5 782 285,5 803 482
TR52,"Konya, Karaman",1 166 249,1 177 480,1 195 784,1 205 088,1 220 433,1 235 616,1 246 679,1 261 474,1 271 486,1 283 955,1 182 921,1 195 260,1 211 129,1 221 733,1 237 089,1 250 037,1 258 260,1 274 381,1 285 699,1 300 246,2 349 170,2 372 740,2 406 913,2 426 821,2 457 522,2 485 653,2 504 939,2 535 855,2 557 185,2 584 201
TR521,Konya,1 046 182,1 056 540,1 073 631,1 081 718,1 094 441,1 108 968,1 118 850,1 131 923,1 141 206,1 152 384,1 062 626,1 074 004,1 087 672,1 098 431,1 111 168,1 123 406,1 131 170,1 145 094,1 155 141,1 167 857,2 108 808,2 130 544,2 161 303,2 180 149,2 205 609,2 232 374,2 250 020,2 277 017,2 296 347,2 320 241
TR522,Karaman,120 067,120 940,122 153,123 370,125 992,126 648,127 829,129 551,130 280,131 571,120 295,121 256,123 457,123 302,125 921,126 631,127 090,129 287,130 558,132 389,240 362,242 196,245 610,246 672,251 913,253 279,254 919,258 838,260 838,263 960
TR6,Akdeniz,4 975 055,5 040 122,5 115 588,5 177 338,5 249 107,5 336 346,5 398 319,5 461 900,5 531 278,5 453 543,4 931 716,4 999 817,5 067 188,5 126 646,5 212 302,5 291 184,5 360 899,5 426 866,5 489 272,5 397 546,9 906 771,10 039 939,10 182 776,10 303 984,10 461 409,10 627 530,10 759 218,10 888 766,11 020 550,10 851 089
TR61,"Antalya, Isparta, Burdur",1 458 992,1 494 277,1 517 738,1 544 225,1 577 007,1 622 864,1 634 593,1 672 826,1 708 125,1 718 154,1 439 248,1 474 284,1 499 542,1 518 780,1 560 687,1 604 546,1 621 111,1 666 400,1 699 003,1 705 324,2 898 240,2 968 561,3 017 280,3 063 005,3 137 694,3 227 410,3 255 704,3 339 226,3 407 128,3 423 478
TR611,Antalya,1 122 997,1 156 076,1 174 936,1 192 582,1 222 086,1 265 171,1 281 943,1 314 755,1 351 702,1 357 198,1 099 565,1 132 380,1 153 619,1 171 814,1 204 270,1 246 529,1 266 365,1 305 077,1 336 302,1 339 051,2 222 562,2 288 456,2 328 555,2 364 396,2 426 356,2 511 700,2 548 308,2 619 832,2 688 004,2 696 249
TR612,Isparta,208 837,210 152,212 720,218 617,219 681,221 316,218 526,220 699,219 840,222 515,209 943,211 614,214 604,215 213,221 731,223 598,221 778,224 979,225 485,227 262,418 780,421 766,427 324,433 830,441 412,444 914,440 304,445 678,445 325,449 777
TR613,Burdur,127 158,128 049,130 082,133 026,135 240,136 377,134 124,137 372,136 583,138 441,129 740,130 290,131 319,131 753,134 686,134 419,132 968,136 344,137 216,139 011,256 898,258 339,261 401,264 779,269 926,270 796,267 092,273 716,273 799,277 452
TR62,"Adana, Mersin",1 942 803,1 961 148,1 986 923,2 004 313,2 012 331,2 036 626,2 060 884,2 075 254,2 096 097,2 104 572,1 950 047,1 967 240,1 988 599,2 006 093,2 022 262,2 041 739,2 066 591,2 079 264,2 094 441,2 104 115,3 892 850,3 928 388,3 975 522,4 010 406,4 034 593,4 078 365,4 127 475,4 154 518,4 190 538,4 208 687
TR621,Adana,1 082 497,1 091 159,1 101 340,1 108 939,1 106 811,1 117 032,1 127 516,1 130 862,1 137 455,1 135 046,1 083 098,1 092 008,1 100 330,1 107 536,1 113 314,1 120 908,1 131 202,1 132 511,1 136 651,1 135 252,2 165 595,2 183 167,2 201 670,2 216 475,2 220 125,2 237 940,2 258 718,2 263 373,2 274 106,2 270 298
TR622,Mersin,860 306,869 989,885 583,895 374,905 520,919 594,933 368,944 392,958 642,969 526,866 949,875 232,888 269,898 557,908 948,920 831,935 389,946 753,957 790,968 863,1 727 255,1 745 221,1 773 852,1 793 931,1 814 468,1 840 425,1 868 757,1 891 145,1 916 432,1 938 389
TR63,"Hatay, Kahramanmaraş, Osmaniye",1 573 260,1 584 697,1 610 927,1 628 800,1 659 769,1 676 856,1 702 842,1 713 820,1 727 056,1 630 817,1 542 421,1 558 293,1 579 047,1 601 773,1 629 353,1 644 899,1 673 197,1 681 202,1 695 828,1 588 107,3 115 681,3 142 990,3 189 974,3 230 573,3 289 122,3 321 755,3 376 039,3 395 022,3 422 884,3 218 924
TR631,Hatay,763 832,769 131,780 854,790 209,809 484,817 998,833 146,840 197,847 128,782 303,756 004,764 376,774 311,785 017,800 372,810 896,826 174,830 515,838 915,762 337,1 519 836,1 533 507,1 555 165,1 575 226,1 609 856,1 628 894,1 659 320,1 670 712,1 686 043,1 544 640
TR632,Kahramanmaraş,553 493,556 607,565 816,572 111,580 410,586 616,592 920,594 776,598 004,568 064,535 545,540 003,546 818,555 512,564 441,567 486,575 243,576 522,579 432,548 554,1 089 038,1 096 610,1 112 634,1 127 623,1 144 851,1 154 102,1 168 163,1 171 298,1 177 436,1 116 618
TR633,Osmaniye,255 935,258 959,264 257,266 480,269 875,272 242,276 776,278 847,281 924,280 450,250 872,253 914,257 918,261 244,264 540,266 517,271 780,274 165,277 481,277 216,506 807,512 873,522 175,527 724,534 415,538 759,548 556,553 012,559 405,557 666
TR7,Orta Anadolu,1 941 453,1 944 061,1 972 764,1 986 773,2 031 091,2 037 332,2 043 802,2 053 862,2 061 928,2 086 827,1 944 798,1 950 280,1 975 476,1 990 674,2 033 866,2 038 426,2 044 426,2 054 825,2 063 011,2 094 457,3 886 251,3 894 341,3 948 240,3 977 447,4 064 957,4 075 758,4 088 228,4 108 687,4 124 939,4 181 284
TR71,"Kırıkkale, Aksaray, Niğde, Nevşehir, Kırşehir",752 188,754 418,771 531,777 217,798 922,802 036,803 064,807 201,812 287,829 082,756 011,760 810,775 464,783 557,804 766,806 157,808 725,812 508,817 763,835 419,1 508 199,1 515 228,1 546 995,1 560 774,1 603 688,1 608 193,1 611 789,1 619 709,1 630 050,1 664 501
TR711,Kırıkkale,135 797,135 024,140 085,139 602,143 305,141 865,139 281,137 654,138 638,142 651,135 295,135 247,137 899,139 147,143 297,141 152,139 422,138 314,138 408,143 093,271 092,270 271,277 984,278 749,286 602,283 017,278 703,275 968,277 046,285 744
TR712,Aksaray,191 091,192 688,197 362,200 233,204 792,207 390,211 232,214 841,216 983,219 006,193 161,193 826,199 311,202 171,207 380,208 977,211 779,214 228,216 072,219 498,384 252,386 514,396 673,402 404,412 172,416 367,423 011,429 069,433 055,438 504
TR713,Niğde,171 934,172 643,175 571,176 194,183 109,182 177,181 692,182 216,182 822,188 774,171 964,173 471,175 897,176 533,181 598,180 684,180 379,181 509,182 597,188 306,343 898,346 114,351 468,352 727,364 707,362 861,362 071,363 725,365 419,377 080
TR714,Nevşehir,142 418,141 942,143 698,144 219,147 438,150 047,151 134,152 189,152 912,155 897,143 832,144 825,147 197,148 146,150 901,152 963,153 828,155 814,157 099,160 097,286 250,286 767,290 895,292 365,298 339,303 010,304 962,308 003,310 011,315 994
TR715,Kırşehir,110 948,112 121,114 815,116 969,120 278,120 557,119 725,120 301,120 932,122 754,111 759,113 441,115 160,117 560,121 590,122 381,123 317,122 643,123 587,124 425,222 707,225 562,229 975,234 529,241 868,242 938,243 042,242 944,244 519,247 179
TR72,"Kayseri, Sivas, Yozgat",1 189 265,1 189 643,1 201 233,1 209 556,1 232 169,1 235 296,1 240 738,1 246 661,1 249 641,1 257 745,1 188 787,1 189 470,1 200 012,1 207 117,1 229 100,1 232 269,1 235 701,1 242 317,1 245 248,1 259 038,2 378 052,2 379 113,2 401 245,2 416 673,2 461 269,2 467 565,2 476 439,2 488 978,2 494 889,2 516 783
TR721,Kayseri,663 249,672 828,681 269,689 595,696 658,705 545,712 710,719 061,721 809,722 569,659 127,668 228,677 711,687 127,693 022,701 864,708 745,715 296,719 714,723 114,1 322 376,1 341 056,1 358 980,1 376 722,1 389 680,1 407 409,1 421 455,1 434 357,1 441 523,1 445 683
TR722,Sivas,309 864,307 439,309 364,311 120,323 575,319 624,318 771,318 954,318 018,325 125,313 252,311 178,311 860,310 181,323 033,319 332,317 118,317 167,316 906,325 276,623 116,618 617,621 224,621 301,646 608,638 956,635 889,636 121,634 924,650 401
TR723,Yozgat,216 152,209 376,210 600,208 841,211 936,210 127,209 257,208 646,209 814,210 051,216 408,210 064,210 441,209 809,213 045,211 073,209 838,209 854,208 628,210 648,432 560,419 440,421 041,418 650,424 981,421 200,419 095,418 500,418 442,420 699
TR8,Batı Karadeniz,2 228 143,2 229 926,2 257 214,2 269 082,2 334 712,2 322 642,2 303 612,2 316 000,2 317 248,2 347 765,2 265 416,2 272 599,2 294 152,2 305 100,2 353 820,2 343 508,2 335 010,2 350 651,2 348 690,2 382 774,4 493 559,4 502 525,4 551 366,4 574 182,4 688 532,4 666 150,4 638 622,4 666 651,4 665 938,4 730 539
TR81,"Zonguldak, Karabük, Bartın",506 534,508 149,512 270,513 253,520 812,518 031,513 394,516 306,519 039,525 458,513 000,515 444,519 990,521 669,525 899,524 729,520 403,524 376,524 880,528 514,1 019 534,1 023 593,1 032 260,1 034 922,1 046 711,1 042 760,1 033 797,1 040 682,1 043 919,1 053 972
TR811,Zonguldak,295 878,294 679,295 033,294 494,297 303,295 832,293 068,291 822,291 854,294 001,302 918,301 228,302 491,302 398,302 395,300 221,298 136,297 862,296 656,297 491,598 796,595 907,597 524,596 892,599 698,596 053,591 204,589 684,588 510,591 492
TR812,Karabük,117 450,119 332,122 106,122 999,124 596,124 291,121 875,124 524,126 216,128 370,113 883,117 646,120 241,121 454,123 418,124 167,121 739,124 763,125 842,126 872,231 333,236 978,242 347,244 453,248 014,248 458,243 614,249 287,252 058,255 242
TR813,Bartın,93 206,94 138,95 131,95 760,98 913,97 908,98 451,99 960,100 969,103 087,96 199,96 570,97 258,97 817,100 086,100 341,100 528,101 751,102 382,104 151,189 405,190 708,192 389,193 577,198 999,198 249,198 979,201 711,203 351,207 238
TR82,"Kastamonu, Çankırı, Sinop",376 668,376 064,381 822,380 787,410 239,396 857,392 018,393 866,395 416,409 268,380 315,381 647,384 481,385 087,409 229,396 580,393 247,396 649,399 264,414 939,756 983,757 711,766 303,765 874,819 468,793 437,785 265,790 515,794 680,824 207
TR821,Kastamonu,183 564,184 585,188 039,184 289,191 431,189 247,187 264,186 116,186 902,192 048,185 343,188 048,188 906,188 084,191 942,190 158,189 113,189 476,191 213,196 942,368 907,372 633,376 945,372 373,383 373,379 405,376 377,375 592,378 115,388 990
TR822,Çankırı,91 800,90 340,91 874,93 427,109 512,98 683,97 065,99 278,98 614,103 037,91 750,90 605,92 006,92 647,106 850,97 106,95 363,97 237,97 152,102 464,183 550,180 945,183 880,186 074,216 362,195 789,192 428,196 515,195 766,205 501
TR823,Sinop,101 304,101 139,101 909,103 071,109 296,108 927,107 689,108 472,109 900,114 183,103 222,102 994,103 569,104 356,110 437,109 316,108 771,109 936,110 899,115 533,204 526,204 133,205 478,207 427,219 733,218 243,216 460,218 408,220 799,229 716
TR83,"Samsun, Tokat, Çorum, Amasya",1 344 941,1 345 713,1 363 122,1 375 042,1 403 661,1 407 754,1 398 200,1 405 828,1 402 793,1 413 039,1 372 101,1 375 508,1 389 681,1 398 344,1 418 692,1 422 199,1 421 360,1 429 626,1 424 546,1 439 321,2 717 042,2 721 221,2 752 803,2 773 386,2 822 353,2 829 953,2 819 560,2 835 454,2 827 339,2 852 360
TR831,Samsun,627 296,632 014,640 699,649 524,662 086,669 055,670 675,678 072,676 798,681 565,642 693,647 870,655 228,663 466,673 630,679 487,685 404,693 202,691 690,695 981,1 269 989,1 279 884,1 295 927,1 312 990,1 335 716,1 348 542,1 356 079,1 371 274,1 368 488,1 377 546
TR832,Tokat,296 867,294 381,299 262,299 519,305 977,304 938,297 311,299 357,296 442,301 234,301 053,299 609,303 400,302 567,306 669,307 809,300 550,303 210,300 012,305 700,597 920,593 990,602 662,602 086,612 646,612 747,597 861,602 567,596 454,606 934
TR833,Çorum,261 187,259 993,261 606,261 605,265 678,263 354,262 590,261 366,260 355,261 950,266 033,265 187,266 257,266 817,270 805,267 510,267 536,264 916,263 775,266 401,527 220,525 180,527 863,528 422,536 483,530 864,530 126,526 282,524 130,528 351
TR834,Amasya,159 591,159 325,161 555,164 394,169 920,170 407,167 624,167 033,169 198,168 290,162 322,162 842,164 796,165 494,167 588,167 393,167 870,168 298,169 069,171 239,321 913,322 167,326 351,329 888,337 508,337 800,335 494,335 331,338 267,339 529
TR9,Doğu Karadeniz,1 275 166,1 279 739,1 318 554,1 311 624,1 356 304,1 341 820,1 335 928,1 343 990,1 341 851,1 362 540,1 291 674,1 293 111,1 327 030,1 321 793,1 362 809,1 348 360,1 341 656,1 349 044,1 348 187,1 370 725,2 566 840,2 572 850,2 645 584,2 633 417,2 719 113,2 690 180,2 677 584,2 693 034,2 690 038,2 733 265
TR90,"Trabzon, Ordu, Giresun, Rize, Artvin, Gümüşhane",1 275 166,1 279 739,1 318 554,1 311 624,1 356 304,1 341 820,1 335 928,1 343 990,1 341 851,1 362 540,1 291 674,1 293 111,1 327 030,1 321 793,1 362 809,1 348 360,1 341 656,1 349 044,1 348 187,1 370 725,2 566 840,2 572 850,2 645 584,2 633 417,2 719 113,2 690 180,2 677 584,2 693 034,2 690 038,2 733 265
TR901,Trabzon,378 509,379 708,385 009,388 713,399 377,400 723,402 224,405 047,406 061,409 040,388 273,388 709,394 370,397 613,408 526,408 251,409 677,411 637,411 962,415 312,766 782,768 417,779 379,786 326,807 903,808 974,811 901,816 684,818 023,824 352
TR902,Ordu,361 627,364 236,376 243,371 061,386 547,376 933,380 031,379 700,380 997,386 605,362 641,364 713,374 345,371 280,385 385,377 265,381 369,381 172,382 193,389 195,724 268,728 949,750 588,742 341,771 932,754 198,761 400,760 872,763 190,775 800
TR903,Giresun,212 489,210 967,220 414,217 251,226 067,223 422,223 738,224 380,225 175,230 728,217 495,215 719,224 053,220 142,227 845,224 978,224 983,225 774,225 687,230 984,429 984,426 686,444 467,437 393,453 912,448 400,448 721,450 154,450 862,461 712
TR904,Rize,163 003,163 379,164 727,164 978,174 130,171 571,172 469,173 430,172 187,175 231,166 776,165 600,166 321,166 063,174 478,171 641,171 890,172 232,171 829,175 275,329 779,328 979,331 048,331 041,348 608,343 212,344 359,345 662,344 016,350 506
TR905,Artvin,85 365,84 679,84 597,83 524,87 715,85 975,85 523,85 952,84 946,86 355,84 309,83 691,83 471,82 619,86 295,84 900,83 978,83 591,84 457,86 001,169 674,168 370,168 068,166 143,174 010,170 875,169 501,169 543,169 403,172 356
TR906,Gümüşhane,74 173,76 770,87 564,86 097,82 468,83 196,71 943,75 481,72 485,74 581,72 180,74 679,84 470,84 076,80 280,81 325,69 759,74 638,72 059,73 958,146 353,151 449,172 034,170 173,162 748,164 521,141 702,150 119,144 544,148 539
TRA,Kuzeydoğu Anadolu,1 128 451,1 121 779,1 123 240,1 116 843,1 129 357,1 120 474,1 116 808,1 111 429,1 095 378,1 108 027,1 077 875,1 073 580,1 078 128,1 071 371,1 081 697,1 079 548,1 075 645,1 071 669,1 059 370,1 063 542,2 206 326,2 195 359,2 201 368,2 188 214,2 211 054,2 200 022,2 192 453,2 183 098,2 154 748,2 171 569
TRA1,"Erzurum, Erzincan, Bayburt",538 479,535 256,541 395,538 798,545 160,542 805,539 988,541 030,537 312,540 469,529 081,528 533,536 812,533 606,540 996,538 847,534 632,538 256,535 906,538 970,1 067 560,1 063 789,1 078 207,1 072 404,1 086 156,1 081 652,1 074 620,1 079 286,1 073 218,1 079 439
TRA11,Erzurum,384 356,382 163,381 138,379 227,383 435,379 893,378 661,377 261,373 375,372 622,378 964,380 158,380 883,381 249,384 413,382 169,379 618,379 632,376 379,377 371,763 320,762 321,762 021,760 476,767 848,762 062,758 279,756 893,749 754,749 993
TRA12,Erzincan,112 845,113 158,114 075,118 591,120 348,119 906,119 325,120 367,121 086,124 244,110 788,109 760,111 957,112 920,115 686,114 841,115 106,116 984,118 137,119 155,223 633,222 918,226 032,231 511,236 034,234 747,234 431,237 351,239 223,243 399
TRA13,Bayburt,41 278,39 935,46 182,40 980,41 377,43 006,42 002,43 402,42 851,43 603,39 329,38 615,43 972,39 437,40 897,41 837,39 908,41 640,41 390,42 444,80 607,78 550,90 154,80 417,82 274,84 843,81 910,85 042,84 241,86 047
TRA2,"Ağrı, Kars, Iğdır, Ardahan",589 972,586 523,581 845,578 045,584 197,577 669,576 820,570 399,558 066,567 558,548 794,545 047,541 316,537 765,540 701,540 701,541 013,533 413,523 464,524 572,1 138 766,1 131 570,1 123 161,1 115 810,1 124 898,1 118 370,1 117 833,1 103 812,1 081 530,1 092 130
TRA21,Ağrı,285 449,284 243,281 389,277 979,280 923,277 887,276 800,271 889,264 465,265 585,263 986,262 967,260 866,258 306,258 734,258 312,258 635,252 755,246 161,245 653,549 435,547 210,542 255,536 285,539 657,536 199,535 435,524 644,510 626,511 238
TRA22,Kars,153 676,152 040,150 515,149 481,149 510,146 668,147 150,144 396,140 724,144 024,142 790,140 620,139 271,138 173,139 368,138 742,137 773,136 681,134 105,134 311,296 466,292 660,289 786,287 654,288 878,285 410,284 923,281 077,274 829,278 335
TRA23,Iğdır,98 908,99 099,99 057,100 268,102 171,102 417,103 059,104 946,104 931,109 710,93 148,93 336,93 728,94 507,95 285,97 025,98 255,98 213,98 663,100 028,192 056,192 435,192 785,194 775,197 456,199 442,201 314,203 159,203 594,209 738
TRA24,Ardahan,51 939,51 141,50 884,50 317,51 593,50 697,49 811,49 168,47 946,48 239,48 870,48 124,47 451,46 779,47 314,46 622,46 350,45 764,44 535,44 580,100 809,99 265,98 335,97 096,98 907,97 319,96 161,94 932,92 481,92 819
TRB,Ortadoğu Anadolu,1 936 516,1 952 432,1 948 667,1 961 997,2 008 129,1 997 108,2 006 006,1 999 205,1 990 109,1 982 195,1 865 395,1 872 385,1 878 909,1 892 872,1 921 590,1 933 299,1 945 288,1 941 070,1 938 162,1 914 776,3 801 911,3 824 817,3 827 576,3 854 869,3 929 719,3 930 407,3 951 294,3 940 275,3 928 271,3 896 971
TRB1,"Malatya, Elazığ, Bingöl, Tunceli",849 018,855 681,860 311,867 524,886 160,879 564,880 556,882 459,884 846,863 657,841 825,844 787,851 536,858 675,875 917,876 171,878 771,881 078,886 153,858 451,1 690 843,1 700 468,1 711 847,1 726 199,1 762 077,1 755 735,1 759 327,1 763 537,1 770 999,1 722 108
TRB11,Malatya,383 933,385 440,389 572,391 869,396 877,398 249,401 610,403 607,405 398,373 688,385 611,387 464,391 733,394 807,400 159,401 916,404 546,405 085,407 182,369 037,769 544,772 904,781 305,786 676,797 036,800 165,806 156,808 692,812 580,742 725
TRB12,Elazığ,281 583,285 511,287 991,290 692,296 641,293 415,291 461,291 380,292 396,298 845,287 170,288 793,290 798,292 979,298 997,297 683,296 499,296 708,299 101,305 566,568 753,574 304,578 789,583 671,595 638,591 098,587 960,588 088,591 497,604 411
TRB13,Bingöl,135 529,136 601,137 588,139 182,143 524,141 818,142 670,143 049,142 511,144 014,130 490,130 583,131 972,134 172,137 681,137 994,139 098,140 063,140 045,141 641,266 019,267 184,269 560,273 354,281 205,279 812,281 768,283 112,282 556,285 655
TRB14,Tunceli,47 973,48 129,45 160,45 781,49 118,46 082,44 815,44 423,44 541,47 110,38 554,37 947,37 033,36 717,39 080,38 578,38 628,39 222,39 825,42 207,86 527,86 076,82 193,82 498,88 198,84 660,83 443,83 645,84 366,89 317
TRB2,"Van, Muş, Bitlis, Hakkari",1 087 498,1 096 751,1 088 356,1 094 473,1 121 969,1 117 544,1 125 450,1 116 746,1 105 263,1 118 538,1 023 570,1 027 598,1 027 373,1 034 197,1 045 673,1 057 128,1 066 517,1 059 992,1 052 009,1 056 325,2 111 068,2 124 349,2 115 729,2 128 670,2 167 642,2 174 672,2 191 967,2 176 738,2 157 272,2 174 863
TRB21,Van,554 791,560 480,561 592,563 824,574 461,578 044,585 854,581 945,575 453,574 993,530 751,535 917,538 598,543 067,549 323,558 713,563 488,559 070,553 296,552 619,1 085 542,1 096 397,1 100 190,1 106 891,1 123 784,1 136 757,1 149 342,1 141 015,1 128 749,1 127 612
TRB22,Muş,209 668,208 329,207 190,205 658,208 431,208 534,209 647,206 375,203 315,203 272,201 548,200 399,199 311,198 886,199 561,200 275,201 470,198 853,195 887,196 607,411 216,408 728,406 501,404 544,407 992,408 809,411 117,405 228,399 202,399 879
TRB23,Bitlis,174 501,176 929,177 088,176 501,181 970,179 823,180 982,181 813,182 927,186 038,163 522,163 520,164 137,164 973,167 426,168 292,170 012,170 464,171 061,173 709,338 023,340 449,341 225,341 474,349 396,348 115,350 994,352 277,353 988,359 747
TRB24,Hakkari,148 538,151 013,142 486,148 490,157 107,151 143,148 967,146 613,143 568,154 235,127 749,127 762,125 327,127 271,129 363,129 848,131 547,131 605,131 765,133 390,276 287,278 775,267 813,275 761,286 470,280 991,280 514,278 218,275 333,287 625
TRC,Güneydoğu Anadolu,4 163 380,4 236 450,4 302 170,4 378 660,4 480 929,4 539 708,4 607 487,4 651 482,4 703 127,4 766 215,4 087 338,4 149 090,4 206 717,4 286 505,4 367 051,4 435 910,4 511 434,4 558 962,4 602 783,4 644 409,8 250 718,8 385 540,8 508 887,8 665 165,8 847 980,8 975 618,9 118 921,9 210 444,9 305 910,9 410 624
TRC1,"Gaziantep, Adıyaman, Kilis",1 318 248,1 344 696,1 372 412,1 391 895,1 411 555,1 433 431,1 452 227,1 467 831,1 482 444,1 476 807,1 297 834,1 320 569,1 343 141,1 365 015,1 384 062,1 404 888,1 424 181,1 440 575,1 454 695,1 447 484,2 616 082,2 665 265,2 715 553,2 756 910,2 795 617,2 838 319,2 876 408,2 908 406,2 937 139,2 924 291
TRC11,Gaziantep,953 760,976 126,998 926,1 012 992,1 023 716,1 044 799,1 060 820,1 075 409,1 087 763,1 091 830,935 706,955 710,975 318,992 523,1 004 847,1 024 565,1 040 337,1 055 023,1 066 288,1 072 304,1 889 466,1 931 836,1 974 244,2 005 515,2 028 563,2 069 364,2 101 157,2 130 432,2 154 051,2 164 134
TRC12,Adıyaman,299 846,303 163,307 662,309 551,314 998,316 112,318 755,318 619,320 177,306 779,297 989,299 611,302 822,305 525,309 515,310 353,313 704,313 529,314 992,298 199,597 835,602 774,610 484,615 076,624 513,626 465,632 459,632 148,635 169,604 978
TRC13,Kilis,64 642,65 407,65 824,69 352,72 841,72 520,72 652,73 803,74 504,78 198,64 139,65 248,65 001,66 967,69 700,69 970,70 140,72 023,73 415,76 981,128 781,130 655,130 825,136 319,142 541,142 490,142 792,145 826,147 919,155 179
TRC2,"Şanlıurfa, Diyarbakır",1 749 836,1 784 847,1 820 949,1 856 369,1 902 187,1 932 154,1 965 918,1 983 203,2 004 470,2 035 814,1 730 879,1 761 669,1 792 797,1 829 285,1 866 018,1 897 813,1 932 769,1 951 190,1 970 520,1 996 283,3 480 715,3 546 516,3 613 746,3 685 654,3 768 205,3 829 967,3 898 687,3 934 393,3 974 990,4 032 097
TRC21,Şanlıurfa,925 703,950 493,976 938,999 299,1 026 719,1 045 964,1 066 402,1 079 015,1 093 998,1 116 834,919 964,941 827,963 689,986 454,1 009 090,1 027 650,1 048 854,1 064 005,1 076 112,1 097 130,1 845 667,1 892 320,1 940 627,1 985 753,2 035 809,2 073 614,2 115 256,2 143 020,2 170 110,2 213 964
TRC22,Diyarbakır,824 133,834 354,844 011,857 070,875 468,886 190,899 516,904 188,910 472,918 980,810 915,819 842,829 108,842 831,856 928,870 163,883 915,887 185,894 408,899 153,1 635 048,1 654 196,1 673 119,1 699 901,1 732 396,1 756 353,1 783 431,1 791 373,1 804 880,1 818 133
TRC3,"Mardin, Batman, Şırnak, Siirt",1 095 296,1 106 907,1 108 809,1 130 396,1 167 187,1 174 123,1 189 342,1 200 448,1 216 213,1 253 594,1 058 625,1 066 852,1 070 779,1 092 205,1 116 971,1 133 209,1 154 484,1 167 197,1 177 568,1 200 642,2 153 921,2 173 759,2 179 588,2 222 601,2 284 158,2 307 332,2 343 826,2 367 645,2 393 781,2 454 236
TRC31,Mardin,395 968,400 478,400 475,406 320,417 000,420 923,428 780,432 288,436 361,446 320,393 028,396 113,395 762,403 399,412 195,417 855,425 936,430 469,434 013,442 554,788 996,796 591,796 237,809 719,829 195,838 778,854 716,862 757,870 374,888 874
TRC32,Batman,280 002,284 866,290 479,293 843,301 413,306 261,312 137,315 752,320 901,327 361,277 591,281 767,286 420,291 409,297 690,302 398,308 141,310 567,313 590,319 844,557 593,566 633,576 899,585 252,599 103,608 659,620 278,626 319,634 491,647 205
TRC33,Şırnak,255 228,256 529,251 392,263 831,277 585,277 728,279 486,283 527,291 045,299 177,233 738,233 655,232 396,239 405,246 605,251 887,258 276,263 062,266 560,271 568,488 966,490 184,483 788,503 236,524 190,529 615,537 762,546 589,557 605,570 745
TRC34,Siirt,164 098,165 034,166 463,166 402,171 189,169 211,168 939,168 881,167 906,180 736,154 268,155 317,156 201,157 992,160 481,161 069,162 131,163 099,163 405,166 676,318 366,320 351,322 664,324 394,331 670,330 280,331 070,331 980,331 311,347 412
