code,label,total,age,male,female
DE,Germany,3791359,LT5,1944270,1847089
DE1,Baden-Württemberg,542346,LT5,277473,264873
DE11,Stuttgart,204356,LT5,104565,99791
DE111,"Stuttgart, Stadtkreis",27671,LT5,14206,13465
DE112,Böblingen,20470,LT5,10482,9988
DE113,Esslingen,25945,LT5,13223,12722
DE114,Göppingen,12544,LT5,6353,6191
DE115,Ludwigsburg,27172,LT5,13981,13191
DE116,Rems-Murr-Kreis,21277,LT5,10767,10510
DE117,"Heilbronn, Stadtkreis",6526,LT5,3342,3184
DE118,"Heilbronn, Landkreis",18593,LT5,9595,8998
DE119,Hohenlohekreis,5859,LT5,2990,2869
DE11A,Schwäbisch Hall,10293,LT5,5161,5132
DE11B,Main-Tauber-Kreis,6156,LT5,3207,2949
DE11C,Heidenheim,6318,LT5,3216,3102
DE11D,Ostalbkreis,15532,LT5,8042,7490
DE12,Karlsruhe,130734,LT5,66872,63862
DE121,"Baden-Baden, Stadtkreis",2287,LT5,1152,1135
DE122,"Karlsruhe, Stadtkreis",12494,LT5,6507,5987
DE123,"Karlsruhe, Landkreis",21116,LT5,10833,10283
DE124,Rastatt,10650,LT5,5417,5233
DE125,"Heidelberg, Stadtkreis",6534,LT5,3292,3242
DE126,"Mannheim, Stadtkreis",14171,LT5,7191,6980
DE127,Neckar-Odenwald-Kreis,6712,LT5,3492,3220
DE128,Rhein-Neckar-Kreis,25575,LT5,13103,12472
DE129,"Pforzheim, Stadtkreis",7150,LT5,3695,3455
DE12A,Calw,8119,LT5,4095,4024
DE12B,Enzkreis,10121,LT5,5102,5019
DE12C,Freudenstadt,5805,LT5,2993,2812
DE13,Freiburg,113167,LT5,58088,55079
DE131,"Freiburg im Breisgau, Stadtkreis",11093,LT5,5769,5324
DE132,Breisgau-Hochschwarzwald,13316,LT5,6829,6487
DE133,Emmendingen,8451,LT5,4312,4139
DE134,Ortenaukreis,21525,LT5,11026,10499
DE135,Rottweil,7353,LT5,3852,3501
DE136,Schwarzwald-Baar-Kreis,10696,LT5,5395,5301
DE137,Tuttlingen,7829,LT5,4084,3745
DE138,Konstanz,13374,LT5,6938,6436
DE139,Lörrach,11347,LT5,5743,5604
DE13A,Waldshut,8183,LT5,4140,4043
DE14,Tübingen,94089,LT5,47948,46141
DE141,Reutlingen,14460,LT5,7425,7035
DE142,"Tübingen, Landkreis",11183,LT5,5660,5523
DE143,Zollernalbkreis,9309,LT5,4732,4577
DE144,"Ulm, Stadtkreis",5956,LT5,2987,2969
DE145,Alb-Donau-Kreis,10757,LT5,5509,5248
DE146,Biberach,10984,LT5,5546,5438
DE147,Bodenseekreis,10389,LT5,5354,5035
DE148,Ravensburg,14604,LT5,7420,7184
DE149,Sigmaringen,6447,LT5,3315,3132
DE2,Bayern,631033,LT5,323642,307391
DE21,Oberbayern,231705,LT5,119357,112348
DE211,"Ingolstadt, Kreisfreie Stadt",7350,LT5,3776,3574
DE212,"München, Kreisfreie Stadt",73550,LT5,37898,35652
DE213,"Rosenheim, Kreisfreie Stadt",3155,LT5,1603,1552
DE214,Altötting,5537,LT5,2926,2611
DE215,Berchtesgadener Land,4853,LT5,2480,2373
DE216,Bad Tölz-Wolfratshausen,6315,LT5,3288,3027
DE217,Dachau,7641,LT5,3947,3694
DE218,Ebersberg,7271,LT5,3768,3503
DE219,Eichstätt,7415,LT5,3785,3630
DE21A,Erding,7055,LT5,3558,3497
DE21B,Freising,9124,LT5,4768,4356
DE21C,Fürstenfeldbruck,10403,LT5,5408,4995
DE21D,Garmisch-Partenkirchen,3897,LT5,1993,1904
DE21E,Landsberg am Lech,5831,LT5,2983,2848
DE21F,Miesbach,4447,LT5,2319,2128
DE21G,Mühldorf a. Inn,6105,LT5,3060,3045
DE21H,"München, Landkreis",16078,LT5,8298,7780
DE21I,Neuburg-Schrobenhausen,5089,LT5,2589,2500
DE21J,Pfaffenhofen a. d. Ilm,6922,LT5,3533,3389
DE21K,"Rosenheim, Landkreis",12554,LT5,6501,6053
DE21L,Starnberg,5987,LT5,3065,2922
DE21M,Traunstein,8311,LT5,4316,3995
DE21N,Weilheim-Schongau,6815,LT5,3495,3320
DE22,Niederbayern,58890,LT5,30046,28844
DE221,"Landshut, Kreisfreie Stadt",3273,LT5,1661,1612
DE222,"Passau, Kreisfreie Stadt",2121,LT5,1058,1063
DE223,"Straubing, Kreisfreie Stadt",2003,LT5,1050,953
DE224,Deggendorf,5453,LT5,2834,2619
DE225,Freyung-Grafenau,3313,LT5,1711,1602
DE226,Kelheim,6354,LT5,3180,3174
DE227,"Landshut, Landkreis",8210,LT5,4163,4047
DE228,"Passau, Landkreis",8741,LT5,4474,4267
DE229,Regen,3476,LT5,1763,1713
DE22A,Rottal-Inn,5693,LT5,2936,2757
DE22B,Straubing-Bogen,5332,LT5,2729,2603
DE22C,Dingolfing-Landau,4921,LT5,2487,2434
DE23,Oberpfalz,52195,LT5,26546,25649
DE231,"Amberg, Kreisfreie Stadt",1739,LT5,859,880
DE232,"Regensburg, Kreisfreie Stadt",6421,LT5,3162,3259
DE233,"Weiden i. d. Opf, Kreisfreie Stadt",1728,LT5,868,860
DE234,Amberg-Sulzbach,4929,LT5,2527,2402
DE235,Cham,5856,LT5,2983,2873
DE236,Neumarkt i. d. OPf.,7060,LT5,3610,3450
DE237,Neustadt a. d. Waldnaab,4707,LT5,2416,2291
DE238,"Regensburg, Landkreis",9488,LT5,4908,4580
DE239,Schwandorf,7047,LT5,3626,3421
DE23A,Tirschenreuth,3220,LT5,1587,1633
DE24,Oberfranken,46035,LT5,23566,22469
DE241,"Bamberg, Kreisfreie Stadt",3397,LT5,1705,1692
DE242,"Bayreuth, Kreisfreie Stadt",2760,LT5,1398,1362
DE243,"Coburg, Kreisfreie Stadt",1709,LT5,860,849
DE244,"Hof, Kreisfreie Stadt",2071,LT5,1058,1013
DE245,"Bamberg, Landkreis",7211,LT5,3677,3534
DE246,"Bayreuth, Landkreis",4664,LT5,2382,2282
DE247,"Coburg, Landkreis",3784,LT5,2013,1771
DE248,Forchheim,5607,LT5,2846,2761
DE249,"Hof, Landkreis",3791,LT5,1924,1867
DE24A,Kronach,2383,LT5,1209,1174
DE24B,Kulmbach,2836,LT5,1436,1400
DE24C,Lichtenfels,2916,LT5,1517,1399
DE24D,Wunsiedel i. Fichtelgebirge,2906,LT5,1541,1365
DE25,Mittelfranken,84716,LT5,43535,41181
DE251,"Ansbach, Kreisfreie Stadt",2011,LT5,1033,978
DE252,"Erlangen, Kreisfreie Stadt",5264,LT5,2719,2545
DE253,"Fürth, Kreisfreie Stadt",6267,LT5,3226,3041
DE254,"Nürnberg, Kreisfreie Stadt",23952,LT5,12179,11773
DE255,"Schwabach, Kreisfreie Stadt",1906,LT5,1011,895
DE256,"Ansbach, Landkreis",9509,LT5,4888,4621
DE257,Erlangen-Höchstadt,6885,LT5,3591,3294
DE258,"Fürth, Landkreis",5490,LT5,2863,2627
DE259,Nürnberger Land,7835,LT5,4106,3729
DE25A,Neustadt a. d. Aisch-Bad Windsheim,4864,LT5,2447,2417
DE25B,Roth,6131,LT5,3101,3030
DE25C,Weißenburg-Gunzenhausen,4602,LT5,2371,2231
DE26,Unterfranken,61084,LT5,31279,29805
DE261,"Aschaffenburg, Kreisfreie Stadt",3308,LT5,1732,1576
DE262,"Schweinfurt, Kreisfreie Stadt",2454,LT5,1206,1248
DE263,"Würzburg, Kreisfreie Stadt",5268,LT5,2700,2568
DE264,"Aschaffenburg, Landkreis",8156,LT5,4140,4016
DE265,Bad Kissingen,4698,LT5,2408,2290
DE266,Rhön-Grabfeld,3681,LT5,1887,1794
DE267,Haßberge,3949,LT5,2009,1940
DE268,Kitzingen,4576,LT5,2384,2192
DE269,Miltenberg,5902,LT5,3000,2902
DE26A,Main-Spessart,5593,LT5,2830,2763
DE26B,"Schweinfurt, Landkreis",5571,LT5,2926,2645
DE26C,"Würzburg, Landkreis",7928,LT5,4057,3871
DE27,Schwaben,96408,LT5,49313,47095
DE271,"Augsburg, Kreisfreie Stadt",13775,LT5,7001,6774
DE272,"Kaufbeuren, Kreisfreie Stadt",2374,LT5,1218,1156
DE273,"Kempten (Allgäu), Kreisfreie Stadt",3125,LT5,1635,1490
DE274,"Memmingen, Kreisfreie Stadt",2317,LT5,1131,1186
DE275,Aichach-Friedberg,6867,LT5,3511,3356
DE276,"Augsburg, Landkreis",13287,LT5,6922,6365
DE277,Dillingen a.d. Donau,4980,LT5,2520,2460
DE278,Günzburg,6531,LT5,3350,3181
DE279,Neu-Ulm,9531,LT5,4884,4647
DE27A,Lindau (Bodensee),3886,LT5,1965,1921
DE27B,Ostallgäu,7404,LT5,3742,3662
DE27C,Unterallgäu,7811,LT5,3968,3843
DE27D,Donau-Ries,6834,LT5,3472,3362
DE27E,Oberallgäu,7686,LT5,3994,3692
DE3,Berlin,173699,LT5,88930,84769
DE30,Berlin,173699,LT5,88930,84769
DE300,Berlin,173699,LT5,88930,84769
DE4,Brandenburg,98243,LT5,50329,47914
DE40,Brandenburg,98243,LT5,50329,47914
DE401,"Brandenburg an der Havel, Kreisfreie Stadt",2801,LT5,1438,1363
DE402,"Cottbus, Kreisfreie Stadt",3729,LT5,1855,1874
DE403,"Frankfurt (Oder), Kreisfreie Stadt",1980,LT5,1000,980
DE404,"Potsdam, Kreisfreie Stadt",8407,LT5,4346,4061
DE405,Barnim,7649,LT5,3948,3701
DE406,Dahme-Spreewald,7569,LT5,3936,3633
DE407,Elbe-Elster,3490,LT5,1786,1704
DE408,Havelland,6822,LT5,3482,3340
DE409,Märkisch-Oderland,7390,LT5,3785,3605
DE40A,Oberhavel,8442,LT5,4305,4137
DE40B,Oberspreewald-Lausitz,3726,LT5,1865,1861
DE40C,Oder-Spree,6670,LT5,3415,3255
DE40D,Ostprignitz-Ruppin,3513,LT5,1833,1680
DE40E,Potsdam-Mittelmark,8212,LT5,4136,4076
DE40F,Prignitz,2646,LT5,1345,1301
DE40G,Spree-Neiße,3707,LT5,1891,1816
DE40H,Teltow-Fläming,7584,LT5,3904,3680
DE40I,Uckermark,3906,LT5,2059,1847
DE5,Bremen,34613,LT5,17829,16784
DE50,Bremen,34613,LT5,17829,16784
DE501,"Bremen, Kreisfreie Stadt",28597,LT5,14755,13842
DE502,"Bremerhaven, Kreisfreie Stadt",6016,LT5,3074,2942
DE6,Hamburg,91434,LT5,47073,44361
DE60,Hamburg,91434,LT5,47073,44361
DE600,Hamburg,91434,LT5,47073,44361
DE7,Hessen,289490,LT5,148273,141217
DE71,Darmstadt,189626,LT5,97051,92575
DE711,"Darmstadt, Kreisfreie Stadt",7411,LT5,3839,3572
DE712,"Frankfurt am Main, Kreisfreie Stadt",36674,LT5,18599,18075
DE713,"Offenbach am Main, Kreisfreie Stadt",7046,LT5,3602,3444
DE714,"Wiesbaden, Kreisfreie Stadt",13553,LT5,6886,6667
DE715,Bergstraße,12689,LT5,6602,6087
DE716,Darmstadt-Dieburg,13783,LT5,7050,6733
DE717,Groß-Gerau,13606,LT5,6998,6608
DE718,Hochtaunuskreis,10161,LT5,5214,4947
DE719,Main-Kinzig-Kreis,20210,LT5,10271,9939
DE71A,Main-Taunus-Kreis,11147,LT5,5759,5388
DE71B,Odenwaldkreis,4065,LT5,2127,1938
DE71C,"Offenbach, Landkreis",17194,LT5,8829,8365
DE71D,Rheingau-Taunus-Kreis,7734,LT5,3947,3787
DE71E,Wetteraukreis,14353,LT5,7328,7025
DE72,Gießen,46620,LT5,23921,22699
DE721,"Gießen, Landkreis",12387,LT5,6369,6018
DE722,Lahn-Dill-Kreis,11649,LT5,5964,5685
DE723,Limburg-Weilburg,7822,LT5,3920,3902
DE724,Marburg-Biedenkopf,10422,LT5,5419,5003
DE725,Vogelsbergkreis,4340,LT5,2249,2091
DE73,Kassel,53244,LT5,27301,25943
DE731,"Kassel, Kreisfreie Stadt",9262,LT5,4598,4664
DE732,Fulda,10393,LT5,5319,5074
DE733,Hersfeld-Rotenburg,5199,LT5,2663,2536
DE734,"Kassel, Landkreis",10090,LT5,5190,4900
DE735,Schwalm-Eder-Kreis,7689,LT5,4005,3684
DE736,Waldeck-Frankenberg,6626,LT5,3408,3218
DE737,Werra-Meißner-Kreis,3985,LT5,2118,1867
DE8,Mecklenburg-Vorpommern,57767,LT5,29720,28047
DE80,Mecklenburg-Vorpommern,57767,LT5,29720,28047
DE803,"Rostock, Kreisfreie Stadt",7666,LT5,3977,3689
DE804,"Schwerin, Kreisfreie Stadt",3804,LT5,1936,1868
DE80J,Mecklenburgische Seenplatte,8708,LT5,4469,4239
DE80K,Landkreis Rostock,8593,LT5,4413,4180
DE80L,Vorpommern-Rügen,7106,LT5,3604,3502
DE80M,Nordwestmecklenburg,6076,LT5,3105,2971
DE80N,Vorpommern-Greifswald,7740,LT5,3993,3747
DE80O,Ludwigslust-Parchim,8074,LT5,4223,3851
DE9,Niedersachsen,367312,LT5,188149,179163
DE91,Braunschweig,71243,LT5,36477,34766
DE911,"Braunschweig, Kreisfreie Stadt",10622,LT5,5386,5236
DE912,"Salzgitter, Kreisfreie Stadt",5397,LT5,2691,2706
DE913,"Wolfsburg, Kreisfreie Stadt",6349,LT5,3304,3045
DE914,Gifhorn,9093,LT5,4619,4474
DE916,Goslar,4670,LT5,2350,2320
DE917,Helmstedt,4111,LT5,2115,1996
DE918,Northeim,5193,LT5,2629,2564
DE91A,Peine,6898,LT5,3581,3317
DE91B,Wolfenbüttel,5300,LT5,2808,2492
DE91C,Göttingen,13610,LT5,6994,6616
DE92,Hannover,95121,LT5,48597,46524
DE922,Diepholz,10285,LT5,5187,5098
DE923,Hameln-Pyrmont,6667,LT5,3443,3224
DE925,Hildesheim,11624,LT5,5910,5714
DE926,Holzminden,2756,LT5,1380,1376
DE927,Nienburg (Weser),5456,LT5,2793,2663
DE928,Schaumburg,6731,LT5,3508,3223
DE929,Region Hannover,51602,LT5,26376,25226
DE93,Lüneburg,78506,LT5,40364,38142
DE931,Celle,8068,LT5,4083,3985
DE932,Cuxhaven,8635,LT5,4426,4209
DE933,Harburg,12041,LT5,6218,5823
DE934,Lüchow-Dannenberg,1773,LT5,902,871
DE935,"Lüneburg, Landkreis",8056,LT5,4167,3889
DE936,Osterholz,5191,LT5,2659,2532
DE937,Rotenburg (Wümme),7641,LT5,3902,3739
DE938,Heidekreis,6364,LT5,3204,3160
DE939,Stade,10029,LT5,5317,4712
DE93A,Uelzen,3907,LT5,1987,1920
DE93B,Verden,6801,LT5,3499,3302
DE94,Weser-Ems,122442,LT5,62711,59731
DE941,"Delmenhorst, Kreisfreie Stadt",3944,LT5,2023,1921
DE942,"Emden, Kreisfreie Stadt",2159,LT5,1100,1059
DE943,"Oldenburg (Oldenburg), Kreisfreie Stadt",7504,LT5,3856,3648
DE944,"Osnabrück, Kreisfreie Stadt",6996,LT5,3569,3427
DE945,"Wilhelmshaven, Kreisfreie Stadt",3197,LT5,1636,1561
DE946,Ammerland,5894,LT5,3015,2879
DE947,Aurich,7945,LT5,4029,3916
DE948,Cloppenburg,10166,LT5,5332,4834
DE949,Emsland,16865,LT5,8576,8289
DE94A,Friesland (DE),4146,LT5,2100,2046
DE94B,Grafschaft Bentheim,7250,LT5,3711,3539
DE94C,Leer,8117,LT5,4125,3992
DE94D,"Oldenburg, Landkreis",6171,LT5,3216,2955
DE94E,"Osnabrück, Landkreis",17827,LT5,9097,8730
DE94F,Vechta,7991,LT5,4021,3970
DE94G,Wesermarsch,4020,LT5,2097,1923
DE94H,Wittmund,2250,LT5,1208,1042
DEA,Nordrhein-Westfalen,835809,LT5,429342,406467
DEA1,Düsseldorf,240726,LT5,123708,117018
DEA11,"Düsseldorf, Kreisfreie Stadt",27219,LT5,14204,13015
DEA12,"Duisburg, Kreisfreie Stadt",25124,LT5,12966,12158
DEA13,"Essen, Kreisfreie Stadt",27535,LT5,14078,13457
DEA14,"Krefeld, Kreisfreie Stadt",10182,LT5,5245,4937
DEA15,"Mönchengladbach, Kreisfreie Stadt",12560,LT5,6444,6116
DEA16,"Mülheim an der Ruhr, Kreisfreie Stadt",7970,LT5,4071,3899
DEA17,"Oberhausen, Kreisfreie Stadt",9854,LT5,4960,4894
DEA18,"Remscheid, Kreisfreie Stadt",5232,LT5,2708,2524
DEA19,"Solingen, Kreisfreie Stadt",7713,LT5,3979,3734
DEA1A,"Wuppertal, Kreisfreie Stadt",17032,LT5,8811,8221
DEA1B,Kleve,14568,LT5,7518,7050
DEA1C,Mettmann,21759,LT5,11176,10583
DEA1D,Rhein-Kreis Neuss,20882,LT5,10732,10150
DEA1E,Viersen,12846,LT5,6476,6370
DEA1F,Wesel,20250,LT5,10340,9910
DEA2,Köln,203991,LT5,104755,99236
DEA22,"Bonn, Kreisfreie Stadt",14319,LT5,7402,6917
DEA23,"Köln, Kreisfreie Stadt",46177,LT5,23632,22545
DEA24,"Leverkusen, Kreisfreie Stadt",7760,LT5,3980,3780
DEA26,Düren,13566,LT5,6986,6580
DEA27,Rhein-Erft-Kreis,22539,LT5,11658,10881
DEA28,Euskirchen,9239,LT5,4794,4445
DEA29,Heinsberg,12143,LT5,6268,5875
DEA2A,Oberbergischer Kreis,13379,LT5,6810,6569
DEA2B,Rheinisch-Bergischer Kreis,12582,LT5,6421,6161
DEA2C,Rhein-Sieg-Kreis,27346,LT5,14020,13326
DEA2D,Städteregion Aachen,24941,LT5,12784,12157
DEA3,Münster,128414,LT5,65588,62826
DEA31,"Bottrop, Kreisfreie Stadt",5494,LT5,2790,2704
DEA32,"Gelsenkirchen, Kreisfreie Stadt",14563,LT5,7409,7154
DEA33,"Münster, Kreisfreie Stadt",13076,LT5,6728,6348
DEA34,Borken,19717,LT5,9986,9731
DEA35,Coesfeld,10994,LT5,5545,5449
DEA36,Recklinghausen,28768,LT5,14854,13914
DEA37,Steinfurt,22227,LT5,11323,10904
DEA38,Warendorf,13575,LT5,6953,6622
DEA4,Detmold,98839,LT5,50920,47919
DEA41,"Bielefeld, Kreisfreie Stadt",15870,LT5,8078,7792
DEA42,Gütersloh,17965,LT5,9316,8649
DEA43,Herford,11630,LT5,5906,5724
DEA44,Höxter,6172,LT5,3169,3003
DEA45,Lippe,16725,LT5,8588,8137
DEA46,Minden-Lübbecke,15181,LT5,7871,7310
DEA47,Paderborn,15296,LT5,7992,7304
DEA5,Arnsberg,163839,LT5,84371,79468
DEA51,"Bochum, Kreisfreie Stadt",15403,LT5,7907,7496
DEA52,"Dortmund, Kreisfreie Stadt",28662,LT5,14764,13898
DEA53,"Hagen, Kreisfreie Stadt",9693,LT5,4959,4734
DEA54,"Hamm, Kreisfreie Stadt",8372,LT5,4293,4079
DEA55,"Herne, Kreisfreie Stadt",7581,LT5,3923,3658
DEA56,Ennepe-Ruhr-Kreis,13877,LT5,7141,6736
DEA57,Hochsauerlandkreis,11494,LT5,5883,5611
DEA58,Märkischer Kreis,18670,LT5,9689,8981
DEA59,Olpe,6126,LT5,3080,3046
DEA5A,Siegen-Wittgenstein,12717,LT5,6599,6118
DEA5B,Soest,13497,LT5,6934,6563
DEA5C,Unna,17747,LT5,9199,8548
DEB,Rheinland-Pfalz,189135,LT5,96564,92571
DEB1,Koblenz,70143,LT5,36009,34134
DEB11,"Koblenz, Kreisfreie Stadt",4811,LT5,2478,2333
DEB12,Ahrweiler,5805,LT5,2945,2860
DEB13,Altenkirchen (Westerwald),6399,LT5,3220,3179
DEB14,Bad Kreuznach,7406,LT5,3823,3583
DEB15,Birkenfeld,3660,LT5,1860,1800
DEB17,Mayen-Koblenz,9983,LT5,5120,4863
DEB18,Neuwied,9263,LT5,4736,4527
DEB1A,Rhein-Lahn-Kreis,5568,LT5,2916,2652
DEB1B,Westerwaldkreis,9731,LT5,5050,4681
DEB1C,Cochem-Zell,2586,LT5,1351,1235
DEB1D,Rhein-Hunsrück-Kreis,4931,LT5,2510,2421
DEB2,Trier,23307,LT5,11863,11444
DEB21,"Trier, Kreisfreie Stadt",4281,LT5,2070,2211
DEB22,Bernkastel-Wittlich,5037,LT5,2594,2443
DEB23,Eifelkreis Bitburg-Prüm,4721,LT5,2454,2267
DEB24,Vulkaneifel,2549,LT5,1310,1239
DEB25,Trier-Saarburg,6719,LT5,3435,3284
DEB3,Rheinhessen-Pfalz,95685,LT5,48692,46993
DEB31,"Frankenthal (Pfalz), Kreisfreie Stadt",2286,LT5,1184,1102
DEB32,"Kaiserslautern, Kreisfreie Stadt",4284,LT5,2174,2110
DEB33,"Landau in der Pfalz, Kreisfreie Stadt",2156,LT5,1100,1056
DEB34,"Ludwigshafen am Rhein, Kreisfreie Stadt",9219,LT5,4604,4615
DEB35,"Mainz, Kreisfreie Stadt",9757,LT5,4794,4963
DEB36,"Neustadt an der Weinstraße, Kreisfreie Stadt",2380,LT5,1263,1117
DEB37,"Pirmasens, Kreisfreie Stadt",1744,LT5,884,860
DEB38,"Speyer, Kreisfreie Stadt",2139,LT5,1110,1029
DEB39,"Worms, Kreisfreie Stadt",4104,LT5,2153,1951
DEB3A,"Zweibrücken, Kreisfreie Stadt",1443,LT5,732,711
DEB3B,Alzey-Worms,6545,LT5,3343,3202
DEB3C,Bad Dürkheim,5892,LT5,2986,2906
DEB3D,Donnersbergkreis,3278,LT5,1648,1630
DEB3E,Germersheim,6389,LT5,3272,3117
DEB3F,"Kaiserslautern, Landkreis",5365,LT5,2749,2616
DEB3G,Kusel,3141,LT5,1619,1522
DEB3H,Südliche Weinstraße,4851,LT5,2505,2346
DEB3I,Rhein-Pfalz-Kreis,7496,LT5,3811,3685
DEB3J,Mainz-Bingen,9518,LT5,4876,4642
DEB3K,Südwestpfalz,3698,LT5,1885,1813
DEC,Saarland,42053,LT5,21570,20483
DEC0,Saarland,42053,LT5,21570,20483
DEC01,Regionalverband Saarbrücken,14396,LT5,7380,7016
DEC02,Merzig-Wadern,4356,LT5,2268,2088
DEC03,Neunkirchen,5555,LT5,2868,2687
DEC04,Saarlouis,8531,LT5,4351,4180
DEC05,Saarpfalz-Kreis,5740,LT5,2947,2793
DEC06,St. Wendel,3475,LT5,1756,1719
DED,Sachsen,157954,LT5,81051,76903
DED2,Dresden,61685,LT5,31625,30060
DED21,"Dresden, Kreisfreie Stadt",24213,LT5,12447,11766
DED2C,Bautzen,11224,LT5,5731,5493
DED2D,Görlitz,8594,LT5,4479,4115
DED2E,Meißen,8663,LT5,4381,4282
DED2F,Sächsische Schweiz-Osterzgebirge,8991,LT5,4587,4404
DED4,Chemnitz,51024,LT5,26093,24931
DED41,"Chemnitz, Kreisfreie Stadt",10097,LT5,5193,4904
DED42,Erzgebirgskreis,11318,LT5,5732,5586
DED43,Mittelsachsen,10946,LT5,5670,5276
DED44,Vogtlandkreis,7480,LT5,3830,3650
DED45,Zwickau,11183,LT5,5668,5515
DED5,Leipzig,45245,LT5,23333,21912
DED51,"Leipzig, Kreisfreie Stadt",27512,LT5,14186,13326
DED52,Leipzig,10010,LT5,5184,4826
DED53,Nordsachsen,7723,LT5,3963,3760
DEE,Sachsen-Anhalt,78034,LT5,40341,37693
DEE0,Sachsen-Anhalt,78034,LT5,40341,37693
DEE01,"Dessau-Roßlau, Kreisfreie Stadt",2684,LT5,1376,1308
DEE02,"Halle (Saale), Kreisfreie Stadt",9454,LT5,4932,4522
DEE03,"Magdeburg, Kreisfreie Stadt",9769,LT5,5114,4655
DEE04,Altmarkkreis Salzwedel,2958,LT5,1548,1410
DEE05,Anhalt-Bitterfeld,5261,LT5,2702,2559
DEE06,Jerichower Land,3168,LT5,1620,1548
DEE07,Börde,6322,LT5,3325,2997
DEE08,Burgenlandkreis,6207,LT5,3166,3041
DEE09,Harz,6776,LT5,3518,3258
DEE0A,Mansfeld-Südharz,4152,LT5,2190,1962
DEE0B,Saalekreis,6875,LT5,3454,3421
DEE0C,Salzlandkreis,6253,LT5,3203,3050
DEE0D,Stendal,3884,LT5,1991,1893
DEE0E,Wittenberg,4271,LT5,2202,2069
DEF,Schleswig-Holstein,125509,LT5,64482,61027
DEF0,Schleswig-Holstein,125509,LT5,64482,61027
DEF01,"Flensburg, Kreisfreie Stadt",4181,LT5,2185,1996
DEF02,"Kiel, Kreisfreie Stadt",10616,LT5,5361,5255
DEF03,"Lübeck, Kreisfreie Stadt",8506,LT5,4489,4017
DEF04,"Neumünster, Kreisfreie Stadt",3444,LT5,1771,1673
DEF05,Dithmarschen,5447,LT5,2796,2651
DEF06,Herzogtum Lauenburg,9336,LT5,4824,4512
DEF07,Nordfriesland,7033,LT5,3593,3440
DEF08,Ostholstein,7149,LT5,3560,3589
DEF09,Pinneberg,14260,LT5,7339,6921
DEF0A,Plön,5301,LT5,2699,2602
DEF0B,Rendsburg-Eckernförde,11870,LT5,6174,5696
DEF0C,Schleswig-Flensburg,9248,LT5,4760,4488
DEF0D,Segeberg,12733,LT5,6535,6198
DEF0E,Steinburg,5626,LT5,2877,2749
DEF0F,Stormarn,10759,LT5,5519,5240
DEG,Thüringen,76928,LT5,39502,37426
DEG0,Thüringen,76928,LT5,39502,37426
DEG01,"Erfurt, Kreisfreie Stadt",8655,LT5,4381,4274
DEG02,"Gera, Kreisfreie Stadt",3633,LT5,1876,1757
DEG03,"Jena, Kreisfreie Stadt",4371,LT5,2235,2136
DEG04,"Suhl, Kreisfreie Stadt (NUTS 2021)",:,LT5,:,:
DEG05,"Weimar, Kreisfreie Stadt",2515,LT5,1308,1207
DEG06,Eichsfeld,4438,LT5,2302,2136
DEG07,Nordhausen,2841,LT5,1501,1340
DEG09,Unstrut-Hainich-Kreis,3737,LT5,1963,1774
DEG0A,Kyffhäuserkreis,2524,LT5,1287,1237
DEG0B,Schmalkalden-Meiningen (NUTS 2021),:,LT5,:,:
DEG0C,Gotha,4983,LT5,2523,2460
DEG0D,Sömmerda,2512,LT5,1343,1169
DEG0E,Hildburghausen,2132,LT5,1068,1064
DEG0F,Ilm-Kreis (NUTS 2021),:,LT5,:,:
DEG0G,Weimarer Land,3299,LT5,1665,1634
DEG0H,Sonneberg (NUTS 2021),:,LT5,:,:
DEG0I,Saalfeld-Rudolstadt (NUTS 2021),:,LT5,:,:
DEG0J,Saale-Holzland-Kreis,2925,LT5,1455,1470
DEG0K,Saale-Orla-Kreis,2663,LT5,1349,1314
DEG0L,Greiz,3152,LT5,1612,1540
DEG0M,Altenburger Land,2769,LT5,1396,1373
DEG0N,"Eisenach, Kreisfreie Stadt (NUTS 2021)",:,LT5,:,:
DEG0P,Wartburgkreis (NUTS 2021),:,LT5,:,:
DEG0Q,Schmalkalden-Meiningen,4140,LT5,2125,2015
DEG0R,Wartburgkreis,5710,LT5,2927,2783
DEG0S,"Suhl, Kreisfreie Stadt",1090,LT5,538,552
DEG0T,Ilm-Kreis,3732,LT5,1966,1766
DEG0U,Saalfeld-Rudolstadt,3294,LT5,1678,1616
DEG0V,Sonneberg,1813,LT5,1004,809
DE,Germany,4024080,5-9,2061185,1962895
DE1,Baden-Württemberg,556010,5-9,284134,271876
DE11,Stuttgart,207292,5-9,106432,100860
DE111,"Stuttgart, Stadtkreis",27164,5-9,14111,13053
DE112,Böblingen,20797,5-9,10623,10174
DE113,Esslingen,26062,5-9,13286,12776
DE114,Göppingen,13241,5-9,6731,6510
DE115,Ludwigsburg,27720,5-9,14200,13520
DE116,Rems-Murr-Kreis,22130,5-9,11280,10850
DE117,"Heilbronn, Stadtkreis",6595,5-9,3433,3162
DE118,"Heilbronn, Landkreis",18595,5-9,9774,8821
DE119,Hohenlohekreis,5830,5-9,3010,2820
DE11A,Schwäbisch Hall,10611,5-9,5351,5260
DE11B,Main-Tauber-Kreis,6272,5-9,3290,2982
DE11C,Heidenheim,6720,5-9,3373,3347
DE11D,Ostalbkreis,15555,5-9,7970,7585
DE12,Karlsruhe,135822,5-9,69105,66717
DE121,"Baden-Baden, Stadtkreis",2411,5-9,1202,1209
DE122,"Karlsruhe, Stadtkreis",12710,5-9,6420,6290
DE123,"Karlsruhe, Landkreis",22169,5-9,11314,10855
DE124,Rastatt,11149,5-9,5762,5387
DE125,"Heidelberg, Stadtkreis",6628,5-9,3335,3293
DE126,"Mannheim, Stadtkreis",14183,5-9,7188,6995
DE127,Neckar-Odenwald-Kreis,7048,5-9,3525,3523
DE128,Rhein-Neckar-Kreis,27919,5-9,14373,13546
DE129,"Pforzheim, Stadtkreis",7097,5-9,3577,3520
DE12A,Calw,8167,5-9,4221,3946
DE12B,Enzkreis,10358,5-9,5207,5151
DE12C,Freudenstadt,5983,5-9,2981,3002
DE13,Freiburg,117203,5-9,59866,57337
DE131,"Freiburg im Breisgau, Stadtkreis",10705,5-9,5620,5085
DE132,Breisgau-Hochschwarzwald,13728,5-9,6976,6752
DE133,Emmendingen,8687,5-9,4386,4301
DE134,Ortenaukreis,22401,5-9,11418,10983
DE135,Rottweil,7304,5-9,3664,3640
DE136,Schwarzwald-Baar-Kreis,10746,5-9,5420,5326
DE137,Tuttlingen,7801,5-9,3924,3877
DE138,Konstanz,14072,5-9,7321,6751
DE139,Lörrach,12506,5-9,6361,6145
DE13A,Waldshut,9253,5-9,4776,4477
DE14,Tübingen,95693,5-9,48731,46962
DE141,Reutlingen,14958,5-9,7698,7260
DE142,"Tübingen, Landkreis",11668,5-9,5822,5846
DE143,Zollernalbkreis,9375,5-9,4791,4584
DE144,"Ulm, Stadtkreis",5856,5-9,2960,2896
DE145,Alb-Donau-Kreis,10760,5-9,5519,5241
DE146,Biberach,11314,5-9,5778,5536
DE147,Bodenseekreis,10512,5-9,5318,5194
DE148,Ravensburg,14659,5-9,7451,7208
DE149,Sigmaringen,6591,5-9,3394,3197
DE2,Bayern,637106,5-9,326349,310757
DE21,Oberbayern,231430,5-9,118602,112828
DE211,"Ingolstadt, Kreisfreie Stadt",7032,5-9,3516,3516
DE212,"München, Kreisfreie Stadt",66257,5-9,33670,32587
DE213,"Rosenheim, Kreisfreie Stadt",2997,5-9,1557,1440
DE214,Altötting,5707,5-9,2896,2811
DE215,Berchtesgadener Land,5073,5-9,2625,2448
DE216,Bad Tölz-Wolfratshausen,6636,5-9,3425,3211
DE217,Dachau,7810,5-9,4095,3715
DE218,Ebersberg,7789,5-9,3951,3838
DE219,Eichstätt,7718,5-9,3908,3810
DE21A,Erding,7377,5-9,3791,3586
DE21B,Freising,9131,5-9,4751,4380
DE21C,Fürstenfeldbruck,11206,5-9,5809,5397
DE21D,Garmisch-Partenkirchen,4005,5-9,2068,1937
DE21E,Landsberg am Lech,6265,5-9,3186,3079
DE21F,Miesbach,4615,5-9,2398,2217
DE21G,Mühldorf a. Inn,6080,5-9,3146,2934
DE21H,"München, Landkreis",18158,5-9,9312,8846
DE21I,Neuburg-Schrobenhausen,5229,5-9,2654,2575
DE21J,Pfaffenhofen a. d. Ilm,6949,5-9,3596,3353
DE21K,"Rosenheim, Landkreis",13013,5-9,6774,6239
DE21L,Starnberg,6956,5-9,3526,3430
DE21M,Traunstein,8246,5-9,4279,3967
DE21N,Weilheim-Schongau,7181,5-9,3669,3512
DE22,Niederbayern,59158,5-9,30267,28891
DE221,"Landshut, Kreisfreie Stadt",3220,5-9,1660,1560
DE222,"Passau, Kreisfreie Stadt",2077,5-9,1054,1023
DE223,"Straubing, Kreisfreie Stadt",1925,5-9,984,941
DE224,Deggendorf,5384,5-9,2739,2645
DE225,Freyung-Grafenau,3530,5-9,1765,1765
DE226,Kelheim,6363,5-9,3252,3111
DE227,"Landshut, Landkreis",8583,5-9,4388,4195
DE228,"Passau, Landkreis",8811,5-9,4521,4290
DE229,Regen,3519,5-9,1762,1757
DE22A,Rottal-Inn,5728,5-9,2998,2730
DE22B,Straubing-Bogen,5163,5-9,2663,2500
DE22C,Dingolfing-Landau,4855,5-9,2481,2374
DE23,Oberpfalz,52346,5-9,26769,25577
DE231,"Amberg, Kreisfreie Stadt",1821,5-9,916,905
DE232,"Regensburg, Kreisfreie Stadt",6021,5-9,3011,3010
DE233,"Weiden i. d. Opf, Kreisfreie Stadt",1802,5-9,884,918
DE234,Amberg-Sulzbach,4852,5-9,2473,2379
DE235,Cham,5884,5-9,3027,2857
DE236,Neumarkt i. d. OPf.,6938,5-9,3686,3252
DE237,Neustadt a. d. Waldnaab,4536,5-9,2319,2217
DE238,"Regensburg, Landkreis",10209,5-9,5214,4995
DE239,Schwandorf,7080,5-9,3647,3433
DE23A,Tirschenreuth,3203,5-9,1592,1611
DE24,Oberfranken,47796,5-9,24400,23396
DE241,"Bamberg, Kreisfreie Stadt",3161,5-9,1603,1558
DE242,"Bayreuth, Kreisfreie Stadt",2771,5-9,1424,1347
DE243,"Coburg, Kreisfreie Stadt",1659,5-9,848,811
DE244,"Hof, Kreisfreie Stadt",2169,5-9,1082,1087
DE245,"Bamberg, Landkreis",7687,5-9,3888,3799
DE246,"Bayreuth, Landkreis",4744,5-9,2465,2279
DE247,"Coburg, Landkreis",3987,5-9,2062,1925
DE248,Forchheim,5858,5-9,2964,2894
DE249,"Hof, Landkreis",4023,5-9,2030,1993
DE24A,Kronach,2552,5-9,1279,1273
DE24B,Kulmbach,2998,5-9,1540,1458
DE24C,Lichtenfels,3116,5-9,1618,1498
DE24D,Wunsiedel i. Fichtelgebirge,3071,5-9,1597,1474
DE25,Mittelfranken,87575,5-9,44877,42698
DE251,"Ansbach, Kreisfreie Stadt",1834,5-9,912,922
DE252,"Erlangen, Kreisfreie Stadt",5238,5-9,2732,2506
DE253,"Fürth, Kreisfreie Stadt",6229,5-9,3148,3081
DE254,"Nürnberg, Kreisfreie Stadt",23965,5-9,12278,11687
DE255,"Schwabach, Kreisfreie Stadt",2055,5-9,1075,980
DE256,"Ansbach, Landkreis",9622,5-9,4891,4731
DE257,Erlangen-Höchstadt,7592,5-9,3948,3644
DE258,"Fürth, Landkreis",6000,5-9,3054,2946
DE259,Nürnberger Land,8544,5-9,4373,4171
DE25A,Neustadt a. d. Aisch-Bad Windsheim,5034,5-9,2543,2491
DE25B,Roth,6671,5-9,3488,3183
DE25C,Weißenburg-Gunzenhausen,4791,5-9,2435,2356
DE26,Unterfranken,61915,5-9,31805,30110
DE261,"Aschaffenburg, Kreisfreie Stadt",3252,5-9,1676,1576
DE262,"Schweinfurt, Kreisfreie Stadt",2508,5-9,1229,1279
DE263,"Würzburg, Kreisfreie Stadt",4838,5-9,2432,2406
DE264,"Aschaffenburg, Landkreis",8175,5-9,4218,3957
DE265,Bad Kissingen,4648,5-9,2360,2288
DE266,Rhön-Grabfeld,3874,5-9,1954,1920
DE267,Haßberge,4150,5-9,2129,2021
DE268,Kitzingen,4554,5-9,2402,2152
DE269,Miltenberg,6116,5-9,3161,2955
DE26A,Main-Spessart,5858,5-9,3023,2835
DE26B,"Schweinfurt, Landkreis",5712,5-9,3013,2699
DE26C,"Würzburg, Landkreis",8230,5-9,4208,4022
DE27,Schwaben,96886,5-9,49629,47257
DE271,"Augsburg, Kreisfreie Stadt",13549,5-9,6870,6679
DE272,"Kaufbeuren, Kreisfreie Stadt",2259,5-9,1158,1101
DE273,"Kempten (Allgäu), Kreisfreie Stadt",3040,5-9,1550,1490
DE274,"Memmingen, Kreisfreie Stadt",2164,5-9,1068,1096
DE275,Aichach-Friedberg,7631,5-9,3844,3787
DE276,"Augsburg, Landkreis",14404,5-9,7452,6952
DE277,Dillingen a.d. Donau,5052,5-9,2625,2427
DE278,Günzburg,6570,5-9,3442,3128
DE279,Neu-Ulm,8988,5-9,4674,4314
DE27A,Lindau (Bodensee),4041,5-9,2031,2010
DE27B,Ostallgäu,7395,5-9,3796,3599
DE27C,Unterallgäu,7514,5-9,3762,3752
DE27D,Donau-Ries,6603,5-9,3466,3137
DE27E,Oberallgäu,7676,5-9,3891,3785
DE3,Berlin,176060,5-9,89791,86269
DE30,Berlin,176060,5-9,89791,86269
DE300,Berlin,176060,5-9,89791,86269
DE4,Brandenburg,122942,5-9,62831,60111
DE40,Brandenburg,122942,5-9,62831,60111
DE401,"Brandenburg an der Havel, Kreisfreie Stadt",3322,5-9,1641,1681
DE402,"Cottbus, Kreisfreie Stadt",4132,5-9,2096,2036
DE403,"Frankfurt (Oder), Kreisfreie Stadt",2431,5-9,1298,1133
DE404,"Potsdam, Kreisfreie Stadt",9555,5-9,4860,4695
DE405,Barnim,9671,5-9,4894,4777
DE406,Dahme-Spreewald,9075,5-9,4687,4388
DE407,Elbe-Elster,4205,5-9,2147,2058
DE408,Havelland,8661,5-9,4336,4325
DE409,Märkisch-Oderland,10054,5-9,5254,4800
DE40A,Oberhavel,10573,5-9,5371,5202
DE40B,Oberspreewald-Lausitz,4823,5-9,2516,2307
DE40C,Oder-Spree,8370,5-9,4305,4065
DE40D,Ostprignitz-Ruppin,4451,5-9,2266,2185
DE40E,Potsdam-Mittelmark,11263,5-9,5743,5520
DE40F,Prignitz,3214,5-9,1619,1595
DE40G,Spree-Neiße,4942,5-9,2554,2388
DE40H,Teltow-Fläming,9231,5-9,4639,4592
DE40I,Uckermark,4969,5-9,2605,2364
DE5,Bremen,35523,5-9,18260,17263
DE50,Bremen,35523,5-9,18260,17263
DE501,"Bremen, Kreisfreie Stadt",29345,5-9,15009,14336
DE502,"Bremerhaven, Kreisfreie Stadt",6178,5-9,3251,2927
DE6,Hamburg,91357,5-9,47041,44316
DE60,Hamburg,91357,5-9,47041,44316
DE600,Hamburg,91357,5-9,47041,44316
DE7,Hessen,305146,5-9,155604,149542
DE71,Darmstadt,199628,5-9,101810,97818
DE711,"Darmstadt, Kreisfreie Stadt",7398,5-9,3826,3572
DE712,"Frankfurt am Main, Kreisfreie Stadt",36072,5-9,18101,17971
DE713,"Offenbach am Main, Kreisfreie Stadt",6531,5-9,3251,3280
DE714,"Wiesbaden, Kreisfreie Stadt",14011,5-9,7188,6823
DE715,Bergstraße,13416,5-9,6713,6703
DE716,Darmstadt-Dieburg,15378,5-9,7747,7631
DE717,Groß-Gerau,14391,5-9,7407,6984
DE718,Hochtaunuskreis,12377,5-9,6459,5918
DE719,Main-Kinzig-Kreis,20814,5-9,10748,10066
DE71A,Main-Taunus-Kreis,12355,5-9,6243,6112
DE71B,Odenwaldkreis,4297,5-9,2269,2028
DE71C,"Offenbach, Landkreis",18449,5-9,9489,8960
DE71D,Rheingau-Taunus-Kreis,8788,5-9,4566,4222
DE71E,Wetteraukreis,15351,5-9,7803,7548
DE72,Gießen,49055,5-9,24875,24180
DE721,"Gießen, Landkreis",12576,5-9,6396,6180
DE722,Lahn-Dill-Kreis,12511,5-9,6440,6071
DE723,Limburg-Weilburg,8328,5-9,4187,4141
DE724,Marburg-Biedenkopf,11198,5-9,5635,5563
DE725,Vogelsbergkreis,4442,5-9,2217,2225
DE73,Kassel,56463,5-9,28919,27544
DE731,"Kassel, Kreisfreie Stadt",9188,5-9,4520,4668
DE732,Fulda,10851,5-9,5556,5295
DE733,Hersfeld-Rotenburg,5567,5-9,2916,2651
DE734,"Kassel, Landkreis",10925,5-9,5642,5283
DE735,Schwalm-Eder-Kreis,8370,5-9,4208,4162
DE736,Waldeck-Frankenberg,7266,5-9,3804,3462
DE737,Werra-Meißner-Kreis,4296,5-9,2273,2023
DE8,Mecklenburg-Vorpommern,70389,5-9,35853,34536
DE80,Mecklenburg-Vorpommern,70389,5-9,35853,34536
DE803,"Rostock, Kreisfreie Stadt",8404,5-9,4324,4080
DE804,"Schwerin, Kreisfreie Stadt",4415,5-9,2202,2213
DE80J,Mecklenburgische Seenplatte,10668,5-9,5433,5235
DE80K,Landkreis Rostock,10914,5-9,5608,5306
DE80L,Vorpommern-Rügen,8860,5-9,4492,4368
DE80M,Nordwestmecklenburg,7356,5-9,3807,3549
DE80N,Vorpommern-Greifswald,9860,5-9,4884,4976
DE80O,Ludwigslust-Parchim,9912,5-9,5103,4809
DE9,Niedersachsen,386201,5-9,197947,188254
DE91,Braunschweig,74957,5-9,38391,36566
DE911,"Braunschweig, Kreisfreie Stadt",10503,5-9,5302,5201
DE912,"Salzgitter, Kreisfreie Stadt",5626,5-9,2879,2747
DE913,"Wolfsburg, Kreisfreie Stadt",6830,5-9,3606,3224
DE914,Gifhorn,9713,5-9,4950,4763
DE916,Goslar,4994,5-9,2611,2383
DE917,Helmstedt,4461,5-9,2273,2188
DE918,Northeim,5605,5-9,2856,2749
DE91A,Peine,7337,5-9,3702,3635
DE91B,Wolfenbüttel,5588,5-9,2880,2708
DE91C,Göttingen,14300,5-9,7332,6968
DE92,Hannover,100148,5-9,51020,49128
DE922,Diepholz,10713,5-9,5441,5272
DE923,Hameln-Pyrmont,6925,5-9,3478,3447
DE925,Hildesheim,12135,5-9,6254,5881
DE926,Holzminden,2938,5-9,1454,1484
DE927,Nienburg (Weser),5979,5-9,2954,3025
DE928,Schaumburg,7243,5-9,3686,3557
DE929,Region Hannover,54215,5-9,27753,26462
DE93,Lüneburg,84436,5-9,43613,40823
DE931,Celle,8612,5-9,4389,4223
DE932,Cuxhaven,9304,5-9,4890,4414
DE933,Harburg,13205,5-9,6783,6422
DE934,Lüchow-Dannenberg,2082,5-9,1068,1014
DE935,"Lüneburg, Landkreis",8822,5-9,4563,4259
DE936,Osterholz,5958,5-9,3029,2929
DE937,Rotenburg (Wümme),7942,5-9,4070,3872
DE938,Heidekreis,6686,5-9,3445,3241
DE939,Stade,10541,5-9,5573,4968
DE93A,Uelzen,3960,5-9,2034,1926
DE93B,Verden,7324,5-9,3769,3555
DE94,Weser-Ems,126660,5-9,64923,61737
DE941,"Delmenhorst, Kreisfreie Stadt",4290,5-9,2191,2099
DE942,"Emden, Kreisfreie Stadt",2474,5-9,1307,1167
DE943,"Oldenburg (Oldenburg), Kreisfreie Stadt",7692,5-9,3956,3736
DE944,"Osnabrück, Kreisfreie Stadt",6894,5-9,3445,3449
DE945,"Wilhelmshaven, Kreisfreie Stadt",3234,5-9,1652,1582
DE946,Ammerland,6346,5-9,3318,3028
DE947,Aurich,8604,5-9,4477,4127
DE948,Cloppenburg,9992,5-9,5203,4789
DE949,Emsland,17338,5-9,8766,8572
DE94A,Friesland (DE),4634,5-9,2382,2252
DE94B,Grafschaft Bentheim,7402,5-9,3822,3580
DE94C,Leer,8434,5-9,4322,4112
DE94D,"Oldenburg, Landkreis",6419,5-9,3293,3126
DE94E,"Osnabrück, Landkreis",18250,5-9,9361,8889
DE94F,Vechta,7953,5-9,4004,3949
DE94G,Wesermarsch,4174,5-9,2116,2058
DE94H,Wittmund,2530,5-9,1308,1222
DEA,Nordrhein-Westfalen,877769,5-9,450294,427475
DEA1,Düsseldorf,256170,5-9,131790,124380
DEA11,"Düsseldorf, Kreisfreie Stadt",28081,5-9,14542,13539
DEA12,"Duisburg, Kreisfreie Stadt",26226,5-9,13566,12660
DEA13,"Essen, Kreisfreie Stadt",28295,5-9,14785,13510
DEA14,"Krefeld, Kreisfreie Stadt",11112,5-9,5694,5418
DEA15,"Mönchengladbach, Kreisfreie Stadt",13033,5-9,6714,6319
DEA16,"Mülheim an der Ruhr, Kreisfreie Stadt",8575,5-9,4452,4123
DEA17,"Oberhausen, Kreisfreie Stadt",10654,5-9,5437,5217
DEA18,"Remscheid, Kreisfreie Stadt",5627,5-9,2884,2743
DEA19,"Solingen, Kreisfreie Stadt",8083,5-9,4189,3894
DEA1A,"Wuppertal, Kreisfreie Stadt",18220,5-9,9374,8846
DEA1B,Kleve,15102,5-9,7685,7417
DEA1C,Mettmann,23973,5-9,12302,11671
DEA1D,Rhein-Kreis Neuss,23418,5-9,11938,11480
DEA1E,Viersen,14074,5-9,7115,6959
DEA1F,Wesel,21697,5-9,11113,10584
DEA2,Köln,214450,5-9,110039,104411
DEA22,"Bonn, Kreisfreie Stadt",15035,5-9,7791,7244
DEA23,"Köln, Kreisfreie Stadt",46567,5-9,23960,22607
DEA24,"Leverkusen, Kreisfreie Stadt",8270,5-9,4181,4089
DEA26,Düren,13720,5-9,7119,6601
DEA27,Rhein-Erft-Kreis,24447,5-9,12754,11693
DEA28,Euskirchen,9996,5-9,5128,4868
DEA29,Heinsberg,12803,5-9,6484,6319
DEA2A,Oberbergischer Kreis,14021,5-9,7037,6984
DEA2B,Rheinisch-Bergischer Kreis,13744,5-9,6952,6792
DEA2C,Rhein-Sieg-Kreis,30184,5-9,15680,14504
DEA2D,Städteregion Aachen,25663,5-9,12953,12710
DEA3,Münster,132524,5-9,67969,64555
DEA31,"Bottrop, Kreisfreie Stadt",5617,5-9,2887,2730
DEA32,"Gelsenkirchen, Kreisfreie Stadt",14667,5-9,7475,7192
DEA33,"Münster, Kreisfreie Stadt",13391,5-9,6998,6393
DEA34,Borken,19861,5-9,10153,9708
DEA35,Coesfeld,11620,5-9,5804,5816
DEA36,Recklinghausen,30240,5-9,15543,14697
DEA37,Steinfurt,22988,5-9,11858,11130
DEA38,Warendorf,14140,5-9,7251,6889
DEA4,Detmold,103852,5-9,53212,50640
DEA41,"Bielefeld, Kreisfreie Stadt",16086,5-9,8173,7913
DEA42,Gütersloh,18478,5-9,9494,8984
DEA43,Herford,12650,5-9,6359,6291
DEA44,Höxter,6520,5-9,3343,3177
DEA45,Lippe,17873,5-9,9251,8622
DEA46,Minden-Lübbecke,16263,5-9,8381,7882
DEA47,Paderborn,15982,5-9,8211,7771
DEA5,Arnsberg,170773,5-9,87284,83489
DEA51,"Bochum, Kreisfreie Stadt",15836,5-9,8041,7795
DEA52,"Dortmund, Kreisfreie Stadt",29631,5-9,15017,14614
DEA53,"Hagen, Kreisfreie Stadt",9722,5-9,5028,4694
DEA54,"Hamm, Kreisfreie Stadt",8947,5-9,4482,4465
DEA55,"Herne, Kreisfreie Stadt",7562,5-9,3959,3603
DEA56,Ennepe-Ruhr-Kreis,14575,5-9,7505,7070
DEA57,Hochsauerlandkreis,11937,5-9,6103,5834
DEA58,Märkischer Kreis,19610,5-9,10062,9548
DEA59,Olpe,6435,5-9,3326,3109
DEA5A,Siegen-Wittgenstein,13403,5-9,6913,6490
DEA5B,Soest,14456,5-9,7334,7122
DEA5C,Unna,18659,5-9,9514,9145
DEB,Rheinland-Pfalz,199304,5-9,102243,97061
DEB1,Koblenz,73700,5-9,37786,35914
DEB11,"Koblenz, Kreisfreie Stadt",4946,5-9,2528,2418
DEB12,Ahrweiler,5836,5-9,2994,2842
DEB13,Altenkirchen (Westerwald),6606,5-9,3405,3201
DEB14,Bad Kreuznach,7952,5-9,4052,3900
DEB15,Birkenfeld,3708,5-9,1908,1800
DEB17,Mayen-Koblenz,10761,5-9,5458,5303
DEB18,Neuwied,9454,5-9,4876,4578
DEB1A,Rhein-Lahn-Kreis,6121,5-9,3084,3037
DEB1B,Westerwaldkreis,10389,5-9,5356,5033
DEB1C,Cochem-Zell,2795,5-9,1447,1348
DEB1D,Rhein-Hunsrück-Kreis,5132,5-9,2678,2454
DEB2,Trier,25124,5-9,13074,12050
DEB21,"Trier, Kreisfreie Stadt",4532,5-9,2380,2152
DEB22,Bernkastel-Wittlich,5284,5-9,2748,2536
DEB23,Eifelkreis Bitburg-Prüm,5153,5-9,2722,2431
DEB24,Vulkaneifel,2634,5-9,1350,1284
DEB25,Trier-Saarburg,7521,5-9,3874,3647
DEB3,Rheinhessen-Pfalz,100480,5-9,51383,49097
DEB31,"Frankenthal (Pfalz), Kreisfreie Stadt",2482,5-9,1280,1202
DEB32,"Kaiserslautern, Kreisfreie Stadt",4241,5-9,2130,2111
DEB33,"Landau in der Pfalz, Kreisfreie Stadt",2131,5-9,1115,1016
DEB34,"Ludwigshafen am Rhein, Kreisfreie Stadt",9489,5-9,4795,4694
DEB35,"Mainz, Kreisfreie Stadt",9324,5-9,4646,4678
DEB36,"Neustadt an der Weinstraße, Kreisfreie Stadt",2589,5-9,1348,1241
DEB37,"Pirmasens, Kreisfreie Stadt",1804,5-9,951,853
DEB38,"Speyer, Kreisfreie Stadt",2185,5-9,1138,1047
DEB39,"Worms, Kreisfreie Stadt",4492,5-9,2325,2167
DEB3A,"Zweibrücken, Kreisfreie Stadt",1537,5-9,770,767
DEB3B,Alzey-Worms,6795,5-9,3413,3382
DEB3C,Bad Dürkheim,6205,5-9,3056,3149
DEB3D,Donnersbergkreis,3609,5-9,1882,1727
DEB3E,Germersheim,6746,5-9,3524,3222
DEB3F,"Kaiserslautern, Landkreis",5399,5-9,2718,2681
DEB3G,Kusel,3164,5-9,1655,1509
DEB3H,Südliche Weinstraße,5419,5-9,2807,2612
DEB3I,Rhein-Pfalz-Kreis,8367,5-9,4375,3992
DEB3J,Mainz-Bingen,10592,5-9,5449,5143
DEB3K,Südwestpfalz,3910,5-9,2006,1904
DEC,Saarland,44622,5-9,23005,21617
DEC0,Saarland,44622,5-9,23005,21617
DEC01,Regionalverband Saarbrücken,14855,5-9,7661,7194
DEC02,Merzig-Wadern,4779,5-9,2555,2224
DEC03,Neunkirchen,5971,5-9,3084,2887
DEC04,Saarlouis,9172,5-9,4667,4505
DEC05,Saarpfalz-Kreis,6165,5-9,3175,2990
DEC06,St. Wendel,3680,5-9,1863,1817
DED,Sachsen,193236,5-9,99071,94165
DED2,Dresden,77634,5-9,39687,37947
DED21,"Dresden, Kreisfreie Stadt",28121,5-9,14431,13690
DED2C,Bautzen,14493,5-9,7466,7027
DED2D,Görlitz,11104,5-9,5632,5472
DED2E,Meißen,11521,5-9,5739,5782
DED2F,Sächsische Schweiz-Osterzgebirge,12395,5-9,6419,5976
DED4,Chemnitz,63132,5-9,32392,30740
DED41,"Chemnitz, Kreisfreie Stadt",11578,5-9,5922,5656
DED42,Erzgebirgskreis,14559,5-9,7301,7258
DED43,Mittelsachsen,13686,5-9,7151,6535
DED44,Vogtlandkreis,9505,5-9,4889,4616
DED45,Zwickau,13804,5-9,7129,6675
DED5,Leipzig,52470,5-9,26992,25478
DED51,"Leipzig, Kreisfreie Stadt",29411,5-9,15164,14247
DED52,Leipzig,13097,5-9,6756,6341
DED53,Nordsachsen,9962,5-9,5072,4890
DEE,Sachsen-Anhalt,93904,5-9,48904,45000
DEE0,Sachsen-Anhalt,93904,5-9,48904,45000
DEE01,"Dessau-Roßlau, Kreisfreie Stadt",3099,5-9,1608,1491
DEE02,"Halle (Saale), Kreisfreie Stadt",10523,5-9,5641,4882
DEE03,"Magdeburg, Kreisfreie Stadt",10883,5-9,5862,5021
DEE04,Altmarkkreis Salzwedel,3695,5-9,1993,1702
DEE05,Anhalt-Bitterfeld,6432,5-9,3220,3212
DEE06,Jerichower Land,4126,5-9,2148,1978
DEE07,Börde,7960,5-9,4114,3846
DEE08,Burgenlandkreis,7814,5-9,4021,3793
DEE09,Harz,8304,5-9,4218,4086
DEE0A,Mansfeld-Südharz,5064,5-9,2622,2442
DEE0B,Saalekreis,8514,5-9,4374,4140
DEE0C,Salzlandkreis,7764,5-9,4029,3735
DEE0D,Stendal,4628,5-9,2418,2210
DEE0E,Wittenberg,5098,5-9,2636,2462
DEF,Schleswig-Holstein,138234,5-9,70557,67677
DEF0,Schleswig-Holstein,138234,5-9,70557,67677
DEF01,"Flensburg, Kreisfreie Stadt",4120,5-9,2099,2021
DEF02,"Kiel, Kreisfreie Stadt",10684,5-9,5422,5262
DEF03,"Lübeck, Kreisfreie Stadt",9310,5-9,4878,4432
DEF04,"Neumünster, Kreisfreie Stadt",3421,5-9,1777,1644
DEF05,Dithmarschen,5905,5-9,2966,2939
DEF06,Herzogtum Lauenburg,10788,5-9,5479,5309
DEF07,Nordfriesland,7564,5-9,3935,3629
DEF08,Ostholstein,8070,5-9,3998,4072
DEF09,Pinneberg,16185,5-9,8292,7893
DEF0A,Plön,6129,5-9,3098,3031
DEF0B,Rendsburg-Eckernförde,13373,5-9,6791,6582
DEF0C,Schleswig-Flensburg,10052,5-9,5188,4864
DEF0D,Segeberg,13866,5-9,7044,6822
DEF0E,Steinburg,6152,5-9,3135,3017
DEF0F,Stormarn,12615,5-9,6455,6160
DEG,Thüringen,96277,5-9,49301,46976
DEG0,Thüringen,96277,5-9,49301,46976
DEG01,"Erfurt, Kreisfreie Stadt",10151,5-9,5024,5127
DEG02,"Gera, Kreisfreie Stadt",4316,5-9,2212,2104
DEG03,"Jena, Kreisfreie Stadt",5048,5-9,2565,2483
DEG04,"Suhl, Kreisfreie Stadt (NUTS 2021)",:,5-9,:,:
DEG05,"Weimar, Kreisfreie Stadt",3114,5-9,1558,1556
DEG06,Eichsfeld,5172,5-9,2594,2578
DEG07,Nordhausen,3719,5-9,1902,1817
DEG09,Unstrut-Hainich-Kreis,4708,5-9,2498,2210
DEG0A,Kyffhäuserkreis,3089,5-9,1635,1454
DEG0B,Schmalkalden-Meiningen (NUTS 2021),:,5-9,:,:
DEG0C,Gotha,6292,5-9,3143,3149
DEG0D,Sömmerda,3260,5-9,1786,1474
DEG0E,Hildburghausen,2666,5-9,1350,1316
DEG0F,Ilm-Kreis (NUTS 2021),:,5-9,:,:
DEG0G,Weimarer Land,4264,5-9,2190,2074
DEG0H,Sonneberg (NUTS 2021),:,5-9,:,:
DEG0I,Saalfeld-Rudolstadt (NUTS 2021),:,5-9,:,:
DEG0J,Saale-Holzland-Kreis,4083,5-9,2054,2029
DEG0K,Saale-Orla-Kreis,3426,5-9,1723,1703
DEG0L,Greiz,4097,5-9,2133,1964
DEG0M,Altenburger Land,3684,5-9,1875,1809
DEG0N,"Eisenach, Kreisfreie Stadt (NUTS 2021)",:,5-9,:,:
DEG0P,Wartburgkreis (NUTS 2021),:,5-9,:,:
DEG0Q,Schmalkalden-Meiningen,5254,5-9,2721,2533
DEG0R,Wartburgkreis,7165,5-9,3714,3451
DEG0S,"Suhl, Kreisfreie Stadt",1286,5-9,667,619
DEG0T,Ilm-Kreis,4923,5-9,2516,2407
DEG0U,Saalfeld-Rudolstadt,4355,5-9,2262,2093
DEG0V,Sonneberg,2205,5-9,1179,1026
DE,Germany,3822307,10-14,1963391,1858916
DE1,Baden-Württemberg,523691,10-14,268612,255079
DE11,Stuttgart,195212,10-14,99893,95319
DE111,"Stuttgart, Stadtkreis",26365,10-14,13444,12921
DE112,Böblingen,19420,10-14,9849,9571
DE113,Esslingen,24982,10-14,12749,12233
DE114,Göppingen,12269,10-14,6300,5969
DE115,Ludwigsburg,26049,10-14,13317,12732
DE116,Rems-Murr-Kreis,20536,10-14,10387,10149
DE117,"Heilbronn, Stadtkreis",6388,10-14,3298,3090
DE118,"Heilbronn, Landkreis",16974,10-14,8852,8122
DE119,Hohenlohekreis,5407,10-14,2892,2515
DE11A,Schwäbisch Hall,9619,10-14,4816,4803
DE11B,Main-Tauber-Kreis,5848,10-14,3011,2837
DE11C,Heidenheim,6467,10-14,3351,3116
DE11D,Ostalbkreis,14888,10-14,7627,7261
DE12,Karlsruhe,128038,10-14,65945,62093
DE121,"Baden-Baden, Stadtkreis",2317,10-14,1186,1131
DE122,"Karlsruhe, Stadtkreis",12141,10-14,6273,5868
DE123,"Karlsruhe, Landkreis",21365,10-14,11090,10275
DE124,Rastatt,10627,10-14,5454,5173
DE125,"Heidelberg, Stadtkreis",6057,10-14,3059,2998
DE126,"Mannheim, Stadtkreis",12992,10-14,6650,6342
DE127,Neckar-Odenwald-Kreis,6683,10-14,3397,3286
DE128,Rhein-Neckar-Kreis,26491,10-14,13725,12766
DE129,"Pforzheim, Stadtkreis",6575,10-14,3416,3159
DE12A,Calw,7618,10-14,3965,3653
DE12B,Enzkreis,9443,10-14,4823,4620
DE12C,Freudenstadt,5729,10-14,2907,2822
DE13,Freiburg,110399,10-14,56799,53600
DE131,"Freiburg im Breisgau, Stadtkreis",10028,10-14,5263,4765
DE132,Breisgau-Hochschwarzwald,13199,10-14,6834,6365
DE133,Emmendingen,7922,10-14,4031,3891
DE134,Ortenaukreis,21089,10-14,10843,10246
DE135,Rottweil,6757,10-14,3515,3242
DE136,Schwarzwald-Baar-Kreis,10108,10-14,5186,4922
DE137,Tuttlingen,7393,10-14,3852,3541
DE138,Konstanz,13214,10-14,6786,6428
DE139,Lörrach,11938,10-14,6085,5853
DE13A,Waldshut,8751,10-14,4404,4347
DE14,Tübingen,90042,10-14,45975,44067
DE141,Reutlingen,13831,10-14,7094,6737
DE142,"Tübingen, Landkreis",10505,10-14,5197,5308
DE143,Zollernalbkreis,8943,10-14,4551,4392
DE144,"Ulm, Stadtkreis",5888,10-14,2913,2975
DE145,Alb-Donau-Kreis,9917,10-14,5134,4783
DE146,Biberach,10453,10-14,5339,5114
DE147,Bodenseekreis,10153,10-14,5252,4901
DE148,Ravensburg,13987,10-14,7171,6816
DE149,Sigmaringen,6365,10-14,3324,3041
DE2,Bayern,593888,10-14,305231,288657
DE21,Oberbayern,217893,10-14,112222,105671
DE211,"Ingolstadt, Kreisfreie Stadt",6435,10-14,3314,3121
DE212,"München, Kreisfreie Stadt",61323,10-14,31530,29793
DE213,"Rosenheim, Kreisfreie Stadt",2833,10-14,1459,1374
DE214,Altötting,5302,10-14,2698,2604
DE215,Berchtesgadener Land,4592,10-14,2325,2267
DE216,Bad Tölz-Wolfratshausen,6086,10-14,3252,2834
DE217,Dachau,7446,10-14,3898,3548
DE218,Ebersberg,7494,10-14,3875,3619
DE219,Eichstätt,7027,10-14,3645,3382
DE21A,Erding,6618,10-14,3379,3239
DE21B,Freising,8664,10-14,4555,4109
DE21C,Fürstenfeldbruck,10963,10-14,5667,5296
DE21D,Garmisch-Partenkirchen,3744,10-14,1928,1816
DE21E,Landsberg am Lech,5967,10-14,3048,2919
DE21F,Miesbach,4415,10-14,2282,2133
DE21G,Mühldorf a. Inn,5687,10-14,2965,2722
DE21H,"München, Landkreis",18251,10-14,9355,8896
DE21I,Neuburg-Schrobenhausen,4928,10-14,2504,2424
DE21J,Pfaffenhofen a. d. Ilm,6308,10-14,3210,3098
DE21K,"Rosenheim, Landkreis",12248,10-14,6287,5961
DE21L,Starnberg,7286,10-14,3681,3605
DE21M,Traunstein,7598,10-14,3936,3662
DE21N,Weilheim-Schongau,6678,10-14,3429,3249
DE22,Niederbayern,56120,10-14,28804,27316
DE221,"Landshut, Kreisfreie Stadt",3138,10-14,1552,1586
DE222,"Passau, Kreisfreie Stadt",1998,10-14,997,1001
DE223,"Straubing, Kreisfreie Stadt",1919,10-14,1007,912
DE224,Deggendorf,5361,10-14,2803,2558
DE225,Freyung-Grafenau,3208,10-14,1637,1571
DE226,Kelheim,6140,10-14,3109,3031
DE227,"Landshut, Landkreis",7840,10-14,3998,3842
DE228,"Passau, Landkreis",8613,10-14,4423,4190
DE229,Regen,3253,10-14,1731,1522
DE22A,Rottal-Inn,5459,10-14,2846,2613
DE22B,Straubing-Bogen,4744,10-14,2411,2333
DE22C,Dingolfing-Landau,4447,10-14,2290,2157
DE23,Oberpfalz,49064,10-14,24979,24085
DE231,"Amberg, Kreisfreie Stadt",1787,10-14,872,915
DE232,"Regensburg, Kreisfreie Stadt",5742,10-14,2835,2907
DE233,"Weiden i. d. Opf, Kreisfreie Stadt",1786,10-14,944,842
DE234,Amberg-Sulzbach,4616,10-14,2350,2266
DE235,Cham,5557,10-14,2755,2802
DE236,Neumarkt i. d. OPf.,6430,10-14,3290,3140
DE237,Neustadt a. d. Waldnaab,4221,10-14,2146,2075
DE238,"Regensburg, Landkreis",9300,10-14,4878,4422
DE239,Schwandorf,6546,10-14,3395,3151
DE23A,Tirschenreuth,3079,10-14,1514,1565
DE24,Oberfranken,45094,10-14,23057,22037
DE241,"Bamberg, Kreisfreie Stadt",2944,10-14,1492,1452
DE242,"Bayreuth, Kreisfreie Stadt",2640,10-14,1315,1325
DE243,"Coburg, Kreisfreie Stadt",1586,10-14,789,797
DE244,"Hof, Kreisfreie Stadt",2095,10-14,1112,983
DE245,"Bamberg, Landkreis",6932,10-14,3543,3389
DE246,"Bayreuth, Landkreis",4625,10-14,2374,2251
DE247,"Coburg, Landkreis",3510,10-14,1883,1627
DE248,Forchheim,5414,10-14,2684,2730
DE249,"Hof, Landkreis",3820,10-14,1979,1841
DE24A,Kronach,2743,10-14,1379,1364
DE24B,Kulmbach,2890,10-14,1474,1416
DE24C,Lichtenfels,2931,10-14,1449,1482
DE24D,Wunsiedel i. Fichtelgebirge,2964,10-14,1584,1380
DE25,Mittelfranken,80521,10-14,41786,38735
DE251,"Ansbach, Kreisfreie Stadt",1757,10-14,893,864
DE252,"Erlangen, Kreisfreie Stadt",4910,10-14,2550,2360
DE253,"Fürth, Kreisfreie Stadt",5562,10-14,2878,2684
DE254,"Nürnberg, Kreisfreie Stadt",22686,10-14,11636,11050
DE255,"Schwabach, Kreisfreie Stadt",1900,10-14,1028,872
DE256,"Ansbach, Landkreis",8694,10-14,4523,4171
DE257,Erlangen-Höchstadt,6947,10-14,3650,3297
DE258,"Fürth, Landkreis",5565,10-14,2885,2680
DE259,Nürnberger Land,7771,10-14,4149,3622
DE25A,Neustadt a. d. Aisch-Bad Windsheim,4615,10-14,2369,2246
DE25B,Roth,5833,10-14,2968,2865
DE25C,Weißenburg-Gunzenhausen,4281,10-14,2257,2024
DE26,Unterfranken,57243,10-14,29299,27944
DE261,"Aschaffenburg, Kreisfreie Stadt",3155,10-14,1615,1540
DE262,"Schweinfurt, Kreisfreie Stadt",2480,10-14,1213,1267
DE263,"Würzburg, Kreisfreie Stadt",4396,10-14,2259,2137
DE264,"Aschaffenburg, Landkreis",7507,10-14,3899,3608
DE265,Bad Kissingen,4474,10-14,2233,2241
DE266,Rhön-Grabfeld,3574,10-14,1827,1747
DE267,Haßberge,3757,10-14,1874,1883
DE268,Kitzingen,4081,10-14,2099,1982
DE269,Miltenberg,5880,10-14,2958,2922
DE26A,Main-Spessart,5350,10-14,2740,2610
DE26B,"Schweinfurt, Landkreis",5166,10-14,2691,2475
DE26C,"Würzburg, Landkreis",7423,10-14,3891,3532
DE27,Schwaben,87953,10-14,45084,42869
DE271,"Augsburg, Kreisfreie Stadt",12431,10-14,6455,5976
DE272,"Kaufbeuren, Kreisfreie Stadt",2038,10-14,1038,1000
DE273,"Kempten (Allgäu), Kreisfreie Stadt",2770,10-14,1436,1334
DE274,"Memmingen, Kreisfreie Stadt",1959,10-14,951,1008
DE275,Aichach-Friedberg,6766,10-14,3419,3347
DE276,"Augsburg, Landkreis",12651,10-14,6484,6167
DE277,Dillingen a.d. Donau,4714,10-14,2437,2277
DE278,Günzburg,6136,10-14,3161,2975
DE279,Neu-Ulm,8365,10-14,4301,4064
DE27A,Lindau (Bodensee),3672,10-14,1857,1815
DE27B,Ostallgäu,6496,10-14,3240,3256
DE27C,Unterallgäu,6761,10-14,3518,3243
DE27D,Donau-Ries,6441,10-14,3326,3115
DE27E,Oberallgäu,6753,10-14,3461,3292
DE3,Berlin,163535,10-14,83656,79879
DE30,Berlin,163535,10-14,83656,79879
DE300,Berlin,163535,10-14,83656,79879
DE4,Brandenburg,120462,10-14,61608,58854
DE40,Brandenburg,120462,10-14,61608,58854
DE401,"Brandenburg an der Havel, Kreisfreie Stadt",3081,10-14,1476,1605
DE402,"Cottbus, Kreisfreie Stadt",4167,10-14,2138,2029
DE403,"Frankfurt (Oder), Kreisfreie Stadt",2409,10-14,1210,1199
DE404,"Potsdam, Kreisfreie Stadt",9227,10-14,4769,4458
DE405,Barnim,9468,10-14,4859,4609
DE406,Dahme-Spreewald,8361,10-14,4238,4123
DE407,Elbe-Elster,4190,10-14,2147,2043
DE408,Havelland,8462,10-14,4297,4165
DE409,Märkisch-Oderland,9845,10-14,5134,4711
DE40A,Oberhavel,10521,10-14,5348,5173
DE40B,Oberspreewald-Lausitz,4718,10-14,2362,2356
DE40C,Oder-Spree,8361,10-14,4301,4060
DE40D,Ostprignitz-Ruppin,4395,10-14,2339,2056
DE40E,Potsdam-Mittelmark,11469,10-14,5790,5679
DE40F,Prignitz,3215,10-14,1670,1545
DE40G,Spree-Neiße,4809,10-14,2429,2380
DE40H,Teltow-Fläming,8576,10-14,4393,4183
DE40I,Uckermark,5188,10-14,2708,2480
DE5,Bremen,31804,10-14,16333,15471
DE50,Bremen,31804,10-14,16333,15471
DE501,"Bremen, Kreisfreie Stadt",26043,10-14,13351,12692
DE502,"Bremerhaven, Kreisfreie Stadt",5761,10-14,2982,2779
DE6,Hamburg,82758,10-14,42985,39773
DE60,Hamburg,82758,10-14,42985,39773
DE600,Hamburg,82758,10-14,42985,39773
DE7,Hessen,292064,10-14,149394,142670
DE71,Darmstadt,190957,10-14,97805,93152
DE711,"Darmstadt, Kreisfreie Stadt",7218,10-14,3726,3492
DE712,"Frankfurt am Main, Kreisfreie Stadt",33840,10-14,16935,16905
DE713,"Offenbach am Main, Kreisfreie Stadt",6314,10-14,3227,3087
DE714,"Wiesbaden, Kreisfreie Stadt",13697,10-14,7013,6684
DE715,Bergstraße,12584,10-14,6443,6141
DE716,Darmstadt-Dieburg,14705,10-14,7507,7198
DE717,Groß-Gerau,13365,10-14,6866,6499
DE718,Hochtaunuskreis,12740,10-14,6659,6081
DE719,Main-Kinzig-Kreis,19570,10-14,10036,9534
DE71A,Main-Taunus-Kreis,12258,10-14,6368,5890
DE71B,Odenwaldkreis,4200,10-14,2105,2095
DE71C,"Offenbach, Landkreis",17124,10-14,8899,8225
DE71D,Rheingau-Taunus-Kreis,8585,10-14,4442,4143
DE71E,Wetteraukreis,14757,10-14,7579,7178
DE72,Gießen,46965,10-14,23908,23057
DE721,"Gießen, Landkreis",11657,10-14,5931,5726
DE722,Lahn-Dill-Kreis,11994,10-14,6261,5733
DE723,Limburg-Weilburg,8009,10-14,3996,4013
DE724,Marburg-Biedenkopf,10843,10-14,5480,5363
DE725,Vogelsbergkreis,4462,10-14,2240,2222
DE73,Kassel,54142,10-14,27681,26461
DE731,"Kassel, Kreisfreie Stadt",8605,10-14,4404,4201
DE732,Fulda,10385,10-14,5254,5131
DE733,Hersfeld-Rotenburg,5363,10-14,2830,2533
DE734,"Kassel, Landkreis",10240,10-14,5303,4937
DE735,Schwalm-Eder-Kreis,8240,10-14,4160,4080
DE736,Waldeck-Frankenberg,7133,10-14,3617,3516
DE737,Werra-Meißner-Kreis,4176,10-14,2113,2063
DE8,Mecklenburg-Vorpommern,71843,10-14,36591,35252
DE80,Mecklenburg-Vorpommern,71843,10-14,36591,35252
DE803,"Rostock, Kreisfreie Stadt",8128,10-14,4119,4009
DE804,"Schwerin, Kreisfreie Stadt",4305,10-14,2212,2093
DE80J,Mecklenburgische Seenplatte,11383,10-14,5797,5586
DE80K,Landkreis Rostock,10837,10-14,5548,5289
DE80L,Vorpommern-Rügen,9821,10-14,5017,4804
DE80M,Nordwestmecklenburg,7462,10-14,3831,3631
DE80N,Vorpommern-Greifswald,10134,10-14,5050,5084
DE80O,Ludwigslust-Parchim,9773,10-14,5017,4756
DE9,Niedersachsen,366784,10-14,188733,178051
DE91,Braunschweig,69519,10-14,35777,33742
DE911,"Braunschweig, Kreisfreie Stadt",10138,10-14,5179,4959
DE912,"Salzgitter, Kreisfreie Stadt",5257,10-14,2723,2534
DE913,"Wolfsburg, Kreisfreie Stadt",6151,10-14,3259,2892
DE914,Gifhorn,8692,10-14,4457,4235
DE916,Goslar,4873,10-14,2543,2330
DE917,Helmstedt,3943,10-14,2014,1929
DE918,Northeim,5335,10-14,2727,2608
DE91A,Peine,6702,10-14,3356,3346
DE91B,Wolfenbüttel,5174,10-14,2663,2511
DE91C,Göttingen,13254,10-14,6856,6398
DE92,Hannover,95456,10-14,48876,46580
DE922,Diepholz,10185,10-14,5222,4963
DE923,Hameln-Pyrmont,6633,10-14,3369,3264
DE925,Hildesheim,11504,10-14,5857,5647
DE926,Holzminden,2913,10-14,1444,1469
DE927,Nienburg (Weser),5831,10-14,2997,2834
DE928,Schaumburg,6781,10-14,3501,3280
DE929,Region Hannover,51609,10-14,26486,25123
DE93,Lüneburg,80812,10-14,41865,38947
DE931,Celle,8189,10-14,4153,4036
DE932,Cuxhaven,9126,10-14,4745,4381
DE933,Harburg,12525,10-14,6433,6092
DE934,Lüchow-Dannenberg,1952,10-14,1032,920
DE935,"Lüneburg, Landkreis",8481,10-14,4335,4146
DE936,Osterholz,5410,10-14,2817,2593
DE937,Rotenburg (Wümme),7577,10-14,3913,3664
DE938,Heidekreis,6657,10-14,3453,3204
DE939,Stade,10181,10-14,5515,4666
DE93A,Uelzen,3897,10-14,2022,1875
DE93B,Verden,6817,10-14,3447,3370
DE94,Weser-Ems,120997,10-14,62215,58782
DE941,"Delmenhorst, Kreisfreie Stadt",3844,10-14,2013,1831
DE942,"Emden, Kreisfreie Stadt",2351,10-14,1188,1163
DE943,"Oldenburg (Oldenburg), Kreisfreie Stadt",7418,10-14,3785,3633
DE944,"Osnabrück, Kreisfreie Stadt",6841,10-14,3504,3337
DE945,"Wilhelmshaven, Kreisfreie Stadt",3050,10-14,1570,1480
DE946,Ammerland,5989,10-14,3079,2910
DE947,Aurich,8544,10-14,4405,4139
DE948,Cloppenburg,9338,10-14,4932,4406
DE949,Emsland,16305,10-14,8332,7973
DE94A,Friesland (DE),4390,10-14,2264,2126
DE94B,Grafschaft Bentheim,7207,10-14,3716,3491
DE94C,Leer,8120,10-14,4096,4024
DE94D,"Oldenburg, Landkreis",6175,10-14,3183,2992
DE94E,"Osnabrück, Landkreis",17185,10-14,8731,8454
DE94F,Vechta,7750,10-14,4036,3714
DE94G,Wesermarsch,3940,10-14,2033,1907
DE94H,Wittmund,2550,10-14,1348,1202
DEA,Nordrhein-Westfalen,829751,10-14,426423,403328
DEA1,Düsseldorf,240401,10-14,123605,116796
DEA11,"Düsseldorf, Kreisfreie Stadt",26792,10-14,14060,12732
DEA12,"Duisburg, Kreisfreie Stadt",24473,10-14,12495,11978
DEA13,"Essen, Kreisfreie Stadt",25707,10-14,13236,12471
DEA14,"Krefeld, Kreisfreie Stadt",10666,10-14,5516,5150
DEA15,"Mönchengladbach, Kreisfreie Stadt",12193,10-14,6282,5911
DEA16,"Mülheim an der Ruhr, Kreisfreie Stadt",8109,10-14,4160,3949
DEA17,"Oberhausen, Kreisfreie Stadt",9903,10-14,5022,4881
DEA18,"Remscheid, Kreisfreie Stadt",5284,10-14,2744,2540
DEA19,"Solingen, Kreisfreie Stadt",7600,10-14,3915,3685
DEA1A,"Wuppertal, Kreisfreie Stadt",17159,10-14,8913,8246
DEA1B,Kleve,14638,10-14,7565,7073
DEA1C,Mettmann,22576,10-14,11559,11017
DEA1D,Rhein-Kreis Neuss,21884,10-14,11154,10730
DEA1E,Viersen,13204,10-14,6654,6550
DEA1F,Wesel,20213,10-14,10330,9883
DEA2,Köln,204135,10-14,105034,99101
DEA22,"Bonn, Kreisfreie Stadt",15071,10-14,7681,7390
DEA23,"Köln, Kreisfreie Stadt",44382,10-14,22904,21478
DEA24,"Leverkusen, Kreisfreie Stadt",8083,10-14,4143,3940
DEA26,Düren,12563,10-14,6525,6038
DEA27,Rhein-Erft-Kreis,22641,10-14,11626,11015
DEA28,Euskirchen,9223,10-14,4808,4415
DEA29,Heinsberg,12091,10-14,6105,5986
DEA2A,Oberbergischer Kreis,13249,10-14,6667,6582
DEA2B,Rheinisch-Bergischer Kreis,13237,10-14,6873,6364
DEA2C,Rhein-Sieg-Kreis,29193,10-14,15258,13935
DEA2D,Städteregion Aachen,24402,10-14,12444,11958
DEA3,Münster,124079,10-14,63924,60155
DEA31,"Bottrop, Kreisfreie Stadt",5177,10-14,2684,2493
DEA32,"Gelsenkirchen, Kreisfreie Stadt",13694,10-14,7110,6584
DEA33,"Münster, Kreisfreie Stadt",12482,10-14,6460,6022
DEA34,Borken,18867,10-14,9398,9469
DEA35,Coesfeld,10314,10-14,5330,4984
DEA36,Recklinghausen,28527,10-14,14888,13639
DEA37,Steinfurt,21557,10-14,11094,10463
DEA38,Warendorf,13461,10-14,6960,6501
DEA4,Detmold,99697,10-14,50955,48742
DEA41,"Bielefeld, Kreisfreie Stadt",15397,10-14,7907,7490
DEA42,Gütersloh,17517,10-14,8907,8610
DEA43,Herford,12168,10-14,6125,6043
DEA44,Höxter,6429,10-14,3307,3122
DEA45,Lippe,17218,10-14,8830,8388
DEA46,Minden-Lübbecke,15648,10-14,7962,7686
DEA47,Paderborn,15320,10-14,7917,7403
DEA5,Arnsberg,161439,10-14,82905,78534
DEA51,"Bochum, Kreisfreie Stadt",14604,10-14,7608,6996
DEA52,"Dortmund, Kreisfreie Stadt",27548,10-14,13927,13621
DEA53,"Hagen, Kreisfreie Stadt",9261,10-14,4723,4538
DEA54,"Hamm, Kreisfreie Stadt",8671,10-14,4432,4239
DEA55,"Herne, Kreisfreie Stadt",7324,10-14,3770,3554
DEA56,Ennepe-Ruhr-Kreis,13378,10-14,6849,6529
DEA57,Hochsauerlandkreis,11650,10-14,6001,5649
DEA58,Märkischer Kreis,18936,10-14,9781,9155
DEA59,Olpe,6135,10-14,3168,2967
DEA5A,Siegen-Wittgenstein,12515,10-14,6572,5943
DEA5B,Soest,13847,10-14,7077,6770
DEA5C,Unna,17570,10-14,8997,8573
DEB,Rheinland-Pfalz,186303,10-14,95766,90537
DEB1,Koblenz,68841,10-14,35454,33387
DEB11,"Koblenz, Kreisfreie Stadt",4601,10-14,2464,2137
DEB12,Ahrweiler,5468,10-14,2744,2724
DEB13,Altenkirchen (Westerwald),6210,10-14,3155,3055
DEB14,Bad Kreuznach,7639,10-14,3974,3665
DEB15,Birkenfeld,3665,10-14,1872,1793
DEB17,Mayen-Koblenz,9798,10-14,5038,4760
DEB18,Neuwied,8861,10-14,4553,4308
DEB1A,Rhein-Lahn-Kreis,5633,10-14,2943,2690
DEB1B,Westerwaldkreis,9619,10-14,4896,4723
DEB1C,Cochem-Zell,2527,10-14,1336,1191
DEB1D,Rhein-Hunsrück-Kreis,4820,10-14,2479,2341
DEB2,Trier,24031,10-14,12423,11608
DEB21,"Trier, Kreisfreie Stadt",4238,10-14,2150,2088
DEB22,Bernkastel-Wittlich,5113,10-14,2635,2478
DEB23,Eifelkreis Bitburg-Prüm,4862,10-14,2625,2237
DEB24,Vulkaneifel,2564,10-14,1303,1261
DEB25,Trier-Saarburg,7254,10-14,3710,3544
DEB3,Rheinhessen-Pfalz,93431,10-14,47889,45542
DEB31,"Frankenthal (Pfalz), Kreisfreie Stadt",2245,10-14,1157,1088
DEB32,"Kaiserslautern, Kreisfreie Stadt",4123,10-14,2105,2018
DEB33,"Landau in der Pfalz, Kreisfreie Stadt",2000,10-14,1022,978
DEB34,"Ludwigshafen am Rhein, Kreisfreie Stadt",8786,10-14,4497,4289
DEB35,"Mainz, Kreisfreie Stadt",8875,10-14,4449,4426
DEB36,"Neustadt an der Weinstraße, Kreisfreie Stadt",2267,10-14,1175,1092
DEB37,"Pirmasens, Kreisfreie Stadt",1675,10-14,837,838
DEB38,"Speyer, Kreisfreie Stadt",2200,10-14,1122,1078
DEB39,"Worms, Kreisfreie Stadt",4135,10-14,2141,1994
DEB3A,"Zweibrücken, Kreisfreie Stadt",1492,10-14,711,781
DEB3B,Alzey-Worms,6252,10-14,3260,2992
DEB3C,Bad Dürkheim,5767,10-14,2966,2801
DEB3D,Donnersbergkreis,3394,10-14,1714,1680
DEB3E,Germersheim,6034,10-14,3108,2926
DEB3F,"Kaiserslautern, Landkreis",5225,10-14,2746,2479
DEB3G,Kusel,2982,10-14,1511,1471
DEB3H,Südliche Weinstraße,5119,10-14,2636,2483
DEB3I,Rhein-Pfalz-Kreis,7236,10-14,3703,3533
DEB3J,Mainz-Bingen,10015,10-14,5214,4801
DEB3K,Südwestpfalz,3609,10-14,1815,1794
DEC,Saarland,42627,10-14,22066,20561
DEC0,Saarland,42627,10-14,22066,20561
DEC01,Regionalverband Saarbrücken,14142,10-14,7311,6831
DEC02,Merzig-Wadern,4714,10-14,2502,2212
DEC03,Neunkirchen,5547,10-14,2865,2682
DEC04,Saarlouis,8643,10-14,4404,4239
DEC05,Saarpfalz-Kreis,5980,10-14,3130,2850
DEC06,St. Wendel,3601,10-14,1854,1747
DED,Sachsen,190996,10-14,98350,92646
DED2,Dresden,78283,10-14,40191,38092
DED21,"Dresden, Kreisfreie Stadt",27489,10-14,14130,13359
DED2C,Bautzen,14567,10-14,7477,7090
DED2D,Görlitz,11451,10-14,5872,5579
DED2E,Meißen,12083,10-14,6235,5848
DED2F,Sächsische Schweiz-Osterzgebirge,12693,10-14,6477,6216
DED4,Chemnitz,63975,10-14,32929,31046
DED41,"Chemnitz, Kreisfreie Stadt",11129,10-14,5737,5392
DED42,Erzgebirgskreis,15203,10-14,7711,7492
DED43,Mittelsachsen,14079,10-14,7322,6757
DED44,Vogtlandkreis,9686,10-14,4989,4697
DED45,Zwickau,13878,10-14,7170,6708
DED5,Leipzig,48738,10-14,25230,23508
DED51,"Leipzig, Kreisfreie Stadt",26629,10-14,13669,12960
DED52,Leipzig,12689,10-14,6774,5915
DED53,Nordsachsen,9420,10-14,4787,4633
DEE,Sachsen-Anhalt,93944,10-14,48661,45283
DEE0,Sachsen-Anhalt,93944,10-14,48661,45283
DEE01,"Dessau-Roßlau, Kreisfreie Stadt",3069,10-14,1633,1436
DEE02,"Halle (Saale), Kreisfreie Stadt",10217,10-14,5382,4835
DEE03,"Magdeburg, Kreisfreie Stadt",10291,10-14,5446,4845
DEE04,Altmarkkreis Salzwedel,3748,10-14,1937,1811
DEE05,Anhalt-Bitterfeld,6549,10-14,3341,3208
DEE06,Jerichower Land,4030,10-14,2003,2027
DEE07,Börde,7935,10-14,4136,3799
DEE08,Burgenlandkreis,7598,10-14,3958,3640
DEE09,Harz,8537,10-14,4357,4180
DEE0A,Mansfeld-Südharz,5426,10-14,2817,2609
DEE0B,Saalekreis,8481,10-14,4311,4170
DEE0C,Salzlandkreis,7787,10-14,3982,3805
DEE0D,Stendal,4958,10-14,2535,2423
DEE0E,Wittenberg,5318,10-14,2823,2495
DEF,Schleswig-Holstein,134867,10-14,69281,65586
DEF0,Schleswig-Holstein,134867,10-14,69281,65586
DEF01,"Flensburg, Kreisfreie Stadt",4134,10-14,2065,2069
DEF02,"Kiel, Kreisfreie Stadt",10047,10-14,5146,4901
DEF03,"Lübeck, Kreisfreie Stadt",9141,10-14,4754,4387
DEF04,"Neumünster, Kreisfreie Stadt",3550,10-14,1847,1703
DEF05,Dithmarschen,5976,10-14,3052,2924
DEF06,Herzogtum Lauenburg,9957,10-14,5174,4783
DEF07,Nordfriesland,7369,10-14,3799,3570
DEF08,Ostholstein,8270,10-14,4159,4111
DEF09,Pinneberg,15405,10-14,7916,7489
DEF0A,Plön,5917,10-14,2957,2960
DEF0B,Rendsburg-Eckernförde,13077,10-14,6774,6303
DEF0C,Schleswig-Flensburg,9842,10-14,5097,4745
DEF0D,Segeberg,13561,10-14,7009,6552
DEF0E,Steinburg,6062,10-14,3140,2922
DEF0F,Stormarn,12559,10-14,6392,6167
DEG,Thüringen,96990,10-14,49701,47289
DEG0,Thüringen,96990,10-14,49701,47289
DEG01,"Erfurt, Kreisfreie Stadt",10003,10-14,5135,4868
DEG02,"Gera, Kreisfreie Stadt",4372,10-14,2326,2046
DEG03,"Jena, Kreisfreie Stadt",4943,10-14,2504,2439
DEG04,"Suhl, Kreisfreie Stadt (NUTS 2021)",:,10-14,:,:
DEG05,"Weimar, Kreisfreie Stadt",3133,10-14,1585,1548
DEG06,Eichsfeld,5215,10-14,2620,2595
DEG07,Nordhausen,3748,10-14,1941,1807
DEG09,Unstrut-Hainich-Kreis,4649,10-14,2440,2209
DEG0A,Kyffhäuserkreis,3253,10-14,1732,1521
DEG0B,Schmalkalden-Meiningen (NUTS 2021),:,10-14,:,:
DEG0C,Gotha,6314,10-14,3158,3156
DEG0D,Sömmerda,3286,10-14,1746,1540
DEG0E,Hildburghausen,2821,10-14,1418,1403
DEG0F,Ilm-Kreis (NUTS 2021),:,10-14,:,:
DEG0G,Weimarer Land,4352,10-14,2172,2180
DEG0H,Sonneberg (NUTS 2021),:,10-14,:,:
DEG0I,Saalfeld-Rudolstadt (NUTS 2021),:,10-14,:,:
DEG0J,Saale-Holzland-Kreis,3990,10-14,2019,1971
DEG0K,Saale-Orla-Kreis,3664,10-14,1787,1877
DEG0L,Greiz,4134,10-14,2145,1989
DEG0M,Altenburger Land,3792,10-14,1854,1938
DEG0N,"Eisenach, Kreisfreie Stadt (NUTS 2021)",:,10-14,:,:
DEG0P,Wartburgkreis (NUTS 2021),:,10-14,:,:
DEG0Q,Schmalkalden-Meiningen,5406,10-14,2832,2574
DEG0R,Wartburgkreis,7117,10-14,3692,3425
DEG0S,"Suhl, Kreisfreie Stadt",1297,10-14,653,644
DEG0T,Ilm-Kreis,4798,10-14,2503,2295
DEG0U,Saalfeld-Rudolstadt,4438,10-14,2237,2201
DEG0V,Sonneberg,2265,10-14,1202,1063
DE,Germany,3945710,15-19,2051493,1894217
DE1,Baden-Württemberg,551714,15-19,286295,265419
DE11,Stuttgart,202830,15-19,105438,97392
DE111,"Stuttgart, Stadtkreis",27886,15-19,14468,13418
DE112,Böblingen,19369,15-19,10115,9254
DE113,Esslingen,26180,15-19,13692,12488
DE114,Göppingen,12703,15-19,6535,6168
DE115,Ludwigsburg,26054,15-19,13533,12521
DE116,Rems-Murr-Kreis,21604,15-19,11145,10459
DE117,"Heilbronn, Stadtkreis",6857,15-19,3642,3215
DE118,"Heilbronn, Landkreis",17247,15-19,9093,8154
DE119,Hohenlohekreis,5827,15-19,3146,2681
DE11A,Schwäbisch Hall,10109,15-19,5122,4987
DE11B,Main-Tauber-Kreis,6356,15-19,3290,3066
DE11C,Heidenheim,6683,15-19,3460,3223
DE11D,Ostalbkreis,15955,15-19,8197,7758
DE12,Karlsruhe,136657,15-19,71462,65195
DE121,"Baden-Baden, Stadtkreis",2518,15-19,1298,1220
DE122,"Karlsruhe, Stadtkreis",13992,15-19,7454,6538
DE123,"Karlsruhe, Landkreis",21756,15-19,11595,10161
DE124,Rastatt,10941,15-19,5766,5175
DE125,"Heidelberg, Stadtkreis",7850,15-19,3802,4048
DE126,"Mannheim, Stadtkreis",14545,15-19,7558,6987
DE127,Neckar-Odenwald-Kreis,7088,15-19,3729,3359
DE128,Rhein-Neckar-Kreis,27007,15-19,14186,12821
DE129,"Pforzheim, Stadtkreis",7058,15-19,3654,3404
DE12A,Calw,7938,15-19,4122,3816
DE12B,Enzkreis,9726,15-19,5035,4691
DE12C,Freudenstadt,6238,15-19,3263,2975
DE13,Freiburg,116407,15-19,60142,56265
DE131,"Freiburg im Breisgau, Stadtkreis",11647,15-19,5765,5882
DE132,Breisgau-Hochschwarzwald,13508,15-19,7034,6474
DE133,Emmendingen,8492,15-19,4461,4031
DE134,Ortenaukreis,22100,15-19,11430,10670
DE135,Rottweil,7138,15-19,3666,3472
DE136,Schwarzwald-Baar-Kreis,10489,15-19,5442,5047
DE137,Tuttlingen,7744,15-19,4101,3643
DE138,Konstanz,14358,15-19,7386,6972
DE139,Lörrach,12059,15-19,6262,5797
DE13A,Waldshut,8872,15-19,4595,4277
DE14,Tübingen,95820,15-19,49253,46567
DE141,Reutlingen,14754,15-19,7557,7197
DE142,"Tübingen, Landkreis",11783,15-19,5687,6096
DE143,Zollernalbkreis,9366,15-19,4868,4498
DE144,"Ulm, Stadtkreis",6345,15-19,3083,3262
DE145,Alb-Donau-Kreis,10556,15-19,5576,4980
DE146,Biberach,10569,15-19,5565,5004
DE147,Bodenseekreis,10964,15-19,5701,5263
DE148,Ravensburg,14715,15-19,7660,7055
DE149,Sigmaringen,6768,15-19,3556,3212
DE2,Bayern,613647,15-19,319437,294210
DE21,Oberbayern,222421,15-19,115735,106686
DE211,"Ingolstadt, Kreisfreie Stadt",6550,15-19,3435,3115
DE212,"München, Kreisfreie Stadt",63343,15-19,32645,30698
DE213,"Rosenheim, Kreisfreie Stadt",3031,15-19,1584,1447
DE214,Altötting,5367,15-19,2809,2558
DE215,Berchtesgadener Land,4727,15-19,2462,2265
DE216,Bad Tölz-Wolfratshausen,6280,15-19,3375,2905
DE217,Dachau,7377,15-19,3863,3514
DE218,Ebersberg,7450,15-19,3941,3509
DE219,Eichstätt,6964,15-19,3650,3314
DE21A,Erding,6997,15-19,3589,3408
DE21B,Freising,8993,15-19,4797,4196
DE21C,Fürstenfeldbruck,10669,15-19,5592,5077
DE21D,Garmisch-Partenkirchen,3875,15-19,1984,1891
DE21E,Landsberg am Lech,6042,15-19,3074,2968
DE21F,Miesbach,4536,15-19,2432,2104
DE21G,Mühldorf a. Inn,5762,15-19,2987,2775
DE21H,"München, Landkreis",18861,15-19,9818,9043
DE21I,Neuburg-Schrobenhausen,4979,15-19,2532,2447
DE21J,Pfaffenhofen a. d. Ilm,6118,15-19,3203,2915
DE21K,"Rosenheim, Landkreis",12263,15-19,6501,5762
DE21L,Starnberg,7439,15-19,3837,3602
DE21M,Traunstein,8115,15-19,4125,3990
DE21N,Weilheim-Schongau,6683,15-19,3500,3183
DE22,Niederbayern,58784,15-19,30641,28143
DE221,"Landshut, Kreisfreie Stadt",3242,15-19,1660,1582
DE222,"Passau, Kreisfreie Stadt",2221,15-19,1078,1143
DE223,"Straubing, Kreisfreie Stadt",2156,15-19,1145,1011
DE224,Deggendorf,5642,15-19,2910,2732
DE225,Freyung-Grafenau,3437,15-19,1829,1608
DE226,Kelheim,6391,15-19,3409,2982
DE227,"Landshut, Landkreis",8014,15-19,4166,3848
DE228,"Passau, Landkreis",8733,15-19,4695,4038
DE229,Regen,3522,15-19,1791,1731
DE22A,Rottal-Inn,5779,15-19,2995,2784
DE22B,Straubing-Bogen,4935,15-19,2491,2444
DE22C,Dingolfing-Landau,4712,15-19,2472,2240
DE23,Oberpfalz,51262,15-19,26692,24570
DE231,"Amberg, Kreisfreie Stadt",1908,15-19,1003,905
DE232,"Regensburg, Kreisfreie Stadt",6611,15-19,3234,3377
DE233,"Weiden i. d. Opf, Kreisfreie Stadt",1927,15-19,996,931
DE234,Amberg-Sulzbach,4781,15-19,2569,2212
DE235,Cham,5876,15-19,3072,2804
DE236,Neumarkt i. d. OPf.,6468,15-19,3443,3025
DE237,Neustadt a. d. Waldnaab,4305,15-19,2249,2056
DE238,"Regensburg, Landkreis",9361,15-19,4953,4408
DE239,Schwandorf,6867,15-19,3566,3301
DE23A,Tirschenreuth,3158,15-19,1607,1551
DE24,Oberfranken,47212,15-19,24568,22644
DE241,"Bamberg, Kreisfreie Stadt",3212,15-19,1642,1570
DE242,"Bayreuth, Kreisfreie Stadt",3347,15-19,1745,1602
DE243,"Coburg, Kreisfreie Stadt",1829,15-19,949,880
DE244,"Hof, Kreisfreie Stadt",2179,15-19,1089,1090
DE245,"Bamberg, Landkreis",6964,15-19,3659,3305
DE246,"Bayreuth, Landkreis",4711,15-19,2462,2249
DE247,"Coburg, Landkreis",3713,15-19,1972,1741
DE248,Forchheim,5404,15-19,2762,2642
DE249,"Hof, Landkreis",4025,15-19,2103,1922
DE24A,Kronach,2722,15-19,1400,1322
DE24B,Kulmbach,3138,15-19,1698,1440
DE24C,Lichtenfels,2955,15-19,1514,1441
DE24D,Wunsiedel i. Fichtelgebirge,3013,15-19,1573,1440
DE25,Mittelfranken,82581,15-19,42992,39589
DE251,"Ansbach, Kreisfreie Stadt",1890,15-19,953,937
DE252,"Erlangen, Kreisfreie Stadt",5288,15-19,2785,2503
DE253,"Fürth, Kreisfreie Stadt",5693,15-19,2960,2733
DE254,"Nürnberg, Kreisfreie Stadt",24041,15-19,12370,11671
DE255,"Schwabach, Kreisfreie Stadt",1995,15-19,1035,960
DE256,"Ansbach, Landkreis",8998,15-19,4770,4228
DE257,Erlangen-Höchstadt,6777,15-19,3582,3195
DE258,"Fürth, Landkreis",5141,15-19,2668,2473
DE259,Nürnberger Land,7670,15-19,4075,3595
DE25A,Neustadt a. d. Aisch-Bad Windsheim,4767,15-19,2472,2295
DE25B,Roth,5813,15-19,2954,2859
DE25C,Weißenburg-Gunzenhausen,4508,15-19,2368,2140
DE26,Unterfranken,60248,15-19,31489,28759
DE261,"Aschaffenburg, Kreisfreie Stadt",3304,15-19,1694,1610
DE262,"Schweinfurt, Kreisfreie Stadt",2732,15-19,1447,1285
DE263,"Würzburg, Kreisfreie Stadt",5268,15-19,2612,2656
DE264,"Aschaffenburg, Landkreis",7994,15-19,4202,3792
DE265,Bad Kissingen,4542,15-19,2312,2230
DE266,Rhön-Grabfeld,3821,15-19,1957,1864
DE267,Haßberge,3832,15-19,2082,1750
DE268,Kitzingen,4227,15-19,2147,2080
DE269,Miltenberg,6050,15-19,3202,2848
DE26A,Main-Spessart,5690,15-19,3003,2687
DE26B,"Schweinfurt, Landkreis",5321,15-19,2879,2442
DE26C,"Würzburg, Landkreis",7467,15-19,3952,3515
DE27,Schwaben,91139,15-19,47320,43819
DE271,"Augsburg, Kreisfreie Stadt",13601,15-19,7085,6516
DE272,"Kaufbeuren, Kreisfreie Stadt",2291,15-19,1205,1086
DE273,"Kempten (Allgäu), Kreisfreie Stadt",3038,15-19,1603,1435
DE274,"Memmingen, Kreisfreie Stadt",2113,15-19,1048,1065
DE275,Aichach-Friedberg,6639,15-19,3441,3198
DE276,"Augsburg, Landkreis",12647,15-19,6577,6070
DE277,Dillingen a.d. Donau,4843,15-19,2479,2364
DE278,Günzburg,6446,15-19,3407,3039
DE279,Neu-Ulm,8579,15-19,4400,4179
DE27A,Lindau (Bodensee),3744,15-19,1876,1868
DE27B,Ostallgäu,6969,15-19,3582,3387
DE27C,Unterallgäu,6780,15-19,3574,3206
DE27D,Donau-Ries,6530,15-19,3430,3100
DE27E,Oberallgäu,6919,15-19,3613,3306
DE3,Berlin,159983,15-19,82786,77197
DE30,Berlin,159983,15-19,82786,77197
DE300,Berlin,159983,15-19,82786,77197
DE4,Brandenburg,114682,15-19,59889,54793
DE40,Brandenburg,114682,15-19,59889,54793
DE401,"Brandenburg an der Havel, Kreisfreie Stadt",2957,15-19,1501,1456
DE402,"Cottbus, Kreisfreie Stadt",4293,15-19,2190,2103
DE403,"Frankfurt (Oder), Kreisfreie Stadt",2647,15-19,1383,1264
DE404,"Potsdam, Kreisfreie Stadt",8980,15-19,4680,4300
DE405,Barnim,8760,15-19,4523,4237
DE406,Dahme-Spreewald,7602,15-19,3917,3685
DE407,Elbe-Elster,4148,15-19,2171,1977
DE408,Havelland,8021,15-19,4155,3866
DE409,Märkisch-Oderland,8849,15-19,4676,4173
DE40A,Oberhavel,10111,15-19,5266,4845
DE40B,Oberspreewald-Lausitz,4385,15-19,2291,2094
DE40C,Oder-Spree,7933,15-19,4153,3780
DE40D,Ostprignitz-Ruppin,4280,15-19,2277,2003
DE40E,Potsdam-Mittelmark,11066,15-19,5759,5307
DE40F,Prignitz,3092,15-19,1622,1470
DE40G,Spree-Neiße,4497,15-19,2419,2078
DE40H,Teltow-Fläming,8022,15-19,4260,3762
DE40I,Uckermark,5039,15-19,2646,2393
DE5,Bremen,34027,15-19,17846,16181
DE50,Bremen,34027,15-19,17846,16181
DE501,"Bremen, Kreisfreie Stadt",27875,15-19,14633,13242
DE502,"Bremerhaven, Kreisfreie Stadt",6152,15-19,3213,2939
DE6,Hamburg,85213,15-19,44586,40627
DE60,Hamburg,85213,15-19,44586,40627
DE600,Hamburg,85213,15-19,44586,40627
DE7,Hessen,305431,15-19,158228,147203
DE71,Darmstadt,196658,15-19,102177,94481
DE711,"Darmstadt, Kreisfreie Stadt",7982,15-19,4272,3710
DE712,"Frankfurt am Main, Kreisfreie Stadt",33972,15-19,17211,16761
DE713,"Offenbach am Main, Kreisfreie Stadt",6480,15-19,3247,3233
DE714,"Wiesbaden, Kreisfreie Stadt",14321,15-19,7341,6980
DE715,Bergstraße,12951,15-19,6836,6115
DE716,Darmstadt-Dieburg,14860,15-19,7751,7109
DE717,Groß-Gerau,13656,15-19,7107,6549
DE718,Hochtaunuskreis,12794,15-19,6747,6047
DE719,Main-Kinzig-Kreis,20138,15-19,10562,9576
DE71A,Main-Taunus-Kreis,12627,15-19,6645,5982
DE71B,Odenwaldkreis,4365,15-19,2214,2151
DE71C,"Offenbach, Landkreis",17809,15-19,9257,8552
DE71D,Rheingau-Taunus-Kreis,9315,15-19,4948,4367
DE71E,Wetteraukreis,15388,15-19,8039,7349
DE72,Gießen,51471,15-19,26611,24860
DE721,"Gießen, Landkreis",12970,15-19,6598,6372
DE722,Lahn-Dill-Kreis,12501,15-19,6715,5786
DE723,Limburg-Weilburg,8816,15-19,4608,4208
DE724,Marburg-Biedenkopf,12506,15-19,6284,6222
DE725,Vogelsbergkreis,4678,15-19,2406,2272
DE73,Kassel,57302,15-19,29440,27862
DE731,"Kassel, Kreisfreie Stadt",9391,15-19,4670,4721
DE732,Fulda,11106,15-19,5716,5390
DE733,Hersfeld-Rotenburg,5733,15-19,2961,2772
DE734,"Kassel, Landkreis",10566,15-19,5373,5193
DE735,Schwalm-Eder-Kreis,8590,15-19,4475,4115
DE736,Waldeck-Frankenberg,7580,15-19,3994,3586
DE737,Werra-Meißner-Kreis,4336,15-19,2251,2085
DE8,Mecklenburg-Vorpommern,69631,15-19,35954,33677
DE80,Mecklenburg-Vorpommern,69631,15-19,35954,33677
DE803,"Rostock, Kreisfreie Stadt",8962,15-19,4449,4513
DE804,"Schwerin, Kreisfreie Stadt",4409,15-19,2233,2176
DE80J,Mecklenburgische Seenplatte,11020,15-19,5671,5349
DE80K,Landkreis Rostock,9790,15-19,5179,4611
DE80L,Vorpommern-Rügen,9258,15-19,4789,4469
DE80M,Nordwestmecklenburg,7081,15-19,3740,3341
DE80N,Vorpommern-Greifswald,10101,15-19,5124,4977
DE80O,Ludwigslust-Parchim,9010,15-19,4769,4241
DE9,Niedersachsen,388808,15-19,201550,187258
DE91,Braunschweig,73732,15-19,38320,35412
DE911,"Braunschweig, Kreisfreie Stadt",10822,15-19,5509,5313
DE912,"Salzgitter, Kreisfreie Stadt",5393,15-19,2878,2515
DE913,"Wolfsburg, Kreisfreie Stadt",6020,15-19,3195,2825
DE914,Gifhorn,8848,15-19,4548,4300
DE916,Goslar,5636,15-19,3030,2606
DE917,Helmstedt,4168,15-19,2186,1982
DE918,Northeim,5727,15-19,2895,2832
DE91A,Peine,6878,15-19,3563,3315
DE91B,Wolfenbüttel,5434,15-19,2892,2542
DE91C,Göttingen,14806,15-19,7624,7182
DE92,Hannover,101307,15-19,52270,49037
DE922,Diepholz,10766,15-19,5594,5172
DE923,Hameln-Pyrmont,7079,15-19,3709,3370
DE925,Hildesheim,12852,15-19,6588,6264
DE926,Holzminden,2989,15-19,1530,1459
DE927,Nienburg (Weser),6336,15-19,3233,3103
DE928,Schaumburg,7413,15-19,3839,3574
DE929,Region Hannover,53872,15-19,27777,26095
DE93,Lüneburg,84414,15-19,44019,40395
DE931,Celle,8626,15-19,4420,4206
DE932,Cuxhaven,9334,15-19,5013,4321
DE933,Harburg,12842,15-19,6736,6106
DE934,Lüchow-Dannenberg,2201,15-19,1182,1019
DE935,"Lüneburg, Landkreis",8938,15-19,4509,4429
DE936,Osterholz,5349,15-19,2739,2610
DE937,Rotenburg (Wümme),8522,15-19,4490,4032
DE938,Heidekreis,7063,15-19,3633,3430
DE939,Stade,10348,15-19,5478,4870
DE93A,Uelzen,4437,15-19,2349,2088
DE93B,Verden,6754,15-19,3470,3284
DE94,Weser-Ems,129355,15-19,66941,62414
DE941,"Delmenhorst, Kreisfreie Stadt",4150,15-19,2243,1907
DE942,"Emden, Kreisfreie Stadt",2457,15-19,1275,1182
DE943,"Oldenburg (Oldenburg), Kreisfreie Stadt",8115,15-19,4179,3936
DE944,"Osnabrück, Kreisfreie Stadt",7762,15-19,3843,3919
DE945,"Wilhelmshaven, Kreisfreie Stadt",3380,15-19,1760,1620
DE946,Ammerland,6289,15-19,3229,3060
DE947,Aurich,9276,15-19,4919,4357
DE948,Cloppenburg,10087,15-19,5354,4733
DE949,Emsland,17583,15-19,9117,8466
DE94A,Friesland (DE),4471,15-19,2305,2166
DE94B,Grafschaft Bentheim,7374,15-19,3829,3545
DE94C,Leer,8520,15-19,4285,4235
DE94D,"Oldenburg, Landkreis",6550,15-19,3397,3153
DE94E,"Osnabrück, Landkreis",18203,15-19,9357,8846
DE94F,Vechta,8221,15-19,4279,3942
DE94G,Wesermarsch,4238,15-19,2163,2075
DE94H,Wittmund,2679,15-19,1407,1272
DEA,Nordrhein-Westfalen,870483,15-19,452544,417939
DEA1,Düsseldorf,247416,15-19,128610,118806
DEA11,"Düsseldorf, Kreisfreie Stadt",26366,15-19,13720,12646
DEA12,"Duisburg, Kreisfreie Stadt",25171,15-19,13113,12058
DEA13,"Essen, Kreisfreie Stadt",26648,15-19,13784,12864
DEA14,"Krefeld, Kreisfreie Stadt",11224,15-19,5909,5315
DEA15,"Mönchengladbach, Kreisfreie Stadt",13105,15-19,6885,6220
DEA16,"Mülheim an der Ruhr, Kreisfreie Stadt",7760,15-19,3977,3783
DEA17,"Oberhausen, Kreisfreie Stadt",10011,15-19,5086,4925
DEA18,"Remscheid, Kreisfreie Stadt",5526,15-19,2851,2675
DEA19,"Solingen, Kreisfreie Stadt",8125,15-19,4291,3834
DEA1A,"Wuppertal, Kreisfreie Stadt",18224,15-19,9513,8711
DEA1B,Kleve,15467,15-19,8097,7370
DEA1C,Mettmann,23190,15-19,11880,11310
DEA1D,Rhein-Kreis Neuss,22013,15-19,11402,10611
DEA1E,Viersen,13810,15-19,7122,6688
DEA1F,Wesel,20776,15-19,10980,9796
DEA2,Köln,214601,15-19,111458,103143
DEA22,"Bonn, Kreisfreie Stadt",16404,15-19,8427,7977
DEA23,"Köln, Kreisfreie Stadt",45630,15-19,23388,22242
DEA24,"Leverkusen, Kreisfreie Stadt",8338,15-19,4249,4089
DEA26,Düren,13191,15-19,7050,6141
DEA27,Rhein-Erft-Kreis,22876,15-19,11873,11003
DEA28,Euskirchen,9772,15-19,5140,4632
DEA29,Heinsberg,12737,15-19,6684,6053
DEA2A,Oberbergischer Kreis,13571,15-19,6881,6690
DEA2B,Rheinisch-Bergischer Kreis,13577,15-19,7006,6571
DEA2C,Rhein-Sieg-Kreis,30118,15-19,15921,14197
DEA2D,Städteregion Aachen,28387,15-19,14839,13548
DEA3,Münster,131831,15-19,68524,63307
DEA31,"Bottrop, Kreisfreie Stadt",5308,15-19,2733,2575
DEA32,"Gelsenkirchen, Kreisfreie Stadt",14010,15-19,7292,6718
DEA33,"Münster, Kreisfreie Stadt",14683,15-19,7283,7400
DEA34,Borken,19695,15-19,10248,9447
DEA35,Coesfeld,11130,15-19,5735,5395
DEA36,Recklinghausen,29407,15-19,15467,13940
DEA37,Steinfurt,23099,15-19,12199,10900
DEA38,Warendorf,14499,15-19,7567,6932
DEA4,Detmold,106383,15-19,55313,51070
DEA41,"Bielefeld, Kreisfreie Stadt",16895,15-19,8634,8261
DEA42,Gütersloh,18838,15-19,9935,8903
DEA43,Herford,12869,15-19,6610,6259
DEA44,Höxter,6908,15-19,3633,3275
DEA45,Lippe,18022,15-19,9383,8639
DEA46,Minden-Lübbecke,16615,15-19,8650,7965
DEA47,Paderborn,16236,15-19,8468,7768
DEA5,Arnsberg,170252,15-19,88639,81613
DEA51,"Bochum, Kreisfreie Stadt",15381,15-19,7895,7486
DEA52,"Dortmund, Kreisfreie Stadt",28969,15-19,14817,14152
DEA53,"Hagen, Kreisfreie Stadt",9675,15-19,5054,4621
DEA54,"Hamm, Kreisfreie Stadt",9259,15-19,4802,4457
DEA55,"Herne, Kreisfreie Stadt",7538,15-19,4000,3538
DEA56,Ennepe-Ruhr-Kreis,13787,15-19,7095,6692
DEA57,Hochsauerlandkreis,12723,15-19,6677,6046
DEA58,Märkischer Kreis,20073,15-19,10425,9648
DEA59,Olpe,6607,15-19,3490,3117
DEA5A,Siegen-Wittgenstein,12845,15-19,6829,6016
DEA5B,Soest,14771,15-19,7709,7062
DEA5C,Unna,18624,15-19,9846,8778
DEB,Rheinland-Pfalz,192871,15-19,100422,92449
DEB1,Koblenz,71180,15-19,37042,34138
DEB11,"Koblenz, Kreisfreie Stadt",4986,15-19,2586,2400
DEB12,Ahrweiler,5437,15-19,2770,2667
DEB13,Altenkirchen (Westerwald),6370,15-19,3261,3109
DEB14,Bad Kreuznach,7686,15-19,4064,3622
DEB15,Birkenfeld,3860,15-19,2032,1828
DEB17,Mayen-Koblenz,10163,15-19,5275,4888
DEB18,Neuwied,9075,15-19,4710,4365
DEB1A,Rhein-Lahn-Kreis,5842,15-19,3022,2820
DEB1B,Westerwaldkreis,10006,15-19,5242,4764
DEB1C,Cochem-Zell,2825,15-19,1501,1324
DEB1D,Rhein-Hunsrück-Kreis,4930,15-19,2579,2351
DEB2,Trier,25127,15-19,13361,11766
DEB21,"Trier, Kreisfreie Stadt",4749,15-19,2494,2255
DEB22,Bernkastel-Wittlich,5349,15-19,2760,2589
DEB23,Eifelkreis Bitburg-Prüm,5033,15-19,2767,2266
DEB24,Vulkaneifel,2643,15-19,1390,1253
DEB25,Trier-Saarburg,7353,15-19,3950,3403
DEB3,Rheinhessen-Pfalz,96564,15-19,50019,46545
DEB31,"Frankenthal (Pfalz), Kreisfreie Stadt",2265,15-19,1186,1079
DEB32,"Kaiserslautern, Kreisfreie Stadt",4468,15-19,2357,2111
DEB33,"Landau in der Pfalz, Kreisfreie Stadt",2193,15-19,1046,1147
DEB34,"Ludwigshafen am Rhein, Kreisfreie Stadt",8990,15-19,4569,4421
DEB35,"Mainz, Kreisfreie Stadt",9776,15-19,4788,4988
DEB36,"Neustadt an der Weinstraße, Kreisfreie Stadt",2438,15-19,1314,1124
DEB37,"Pirmasens, Kreisfreie Stadt",1822,15-19,1008,814
DEB38,"Speyer, Kreisfreie Stadt",2322,15-19,1244,1078
DEB39,"Worms, Kreisfreie Stadt",4402,15-19,2303,2099
DEB3A,"Zweibrücken, Kreisfreie Stadt",1596,15-19,834,762
DEB3B,Alzey-Worms,6045,15-19,3118,2927
DEB3C,Bad Dürkheim,5948,15-19,3074,2874
DEB3D,Donnersbergkreis,3608,15-19,1837,1771
DEB3E,Germersheim,6385,15-19,3390,2995
DEB3F,"Kaiserslautern, Landkreis",5179,15-19,2745,2434
DEB3G,Kusel,3132,15-19,1650,1482
DEB3H,Südliche Weinstraße,5025,15-19,2642,2383
DEB3I,Rhein-Pfalz-Kreis,7019,15-19,3610,3409
DEB3J,Mainz-Bingen,10248,15-19,5356,4892
DEB3K,Südwestpfalz,3703,15-19,1948,1755
DEC,Saarland,44835,15-19,23539,21296
DEC0,Saarland,44835,15-19,23539,21296
DEC01,Regionalverband Saarbrücken,14828,15-19,7762,7066
DEC02,Merzig-Wadern,5101,15-19,2769,2332
DEC03,Neunkirchen,5940,15-19,3135,2805
DEC04,Saarlouis,9086,15-19,4851,4235
DEC05,Saarpfalz-Kreis,6159,15-19,3160,2999
DEC06,St. Wendel,3721,15-19,1862,1859
DED,Sachsen,184827,15-19,96042,88785
DED2,Dresden,74851,15-19,38764,36087
DED21,"Dresden, Kreisfreie Stadt",27485,15-19,14084,13401
DED2C,Bautzen,13388,15-19,7067,6321
DED2D,Görlitz,11015,15-19,5704,5311
DED2E,Meißen,11200,15-19,5752,5448
DED2F,Sächsische Schweiz-Osterzgebirge,11763,15-19,6157,5606
DED4,Chemnitz,62138,15-19,32642,29496
DED41,"Chemnitz, Kreisfreie Stadt",10887,15-19,5602,5285
DED42,Erzgebirgskreis,14951,15-19,7891,7060
DED43,Mittelsachsen,13241,15-19,7097,6144
DED44,Vogtlandkreis,9533,15-19,5057,4476
DED45,Zwickau,13526,15-19,6995,6531
DED5,Leipzig,47838,15-19,24636,23202
DED51,"Leipzig, Kreisfreie Stadt",26872,15-19,13625,13247
DED52,Leipzig,11969,15-19,6311,5658
DED53,Nordsachsen,8997,15-19,4700,4297
DEE,Sachsen-Anhalt,93563,15-19,49539,44024
DEE0,Sachsen-Anhalt,93563,15-19,49539,44024
DEE01,"Dessau-Roßlau, Kreisfreie Stadt",3033,15-19,1626,1407
DEE02,"Halle (Saale), Kreisfreie Stadt",11288,15-19,5762,5526
DEE03,"Magdeburg, Kreisfreie Stadt",10968,15-19,5884,5084
DEE04,Altmarkkreis Salzwedel,3621,15-19,2011,1610
DEE05,Anhalt-Bitterfeld,6383,15-19,3266,3117
DEE06,Jerichower Land,3697,15-19,1955,1742
DEE07,Börde,7607,15-19,4152,3455
DEE08,Burgenlandkreis,7559,15-19,3994,3565
DEE09,Harz,8619,15-19,4567,4052
DEE0A,Mansfeld-Südharz,5235,15-19,2746,2489
DEE0B,Saalekreis,8120,15-19,4317,3803
DEE0C,Salzlandkreis,7728,15-19,4096,3632
DEE0D,Stendal,4691,15-19,2468,2223
DEE0E,Wittenberg,5014,15-19,2695,2319
DEF,Schleswig-Holstein,142160,15-19,73764,68396
DEF0,Schleswig-Holstein,142160,15-19,73764,68396
DEF01,"Flensburg, Kreisfreie Stadt",4580,15-19,2258,2322
DEF02,"Kiel, Kreisfreie Stadt",11354,15-19,5701,5653
DEF03,"Lübeck, Kreisfreie Stadt",9873,15-19,5115,4758
DEF04,"Neumünster, Kreisfreie Stadt",4108,15-19,2213,1895
DEF05,Dithmarschen,6383,15-19,3258,3125
DEF06,Herzogtum Lauenburg,10245,15-19,5330,4915
DEF07,Nordfriesland,8093,15-19,4226,3867
DEF08,Ostholstein,8687,15-19,4473,4214
DEF09,Pinneberg,15980,15-19,8315,7665
DEF0A,Plön,6188,15-19,3157,3031
DEF0B,Rendsburg-Eckernförde,14010,15-19,7278,6732
DEF0C,Schleswig-Flensburg,10169,15-19,5399,4770
DEF0D,Segeberg,13677,15-19,7250,6427
DEF0E,Steinburg,6304,15-19,3315,2989
DEF0F,Stormarn,12509,15-19,6476,6033
DEG,Thüringen,93835,15-19,49072,44763
DEG0,Thüringen,93835,15-19,49072,44763
DEG01,"Erfurt, Kreisfreie Stadt",10216,15-19,5092,5124
DEG02,"Gera, Kreisfreie Stadt",4241,15-19,2186,2055
DEG03,"Jena, Kreisfreie Stadt",5156,15-19,2539,2617
DEG04,"Suhl, Kreisfreie Stadt (NUTS 2021)",:,15-19,:,:
DEG05,"Weimar, Kreisfreie Stadt",3224,15-19,1621,1603
DEG06,Eichsfeld,4805,15-19,2501,2304
DEG07,Nordhausen,3787,15-19,1975,1812
DEG09,Unstrut-Hainich-Kreis,4553,15-19,2442,2111
DEG0A,Kyffhäuserkreis,3119,15-19,1703,1416
DEG0B,Schmalkalden-Meiningen (NUTS 2021),:,15-19,:,:
DEG0C,Gotha,6031,15-19,3118,2913
DEG0D,Sömmerda,3115,15-19,1735,1380
DEG0E,Hildburghausen,2574,15-19,1390,1184
DEG0F,Ilm-Kreis (NUTS 2021),:,15-19,:,:
DEG0G,Weimarer Land,3982,15-19,2087,1895
DEG0H,Sonneberg (NUTS 2021),:,15-19,:,:
DEG0I,Saalfeld-Rudolstadt (NUTS 2021),:,15-19,:,:
DEG0J,Saale-Holzland-Kreis,3708,15-19,1930,1778
DEG0K,Saale-Orla-Kreis,3310,15-19,1808,1502
DEG0L,Greiz,3930,15-19,2195,1735
DEG0M,Altenburger Land,3715,15-19,1893,1822
DEG0N,"Eisenach, Kreisfreie Stadt (NUTS 2021)",:,15-19,:,:
DEG0P,Wartburgkreis (NUTS 2021),:,15-19,:,:
DEG0Q,Schmalkalden-Meiningen,5119,15-19,2722,2397
DEG0R,Wartburgkreis,6682,15-19,3506,3176
DEG0S,"Suhl, Kreisfreie Stadt",1456,15-19,821,635
DEG0T,Ilm-Kreis,4741,15-19,2493,2248
DEG0U,Saalfeld-Rudolstadt,4104,15-19,2121,1983
DEG0V,Sonneberg,2267,15-19,1194,1073
DE,Germany,4396018,20-24,2292971,2103047
DE1,Baden-Württemberg,635273,20-24,333956,301317
DE11,Stuttgart,224573,20-24,119567,105006
DE111,"Stuttgart, Stadtkreis",39990,20-24,20147,19843
DE112,Böblingen,19225,20-24,10218,9007
DE113,Esslingen,28142,20-24,15303,12839
DE114,Göppingen,13330,20-24,7291,6039
DE115,Ludwigsburg,27070,20-24,14338,12732
DE116,Rems-Murr-Kreis,22432,20-24,12028,10404
DE117,"Heilbronn, Stadtkreis",8575,20-24,4922,3653
DE118,"Heilbronn, Landkreis",18032,20-24,9673,8359
DE119,Hohenlohekreis,6169,20-24,3338,2831
DE11A,Schwäbisch Hall,10546,20-24,5791,4755
DE11B,Main-Tauber-Kreis,6579,20-24,3529,3050
DE11C,Heidenheim,7079,20-24,3917,3162
DE11D,Ostalbkreis,17404,20-24,9072,8332
DE12,Karlsruhe,169847,20-24,90031,79816
DE121,"Baden-Baden, Stadtkreis",2543,20-24,1289,1254
DE122,"Karlsruhe, Stadtkreis",24995,20-24,14470,10525
DE123,"Karlsruhe, Landkreis",21622,20-24,11975,9647
DE124,Rastatt,11006,20-24,6024,4982
DE125,"Heidelberg, Stadtkreis",18425,20-24,8021,10404
DE126,"Mannheim, Stadtkreis",23768,20-24,11974,11794
DE127,Neckar-Odenwald-Kreis,7356,20-24,4165,3191
DE128,Rhein-Neckar-Kreis,26952,20-24,14088,12864
DE129,"Pforzheim, Stadtkreis",8419,20-24,4380,4039
DE12A,Calw,8253,20-24,4557,3696
DE12B,Enzkreis,10043,20-24,5495,4548
DE12C,Freudenstadt,6465,20-24,3593,2872
DE13,Freiburg,130709,20-24,67141,63568
DE131,"Freiburg im Breisgau, Stadtkreis",21648,20-24,8902,12746
DE132,Breisgau-Hochschwarzwald,13232,20-24,7108,6124
DE133,Emmendingen,8250,20-24,4559,3691
DE134,Ortenaukreis,22733,20-24,12330,10403
DE135,Rottweil,6877,20-24,3774,3103
DE136,Schwarzwald-Baar-Kreis,11302,20-24,6011,5291
DE137,Tuttlingen,7750,20-24,4219,3531
DE138,Konstanz,19367,20-24,9611,9756
DE139,Lörrach,11299,20-24,6176,5123
DE13A,Waldshut,8251,20-24,4451,3800
DE14,Tübingen,110144,20-24,57217,52927
DE141,Reutlingen,15911,20-24,8527,7384
DE142,"Tübingen, Landkreis",19496,20-24,8833,10663
DE143,Zollernalbkreis,9719,20-24,5293,4426
DE144,"Ulm, Stadtkreis",9501,20-24,4638,4863
DE145,Alb-Donau-Kreis,10684,20-24,5783,4901
DE146,Biberach,10722,20-24,5918,4804
DE147,Bodenseekreis,10461,20-24,5625,4836
DE148,Ravensburg,16485,20-24,8661,7824
DE149,Sigmaringen,7165,20-24,3939,3226
DE2,Bayern,707315,20-24,372187,335128
DE21,Oberbayern,256970,20-24,134244,122726
DE211,"Ingolstadt, Kreisfreie Stadt",8238,20-24,4673,3565
DE212,"München, Kreisfreie Stadt",91443,20-24,45361,46082
DE213,"Rosenheim, Kreisfreie Stadt",3931,20-24,2113,1818
DE214,Altötting,5661,20-24,2981,2680
DE215,Berchtesgadener Land,5142,20-24,2643,2499
DE216,Bad Tölz-Wolfratshausen,6245,20-24,3210,3035
DE217,Dachau,7602,20-24,4185,3417
DE218,Ebersberg,7235,20-24,3904,3331
DE219,Eichstätt,7311,20-24,3854,3457
DE21A,Erding,7443,20-24,3864,3579
DE21B,Freising,11334,20-24,6053,5281
DE21C,Fürstenfeldbruck,10643,20-24,5550,5093
DE21D,Garmisch-Partenkirchen,4267,20-24,2238,2029
DE21E,Landsberg am Lech,5685,20-24,3080,2605
DE21F,Miesbach,4473,20-24,2470,2003
DE21G,Mühldorf a. Inn,6382,20-24,3450,2932
DE21H,"München, Landkreis",19293,20-24,10661,8632
DE21I,Neuburg-Schrobenhausen,5080,20-24,2740,2340
DE21J,Pfaffenhofen a. d. Ilm,6399,20-24,3490,2909
DE21K,"Rosenheim, Landkreis",12072,20-24,6462,5610
DE21L,Starnberg,6477,20-24,3417,3060
DE21M,Traunstein,8041,20-24,4331,3710
DE21N,Weilheim-Schongau,6573,20-24,3514,3059
DE22,Niederbayern,67521,20-24,36040,31481
DE221,"Landshut, Kreisfreie Stadt",4006,20-24,2003,2003
DE222,"Passau, Kreisfreie Stadt",4573,20-24,2104,2469
DE223,"Straubing, Kreisfreie Stadt",2927,20-24,1497,1430
DE224,Deggendorf,7178,20-24,3926,3252
DE225,Freyung-Grafenau,3901,20-24,2111,1790
DE226,Kelheim,6715,20-24,3633,3082
DE227,"Landshut, Landkreis",8007,20-24,4309,3698
DE228,"Passau, Landkreis",9519,20-24,5048,4471
DE229,Regen,3807,20-24,2052,1755
DE22A,Rottal-Inn,6177,20-24,3299,2878
DE22B,Straubing-Bogen,5196,20-24,2914,2282
DE22C,Dingolfing-Landau,5515,20-24,3144,2371
DE23,Oberpfalz,61012,20-24,32170,28842
DE231,"Amberg, Kreisfreie Stadt",2307,20-24,1257,1050
DE232,"Regensburg, Kreisfreie Stadt",12240,20-24,5888,6352
DE233,"Weiden i. d. Opf, Kreisfreie Stadt",2509,20-24,1302,1207
DE234,Amberg-Sulzbach,5108,20-24,2729,2379
DE235,Cham,6412,20-24,3463,2949
DE236,Neumarkt i. d. OPf.,7252,20-24,3940,3312
DE237,Neustadt a. d. Waldnaab,4812,20-24,2591,2221
DE238,"Regensburg, Landkreis",9381,20-24,5051,4330
DE239,Schwandorf,7584,20-24,4126,3458
DE23A,Tirschenreuth,3407,20-24,1823,1584
DE24,Oberfranken,55020,20-24,29616,25404
DE241,"Bamberg, Kreisfreie Stadt",5200,20-24,2648,2552
DE242,"Bayreuth, Kreisfreie Stadt",6736,20-24,3469,3267
DE243,"Coburg, Kreisfreie Stadt",2571,20-24,1300,1271
DE244,"Hof, Kreisfreie Stadt",2794,20-24,1564,1230
DE245,"Bamberg, Landkreis",6986,20-24,3829,3157
DE246,"Bayreuth, Landkreis",4637,20-24,2601,2036
DE247,"Coburg, Landkreis",3636,20-24,2037,1599
DE248,Forchheim,5520,20-24,2978,2542
DE249,"Hof, Landkreis",4103,20-24,2223,1880
DE24A,Kronach,2965,20-24,1675,1290
DE24B,Kulmbach,3435,20-24,1891,1544
DE24C,Lichtenfels,3160,20-24,1696,1464
DE24D,Wunsiedel i. Fichtelgebirge,3277,20-24,1705,1572
DE25,Mittelfranken,95015,20-24,49719,45296
DE251,"Ansbach, Kreisfreie Stadt",2278,20-24,1178,1100
DE252,"Erlangen, Kreisfreie Stadt",9136,20-24,4643,4493
DE253,"Fürth, Kreisfreie Stadt",6991,20-24,3619,3372
DE254,"Nürnberg, Kreisfreie Stadt",30859,20-24,15729,15130
DE255,"Schwabach, Kreisfreie Stadt",1923,20-24,955,968
DE256,"Ansbach, Landkreis",9550,20-24,5115,4435
DE257,Erlangen-Höchstadt,6253,20-24,3319,2934
DE258,"Fürth, Landkreis",5096,20-24,2682,2414
DE259,Nürnberger Land,7363,20-24,4016,3347
DE25A,Neustadt a. d. Aisch-Bad Windsheim,4781,20-24,2650,2131
DE25B,Roth,6085,20-24,3303,2782
DE25C,Weißenburg-Gunzenhausen,4700,20-24,2510,2190
DE26,Unterfranken,69337,20-24,36089,33248
DE261,"Aschaffenburg, Kreisfreie Stadt",3880,20-24,2000,1880
DE262,"Schweinfurt, Kreisfreie Stadt",3483,20-24,2125,1358
DE263,"Würzburg, Kreisfreie Stadt",12476,20-24,5264,7212
DE264,"Aschaffenburg, Landkreis",7655,20-24,4139,3516
DE265,Bad Kissingen,4627,20-24,2429,2198
DE266,Rhön-Grabfeld,3789,20-24,2057,1732
DE267,Haßberge,4087,20-24,2186,1901
DE268,Kitzingen,4547,20-24,2466,2081
DE269,Miltenberg,6171,20-24,3392,2779
DE26A,Main-Spessart,5758,20-24,3161,2597
DE26B,"Schweinfurt, Landkreis",5314,20-24,2869,2445
DE26C,"Würzburg, Landkreis",7550,20-24,4001,3549
DE27,Schwaben,102440,20-24,54309,48131
DE271,"Augsburg, Kreisfreie Stadt",19990,20-24,9843,10147
DE272,"Kaufbeuren, Kreisfreie Stadt",2370,20-24,1198,1172
DE273,"Kempten (Allgäu), Kreisfreie Stadt",3964,20-24,2004,1960
DE274,"Memmingen, Kreisfreie Stadt",2439,20-24,1298,1141
DE275,Aichach-Friedberg,6711,20-24,3607,3104
DE276,"Augsburg, Landkreis",12736,20-24,6817,5919
DE277,Dillingen a.d. Donau,5044,20-24,2681,2363
DE278,Günzburg,7005,20-24,3868,3137
DE279,Neu-Ulm,10058,20-24,5359,4699
DE27A,Lindau (Bodensee),3836,20-24,2243,1593
DE27B,Ostallgäu,6933,20-24,3820,3113
DE27C,Unterallgäu,7513,20-24,4133,3380
DE27D,Donau-Ries,6817,20-24,3686,3131
DE27E,Oberallgäu,7024,20-24,3752,3272
DE3,Berlin,198753,20-24,99041,99712
DE30,Berlin,198753,20-24,99041,99712
DE300,Berlin,198753,20-24,99041,99712
DE4,Brandenburg,101388,20-24,54661,46727
DE40,Brandenburg,101388,20-24,54661,46727
DE401,"Brandenburg an der Havel, Kreisfreie Stadt",3318,20-24,1709,1609
DE402,"Cottbus, Kreisfreie Stadt",5075,20-24,2681,2394
DE403,"Frankfurt (Oder), Kreisfreie Stadt",3046,20-24,1554,1492
DE404,"Potsdam, Kreisfreie Stadt",10810,20-24,5258,5552
DE405,Barnim,7111,20-24,3740,3371
DE406,Dahme-Spreewald,6678,20-24,3590,3088
DE407,Elbe-Elster,3049,20-24,1702,1347
DE408,Havelland,7061,20-24,3825,3236
DE409,Märkisch-Oderland,6715,20-24,3687,3028
DE40A,Oberhavel,8587,20-24,4538,4049
DE40B,Oberspreewald-Lausitz,3722,20-24,2013,1709
DE40C,Oder-Spree,6671,20-24,3872,2799
DE40D,Ostprignitz-Ruppin,3865,20-24,2121,1744
DE40E,Potsdam-Mittelmark,8357,20-24,4696,3661
DE40F,Prignitz,2795,20-24,1621,1174
DE40G,Spree-Neiße,3274,20-24,1843,1431
DE40H,Teltow-Fläming,7267,20-24,4011,3256
DE40I,Uckermark,3987,20-24,2200,1787
DE5,Bremen,44105,20-24,22627,21478
DE50,Bremen,44105,20-24,22627,21478
DE501,"Bremen, Kreisfreie Stadt",36681,20-24,18870,17811
DE502,"Bremerhaven, Kreisfreie Stadt",7424,20-24,3757,3667
DE6,Hamburg,108977,20-24,54054,54923
DE60,Hamburg,108977,20-24,54054,54923
DE600,Hamburg,108977,20-24,54054,54923
DE7,Hessen,338992,20-24,176954,162038
DE71,Darmstadt,213744,20-24,112849,100895
DE711,"Darmstadt, Kreisfreie Stadt",14617,20-24,8319,6298
DE712,"Frankfurt am Main, Kreisfreie Stadt",45035,20-24,22087,22948
DE713,"Offenbach am Main, Kreisfreie Stadt",7901,20-24,4057,3844
DE714,"Wiesbaden, Kreisfreie Stadt",17340,20-24,8693,8647
DE715,Bergstraße,12706,20-24,6938,5768
DE716,Darmstadt-Dieburg,14681,20-24,7975,6706
DE717,Groß-Gerau,14113,20-24,7673,6440
DE718,Hochtaunuskreis,10434,20-24,5752,4682
DE719,Main-Kinzig-Kreis,20745,20-24,11031,9714
DE71A,Main-Taunus-Kreis,10633,20-24,5759,4874
DE71B,Odenwaldkreis,4252,20-24,2294,1958
DE71C,"Offenbach, Landkreis",17929,20-24,9476,8453
DE71D,Rheingau-Taunus-Kreis,8549,20-24,4592,3957
DE71E,Wetteraukreis,14809,20-24,8203,6606
DE72,Gießen,63816,20-24,31806,32010
DE721,"Gießen, Landkreis",19990,20-24,9242,10748
DE722,Lahn-Dill-Kreis,12521,20-24,6854,5667
DE723,Limburg-Weilburg,8754,20-24,4796,3958
DE724,Marburg-Biedenkopf,18257,20-24,8603,9654
DE725,Vogelsbergkreis,4294,20-24,2311,1983
DE73,Kassel,61432,20-24,32299,29133
DE731,"Kassel, Kreisfreie Stadt",13546,20-24,6365,7181
DE732,Fulda,12290,20-24,6428,5862
DE733,Hersfeld-Rotenburg,5339,20-24,2854,2485
DE734,"Kassel, Landkreis",9963,20-24,5342,4621
DE735,Schwalm-Eder-Kreis,8343,20-24,4645,3698
DE736,Waldeck-Frankenberg,7506,20-24,4090,3416
DE737,Werra-Meißner-Kreis,4445,20-24,2575,1870
DE8,Mecklenburg-Vorpommern,67371,20-24,34814,32557
DE80,Mecklenburg-Vorpommern,67371,20-24,34814,32557
DE803,"Rostock, Kreisfreie Stadt",14542,20-24,7003,7539
DE804,"Schwerin, Kreisfreie Stadt",5067,20-24,2583,2484
DE80J,Mecklenburgische Seenplatte,9066,20-24,4943,4123
DE80K,Landkreis Rostock,6909,20-24,3807,3102
DE80L,Vorpommern-Rügen,7905,20-24,4212,3693
DE80M,Nordwestmecklenburg,6072,20-24,3297,2775
DE80N,Vorpommern-Greifswald,10825,20-24,5206,5619
DE80O,Ludwigslust-Parchim,6985,20-24,3763,3222
DE9,Niedersachsen,423201,20-24,220656,202545
DE91,Braunschweig,84958,20-24,44550,40408
DE911,"Braunschweig, Kreisfreie Stadt",16429,20-24,8415,8014
DE912,"Salzgitter, Kreisfreie Stadt",5777,20-24,3065,2712
DE913,"Wolfsburg, Kreisfreie Stadt",6613,20-24,3393,3220
DE914,Gifhorn,7593,20-24,4114,3479
DE916,Goslar,6211,20-24,3481,2730
DE917,Helmstedt,3734,20-24,2044,1690
DE918,Northeim,5687,20-24,3036,2651
DE91A,Peine,6490,20-24,3526,2964
DE91B,Wolfenbüttel,5409,20-24,2944,2465
DE91C,Göttingen,21015,20-24,10532,10483
DE92,Hannover,112420,20-24,57786,54634
DE922,Diepholz,10448,20-24,5629,4819
DE923,Hameln-Pyrmont,6857,20-24,3719,3138
DE925,Hildesheim,14898,20-24,7416,7482
DE926,Holzminden,3220,20-24,1778,1442
DE927,Nienburg (Weser),6000,20-24,3183,2817
DE928,Schaumburg,7333,20-24,3816,3517
DE929,Region Hannover,63664,20-24,32245,31419
DE93,Lüneburg,82462,20-24,43648,38814
DE931,Celle,7952,20-24,4245,3707
DE932,Cuxhaven,8553,20-24,4619,3934
DE933,Harburg,12277,20-24,6901,5376
DE934,Lüchow-Dannenberg,1833,20-24,999,834
DE935,"Lüneburg, Landkreis",10558,20-24,4899,5659
DE936,Osterholz,4879,20-24,2568,2311
DE937,Rotenburg (Wümme),8534,20-24,4627,3907
DE938,Heidekreis,6972,20-24,3792,3180
DE939,Stade,10181,20-24,5249,4932
DE93A,Uelzen,4243,20-24,2326,1917
DE93B,Verden,6480,20-24,3423,3057
DE94,Weser-Ems,143361,20-24,74672,68689
DE941,"Delmenhorst, Kreisfreie Stadt",4483,20-24,2361,2122
DE942,"Emden, Kreisfreie Stadt",3047,20-24,1587,1460
DE943,"Oldenburg (Oldenburg), Kreisfreie Stadt",12773,20-24,5995,6778
DE944,"Osnabrück, Kreisfreie Stadt",14876,20-24,6556,8320
DE945,"Wilhelmshaven, Kreisfreie Stadt",4298,20-24,2239,2059
DE946,Ammerland,6015,20-24,3238,2777
DE947,Aurich,9076,20-24,4786,4290
DE948,Cloppenburg,10719,20-24,5751,4968
DE949,Emsland,18159,20-24,10039,8120
DE94A,Friesland (DE),4296,20-24,2316,1980
DE94B,Grafschaft Bentheim,7285,20-24,4017,3268
DE94C,Leer,8417,20-24,4469,3948
DE94D,"Oldenburg, Landkreis",6404,20-24,3428,2976
DE94E,"Osnabrück, Landkreis",17501,20-24,9422,8079
DE94F,Vechta,8923,20-24,4588,4335
DE94G,Wesermarsch,4429,20-24,2457,1972
DE94H,Wittmund,2660,20-24,1423,1237
DEA,Nordrhein-Westfalen,980422,20-24,509159,471263
DEA1,Düsseldorf,265986,20-24,137244,128742
DEA11,"Düsseldorf, Kreisfreie Stadt",32939,20-24,15553,17386
DEA12,"Duisburg, Kreisfreie Stadt",28581,20-24,14757,13824
DEA13,"Essen, Kreisfreie Stadt",30677,20-24,15565,15112
DEA14,"Krefeld, Kreisfreie Stadt",11999,20-24,6189,5810
DEA15,"Mönchengladbach, Kreisfreie Stadt",14884,20-24,7919,6965
DEA16,"Mülheim an der Ruhr, Kreisfreie Stadt",8064,20-24,4327,3737
DEA17,"Oberhausen, Kreisfreie Stadt",10247,20-24,5153,5094
DEA18,"Remscheid, Kreisfreie Stadt",5830,20-24,3110,2720
DEA19,"Solingen, Kreisfreie Stadt",8335,20-24,4250,4085
DEA1A,"Wuppertal, Kreisfreie Stadt",20931,20-24,10569,10362
DEA1B,Kleve,16978,20-24,8992,7986
DEA1C,Mettmann,21849,20-24,11541,10308
DEA1D,Rhein-Kreis Neuss,20915,20-24,11195,9720
DEA1E,Viersen,13549,20-24,7363,6186
DEA1F,Wesel,20208,20-24,10761,9447
DEA2,Köln,256680,20-24,133508,123172
DEA22,"Bonn, Kreisfreie Stadt",23281,20-24,10888,12393
DEA23,"Köln, Kreisfreie Stadt",62613,20-24,29409,33204
DEA24,"Leverkusen, Kreisfreie Stadt",8631,20-24,4568,4063
DEA26,Düren,14366,20-24,7758,6608
DEA27,Rhein-Erft-Kreis,23621,20-24,12376,11245
DEA28,Euskirchen,9862,20-24,5424,4438
DEA29,Heinsberg,12449,20-24,6793,5656
DEA2A,Oberbergischer Kreis,13625,20-24,7388,6237
DEA2B,Rheinisch-Bergischer Kreis,12581,20-24,6730,5851
DEA2C,Rhein-Sieg-Kreis,29753,20-24,15925,13828
DEA2D,Städteregion Aachen,45898,20-24,26249,19649
DEA3,Münster,150265,20-24,77460,72805
DEA31,"Bottrop, Kreisfreie Stadt",5747,20-24,3069,2678
DEA32,"Gelsenkirchen, Kreisfreie Stadt",15091,20-24,7818,7273
DEA33,"Münster, Kreisfreie Stadt",30720,20-24,13141,17579
DEA34,Borken,19769,20-24,10885,8884
DEA35,Coesfeld,10746,20-24,5995,4751
DEA36,Recklinghausen,29786,20-24,15798,13988
DEA37,Steinfurt,24090,20-24,13162,10928
DEA38,Warendorf,14316,20-24,7592,6724
DEA4,Detmold,115282,20-24,60553,54729
DEA41,"Bielefeld, Kreisfreie Stadt",22117,20-24,10475,11642
DEA42,Gütersloh,19421,20-24,10453,8968
DEA43,Herford,12669,20-24,7102,5567
DEA44,Höxter,6787,20-24,3881,2906
DEA45,Lippe,17705,20-24,9413,8292
DEA46,Minden-Lübbecke,16240,20-24,8635,7605
DEA47,Paderborn,20343,20-24,10594,9749
DEA5,Arnsberg,192209,20-24,100394,91815
DEA51,"Bochum, Kreisfreie Stadt",22535,20-24,11160,11375
DEA52,"Dortmund, Kreisfreie Stadt",36568,20-24,18609,17959
DEA53,"Hagen, Kreisfreie Stadt",10765,20-24,5365,5400
DEA54,"Hamm, Kreisfreie Stadt",10510,20-24,5531,4979
DEA55,"Herne, Kreisfreie Stadt",8900,20-24,4473,4427
DEA56,Ennepe-Ruhr-Kreis,14741,20-24,7685,7056
DEA57,Hochsauerlandkreis,12834,20-24,7046,5788
DEA58,Märkischer Kreis,19812,20-24,10511,9301
DEA59,Olpe,6743,20-24,3752,2991
DEA5A,Siegen-Wittgenstein,15011,20-24,7866,7145
DEA5B,Soest,14674,20-24,7974,6700
DEA5C,Unna,19116,20-24,10422,8694
DEB,Rheinland-Pfalz,210750,20-24,110150,100600
DEB1,Koblenz,73455,20-24,38875,34580
DEB11,"Koblenz, Kreisfreie Stadt",7692,20-24,3696,3996
DEB12,Ahrweiler,5756,20-24,3077,2679
DEB13,Altenkirchen (Westerwald),6104,20-24,3306,2798
DEB14,Bad Kreuznach,7475,20-24,3946,3529
DEB15,Birkenfeld,4032,20-24,2211,1821
DEB17,Mayen-Koblenz,10317,20-24,5496,4821
DEB18,Neuwied,9195,20-24,4870,4325
DEB1A,Rhein-Lahn-Kreis,5514,20-24,2952,2562
DEB1B,Westerwaldkreis,9527,20-24,5022,4505
DEB1C,Cochem-Zell,2906,20-24,1618,1288
DEB1D,Rhein-Hunsrück-Kreis,4937,20-24,2681,2256
DEB2,Trier,27500,20-24,14375,13125
DEB21,"Trier, Kreisfreie Stadt",8389,20-24,3976,4413
DEB22,Bernkastel-Wittlich,5146,20-24,2730,2416
DEB23,Eifelkreis Bitburg-Prüm,4738,20-24,2631,2107
DEB24,Vulkaneifel,2569,20-24,1380,1189
DEB25,Trier-Saarburg,6658,20-24,3658,3000
DEB3,Rheinhessen-Pfalz,109795,20-24,56900,52895
DEB31,"Frankenthal (Pfalz), Kreisfreie Stadt",2367,20-24,1311,1056
DEB32,"Kaiserslautern, Kreisfreie Stadt",6952,20-24,3824,3128
DEB33,"Landau in der Pfalz, Kreisfreie Stadt",3758,20-24,1493,2265
DEB34,"Ludwigshafen am Rhein, Kreisfreie Stadt",10311,20-24,5440,4871
DEB35,"Mainz, Kreisfreie Stadt",19516,20-24,8823,10693
DEB36,"Neustadt an der Weinstraße, Kreisfreie Stadt",2352,20-24,1219,1133
DEB37,"Pirmasens, Kreisfreie Stadt",2048,20-24,1047,1001
DEB38,"Speyer, Kreisfreie Stadt",2520,20-24,1406,1114
DEB39,"Worms, Kreisfreie Stadt",4964,20-24,2582,2382
DEB3A,"Zweibrücken, Kreisfreie Stadt",1736,20-24,950,786
DEB3B,Alzey-Worms,6140,20-24,3316,2824
DEB3C,Bad Dürkheim,5290,20-24,2801,2489
DEB3D,Donnersbergkreis,3421,20-24,1850,1571
DEB3E,Germersheim,6397,20-24,3352,3045
DEB3F,"Kaiserslautern, Landkreis",4744,20-24,2515,2229
DEB3G,Kusel,3107,20-24,1779,1328
DEB3H,Südliche Weinstraße,4861,20-24,2665,2196
DEB3I,Rhein-Pfalz-Kreis,6619,20-24,3619,3000
DEB3J,Mainz-Bingen,9113,20-24,4939,4174
DEB3K,Südwestpfalz,3579,20-24,1969,1610
DEC,Saarland,49569,20-24,25903,23666
DEC0,Saarland,49569,20-24,25903,23666
DEC01,Regionalverband Saarbrücken,18495,20-24,9427,9068
DEC02,Merzig-Wadern,5087,20-24,2671,2416
DEC03,Neunkirchen,6154,20-24,3263,2891
DEC04,Saarlouis,9509,20-24,5237,4272
DEC05,Saarpfalz-Kreis,6742,20-24,3411,3331
DEC06,St. Wendel,3582,20-24,1894,1688
DED,Sachsen,190778,20-24,99935,90843
DED2,Dresden,73020,20-24,38858,34162
DED21,"Dresden, Kreisfreie Stadt",37053,20-24,19011,18042
DED2C,Bautzen,9934,20-24,5526,4408
DED2D,Görlitz,8700,20-24,4734,3966
DED2E,Meißen,8520,20-24,4724,3796
DED2F,Sächsische Schweiz-Osterzgebirge,8813,20-24,4863,3950
DED4,Chemnitz,56875,20-24,31009,25866
DED41,"Chemnitz, Kreisfreie Stadt",12968,20-24,6750,6218
DED42,Erzgebirgskreis,11679,20-24,6455,5224
DED43,Mittelsachsen,11748,20-24,6505,5243
DED44,Vogtlandkreis,8094,20-24,4412,3682
DED45,Zwickau,12386,20-24,6887,5499
DED5,Leipzig,60883,20-24,30068,30815
DED51,"Leipzig, Kreisfreie Stadt",44239,20-24,20746,23493
DED52,Leipzig,9070,20-24,4892,4178
DED53,Nordsachsen,7574,20-24,4430,3144
DEE,Sachsen-Anhalt,93396,20-24,49887,43509
DEE0,Sachsen-Anhalt,93396,20-24,49887,43509
DEE01,"Dessau-Roßlau, Kreisfreie Stadt",2818,20-24,1476,1342
DEE02,"Halle (Saale), Kreisfreie Stadt",16981,20-24,8053,8928
DEE03,"Magdeburg, Kreisfreie Stadt",16137,20-24,8326,7811
DEE04,Altmarkkreis Salzwedel,2843,20-24,1581,1262
DEE05,Anhalt-Bitterfeld,5772,20-24,3257,2515
DEE06,Jerichower Land,3006,20-24,1704,1302
DEE07,Börde,5762,20-24,3277,2485
DEE08,Burgenlandkreis,6291,20-24,3463,2828
DEE09,Harz,7916,20-24,4476,3440
DEE0A,Mansfeld-Südharz,4545,20-24,2536,2009
DEE0B,Saalekreis,6565,20-24,3660,2905
DEE0C,Salzlandkreis,6798,20-24,3613,3185
DEE0D,Stendal,3940,20-24,2151,1789
DEE0E,Wittenberg,4022,20-24,2314,1708
DEF,Schleswig-Holstein,149911,20-24,78100,71811
DEF0,Schleswig-Holstein,149911,20-24,78100,71811
DEF01,"Flensburg, Kreisfreie Stadt",7996,20-24,3718,4278
DEF02,"Kiel, Kreisfreie Stadt",21150,20-24,9910,11240
DEF03,"Lübeck, Kreisfreie Stadt",12967,20-24,6293,6674
DEF04,"Neumünster, Kreisfreie Stadt",4519,20-24,2393,2126
DEF05,Dithmarschen,6521,20-24,3525,2996
DEF06,Herzogtum Lauenburg,9168,20-24,4869,4299
DEF07,Nordfriesland,8147,20-24,4366,3781
DEF08,Ostholstein,8275,20-24,4430,3845
DEF09,Pinneberg,15181,20-24,8121,7060
DEF0A,Plön,5090,20-24,2813,2277
DEF0B,Rendsburg-Eckernförde,12360,20-24,6827,5533
DEF0C,Schleswig-Flensburg,8714,20-24,4604,4110
DEF0D,Segeberg,13148,20-24,7263,5885
DEF0E,Steinburg,6152,20-24,3298,2854
DEF0F,Stormarn,10523,20-24,5670,4853
DEG,Thüringen,95817,20-24,50887,44930
DEG0,Thüringen,95817,20-24,50887,44930
DEG01,"Erfurt, Kreisfreie Stadt",14345,20-24,6725,7620
DEG02,"Gera, Kreisfreie Stadt",4541,20-24,2387,2154
DEG03,"Jena, Kreisfreie Stadt",8820,20-24,4188,4632
DEG04,"Suhl, Kreisfreie Stadt (NUTS 2021)",:,20-24,:,:
DEG05,"Weimar, Kreisfreie Stadt",4402,20-24,2097,2305
DEG06,Eichsfeld,3920,20-24,2166,1754
DEG07,Nordhausen,3470,20-24,1915,1555
DEG09,Unstrut-Hainich-Kreis,3696,20-24,2050,1646
DEG0A,Kyffhäuserkreis,2713,20-24,1541,1172
DEG0B,Schmalkalden-Meiningen (NUTS 2021),:,20-24,:,:
DEG0C,Gotha,5887,20-24,3253,2634
DEG0D,Sömmerda,2539,20-24,1384,1155
DEG0E,Hildburghausen,2126,20-24,1205,921
DEG0F,Ilm-Kreis (NUTS 2021),:,20-24,:,:
DEG0G,Weimarer Land,3100,20-24,1713,1387
DEG0H,Sonneberg (NUTS 2021),:,20-24,:,:
DEG0I,Saalfeld-Rudolstadt (NUTS 2021),:,20-24,:,:
DEG0J,Saale-Holzland-Kreis,3389,20-24,1854,1535
DEG0K,Saale-Orla-Kreis,2980,20-24,1637,1343
DEG0L,Greiz,3122,20-24,1793,1329
DEG0M,Altenburger Land,3146,20-24,1727,1419
DEG0N,"Eisenach, Kreisfreie Stadt (NUTS 2021)",:,20-24,:,:
DEG0P,Wartburgkreis (NUTS 2021),:,20-24,:,:
DEG0Q,Schmalkalden-Meiningen,4947,20-24,2773,2174
DEG0R,Wartburgkreis,6140,20-24,3328,2812
DEG0S,"Suhl, Kreisfreie Stadt",1685,20-24,1082,603
DEG0T,Ilm-Kreis,4841,20-24,2821,2020
DEG0U,Saalfeld-Rudolstadt,3697,20-24,2059,1638
DEG0V,Sonneberg,2311,20-24,1189,1122
DE,Germany,4905765,25-29,2565692,2340073
DE1,Baden-Württemberg,706536,25-29,372593,333943
DE11,Stuttgart,261484,25-29,138107,123377
DE111,"Stuttgart, Stadtkreis",52898,25-29,26810,26088
DE112,Böblingen,22825,25-29,11757,11068
DE113,Esslingen,32880,25-29,17743,15137
DE114,Göppingen,14595,25-29,7820,6775
DE115,Ludwigsburg,30975,25-29,16137,14838
DE116,Rems-Murr-Kreis,25212,25-29,13290,11922
DE117,"Heilbronn, Stadtkreis",9886,25-29,5715,4171
DE118,"Heilbronn, Landkreis",20210,25-29,10782,9428
DE119,Hohenlohekreis,6804,25-29,3670,3134
DE11A,Schwäbisch Hall,11824,25-29,6442,5382
DE11B,Main-Tauber-Kreis,7139,25-29,3898,3241
DE11C,Heidenheim,7675,25-29,4147,3528
DE11D,Ostalbkreis,18561,25-29,9896,8665
DE12,Karlsruhe,183953,25-29,97482,86471
DE121,"Baden-Baden, Stadtkreis",2828,25-29,1430,1398
DE122,"Karlsruhe, Stadtkreis",27832,25-29,15640,12192
DE123,"Karlsruhe, Landkreis",24563,25-29,13273,11290
DE124,Rastatt,12057,25-29,6522,5535
DE125,"Heidelberg, Stadtkreis",17071,25-29,8410,8661
DE126,"Mannheim, Stadtkreis",26310,25-29,13408,12902
DE127,Neckar-Odenwald-Kreis,7811,25-29,4332,3479
DE128,Rhein-Neckar-Kreis,29946,25-29,15458,14488
DE129,"Pforzheim, Stadtkreis",9401,25-29,4948,4453
DE12A,Calw,8705,25-29,4654,4051
DE12B,Enzkreis,10350,25-29,5531,4819
DE12C,Freudenstadt,7079,25-29,3876,3203
DE13,Freiburg,143095,25-29,74463,68632
DE131,"Freiburg im Breisgau, Stadtkreis",23207,25-29,10904,12303
DE132,Breisgau-Hochschwarzwald,14774,25-29,7812,6962
DE133,Emmendingen,9288,25-29,5064,4224
DE134,Ortenaukreis,25588,25-29,13758,11830
DE135,Rottweil,7762,25-29,4158,3604
DE136,Schwarzwald-Baar-Kreis,12404,25-29,6674,5730
DE137,Tuttlingen,8632,25-29,4616,4016
DE138,Konstanz,19186,25-29,9733,9453
DE139,Lörrach,13165,25-29,6941,6224
DE13A,Waldshut,9089,25-29,4803,4286
DE14,Tübingen,118004,25-29,62541,55463
DE141,Reutlingen,17052,25-29,9100,7952
DE142,"Tübingen, Landkreis",18663,25-29,9439,9224
DE143,Zollernalbkreis,10590,25-29,5787,4803
DE144,"Ulm, Stadtkreis",11098,25-29,5847,5251
DE145,Alb-Donau-Kreis,11568,25-29,6080,5488
DE146,Biberach,11963,25-29,6462,5501
DE147,Bodenseekreis,11855,25-29,6286,5569
DE148,Ravensburg,17633,25-29,9335,8298
DE149,Sigmaringen,7582,25-29,4205,3377
DE2,Bayern,817976,25-29,430044,387932
DE21,Oberbayern,316204,25-29,163740,152464
DE211,"Ingolstadt, Kreisfreie Stadt",10378,25-29,5708,4670
DE212,"München, Kreisfreie Stadt",133986,25-29,66189,67797
DE213,"Rosenheim, Kreisfreie Stadt",4917,25-29,2539,2378
DE214,Altötting,6217,25-29,3344,2873
DE215,Berchtesgadener Land,6140,25-29,3208,2932
DE216,Bad Tölz-Wolfratshausen,6883,25-29,3562,3321
DE217,Dachau,8721,25-29,4777,3944
DE218,Ebersberg,7474,25-29,4048,3426
DE219,Eichstätt,7586,25-29,4074,3512
DE21A,Erding,8217,25-29,4313,3904
DE21B,Freising,13081,25-29,7003,6078
DE21C,Fürstenfeldbruck,11248,25-29,5882,5366
DE21D,Garmisch-Partenkirchen,4996,25-29,2589,2407
DE21E,Landsberg am Lech,6320,25-29,3506,2814
DE21F,Miesbach,4873,25-29,2599,2274
DE21G,Mühldorf a. Inn,6994,25-29,3765,3229
DE21H,"München, Landkreis",19306,25-29,10463,8843
DE21I,Neuburg-Schrobenhausen,5417,25-29,2958,2459
DE21J,Pfaffenhofen a. d. Ilm,7314,25-29,3974,3340
DE21K,"Rosenheim, Landkreis",13296,25-29,7136,6160
DE21L,Starnberg,6300,25-29,3319,2981
DE21M,Traunstein,9158,25-29,4852,4306
DE21N,Weilheim-Schongau,7382,25-29,3932,3450
DE22,Niederbayern,72452,25-29,39018,33434
DE221,"Landshut, Kreisfreie Stadt",4894,25-29,2462,2432
DE222,"Passau, Kreisfreie Stadt",4746,25-29,2554,2192
DE223,"Straubing, Kreisfreie Stadt",3373,25-29,1821,1552
DE224,Deggendorf,7672,25-29,4247,3425
DE225,Freyung-Grafenau,4256,25-29,2267,1989
DE226,Kelheim,7028,25-29,3812,3216
DE227,"Landshut, Landkreis",8415,25-29,4606,3809
DE228,"Passau, Landkreis",10120,25-29,5399,4721
DE229,Regen,4136,25-29,2185,1951
DE22A,Rottal-Inn,6812,25-29,3600,3212
DE22B,Straubing-Bogen,5185,25-29,2761,2424
DE22C,Dingolfing-Landau,5815,25-29,3304,2511
DE23,Oberpfalz,68567,25-29,36501,32066
DE231,"Amberg, Kreisfreie Stadt",2668,25-29,1462,1206
DE232,"Regensburg, Kreisfreie Stadt",15406,25-29,8047,7359
DE233,"Weiden i. d. Opf, Kreisfreie Stadt",2912,25-29,1552,1360
DE234,Amberg-Sulzbach,5460,25-29,2942,2518
DE235,Cham,7128,25-29,3932,3196
DE236,Neumarkt i. d. OPf.,7833,25-29,4206,3627
DE237,Neustadt a. d. Waldnaab,5040,25-29,2669,2371
DE238,"Regensburg, Landkreis",9709,25-29,5103,4606
DE239,Schwandorf,8415,25-29,4460,3955
DE23A,Tirschenreuth,3996,25-29,2128,1868
DE24,Oberfranken,59224,25-29,31753,27471
DE241,"Bamberg, Kreisfreie Stadt",6745,25-29,3575,3170
DE242,"Bayreuth, Kreisfreie Stadt",6594,25-29,3532,3062
DE243,"Coburg, Kreisfreie Stadt",2804,25-29,1530,1274
DE244,"Hof, Kreisfreie Stadt",3188,25-29,1872,1316
DE245,"Bamberg, Landkreis",7379,25-29,3894,3485
DE246,"Bayreuth, Landkreis",4757,25-29,2596,2161
DE247,"Coburg, Landkreis",3841,25-29,2031,1810
DE248,Forchheim,5852,25-29,3182,2670
DE249,"Hof, Landkreis",4311,25-29,2257,2054
DE24A,Kronach,3106,25-29,1691,1415
DE24B,Kulmbach,3544,25-29,1880,1664
DE24C,Lichtenfels,3618,25-29,1933,1685
DE24D,Wunsiedel i. Fichtelgebirge,3485,25-29,1780,1705
DE25,Mittelfranken,111229,25-29,58662,52567
DE251,"Ansbach, Kreisfreie Stadt",2526,25-29,1366,1160
DE252,"Erlangen, Kreisfreie Stadt",11782,25-29,6556,5226
DE253,"Fürth, Kreisfreie Stadt",8849,25-29,4633,4216
DE254,"Nürnberg, Kreisfreie Stadt",39264,25-29,20205,19059
DE255,"Schwabach, Kreisfreie Stadt",2184,25-29,1096,1088
DE256,"Ansbach, Landkreis",10207,25-29,5415,4792
DE257,Erlangen-Höchstadt,6479,25-29,3431,3048
DE258,"Fürth, Landkreis",5376,25-29,2848,2528
DE259,Nürnberger Land,7950,25-29,4218,3732
DE25A,Neustadt a. d. Aisch-Bad Windsheim,5168,25-29,2805,2363
DE25B,Roth,6411,25-29,3410,3001
DE25C,Weißenburg-Gunzenhausen,5033,25-29,2679,2354
DE26,Unterfranken,75352,25-29,39695,35657
DE261,"Aschaffenburg, Kreisfreie Stadt",4783,25-29,2482,2301
DE262,"Schweinfurt, Kreisfreie Stadt",3414,25-29,1942,1472
DE263,"Würzburg, Kreisfreie Stadt",14213,25-29,6965,7248
DE264,"Aschaffenburg, Landkreis",8295,25-29,4509,3786
DE265,Bad Kissingen,5092,25-29,2604,2488
DE266,Rhön-Grabfeld,4025,25-29,2184,1841
DE267,Haßberge,4263,25-29,2282,1981
DE268,Kitzingen,4798,25-29,2612,2186
DE269,Miltenberg,6668,25-29,3611,3057
DE26A,Main-Spessart,6323,25-29,3410,2913
DE26B,"Schweinfurt, Landkreis",5612,25-29,3000,2612
DE26C,"Würzburg, Landkreis",7866,25-29,4094,3772
DE27,Schwaben,114948,25-29,60675,54273
DE271,"Augsburg, Kreisfreie Stadt",24725,25-29,12723,12002
DE272,"Kaufbeuren, Kreisfreie Stadt",2711,25-29,1437,1274
DE273,"Kempten (Allgäu), Kreisfreie Stadt",4889,25-29,2570,2319
DE274,"Memmingen, Kreisfreie Stadt",2689,25-29,1363,1326
DE275,Aichach-Friedberg,6858,25-29,3604,3254
DE276,"Augsburg, Landkreis",13271,25-29,6928,6343
DE277,Dillingen a.d. Donau,5281,25-29,2811,2470
DE278,Günzburg,7551,25-29,4121,3430
DE279,Neu-Ulm,11170,25-29,5843,5327
DE27A,Lindau (Bodensee),4384,25-29,2348,2036
DE27B,Ostallgäu,7564,25-29,4092,3472
DE27C,Unterallgäu,8293,25-29,4515,3778
DE27D,Donau-Ries,7568,25-29,4087,3481
DE27E,Oberallgäu,7994,25-29,4233,3761
DE3,Berlin,268713,25-29,134232,134481
DE30,Berlin,268713,25-29,134232,134481
DE300,Berlin,268713,25-29,134232,134481
DE4,Brandenburg,91737,25-29,49159,42578
DE40,Brandenburg,91737,25-29,49159,42578
DE401,"Brandenburg an der Havel, Kreisfreie Stadt",3406,25-29,1902,1504
DE402,"Cottbus, Kreisfreie Stadt",5185,25-29,2881,2304
DE403,"Frankfurt (Oder), Kreisfreie Stadt",2821,25-29,1500,1321
DE404,"Potsdam, Kreisfreie Stadt",10916,25-29,5386,5530
DE405,Barnim,6410,25-29,3382,3028
DE406,Dahme-Spreewald,6447,25-29,3365,3082
DE407,Elbe-Elster,2678,25-29,1419,1259
DE408,Havelland,6237,25-29,3431,2806
DE409,Märkisch-Oderland,5565,25-29,2927,2638
DE40A,Oberhavel,7328,25-29,3927,3401
DE40B,Oberspreewald-Lausitz,3321,25-29,1816,1505
DE40C,Oder-Spree,5946,25-29,3341,2605
DE40D,Ostprignitz-Ruppin,3383,25-29,1781,1602
DE40E,Potsdam-Mittelmark,6483,25-29,3629,2854
DE40F,Prignitz,2529,25-29,1421,1108
DE40G,Spree-Neiße,2733,25-29,1460,1273
DE40H,Teltow-Fläming,6760,25-29,3666,3094
DE40I,Uckermark,3589,25-29,1925,1664
DE5,Bremen,51972,25-29,27637,24335
DE50,Bremen,51972,25-29,27637,24335
DE501,"Bremen, Kreisfreie Stadt",44155,25-29,23361,20794
DE502,"Bremerhaven, Kreisfreie Stadt",7817,25-29,4276,3541
DE6,Hamburg,144238,25-29,71601,72637
DE60,Hamburg,144238,25-29,71601,72637
DE600,Hamburg,144238,25-29,71601,72637
DE7,Hessen,386028,25-29,201832,184196
DE71,Darmstadt,249575,25-29,129736,119839
DE711,"Darmstadt, Kreisfreie Stadt",16561,25-29,9464,7097
DE712,"Frankfurt am Main, Kreisfreie Stadt",63014,25-29,30795,32219
DE713,"Offenbach am Main, Kreisfreie Stadt",10172,25-29,5112,5060
DE714,"Wiesbaden, Kreisfreie Stadt",19523,25-29,9795,9728
DE715,Bergstraße,14111,25-29,7496,6615
DE716,Darmstadt-Dieburg,15942,25-29,8587,7355
DE717,Groß-Gerau,15449,25-29,8274,7175
DE718,Hochtaunuskreis,10845,25-29,5764,5081
DE719,Main-Kinzig-Kreis,22678,25-29,12083,10595
DE71A,Main-Taunus-Kreis,11687,25-29,6204,5483
DE71B,Odenwaldkreis,4663,25-29,2535,2128
DE71C,"Offenbach, Landkreis",19782,25-29,10260,9522
DE71D,Rheingau-Taunus-Kreis,8907,25-29,4649,4258
DE71E,Wetteraukreis,16241,25-29,8718,7523
DE72,Gießen,67426,25-29,35431,31995
DE721,"Gießen, Landkreis",21751,25-29,11185,10566
DE722,Lahn-Dill-Kreis,13965,25-29,7432,6533
DE723,Limburg-Weilburg,9460,25-29,5078,4382
DE724,Marburg-Biedenkopf,17422,25-29,9088,8334
DE725,Vogelsbergkreis,4828,25-29,2648,2180
DE73,Kassel,69027,25-29,36665,32362
DE731,"Kassel, Kreisfreie Stadt",16516,25-29,8395,8121
DE732,Fulda,13757,25-29,7391,6366
DE733,Hersfeld-Rotenburg,5768,25-29,3117,2651
DE734,"Kassel, Landkreis",10727,25-29,5623,5104
DE735,Schwalm-Eder-Kreis,9032,25-29,4928,4104
DE736,Waldeck-Frankenberg,8210,25-29,4471,3739
DE737,Werra-Meißner-Kreis,5017,25-29,2740,2277
DE8,Mecklenburg-Vorpommern,59371,25-29,31130,28241
DE80,Mecklenburg-Vorpommern,59371,25-29,31130,28241
DE803,"Rostock, Kreisfreie Stadt",13339,25-29,7079,6260
DE804,"Schwerin, Kreisfreie Stadt",4608,25-29,2379,2229
DE80J,Mecklenburgische Seenplatte,7704,25-29,4071,3633
DE80K,Landkreis Rostock,6157,25-29,3250,2907
DE80L,Vorpommern-Rügen,6767,25-29,3568,3199
DE80M,Nordwestmecklenburg,5343,25-29,2867,2476
DE80N,Vorpommern-Greifswald,8987,25-29,4548,4439
DE80O,Ludwigslust-Parchim,6466,25-29,3368,3098
DE9,Niedersachsen,465268,25-29,243751,221517
DE91,Braunschweig,95533,25-29,50460,45073
DE911,"Braunschweig, Kreisfreie Stadt",21180,25-29,11370,9810
DE912,"Salzgitter, Kreisfreie Stadt",6109,25-29,3305,2804
DE913,"Wolfsburg, Kreisfreie Stadt",7916,25-29,4094,3822
DE914,Gifhorn,8025,25-29,4242,3783
DE916,Goslar,6857,25-29,3720,3137
DE917,Helmstedt,4120,25-29,2191,1929
DE918,Northeim,6131,25-29,3224,2907
DE91A,Peine,6562,25-29,3510,3052
DE91B,Wolfenbüttel,5679,25-29,2959,2720
DE91C,Göttingen,22954,25-29,11845,11109
DE92,Hannover,128175,25-29,66609,61566
DE922,Diepholz,11110,25-29,5782,5328
DE923,Hameln-Pyrmont,7707,25-29,4041,3666
DE925,Hildesheim,15555,25-29,7945,7610
DE926,Holzminden,3325,25-29,1843,1482
DE927,Nienburg (Weser),6354,25-29,3308,3046
DE928,Schaumburg,7792,25-29,4110,3682
DE929,Region Hannover,76332,25-29,39580,36752
DE93,Lüneburg,86971,25-29,45814,41157
DE931,Celle,8645,25-29,4470,4175
DE932,Cuxhaven,9268,25-29,4824,4444
DE933,Harburg,13083,25-29,7260,5823
DE934,Lüchow-Dannenberg,1828,25-29,945,883
DE935,"Lüneburg, Landkreis",10347,25-29,5253,5094
DE936,Osterholz,4710,25-29,2409,2301
DE937,Rotenburg (Wümme),8972,25-29,4821,4151
DE938,Heidekreis,7265,25-29,3919,3346
DE939,Stade,11198,25-29,5801,5397
DE93A,Uelzen,4591,25-29,2428,2163
DE93B,Verden,7064,25-29,3684,3380
DE94,Weser-Ems,154589,25-29,80868,73721
DE941,"Delmenhorst, Kreisfreie Stadt",4706,25-29,2465,2241
DE942,"Emden, Kreisfreie Stadt",3235,25-29,1754,1481
DE943,"Oldenburg (Oldenburg), Kreisfreie Stadt",15482,25-29,7728,7754
DE944,"Osnabrück, Kreisfreie Stadt",15651,25-29,7854,7797
DE945,"Wilhelmshaven, Kreisfreie Stadt",5166,25-29,2917,2249
DE946,Ammerland,5921,25-29,3093,2828
DE947,Aurich,9818,25-29,5143,4675
DE948,Cloppenburg,11263,25-29,5818,5445
DE949,Emsland,19805,25-29,10729,9076
DE94A,Friesland (DE),4855,25-29,2560,2295
DE94B,Grafschaft Bentheim,8205,25-29,4439,3766
DE94C,Leer,9126,25-29,4741,4385
DE94D,"Oldenburg, Landkreis",6390,25-29,3235,3155
DE94E,"Osnabrück, Landkreis",18100,25-29,9577,8523
DE94F,Vechta,9518,25-29,4990,4528
DE94G,Wesermarsch,4583,25-29,2439,2144
DE94H,Wittmund,2765,25-29,1386,1379
DEA,Nordrhein-Westfalen,1107142,25-29,576577,530565
DEA1,Düsseldorf,315203,25-29,162472,152731
DEA11,"Düsseldorf, Kreisfreie Stadt",47572,25-29,22755,24817
DEA12,"Duisburg, Kreisfreie Stadt",32938,25-29,17436,15502
DEA13,"Essen, Kreisfreie Stadt",38420,25-29,19431,18989
DEA14,"Krefeld, Kreisfreie Stadt",13714,25-29,7135,6579
DEA15,"Mönchengladbach, Kreisfreie Stadt",17431,25-29,9239,8192
DEA16,"Mülheim an der Ruhr, Kreisfreie Stadt",9680,25-29,5144,4536
DEA17,"Oberhausen, Kreisfreie Stadt",12349,25-29,6281,6068
DEA18,"Remscheid, Kreisfreie Stadt",6526,25-29,3454,3072
DEA19,"Solingen, Kreisfreie Stadt",9581,25-29,5029,4552
DEA1A,"Wuppertal, Kreisfreie Stadt",23432,25-29,12124,11308
DEA1B,Kleve,19031,25-29,10126,8905
DEA1C,Mettmann,23753,25-29,12264,11489
DEA1D,Rhein-Kreis Neuss,22765,25-29,11963,10802
DEA1E,Viersen,15385,25-29,8328,7057
DEA1F,Wesel,22626,25-29,11763,10863
DEA2,Köln,293897,25-29,152023,141874
DEA22,"Bonn, Kreisfreie Stadt",25832,25-29,12705,13127
DEA23,"Köln, Kreisfreie Stadt",85810,25-29,41062,44748
DEA24,"Leverkusen, Kreisfreie Stadt",10094,25-29,5367,4727
DEA26,Düren,16092,25-29,8576,7516
DEA27,Rhein-Erft-Kreis,25446,25-29,13275,12171
DEA28,Euskirchen,10479,25-29,5622,4857
DEA29,Heinsberg,13834,25-29,7340,6494
DEA2A,Oberbergischer Kreis,14515,25-29,7663,6852
DEA2B,Rheinisch-Bergischer Kreis,12934,25-29,6748,6186
DEA2C,Rhein-Sieg-Kreis,31004,25-29,16368,14636
DEA2D,Städteregion Aachen,47857,25-29,27297,20560
DEA3,Münster,159126,25-29,83078,76048
DEA31,"Bottrop, Kreisfreie Stadt",6374,25-29,3297,3077
DEA32,"Gelsenkirchen, Kreisfreie Stadt",16667,25-29,8669,7998
DEA33,"Münster, Kreisfreie Stadt",29504,25-29,14334,15170
DEA34,Borken,22196,25-29,12050,10146
DEA35,Coesfeld,11646,25-29,6240,5406
DEA36,Recklinghausen,32822,25-29,17143,15679
DEA37,Steinfurt,25193,25-29,13631,11562
DEA38,Warendorf,14724,25-29,7714,7010
DEA4,Detmold,123167,25-29,64954,58213
DEA41,"Bielefeld, Kreisfreie Stadt",24544,25-29,12356,12188
DEA42,Gütersloh,20623,25-29,11019,9604
DEA43,Herford,13282,25-29,7176,6106
DEA44,Höxter,7297,25-29,4025,3272
DEA45,Lippe,18591,25-29,9764,8827
DEA46,Minden-Lübbecke,17695,25-29,9286,8409
DEA47,Paderborn,21135,25-29,11328,9807
DEA5,Arnsberg,215749,25-29,114050,101699
DEA51,"Bochum, Kreisfreie Stadt",26423,25-29,13812,12611
DEA52,"Dortmund, Kreisfreie Stadt",42976,25-29,22713,20263
DEA53,"Hagen, Kreisfreie Stadt",11544,25-29,5752,5792
DEA54,"Hamm, Kreisfreie Stadt",10972,25-29,5854,5118
DEA55,"Herne, Kreisfreie Stadt",9637,25-29,5021,4616
DEA56,Ennepe-Ruhr-Kreis,17229,25-29,8859,8370
DEA57,Hochsauerlandkreis,14186,25-29,7736,6450
DEA58,Märkischer Kreis,21300,25-29,11203,10097
DEA59,Olpe,7179,25-29,3995,3184
DEA5A,Siegen-Wittgenstein,16930,25-29,9186,7744
DEA5B,Soest,16284,25-29,8783,7501
DEA5C,Unna,21089,25-29,11136,9953
DEB,Rheinland-Pfalz,237129,25-29,124971,112158
DEB1,Koblenz,82590,25-29,43692,38898
DEB11,"Koblenz, Kreisfreie Stadt",9720,25-29,5252,4468
DEB12,Ahrweiler,6587,25-29,3538,3049
DEB13,Altenkirchen (Westerwald),7052,25-29,3817,3235
DEB14,Bad Kreuznach,8251,25-29,4302,3949
DEB15,Birkenfeld,4360,25-29,2292,2068
DEB17,Mayen-Koblenz,11470,25-29,5964,5506
DEB18,Neuwied,10089,25-29,5288,4801
DEB1A,Rhein-Lahn-Kreis,6184,25-29,3288,2896
DEB1B,Westerwaldkreis,10642,25-29,5508,5134
DEB1C,Cochem-Zell,3000,25-29,1621,1379
DEB1D,Rhein-Hunsrück-Kreis,5235,25-29,2822,2413
DEB2,Trier,31400,25-29,16601,14799
DEB21,"Trier, Kreisfreie Stadt",9372,25-29,4881,4491
DEB22,Bernkastel-Wittlich,5761,25-29,3028,2733
DEB23,Eifelkreis Bitburg-Prüm,5684,25-29,3059,2625
DEB24,Vulkaneifel,3162,25-29,1654,1508
DEB25,Trier-Saarburg,7421,25-29,3979,3442
DEB3,Rheinhessen-Pfalz,123139,25-29,64678,58461
DEB31,"Frankenthal (Pfalz), Kreisfreie Stadt",2770,25-29,1485,1285
DEB32,"Kaiserslautern, Kreisfreie Stadt",9386,25-29,5487,3899
DEB33,"Landau in der Pfalz, Kreisfreie Stadt",3991,25-29,1955,2036
DEB34,"Ludwigshafen am Rhein, Kreisfreie Stadt",11860,25-29,6342,5518
DEB35,"Mainz, Kreisfreie Stadt",22756,25-29,11265,11491
DEB36,"Neustadt an der Weinstraße, Kreisfreie Stadt",2690,25-29,1341,1349
DEB37,"Pirmasens, Kreisfreie Stadt",2395,25-29,1330,1065
DEB38,"Speyer, Kreisfreie Stadt",2955,25-29,1584,1371
DEB39,"Worms, Kreisfreie Stadt",5421,25-29,2952,2469
DEB3A,"Zweibrücken, Kreisfreie Stadt",1927,25-29,1083,844
DEB3B,Alzey-Worms,6299,25-29,3237,3062
DEB3C,Bad Dürkheim,6067,25-29,3158,2909
DEB3D,Donnersbergkreis,3513,25-29,1861,1652
DEB3E,Germersheim,7079,25-29,3642,3437
DEB3F,"Kaiserslautern, Landkreis",5108,25-29,2581,2527
DEB3G,Kusel,3389,25-29,1857,1532
DEB3H,Südliche Weinstraße,5178,25-29,2706,2472
DEB3I,Rhein-Pfalz-Kreis,6885,25-29,3610,3275
DEB3J,Mainz-Bingen,9492,25-29,5142,4350
DEB3K,Südwestpfalz,3978,25-29,2060,1918
DEC,Saarland,57666,25-29,30224,27442
DEC0,Saarland,57666,25-29,30224,27442
DEC01,Regionalverband Saarbrücken,22211,25-29,11681,10530
DEC02,Merzig-Wadern,5804,25-29,3040,2764
DEC03,Neunkirchen,6936,25-29,3695,3241
DEC04,Saarlouis,10906,25-29,5771,5135
DEC05,Saarpfalz-Kreis,7548,25-29,3855,3693
DEC06,St. Wendel,4261,25-29,2182,2079
DED,Sachsen,179727,25-29,95214,84513
DED2,Dresden,67410,25-29,36025,31385
DED21,"Dresden, Kreisfreie Stadt",37874,25-29,20285,17589
DED2C,Bautzen,8296,25-29,4476,3820
DED2D,Görlitz,7484,25-29,3900,3584
DED2E,Meißen,6727,25-29,3588,3139
DED2F,Sächsische Schweiz-Osterzgebirge,7029,25-29,3776,3253
DED4,Chemnitz,50795,25-29,27964,22831
DED41,"Chemnitz, Kreisfreie Stadt",13068,25-29,7304,5764
DED42,Erzgebirgskreis,9535,25-29,5129,4406
DED43,Mittelsachsen,10155,25-29,5615,4540
DED44,Vogtlandkreis,7200,25-29,3889,3311
DED45,Zwickau,10837,25-29,6027,4810
DED5,Leipzig,61522,25-29,31225,30297
DED51,"Leipzig, Kreisfreie Stadt",48146,25-29,24127,24019
DED52,Leipzig,7206,25-29,3748,3458
DED53,Nordsachsen,6170,25-29,3350,2820
DEE,Sachsen-Anhalt,85274,25-29,45884,39390
DEE0,Sachsen-Anhalt,85274,25-29,45884,39390
DEE01,"Dessau-Roßlau, Kreisfreie Stadt",3036,25-29,1537,1499
DEE02,"Halle (Saale), Kreisfreie Stadt",14999,25-29,7817,7182
DEE03,"Magdeburg, Kreisfreie Stadt",16659,25-29,9209,7450
DEE04,Altmarkkreis Salzwedel,2707,25-29,1452,1255
DEE05,Anhalt-Bitterfeld,4794,25-29,2644,2150
DEE06,Jerichower Land,2607,25-29,1446,1161
DEE07,Börde,5166,25-29,2827,2339
DEE08,Burgenlandkreis,5669,25-29,3033,2636
DEE09,Harz,6723,25-29,3593,3130
DEE0A,Mansfeld-Südharz,3892,25-29,2172,1720
DEE0B,Saalekreis,5785,25-29,3097,2688
DEE0C,Salzlandkreis,6086,25-29,3219,2867
DEE0D,Stendal,3472,25-29,1820,1652
DEE0E,Wittenberg,3679,25-29,2018,1661
DEF,Schleswig-Holstein,160651,25-29,84048,76603
DEF0,Schleswig-Holstein,160651,25-29,84048,76603
DEF01,"Flensburg, Kreisfreie Stadt",8277,25-29,4219,4058
DEF02,"Kiel, Kreisfreie Stadt",23971,25-29,12260,11711
DEF03,"Lübeck, Kreisfreie Stadt",15122,25-29,7697,7425
DEF04,"Neumünster, Kreisfreie Stadt",4911,25-29,2655,2256
DEF05,Dithmarschen,7042,25-29,3691,3351
DEF06,Herzogtum Lauenburg,9223,25-29,4841,4382
DEF07,Nordfriesland,8865,25-29,4771,4094
DEF08,Ostholstein,8566,25-29,4530,4036
DEF09,Pinneberg,16228,25-29,8569,7659
DEF0A,Plön,5180,25-29,2684,2496
DEF0B,Rendsburg-Eckernförde,12914,25-29,6933,5981
DEF0C,Schleswig-Flensburg,9494,25-29,4790,4704
DEF0D,Segeberg,13884,25-29,7376,6508
DEF0E,Steinburg,6674,25-29,3606,3068
DEF0F,Stormarn,10300,25-29,5426,4874
DEG,Thüringen,86337,25-29,46795,39542
DEG0,Thüringen,86337,25-29,46795,39542
DEG01,"Erfurt, Kreisfreie Stadt",13065,25-29,6717,6348
DEG02,"Gera, Kreisfreie Stadt",4125,25-29,2298,1827
DEG03,"Jena, Kreisfreie Stadt",9042,25-29,4740,4302
DEG04,"Suhl, Kreisfreie Stadt (NUTS 2021)",:,25-29,:,:
DEG05,"Weimar, Kreisfreie Stadt",3648,25-29,1881,1767
DEG06,Eichsfeld,3493,25-29,1853,1640
DEG07,Nordhausen,3165,25-29,1767,1398
DEG09,Unstrut-Hainich-Kreis,3401,25-29,1869,1532
DEG0A,Kyffhäuserkreis,2272,25-29,1242,1030
DEG0B,Schmalkalden-Meiningen (NUTS 2021),:,25-29,:,:
DEG0C,Gotha,5439,25-29,3064,2375
DEG0D,Sömmerda,2257,25-29,1143,1114
DEG0E,Hildburghausen,1915,25-29,1041,874
DEG0F,Ilm-Kreis (NUTS 2021),:,25-29,:,:
DEG0G,Weimarer Land,2677,25-29,1431,1246
DEG0H,Sonneberg (NUTS 2021),:,25-29,:,:
DEG0I,Saalfeld-Rudolstadt (NUTS 2021),:,25-29,:,:
DEG0J,Saale-Holzland-Kreis,2710,25-29,1486,1224
DEG0K,Saale-Orla-Kreis,2448,25-29,1320,1128
DEG0L,Greiz,2570,25-29,1424,1146
DEG0M,Altenburger Land,2677,25-29,1445,1232
DEG0N,"Eisenach, Kreisfreie Stadt (NUTS 2021)",:,25-29,:,:
DEG0P,Wartburgkreis (NUTS 2021),:,25-29,:,:
DEG0Q,Schmalkalden-Meiningen,4387,25-29,2506,1881
DEG0R,Wartburgkreis,5587,25-29,3059,2528
DEG0S,"Suhl, Kreisfreie Stadt",1498,25-29,950,548
DEG0T,Ilm-Kreis,4912,25-29,2892,2020
DEG0U,Saalfeld-Rudolstadt,3070,25-29,1667,1403
DEG0V,Sonneberg,1979,25-29,1000,979
DE,Germany,5362851,30-34,2763051,2599800
DE1,Baden-Württemberg,751946,30-34,389798,362148
DE11,Stuttgart,285699,30-34,147964,137735
DE111,"Stuttgart, Stadtkreis",53776,30-34,27689,26087
DE112,Böblingen,26399,30-34,13355,13044
DE113,Esslingen,35692,30-34,18716,16976
DE114,Göppingen,16246,30-34,8517,7729
DE115,Ludwigsburg,35359,30-34,18033,17326
DE116,Rems-Murr-Kreis,27773,30-34,14224,13549
DE117,"Heilbronn, Stadtkreis",9954,30-34,5298,4656
DE118,"Heilbronn, Landkreis",22997,30-34,11899,11098
DE119,Hohenlohekreis,7592,30-34,3959,3633
DE11A,Schwäbisch Hall,13301,30-34,7101,6200
DE11B,Main-Tauber-Kreis,8132,30-34,4349,3783
DE11C,Heidenheim,8559,30-34,4518,4041
DE11D,Ostalbkreis,19919,30-34,10306,9613
DE12,Karlsruhe,190896,30-34,99445,91451
DE121,"Baden-Baden, Stadtkreis",3163,30-34,1526,1637
DE122,"Karlsruhe, Stadtkreis",24581,30-34,13360,11221
DE123,"Karlsruhe, Landkreis",28240,30-34,14708,13532
DE124,Rastatt,14244,30-34,7340,6904
DE125,"Heidelberg, Stadtkreis",13380,30-34,6768,6612
DE126,"Mannheim, Stadtkreis",25306,30-34,13411,11895
DE127,Neckar-Odenwald-Kreis,8743,30-34,4655,4088
DE128,Rhein-Neckar-Kreis,33846,30-34,17262,16584
DE129,"Pforzheim, Stadtkreis",9727,30-34,5076,4651
DE12A,Calw,9984,30-34,5117,4867
DE12B,Enzkreis,12037,30-34,6199,5838
DE12C,Freudenstadt,7645,30-34,4023,3622
DE13,Freiburg,150925,30-34,77718,73207
DE131,"Freiburg im Breisgau, Stadtkreis",20152,30-34,9967,10185
DE132,Breisgau-Hochschwarzwald,16639,30-34,8593,8046
DE133,Emmendingen,10217,30-34,5330,4887
DE134,Ortenaukreis,27873,30-34,14545,13328
DE135,Rottweil,8746,30-34,4577,4169
DE136,Schwarzwald-Baar-Kreis,13623,30-34,7073,6550
DE137,Tuttlingen,9421,30-34,4869,4552
DE138,Konstanz,18465,30-34,9486,8979
DE139,Lörrach,15231,30-34,7827,7404
DE13A,Waldshut,10558,30-34,5451,5107
DE14,Tübingen,124426,30-34,64671,59755
DE141,Reutlingen,18573,30-34,9680,8893
DE142,"Tübingen, Landkreis",16599,30-34,8416,8183
DE143,Zollernalbkreis,11898,30-34,6106,5792
DE144,"Ulm, Stadtkreis",10410,30-34,5681,4729
DE145,Alb-Donau-Kreis,12768,30-34,6548,6220
DE146,Biberach,13682,30-34,7171,6511
DE147,Bodenseekreis,13474,30-34,6869,6605
DE148,Ravensburg,18727,30-34,9804,8923
DE149,Sigmaringen,8295,30-34,4396,3899
DE2,Bayern,886484,30-34,458082,428402
DE21,Oberbayern,339000,30-34,172999,166001
DE211,"Ingolstadt, Kreisfreie Stadt",10890,30-34,5791,5099
DE212,"München, Kreisfreie Stadt",137544,30-34,68652,68892
DE213,"Rosenheim, Kreisfreie Stadt",4788,30-34,2493,2295
DE214,Altötting,6968,30-34,3663,3305
DE215,Berchtesgadener Land,6750,30-34,3561,3189
DE216,Bad Tölz-Wolfratshausen,7776,30-34,4097,3679
DE217,Dachau,9753,30-34,5055,4698
DE218,Ebersberg,8235,30-34,4248,3987
DE219,Eichstätt,8412,30-34,4389,4023
DE21A,Erding,8956,30-34,4598,4358
DE21B,Freising,13071,30-34,6966,6105
DE21C,Fürstenfeldbruck,13052,30-34,6623,6429
DE21D,Garmisch-Partenkirchen,5455,30-34,2744,2711
DE21E,Landsberg am Lech,6969,30-34,3697,3272
DE21F,Miesbach,5643,30-34,2926,2717
DE21G,Mühldorf a. Inn,8016,30-34,4262,3754
DE21H,"München, Landkreis",20661,30-34,10535,10126
DE21I,Neuburg-Schrobenhausen,6354,30-34,3291,3063
DE21J,Pfaffenhofen a. d. Ilm,8541,30-34,4458,4083
DE21K,"Rosenheim, Landkreis",15372,30-34,7814,7558
DE21L,Starnberg,6807,30-34,3476,3331
DE21M,Traunstein,10611,30-34,5400,5211
DE21N,Weilheim-Schongau,8376,30-34,4260,4116
DE22,Niederbayern,79514,30-34,42039,37475
DE221,"Landshut, Kreisfreie Stadt",4918,30-34,2624,2294
DE222,"Passau, Kreisfreie Stadt",3836,30-34,2082,1754
DE223,"Straubing, Kreisfreie Stadt",3367,30-34,1984,1383
DE224,Deggendorf,7713,30-34,4052,3661
DE225,Freyung-Grafenau,4723,30-34,2438,2285
DE226,Kelheim,8001,30-34,4189,3812
DE227,"Landshut, Landkreis",10063,30-34,5209,4854
DE228,"Passau, Landkreis",11423,30-34,5986,5437
DE229,Regen,4546,30-34,2426,2120
DE22A,Rottal-Inn,7480,30-34,3889,3591
DE22B,Straubing-Bogen,6394,30-34,3287,3107
DE22C,Dingolfing-Landau,7050,30-34,3873,3177
DE23,Oberpfalz,73486,30-34,38554,34932
DE231,"Amberg, Kreisfreie Stadt",2759,30-34,1531,1228
DE232,"Regensburg, Kreisfreie Stadt",13684,30-34,7371,6313
DE233,"Weiden i. d. Opf, Kreisfreie Stadt",2812,30-34,1528,1284
DE234,Amberg-Sulzbach,6359,30-34,3276,3083
DE235,Cham,7855,30-34,4108,3747
DE236,Neumarkt i. d. OPf.,8881,30-34,4695,4186
DE237,Neustadt a. d. Waldnaab,5817,30-34,2951,2866
DE238,"Regensburg, Landkreis",11415,30-34,5873,5542
DE239,Schwandorf,9476,30-34,4925,4551
DE23A,Tirschenreuth,4428,30-34,2296,2132
DE24,Oberfranken,64474,30-34,33833,30641
DE241,"Bamberg, Kreisfreie Stadt",6338,30-34,3373,2965
DE242,"Bayreuth, Kreisfreie Stadt",5225,30-34,2909,2316
DE243,"Coburg, Kreisfreie Stadt",2776,30-34,1512,1264
DE244,"Hof, Kreisfreie Stadt",3002,30-34,1610,1392
DE245,"Bamberg, Landkreis",8936,30-34,4545,4391
DE246,"Bayreuth, Landkreis",5753,30-34,2964,2789
DE247,"Coburg, Landkreis",4859,30-34,2521,2338
DE248,Forchheim,6885,30-34,3586,3299
DE249,"Hof, Landkreis",5115,30-34,2655,2460
DE24A,Kronach,3530,30-34,1887,1643
DE24B,Kulmbach,4040,30-34,2139,1901
DE24C,Lichtenfels,4121,30-34,2141,1980
DE24D,Wunsiedel i. Fichtelgebirge,3894,30-34,1991,1903
DE25,Mittelfranken,120345,30-34,62187,58158
DE251,"Ansbach, Kreisfreie Stadt",2546,30-34,1346,1200
DE252,"Erlangen, Kreisfreie Stadt",9339,30-34,4970,4369
DE253,"Fürth, Kreisfreie Stadt",9871,30-34,5165,4706
DE254,"Nürnberg, Kreisfreie Stadt",40856,30-34,21377,19479
DE255,"Schwabach, Kreisfreie Stadt",2417,30-34,1166,1251
DE256,"Ansbach, Landkreis",11684,30-34,6051,5633
DE257,Erlangen-Höchstadt,7751,30-34,3964,3787
DE258,"Fürth, Landkreis",6709,30-34,3305,3404
DE259,Nürnberger Land,9734,30-34,4893,4841
DE25A,Neustadt a. d. Aisch-Bad Windsheim,6024,30-34,3098,2926
DE25B,Roth,7630,30-34,3865,3765
DE25C,Weißenburg-Gunzenhausen,5784,30-34,2987,2797
DE26,Unterfranken,82555,30-34,42668,39887
DE261,"Aschaffenburg, Kreisfreie Stadt",5111,30-34,2719,2392
DE262,"Schweinfurt, Kreisfreie Stadt",3512,30-34,1952,1560
DE263,"Würzburg, Kreisfreie Stadt",11549,30-34,6038,5511
DE264,"Aschaffenburg, Landkreis",10093,30-34,5067,5026
DE265,Bad Kissingen,5820,30-34,2985,2835
DE266,Rhön-Grabfeld,4754,30-34,2473,2281
DE267,Haßberge,4934,30-34,2616,2318
DE268,Kitzingen,5718,30-34,2940,2778
DE269,Miltenberg,7474,30-34,3804,3670
DE26A,Main-Spessart,7215,30-34,3777,3438
DE26B,"Schweinfurt, Landkreis",7009,30-34,3550,3459
DE26C,"Würzburg, Landkreis",9366,30-34,4747,4619
DE27,Schwaben,127110,30-34,65802,61308
DE271,"Augsburg, Kreisfreie Stadt",24208,30-34,12766,11442
DE272,"Kaufbeuren, Kreisfreie Stadt",3084,30-34,1588,1496
DE273,"Kempten (Allgäu), Kreisfreie Stadt",4937,30-34,2571,2366
DE274,"Memmingen, Kreisfreie Stadt",3083,30-34,1615,1468
DE275,Aichach-Friedberg,8151,30-34,4212,3939
DE276,"Augsburg, Landkreis",16066,30-34,8179,7887
DE277,Dillingen a.d. Donau,6261,30-34,3285,2976
DE278,Günzburg,8348,30-34,4348,4000
DE279,Neu-Ulm,12383,30-34,6313,6070
DE27A,Lindau (Bodensee),4933,30-34,2547,2386
DE27B,Ostallgäu,8722,30-34,4439,4283
DE27C,Unterallgäu,9141,30-34,4824,4317
DE27D,Donau-Ries,8504,30-34,4469,4035
DE27E,Oberallgäu,9289,30-34,4646,4643
DE3,Berlin,307467,30-34,154901,152566
DE30,Berlin,307467,30-34,154901,152566
DE300,Berlin,307467,30-34,154901,152566
DE4,Brandenburg,120584,30-34,61032,59552
DE40,Brandenburg,120584,30-34,61032,59552
DE401,"Brandenburg an der Havel, Kreisfreie Stadt",4099,30-34,2174,1925
DE402,"Cottbus, Kreisfreie Stadt",5155,30-34,2798,2357
DE403,"Frankfurt (Oder), Kreisfreie Stadt",2839,30-34,1537,1302
DE404,"Potsdam, Kreisfreie Stadt",12253,30-34,6118,6135
DE405,Barnim,9018,30-34,4437,4581
DE406,Dahme-Spreewald,9141,30-34,4585,4556
DE407,Elbe-Elster,3954,30-34,2018,1936
DE408,Havelland,8170,30-34,4121,4049
DE409,Märkisch-Oderland,8349,30-34,4060,4289
DE40A,Oberhavel,10094,30-34,5061,5033
DE40B,Oberspreewald-Lausitz,4561,30-34,2361,2200
DE40C,Oder-Spree,7899,30-34,4068,3831
DE40D,Ostprignitz-Ruppin,4413,30-34,2279,2134
DE40E,Potsdam-Mittelmark,8855,30-34,4384,4471
DE40F,Prignitz,3439,30-34,1769,1670
DE40G,Spree-Neiße,4146,30-34,2049,2097
DE40H,Teltow-Fläming,9224,30-34,4671,4553
DE40I,Uckermark,4975,30-34,2542,2433
DE5,Bremen,50722,30-34,26539,24183
DE50,Bremen,50722,30-34,26539,24183
DE501,"Bremen, Kreisfreie Stadt",43018,30-34,22523,20495
DE502,"Bremerhaven, Kreisfreie Stadt",7704,30-34,4016,3688
DE6,Hamburg,151543,30-34,76018,75525
DE60,Hamburg,151543,30-34,76018,75525
DE600,Hamburg,151543,30-34,76018,75525
DE7,Hessen,412326,30-34,211364,200962
DE71,Darmstadt,272073,30-34,137892,134181
DE711,"Darmstadt, Kreisfreie Stadt",14039,30-34,7674,6365
DE712,"Frankfurt am Main, Kreisfreie Stadt",68110,30-34,33775,34335
DE713,"Offenbach am Main, Kreisfreie Stadt",11028,30-34,5602,5426
DE714,"Wiesbaden, Kreisfreie Stadt",20241,30-34,10031,10210
DE715,Bergstraße,16094,30-34,8177,7917
DE716,Darmstadt-Dieburg,17863,30-34,9151,8712
DE717,Groß-Gerau,17296,30-34,8836,8460
DE718,Hochtaunuskreis,12249,30-34,6070,6179
DE719,Main-Kinzig-Kreis,25904,30-34,13209,12695
DE71A,Main-Taunus-Kreis,13768,30-34,6972,6796
DE71B,Odenwaldkreis,5356,30-34,2795,2561
DE71C,"Offenbach, Landkreis",21979,30-34,11152,10827
DE71D,Rheingau-Taunus-Kreis,9727,30-34,5053,4674
DE71E,Wetteraukreis,18419,30-34,9395,9024
DE72,Gießen,66563,30-34,34825,31738
DE721,"Gießen, Landkreis",19273,30-34,10182,9091
DE722,Lahn-Dill-Kreis,15412,30-34,8014,7398
DE723,Limburg-Weilburg,10514,30-34,5403,5111
DE724,Marburg-Biedenkopf,15927,30-34,8340,7587
DE725,Vogelsbergkreis,5437,30-34,2886,2551
DE73,Kassel,73690,30-34,38647,35043
DE731,"Kassel, Kreisfreie Stadt",15299,30-34,8116,7183
DE732,Fulda,14065,30-34,7454,6611
DE733,Hersfeld-Rotenburg,6629,30-34,3436,3193
DE734,"Kassel, Landkreis",12766,30-34,6534,6232
DE735,Schwalm-Eder-Kreis,10563,30-34,5558,5005
DE736,Waldeck-Frankenberg,8994,30-34,4692,4302
DE737,Werra-Meißner-Kreis,5374,30-34,2857,2517
DE8,Mecklenburg-Vorpommern,74916,30-34,38274,36642
DE80,Mecklenburg-Vorpommern,74916,30-34,38274,36642
DE803,"Rostock, Kreisfreie Stadt",13154,30-34,7103,6051
DE804,"Schwerin, Kreisfreie Stadt",5376,30-34,2810,2566
DE80J,Mecklenburgische Seenplatte,10444,30-34,5362,5082
DE80K,Landkreis Rostock,9649,30-34,4687,4962
DE80L,Vorpommern-Rügen,9390,30-34,4713,4677
DE80M,Nordwestmecklenburg,7186,30-34,3597,3589
DE80N,Vorpommern-Greifswald,10086,30-34,5190,4896
DE80O,Ludwigslust-Parchim,9631,30-34,4812,4819
DE9,Niedersachsen,495166,30-34,256858,238308
DE91,Braunschweig,100157,30-34,52367,47790
DE911,"Braunschweig, Kreisfreie Stadt",19841,30-34,10784,9057
DE912,"Salzgitter, Kreisfreie Stadt",6423,30-34,3461,2962
DE913,"Wolfsburg, Kreisfreie Stadt",8762,30-34,4610,4152
DE914,Gifhorn,10218,30-34,5166,5052
DE916,Goslar,6952,30-34,3678,3274
DE917,Helmstedt,5319,30-34,2698,2621
DE918,Northeim,6919,30-34,3593,3326
DE91A,Peine,7966,30-34,4000,3966
DE91B,Wolfenbüttel,6578,30-34,3361,3217
DE91C,Göttingen,21179,30-34,11016,10163
DE92,Hannover,133794,30-34,69183,64611
DE922,Diepholz,13022,30-34,6627,6395
DE923,Hameln-Pyrmont,8649,30-34,4426,4223
DE925,Hildesheim,16046,30-34,8351,7695
DE926,Holzminden,3523,30-34,1829,1694
DE927,Nienburg (Weser),6970,30-34,3678,3292
DE928,Schaumburg,8645,30-34,4447,4198
DE929,Region Hannover,76939,30-34,39825,37114
DE93,Lüneburg,98236,30-34,50426,47810
DE931,Celle,10030,30-34,5011,5019
DE932,Cuxhaven,10802,30-34,5556,5246
DE933,Harburg,14845,30-34,7699,7146
DE934,Lüchow-Dannenberg,2190,30-34,1092,1098
DE935,"Lüneburg, Landkreis",10597,30-34,5449,5148
DE936,Osterholz,5982,30-34,2968,3014
DE937,Rotenburg (Wümme),9845,30-34,5173,4672
DE938,Heidekreis,8459,30-34,4376,4083
DE939,Stade,12510,30-34,6451,6059
DE93A,Uelzen,4997,30-34,2542,2455
DE93B,Verden,7979,30-34,4109,3870
DE94,Weser-Ems,162979,30-34,84882,78097
DE941,"Delmenhorst, Kreisfreie Stadt",5320,30-34,2765,2555
DE942,"Emden, Kreisfreie Stadt",3245,30-34,1704,1541
DE943,"Oldenburg (Oldenburg), Kreisfreie Stadt",13584,30-34,7150,6434
DE944,"Osnabrück, Kreisfreie Stadt",12671,30-34,6707,5964
DE945,"Wilhelmshaven, Kreisfreie Stadt",4984,30-34,2828,2156
DE946,Ammerland,7328,30-34,3630,3698
DE947,Aurich,10632,30-34,5505,5127
DE948,Cloppenburg,12009,30-34,6354,5655
DE949,Emsland,21543,30-34,11447,10096
DE94A,Friesland (DE),5654,30-34,2856,2798
DE94B,Grafschaft Bentheim,8925,30-34,4611,4314
DE94C,Leer,10311,30-34,5305,5006
DE94D,"Oldenburg, Landkreis",7576,30-34,3865,3711
DE94E,"Osnabrück, Landkreis",21318,30-34,11013,10305
DE94F,Vechta,9554,30-34,4857,4697
DE94G,Wesermarsch,5330,30-34,2717,2613
DE94H,Wittmund,2995,30-34,1568,1427
DEA,Nordrhein-Westfalen,1187939,30-34,611166,576773
DEA1,Düsseldorf,353166,30-34,180084,173082
DEA11,"Düsseldorf, Kreisfreie Stadt",52838,30-34,25995,26843
DEA12,"Duisburg, Kreisfreie Stadt",35603,30-34,18483,17120
DEA13,"Essen, Kreisfreie Stadt",42312,30-34,21518,20794
DEA14,"Krefeld, Kreisfreie Stadt",15115,30-34,7832,7283
DEA15,"Mönchengladbach, Kreisfreie Stadt",18452,30-34,9856,8596
DEA16,"Mülheim an der Ruhr, Kreisfreie Stadt",11163,30-34,5602,5561
DEA17,"Oberhausen, Kreisfreie Stadt",14118,30-34,7200,6918
DEA18,"Remscheid, Kreisfreie Stadt",7288,30-34,3809,3479
DEA19,"Solingen, Kreisfreie Stadt",10688,30-34,5480,5208
DEA1A,"Wuppertal, Kreisfreie Stadt",24701,30-34,12879,11822
DEA1B,Kleve,21093,30-34,10979,10114
DEA1C,Mettmann,27842,30-34,13930,13912
DEA1D,Rhein-Kreis Neuss,26640,30-34,13480,13160
DEA1E,Viersen,17620,30-34,8995,8625
DEA1F,Wesel,27693,30-34,14046,13647
DEA2,Köln,305976,30-34,156469,149507
DEA22,"Bonn, Kreisfreie Stadt",24231,30-34,12281,11950
DEA23,"Köln, Kreisfreie Stadt",86881,30-34,43314,43567
DEA24,"Leverkusen, Kreisfreie Stadt",11008,30-34,5695,5313
DEA26,Düren,18263,30-34,9404,8859
DEA27,Rhein-Erft-Kreis,29024,30-34,14657,14367
DEA28,Euskirchen,12116,30-34,6282,5834
DEA29,Heinsberg,16561,30-34,8536,8025
DEA2A,Oberbergischer Kreis,16381,30-34,8443,7938
DEA2B,Rheinisch-Bergischer Kreis,15454,30-34,7749,7705
DEA2C,Rhein-Sieg-Kreis,35109,30-34,17982,17127
DEA2D,Städteregion Aachen,40948,30-34,22126,18822
DEA3,Münster,168297,30-34,86827,81470
DEA31,"Bottrop, Kreisfreie Stadt",7512,30-34,3837,3675
DEA32,"Gelsenkirchen, Kreisfreie Stadt",18111,30-34,9374,8737
DEA33,"Münster, Kreisfreie Stadt",23443,30-34,12076,11367
DEA34,Borken,24508,30-34,12796,11712
DEA35,Coesfeld,13071,30-34,6777,6294
DEA36,Recklinghausen,37890,30-34,19325,18565
DEA37,Steinfurt,27285,30-34,14170,13115
DEA38,Warendorf,16477,30-34,8472,8005
DEA4,Detmold,129825,30-34,67796,62029
DEA41,"Bielefeld, Kreisfreie Stadt",23604,30-34,12248,11356
DEA42,Gütersloh,22266,30-34,11813,10453
DEA43,Herford,15059,30-34,7730,7329
DEA44,Höxter,7764,30-34,4042,3722
DEA45,Lippe,20286,30-34,10473,9813
DEA46,Minden-Lübbecke,19601,30-34,10312,9289
DEA47,Paderborn,21245,30-34,11178,10067
DEA5,Arnsberg,230675,30-34,119990,110685
DEA51,"Bochum, Kreisfreie Stadt",25825,30-34,13514,12311
DEA52,"Dortmund, Kreisfreie Stadt",43427,30-34,22561,20866
DEA53,"Hagen, Kreisfreie Stadt",12461,30-34,6522,5939
DEA54,"Hamm, Kreisfreie Stadt",11453,30-34,6029,5424
DEA55,"Herne, Kreisfreie Stadt",10200,30-34,5264,4936
DEA56,Ennepe-Ruhr-Kreis,18925,30-34,9552,9373
DEA57,Hochsauerlandkreis,15785,30-34,8391,7394
DEA58,Märkischer Kreis,24733,30-34,12696,12037
DEA59,Olpe,8321,30-34,4408,3913
DEA5A,Siegen-Wittgenstein,17619,30-34,9326,8293
DEA5B,Soest,18086,30-34,9464,8622
DEA5C,Unna,23840,30-34,12263,11577
DEB,Rheinland-Pfalz,262188,30-34,135870,126318
DEB1,Koblenz,94997,30-34,49262,45735
DEB11,"Koblenz, Kreisfreie Stadt",8924,30-34,4891,4033
DEB12,Ahrweiler,7677,30-34,3912,3765
DEB13,Altenkirchen (Westerwald),8348,30-34,4344,4004
DEB14,Bad Kreuznach,10008,30-34,5168,4840
DEB15,Birkenfeld,5026,30-34,2622,2404
DEB17,Mayen-Koblenz,13496,30-34,6978,6518
DEB18,Neuwied,11420,30-34,5862,5558
DEB1A,Rhein-Lahn-Kreis,7330,30-34,3750,3580
DEB1B,Westerwaldkreis,12856,30-34,6568,6288
DEB1C,Cochem-Zell,3568,30-34,1906,1662
DEB1D,Rhein-Hunsrück-Kreis,6344,30-34,3261,3083
DEB2,Trier,33866,30-34,17788,16078
DEB21,"Trier, Kreisfreie Stadt",8355,30-34,4458,3897
DEB22,Bernkastel-Wittlich,6607,30-34,3490,3117
DEB23,Eifelkreis Bitburg-Prüm,6528,30-34,3463,3065
DEB24,Vulkaneifel,3421,30-34,1845,1576
DEB25,Trier-Saarburg,8955,30-34,4532,4423
DEB3,Rheinhessen-Pfalz,133325,30-34,68820,64505
DEB31,"Frankenthal (Pfalz), Kreisfreie Stadt",3088,30-34,1647,1441
DEB32,"Kaiserslautern, Kreisfreie Stadt",7831,30-34,4465,3366
DEB33,"Landau in der Pfalz, Kreisfreie Stadt",3497,30-34,1817,1680
DEB34,"Ludwigshafen am Rhein, Kreisfreie Stadt",12714,30-34,6744,5970
DEB35,"Mainz, Kreisfreie Stadt",19976,30-34,10301,9675
DEB36,"Neustadt an der Weinstraße, Kreisfreie Stadt",3287,30-34,1635,1652
DEB37,"Pirmasens, Kreisfreie Stadt",2504,30-34,1331,1173
DEB38,"Speyer, Kreisfreie Stadt",3171,30-34,1669,1502
DEB39,"Worms, Kreisfreie Stadt",5994,30-34,3157,2837
DEB3A,"Zweibrücken, Kreisfreie Stadt",2060,30-34,1095,965
DEB3B,Alzey-Worms,7856,30-34,4057,3799
DEB3C,Bad Dürkheim,7465,30-34,3771,3694
DEB3D,Donnersbergkreis,4290,30-34,2192,2098
DEB3E,Germersheim,8121,30-34,4118,4003
DEB3F,"Kaiserslautern, Landkreis",6178,30-34,3054,3124
DEB3G,Kusel,4086,30-34,2044,2042
DEB3H,Südliche Weinstraße,6356,30-34,3228,3128
DEB3I,Rhein-Pfalz-Kreis,8787,30-34,4440,4347
DEB3J,Mainz-Bingen,11088,30-34,5542,5546
DEB3K,Südwestpfalz,4976,30-34,2513,2463
DEC,Saarland,64186,30-34,33436,30750
DEC0,Saarland,64186,30-34,33436,30750
DEC01,Regionalverband Saarbrücken,23123,30-34,12166,10957
DEC02,Merzig-Wadern,6590,30-34,3487,3103
DEC03,Neunkirchen,8119,30-34,4200,3919
DEC04,Saarlouis,12590,30-34,6554,6036
DEC05,Saarpfalz-Kreis,8599,30-34,4445,4154
DEC06,St. Wendel,5165,30-34,2584,2581
DED,Sachsen,214942,30-34,112052,102890
DED2,Dresden,81273,30-34,42559,38714
DED21,"Dresden, Kreisfreie Stadt",39454,30-34,21326,18128
DED2C,Bautzen,12143,30-34,6268,5875
DED2D,Görlitz,9729,30-34,5076,4653
DED2E,Meißen,9665,30-34,4838,4827
DED2F,Sächsische Schweiz-Osterzgebirge,10282,30-34,5051,5231
DED4,Chemnitz,62708,30-34,32783,29925
DED41,"Chemnitz, Kreisfreie Stadt",14194,30-34,7617,6577
DED42,Erzgebirgskreis,12672,30-34,6517,6155
DED43,Mittelsachsen,12739,30-34,6592,6147
DED44,Vogtlandkreis,9249,30-34,4840,4409
DED45,Zwickau,13854,30-34,7217,6637
DED5,Leipzig,70961,30-34,36710,34251
DED51,"Leipzig, Kreisfreie Stadt",50560,30-34,26469,24091
DED52,Leipzig,11342,30-34,5530,5812
DED53,Nordsachsen,9059,30-34,4711,4348
DEE,Sachsen-Anhalt,104822,30-34,54433,50389
DEE0,Sachsen-Anhalt,104822,30-34,54433,50389
DEE01,"Dessau-Roßlau, Kreisfreie Stadt",3486,30-34,1751,1735
DEE02,"Halle (Saale), Kreisfreie Stadt",14267,30-34,7483,6784
DEE03,"Magdeburg, Kreisfreie Stadt",15841,30-34,8572,7269
DEE04,Altmarkkreis Salzwedel,3660,30-34,1900,1760
DEE05,Anhalt-Bitterfeld,6812,30-34,3501,3311
DEE06,Jerichower Land,3921,30-34,1987,1934
DEE07,Börde,7899,30-34,3920,3979
DEE08,Burgenlandkreis,7831,30-34,4054,3777
DEE09,Harz,9035,30-34,4679,4356
DEE0A,Mansfeld-Südharz,5312,30-34,2755,2557
DEE0B,Saalekreis,8352,30-34,4238,4114
DEE0C,Salzlandkreis,8207,30-34,4310,3897
DEE0D,Stendal,4834,30-34,2465,2369
DEE0E,Wittenberg,5365,30-34,2818,2547
DEF,Schleswig-Holstein,175131,30-34,89634,85497
DEF0,Schleswig-Holstein,175131,30-34,89634,85497
DEF01,"Flensburg, Kreisfreie Stadt",7245,30-34,3987,3258
DEF02,"Kiel, Kreisfreie Stadt",20835,30-34,11004,9831
DEF03,"Lübeck, Kreisfreie Stadt",14582,30-34,7357,7225
DEF04,"Neumünster, Kreisfreie Stadt",5196,30-34,2740,2456
DEF05,Dithmarschen,7352,30-34,3931,3421
DEF06,Herzogtum Lauenburg,11633,30-34,5792,5841
DEF07,Nordfriesland,9701,30-34,5045,4656
DEF08,Ostholstein,10029,30-34,5089,4940
DEF09,Pinneberg,18435,30-34,9341,9094
DEF0A,Plön,6600,30-34,3231,3369
DEF0B,Rendsburg-Eckernförde,15142,30-34,7660,7482
DEF0C,Schleswig-Flensburg,11626,30-34,5787,5839
DEF0D,Segeberg,16679,30-34,8456,8223
DEF0E,Steinburg,7772,30-34,3996,3776
DEF0F,Stormarn,12304,30-34,6218,6086
DEG,Thüringen,102489,30-34,53594,48895
DEG0,Thüringen,102489,30-34,53594,48895
DEG01,"Erfurt, Kreisfreie Stadt",14109,30-34,7351,6758
DEG02,"Gera, Kreisfreie Stadt",4680,30-34,2380,2300
DEG03,"Jena, Kreisfreie Stadt",7759,30-34,4185,3574
DEG04,"Suhl, Kreisfreie Stadt (NUTS 2021)",:,30-34,:,:
DEG05,"Weimar, Kreisfreie Stadt",3625,30-34,1809,1816
DEG06,Eichsfeld,4833,30-34,2457,2376
DEG07,Nordhausen,3742,30-34,1927,1815
DEG09,Unstrut-Hainich-Kreis,4508,30-34,2283,2225
DEG0A,Kyffhäuserkreis,3138,30-34,1655,1483
DEG0B,Schmalkalden-Meiningen (NUTS 2021),:,30-34,:,:
DEG0C,Gotha,6560,30-34,3472,3088
DEG0D,Sömmerda,3072,30-34,1540,1532
DEG0E,Hildburghausen,2686,30-34,1420,1266
DEG0F,Ilm-Kreis (NUTS 2021),:,30-34,:,:
DEG0G,Weimarer Land,3632,30-34,1773,1859
DEG0H,Sonneberg (NUTS 2021),:,30-34,:,:
DEG0I,Saalfeld-Rudolstadt (NUTS 2021),:,30-34,:,:
DEG0J,Saale-Holzland-Kreis,3560,30-34,1861,1699
DEG0K,Saale-Orla-Kreis,3154,30-34,1639,1515
DEG0L,Greiz,3530,30-34,1782,1748
DEG0M,Altenburger Land,3540,30-34,1863,1677
DEG0N,"Eisenach, Kreisfreie Stadt (NUTS 2021)",:,30-34,:,:
DEG0P,Wartburgkreis (NUTS 2021),:,30-34,:,:
DEG0Q,Schmalkalden-Meiningen,5288,30-34,2793,2495
DEG0R,Wartburgkreis,7201,30-34,3775,3426
DEG0S,"Suhl, Kreisfreie Stadt",1728,30-34,955,773
DEG0T,Ilm-Kreis,5530,30-34,3089,2441
DEG0U,Saalfeld-Rudolstadt,4181,30-34,2257,1924
DEG0V,Sonneberg,2433,30-34,1328,1105
DE,Germany,5584994,35-39,2846963,2738031
DE1,Baden-Württemberg,747508,35-39,382533,364975
DE11,Stuttgart,284361,35-39,146109,138252
DE111,"Stuttgart, Stadtkreis",46799,35-39,24167,22632
DE112,Böblingen,27559,35-39,14031,13528
DE113,Esslingen,35649,35-39,18257,17392
DE114,Göppingen,16816,35-39,8519,8297
DE115,Ludwigsburg,36554,35-39,18352,18202
DE116,Rems-Murr-Kreis,28385,35-39,14611,13774
DE117,"Heilbronn, Stadtkreis",9583,35-39,5019,4564
DE118,"Heilbronn, Landkreis",24181,35-39,12477,11704
DE119,Hohenlohekreis,7787,35-39,4129,3658
DE11A,Schwäbisch Hall,13877,35-39,7275,6602
DE11B,Main-Tauber-Kreis,8221,35-39,4294,3927
DE11C,Heidenheim,8762,35-39,4523,4239
DE11D,Ostalbkreis,20188,35-39,10455,9733
DE12,Karlsruhe,187713,35-39,96418,91295
DE121,"Baden-Baden, Stadtkreis",3472,35-39,1656,1816
DE122,"Karlsruhe, Stadtkreis",20898,35-39,10978,9920
DE123,"Karlsruhe, Landkreis",30044,35-39,15499,14545
DE124,Rastatt,14880,35-39,7666,7214
DE125,"Heidelberg, Stadtkreis",10709,35-39,5392,5317
DE126,"Mannheim, Stadtkreis",22800,35-39,11899,10901
DE127,Neckar-Odenwald-Kreis,9014,35-39,4710,4304
DE128,Rhein-Neckar-Kreis,35984,35-39,18064,17920
DE129,"Pforzheim, Stadtkreis",9248,35-39,4835,4413
DE12A,Calw,10407,35-39,5387,5020
DE12B,Enzkreis,12669,35-39,6419,6250
DE12C,Freudenstadt,7588,35-39,3913,3675
DE13,Freiburg,151502,35-39,76618,74884
DE131,"Freiburg im Breisgau, Stadtkreis",16951,35-39,8442,8509
DE132,Breisgau-Hochschwarzwald,17012,35-39,8539,8473
DE133,Emmendingen,11050,35-39,5529,5521
DE134,Ortenaukreis,28774,35-39,14811,13963
DE135,Rottweil,8834,35-39,4516,4318
DE136,Schwarzwald-Baar-Kreis,13888,35-39,7185,6703
DE137,Tuttlingen,9805,35-39,5093,4712
DE138,Konstanz,18483,35-39,9180,9303
DE139,Lörrach,15578,35-39,7785,7793
DE13A,Waldshut,11127,35-39,5538,5589
DE14,Tübingen,123932,35-39,63388,60544
DE141,Reutlingen,18865,35-39,9530,9335
DE142,"Tübingen, Landkreis",15191,35-39,7504,7687
DE143,Zollernalbkreis,12292,35-39,6183,6109
DE144,"Ulm, Stadtkreis",8876,35-39,4787,4089
DE145,Alb-Donau-Kreis,13481,35-39,6943,6538
DE146,Biberach,14163,35-39,7319,6844
DE147,Bodenseekreis,14000,35-39,7107,6893
DE148,Ravensburg,18649,35-39,9688,8961
DE149,Sigmaringen,8415,35-39,4327,4088
DE2,Bayern,889665,35-39,455565,434100
DE21,Oberbayern,335498,35-39,170338,165160
DE211,"Ingolstadt, Kreisfreie Stadt",10814,35-39,5758,5056
DE212,"München, Kreisfreie Stadt",122598,35-39,62364,60234
DE213,"Rosenheim, Kreisfreie Stadt",4488,35-39,2324,2164
DE214,Altötting,7238,35-39,3764,3474
DE215,Berchtesgadener Land,6895,35-39,3576,3319
DE216,Bad Tölz-Wolfratshausen,8335,35-39,4150,4185
DE217,Dachau,10538,35-39,5290,5248
DE218,Ebersberg,9420,35-39,4649,4771
DE219,Eichstätt,9354,35-39,4745,4609
DE21A,Erding,9388,35-39,4724,4664
DE21B,Freising,13264,35-39,6947,6317
DE21C,Fürstenfeldbruck,14127,35-39,7048,7079
DE21D,Garmisch-Partenkirchen,5236,35-39,2578,2658
DE21E,Landsberg am Lech,7452,35-39,3763,3689
DE21F,Miesbach,6032,35-39,2987,3045
DE21G,Mühldorf a. Inn,8031,35-39,4194,3837
DE21H,"München, Landkreis",22638,35-39,11312,11326
DE21I,Neuburg-Schrobenhausen,6655,35-39,3467,3188
DE21J,Pfaffenhofen a. d. Ilm,9415,35-39,4839,4576
DE21K,"Rosenheim, Landkreis",16301,35-39,8258,8043
DE21L,Starnberg,7756,35-39,3740,4016
DE21M,Traunstein,10833,35-39,5462,5371
DE21N,Weilheim-Schongau,8690,35-39,4399,4291
DE22,Niederbayern,80411,35-39,41720,38691
DE221,"Landshut, Kreisfreie Stadt",4810,35-39,2491,2319
DE222,"Passau, Kreisfreie Stadt",3385,35-39,1771,1614
DE223,"Straubing, Kreisfreie Stadt",3140,35-39,1722,1418
DE224,Deggendorf,7628,35-39,3985,3643
DE225,Freyung-Grafenau,4553,35-39,2299,2254
DE226,Kelheim,8448,35-39,4413,4035
DE227,"Landshut, Landkreis",10767,35-39,5429,5338
DE228,"Passau, Landkreis",11678,35-39,5915,5763
DE229,Regen,4760,35-39,2472,2288
DE22A,Rottal-Inn,7307,35-39,3814,3493
DE22B,Straubing-Bogen,6874,35-39,3564,3310
DE22C,Dingolfing-Landau,7061,35-39,3845,3216
DE23,Oberpfalz,73396,35-39,38037,35359
DE231,"Amberg, Kreisfreie Stadt",2718,35-39,1446,1272
DE232,"Regensburg, Kreisfreie Stadt",11207,35-39,5808,5399
DE233,"Weiden i. d. Opf, Kreisfreie Stadt",2595,35-39,1330,1265
DE234,Amberg-Sulzbach,6570,35-39,3409,3161
DE235,Cham,8178,35-39,4277,3901
DE236,Neumarkt i. d. OPf.,9142,35-39,4817,4325
DE237,Neustadt a. d. Waldnaab,6077,35-39,3084,2993
DE238,"Regensburg, Landkreis",12755,35-39,6459,6296
DE239,Schwandorf,9738,35-39,5050,4688
DE23A,Tirschenreuth,4416,35-39,2357,2059
DE24,Oberfranken,65781,35-39,33793,31988
DE241,"Bamberg, Kreisfreie Stadt",5480,35-39,2955,2525
DE242,"Bayreuth, Kreisfreie Stadt",4522,35-39,2396,2126
DE243,"Coburg, Kreisfreie Stadt",2749,35-39,1498,1251
DE244,"Hof, Kreisfreie Stadt",2861,35-39,1486,1375
DE245,"Bamberg, Landkreis",9848,35-39,4989,4859
DE246,"Bayreuth, Landkreis",6301,35-39,3143,3158
DE247,"Coburg, Landkreis",5457,35-39,2772,2685
DE248,Forchheim,7487,35-39,3725,3762
DE249,"Hof, Landkreis",5164,35-39,2600,2564
DE24A,Kronach,3705,35-39,1905,1800
DE24B,Kulmbach,4239,35-39,2213,2026
DE24C,Lichtenfels,4042,35-39,2082,1960
DE24D,Wunsiedel i. Fichtelgebirge,3926,35-39,2029,1897
DE25,Mittelfranken,122215,35-39,62025,60190
DE251,"Ansbach, Kreisfreie Stadt",2564,35-39,1326,1238
DE252,"Erlangen, Kreisfreie Stadt",7807,35-39,3949,3858
DE253,"Fürth, Kreisfreie Stadt",9683,35-39,5061,4622
DE254,"Nürnberg, Kreisfreie Stadt",38397,35-39,19788,18609
DE255,"Schwabach, Kreisfreie Stadt",2631,35-39,1306,1325
DE256,"Ansbach, Landkreis",12134,35-39,6237,5897
DE257,Erlangen-Höchstadt,9353,35-39,4572,4781
DE258,"Fürth, Landkreis",7705,35-39,3800,3905
DE259,Nürnberger Land,10931,35-39,5262,5669
DE25A,Neustadt a. d. Aisch-Bad Windsheim,6521,35-39,3340,3181
DE25B,Roth,8442,35-39,4253,4189
DE25C,Weißenburg-Gunzenhausen,6047,35-39,3131,2916
DE26,Unterfranken,84090,35-39,43256,40834
DE261,"Aschaffenburg, Kreisfreie Stadt",5110,35-39,2617,2493
DE262,"Schweinfurt, Kreisfreie Stadt",3440,35-39,1842,1598
DE263,"Würzburg, Kreisfreie Stadt",8960,35-39,4852,4108
DE264,"Aschaffenburg, Landkreis",10763,35-39,5401,5362
DE265,Bad Kissingen,6117,35-39,3123,2994
DE266,Rhön-Grabfeld,4824,35-39,2520,2304
DE267,Haßberge,5249,35-39,2684,2565
DE268,Kitzingen,6035,35-39,3132,2903
DE269,Miltenberg,7823,35-39,3993,3830
DE26A,Main-Spessart,7654,35-39,3926,3728
DE26B,"Schweinfurt, Landkreis",7482,35-39,3870,3612
DE26C,"Würzburg, Landkreis",10633,35-39,5296,5337
DE27,Schwaben,128274,35-39,66396,61878
DE271,"Augsburg, Kreisfreie Stadt",21733,35-39,11578,10155
DE272,"Kaufbeuren, Kreisfreie Stadt",3108,35-39,1654,1454
DE273,"Kempten (Allgäu), Kreisfreie Stadt",4372,35-39,2236,2136
DE274,"Memmingen, Kreisfreie Stadt",2811,35-39,1436,1375
DE275,Aichach-Friedberg,9060,35-39,4542,4518
DE276,"Augsburg, Landkreis",17362,35-39,8749,8613
DE277,Dillingen a.d. Donau,6456,35-39,3369,3087
DE278,Günzburg,8628,35-39,4466,4162
DE279,Neu-Ulm,12831,35-39,6677,6154
DE27A,Lindau (Bodensee),5155,35-39,2642,2513
DE27B,Ostallgäu,8988,35-39,4604,4384
DE27C,Unterallgäu,9380,35-39,4897,4483
DE27D,Donau-Ries,8850,35-39,4697,4153
DE27E,Oberallgäu,9540,35-39,4849,4691
DE3,Berlin,309237,35-39,156936,152301
DE30,Berlin,309237,35-39,156936,152301
DE300,Berlin,309237,35-39,156936,152301
DE4,Brandenburg,176416,35-39,88792,87624
DE40,Brandenburg,176416,35-39,88792,87624
DE401,"Brandenburg an der Havel, Kreisfreie Stadt",5420,35-39,2901,2519
DE402,"Cottbus, Kreisfreie Stadt",6375,35-39,3385,2990
DE403,"Frankfurt (Oder), Kreisfreie Stadt",3730,35-39,1942,1788
DE404,"Potsdam, Kreisfreie Stadt",14603,35-39,7183,7420
DE405,Barnim,14150,35-39,6977,7173
DE406,Dahme-Spreewald,12748,35-39,6410,6338
DE407,Elbe-Elster,6163,35-39,3250,2913
DE408,Havelland,11614,35-39,5773,5841
DE409,Märkisch-Oderland,13858,35-39,6739,7119
DE40A,Oberhavel,15079,35-39,7518,7561
DE40B,Oberspreewald-Lausitz,6847,35-39,3553,3294
DE40C,Oder-Spree,12223,35-39,5993,6230
DE40D,Ostprignitz-Ruppin,6554,35-39,3330,3224
DE40E,Potsdam-Mittelmark,14568,35-39,7186,7382
DE40F,Prignitz,5023,35-39,2699,2324
DE40G,Spree-Neiße,6681,35-39,3322,3359
DE40H,Teltow-Fläming,13540,35-39,6908,6632
DE40I,Uckermark,7240,35-39,3723,3517
DE5,Bremen,47455,35-39,24345,23110
DE50,Bremen,47455,35-39,24345,23110
DE501,"Bremen, Kreisfreie Stadt",39829,35-39,20376,19453
DE502,"Bremerhaven, Kreisfreie Stadt",7626,35-39,3969,3657
DE6,Hamburg,144015,35-39,72432,71583
DE60,Hamburg,144015,35-39,72432,71583
DE600,Hamburg,144015,35-39,72432,71583
DE7,Hessen,415180,35-39,210020,205160
DE71,Darmstadt,275245,35-39,138042,137203
DE711,"Darmstadt, Kreisfreie Stadt",11558,35-39,6006,5552
DE712,"Frankfurt am Main, Kreisfreie Stadt",61546,35-39,30946,30600
DE713,"Offenbach am Main, Kreisfreie Stadt",10573,35-39,5575,4998
DE714,"Wiesbaden, Kreisfreie Stadt",19409,35-39,9640,9769
DE715,Bergstraße,17640,35-39,8863,8777
DE716,Darmstadt-Dieburg,19209,35-39,9615,9594
DE717,Groß-Gerau,18583,35-39,9415,9168
DE718,Hochtaunuskreis,14236,35-39,6897,7339
DE719,Main-Kinzig-Kreis,27154,35-39,13685,13469
DE71A,Main-Taunus-Kreis,15050,35-39,7434,7616
DE71B,Odenwaldkreis,5724,35-39,2885,2839
DE71C,"Offenbach, Landkreis",23668,35-39,11825,11843
DE71D,Rheingau-Taunus-Kreis,10851,35-39,5340,5511
DE71E,Wetteraukreis,20044,35-39,9916,10128
DE72,Gießen,65333,35-39,33536,31797
DE721,"Gießen, Landkreis",17386,35-39,9034,8352
DE722,Lahn-Dill-Kreis,15955,35-39,8096,7859
DE723,Limburg-Weilburg,11077,35-39,5666,5411
DE724,Marburg-Biedenkopf,14985,35-39,7689,7296
DE725,Vogelsbergkreis,5930,35-39,3051,2879
DE73,Kassel,74602,35-39,38442,36160
DE731,"Kassel, Kreisfreie Stadt",13367,35-39,6980,6387
DE732,Fulda,14000,35-39,7261,6739
DE733,Hersfeld-Rotenburg,7054,35-39,3648,3406
DE734,"Kassel, Landkreis",14040,35-39,7102,6938
DE735,Schwalm-Eder-Kreis,11211,35-39,5781,5430
DE736,Waldeck-Frankenberg,9191,35-39,4727,4464
DE737,Werra-Meißner-Kreis,5739,35-39,2943,2796
DE8,Mecklenburg-Vorpommern,106831,35-39,54504,52327
DE80,Mecklenburg-Vorpommern,106831,35-39,54504,52327
DE803,"Rostock, Kreisfreie Stadt",15209,35-39,8068,7141
DE804,"Schwerin, Kreisfreie Stadt",7018,35-39,3679,3339
DE80J,Mecklenburgische Seenplatte,15759,35-39,8087,7672
DE80K,Landkreis Rostock,15176,35-39,7520,7656
DE80L,Vorpommern-Rügen,13943,35-39,7020,6923
DE80M,Nordwestmecklenburg,10894,35-39,5411,5483
DE80N,Vorpommern-Greifswald,14672,35-39,7511,7161
DE80O,Ludwigslust-Parchim,14160,35-39,7208,6952
DE9,Niedersachsen,501947,35-39,256286,245661
DE91,Braunschweig,100978,35-39,52076,48902
DE911,"Braunschweig, Kreisfreie Stadt",17382,35-39,9158,8224
DE912,"Salzgitter, Kreisfreie Stadt",6514,35-39,3439,3075
DE913,"Wolfsburg, Kreisfreie Stadt",9143,35-39,4774,4369
DE914,Gifhorn,11763,35-39,5930,5833
DE916,Goslar,6988,35-39,3550,3438
DE917,Helmstedt,5910,35-39,2992,2918
DE918,Northeim,7169,35-39,3715,3454
DE91A,Peine,8911,35-39,4510,4401
DE91B,Wolfenbüttel,7163,35-39,3636,3527
DE91C,Göttingen,20035,35-39,10372,9663
DE92,Hannover,133088,35-39,67417,65671
DE922,Diepholz,13509,35-39,6941,6568
DE923,Hameln-Pyrmont,8665,35-39,4414,4251
DE925,Hildesheim,15949,35-39,8168,7781
DE926,Holzminden,3744,35-39,1936,1808
DE927,Nienburg (Weser),7230,35-39,3689,3541
DE928,Schaumburg,9077,35-39,4554,4523
DE929,Region Hannover,74914,35-39,37715,37199
DE93,Lüneburg,106226,35-39,53394,52832
DE931,Celle,10887,35-39,5404,5483
DE932,Cuxhaven,11569,35-39,5677,5892
DE933,Harburg,16509,35-39,8272,8237
DE934,Lüchow-Dannenberg,2509,35-39,1282,1227
DE935,"Lüneburg, Landkreis",11265,35-39,5689,5576
DE936,Osterholz,6758,35-39,3237,3521
DE937,Rotenburg (Wümme),10460,35-39,5450,5010
DE938,Heidekreis,8812,35-39,4533,4279
DE939,Stade,13382,35-39,6756,6626
DE93A,Uelzen,5280,35-39,2750,2530
DE93B,Verden,8795,35-39,4344,4451
DE94,Weser-Ems,161655,35-39,83399,78256
DE941,"Delmenhorst, Kreisfreie Stadt",5303,35-39,2721,2582
DE942,"Emden, Kreisfreie Stadt",3120,35-39,1591,1529
DE943,"Oldenburg (Oldenburg), Kreisfreie Stadt",11538,35-39,5920,5618
DE944,"Osnabrück, Kreisfreie Stadt",10541,35-39,5564,4977
DE945,"Wilhelmshaven, Kreisfreie Stadt",4570,35-39,2471,2099
DE946,Ammerland,7745,35-39,3835,3910
DE947,Aurich,10878,35-39,5509,5369
DE948,Cloppenburg,11811,35-39,6359,5452
DE949,Emsland,22123,35-39,11773,10350
DE94A,Friesland (DE),5766,35-39,2878,2888
DE94B,Grafschaft Bentheim,9020,35-39,4588,4432
DE94C,Leer,10629,35-39,5458,5171
DE94D,"Oldenburg, Landkreis",8223,35-39,4129,4094
DE94E,"Osnabrück, Landkreis",22147,35-39,11282,10865
DE94F,Vechta,10079,35-39,5199,4880
DE94G,Wesermarsch,5125,35-39,2628,2497
DE94H,Wittmund,3037,35-39,1494,1543
DEA,Nordrhein-Westfalen,1172193,35-39,594593,577600
DEA1,Düsseldorf,348060,35-39,175051,173009
DEA11,"Düsseldorf, Kreisfreie Stadt",47892,35-39,23679,24213
DEA12,"Duisburg, Kreisfreie Stadt",33291,35-39,17039,16252
DEA13,"Essen, Kreisfreie Stadt",39374,35-39,19761,19613
DEA14,"Krefeld, Kreisfreie Stadt",14801,35-39,7525,7276
DEA15,"Mönchengladbach, Kreisfreie Stadt",17920,35-39,9340,8580
DEA16,"Mülheim an der Ruhr, Kreisfreie Stadt",10927,35-39,5423,5504
DEA17,"Oberhausen, Kreisfreie Stadt",14070,35-39,7024,7046
DEA18,"Remscheid, Kreisfreie Stadt",7366,35-39,3706,3660
DEA19,"Solingen, Kreisfreie Stadt",10783,35-39,5321,5462
DEA1A,"Wuppertal, Kreisfreie Stadt",23719,35-39,12176,11543
DEA1B,Kleve,21180,35-39,11071,10109
DEA1C,Mettmann,30425,35-39,15104,15321
DEA1D,Rhein-Kreis Neuss,29353,35-39,14425,14928
DEA1E,Viersen,18315,35-39,9172,9143
DEA1F,Wesel,28644,35-39,14285,14359
DEA2,Köln,297451,35-39,150026,147425
DEA22,"Bonn, Kreisfreie Stadt",22163,35-39,11095,11068
DEA23,"Köln, Kreisfreie Stadt",75878,35-39,37970,37908
DEA24,"Leverkusen, Kreisfreie Stadt",10805,35-39,5506,5299
DEA26,Düren,18094,35-39,9303,8791
DEA27,Rhein-Erft-Kreis,31559,35-39,15802,15757
DEA28,Euskirchen,12768,35-39,6488,6280
DEA29,Heinsberg,16913,35-39,8504,8409
DEA2A,Oberbergischer Kreis,17339,35-39,8809,8530
DEA2B,Rheinisch-Bergischer Kreis,17487,35-39,8465,9022
DEA2C,Rhein-Sieg-Kreis,38058,35-39,19081,18977
DEA2D,Städteregion Aachen,36387,35-39,19003,17384
DEA3,Münster,168389,35-39,85367,83022
DEA31,"Bottrop, Kreisfreie Stadt",7611,35-39,3881,3730
DEA32,"Gelsenkirchen, Kreisfreie Stadt",17231,35-39,8870,8361
DEA33,"Münster, Kreisfreie Stadt",19967,35-39,9958,10009
DEA34,Borken,24160,35-39,12391,11769
DEA35,Coesfeld,14278,35-39,7194,7084
DEA36,Recklinghausen,38827,35-39,19562,19265
DEA37,Steinfurt,28609,35-39,14489,14120
DEA38,Warendorf,17706,35-39,9022,8684
DEA4,Detmold,131162,35-39,67706,63456
DEA41,"Bielefeld, Kreisfreie Stadt",22108,35-39,11173,10935
DEA42,Gütersloh,23241,35-39,12104,11137
DEA43,Herford,15852,35-39,8098,7754
DEA44,Höxter,8156,35-39,4159,3997
DEA45,Lippe,21099,35-39,10771,10328
DEA46,Minden-Lübbecke,19712,35-39,10363,9349
DEA47,Paderborn,20994,35-39,11038,9956
DEA5,Arnsberg,227131,35-39,116443,110688
DEA51,"Bochum, Kreisfreie Stadt",23656,35-39,12275,11381
DEA52,"Dortmund, Kreisfreie Stadt",39889,35-39,20413,19476
DEA53,"Hagen, Kreisfreie Stadt",12250,35-39,6371,5879
DEA54,"Hamm, Kreisfreie Stadt",11363,35-39,5794,5569
DEA55,"Herne, Kreisfreie Stadt",9742,35-39,4969,4773
DEA56,Ennepe-Ruhr-Kreis,19267,35-39,9620,9647
DEA57,Hochsauerlandkreis,15945,35-39,8286,7659
DEA58,Märkischer Kreis,25460,35-39,13091,12369
DEA59,Olpe,8334,35-39,4263,4071
DEA5A,Siegen-Wittgenstein,17735,35-39,9140,8595
DEA5B,Soest,18881,35-39,9853,9028
DEA5C,Unna,24609,35-39,12368,12241
DEB,Rheinland-Pfalz,264485,35-39,135085,129400
DEB1,Koblenz,96280,35-39,49384,46896
DEB11,"Koblenz, Kreisfreie Stadt",7677,35-39,4095,3582
DEB12,Ahrweiler,7845,35-39,4147,3698
DEB13,Altenkirchen (Westerwald),8189,35-39,4178,4011
DEB14,Bad Kreuznach,10086,35-39,5039,5047
DEB15,Birkenfeld,4940,35-39,2553,2387
DEB17,Mayen-Koblenz,14099,35-39,7167,6932
DEB18,Neuwied,11733,35-39,5995,5738
DEB1A,Rhein-Lahn-Kreis,7847,35-39,4027,3820
DEB1B,Westerwaldkreis,13564,35-39,6874,6690
DEB1C,Cochem-Zell,3547,35-39,1836,1711
DEB1D,Rhein-Hunsrück-Kreis,6753,35-39,3473,3280
DEB2,Trier,33884,35-39,17300,16584
DEB21,"Trier, Kreisfreie Stadt",7194,35-39,3732,3462
DEB22,Bernkastel-Wittlich,6929,35-39,3573,3356
DEB23,Eifelkreis Bitburg-Prüm,6492,35-39,3306,3186
DEB24,Vulkaneifel,3559,35-39,1862,1697
DEB25,Trier-Saarburg,9710,35-39,4827,4883
DEB3,Rheinhessen-Pfalz,134321,35-39,68401,65920
DEB31,"Frankenthal (Pfalz), Kreisfreie Stadt",3108,35-39,1621,1487
DEB32,"Kaiserslautern, Kreisfreie Stadt",6374,35-39,3382,2992
DEB33,"Landau in der Pfalz, Kreisfreie Stadt",3191,35-39,1624,1567
DEB34,"Ludwigshafen am Rhein, Kreisfreie Stadt",12416,35-39,6547,5869
DEB35,"Mainz, Kreisfreie Stadt",16364,35-39,8406,7958
DEB36,"Neustadt an der Weinstraße, Kreisfreie Stadt",3258,35-39,1682,1576
DEB37,"Pirmasens, Kreisfreie Stadt",2356,35-39,1222,1134
DEB38,"Speyer, Kreisfreie Stadt",3012,35-39,1585,1427
DEB39,"Worms, Kreisfreie Stadt",5782,35-39,2916,2866
DEB3A,"Zweibrücken, Kreisfreie Stadt",2139,35-39,1108,1031
DEB3B,Alzey-Worms,8601,35-39,4362,4239
DEB3C,Bad Dürkheim,7942,35-39,4021,3921
DEB3D,Donnersbergkreis,4626,35-39,2368,2258
DEB3E,Germersheim,8912,35-39,4506,4406
DEB3F,"Kaiserslautern, Landkreis",6772,35-39,3341,3431
DEB3G,Kusel,4093,35-39,2120,1973
DEB3H,Südliche Weinstraße,7056,35-39,3564,3492
DEB3I,Rhein-Pfalz-Kreis,9983,35-39,4995,4988
DEB3J,Mainz-Bingen,13004,35-39,6286,6718
DEB3K,Südwestpfalz,5332,35-39,2745,2587
DEC,Saarland,64133,35-39,32897,31236
DEC0,Saarland,64133,35-39,32897,31236
DEC01,Regionalverband Saarbrücken,21665,35-39,11222,10443
DEC02,Merzig-Wadern,6803,35-39,3489,3314
DEC03,Neunkirchen,8519,35-39,4390,4129
DEC04,Saarlouis,13224,35-39,6775,6449
DEC05,Saarpfalz-Kreis,8749,35-39,4397,4352
DEC06,St. Wendel,5173,35-39,2624,2549
DED,Sachsen,282269,35-39,145459,136810
DED2,Dresden,109494,35-39,56308,53186
DED21,"Dresden, Kreisfreie Stadt",44591,35-39,23256,21335
DED2C,Bautzen,18706,35-39,9567,9139
DED2D,Görlitz,14704,35-39,7562,7142
DED2E,Meißen,15344,35-39,7775,7569
DED2F,Sächsische Schweiz-Osterzgebirge,16149,35-39,8148,8001
DED4,Chemnitz,87400,35-39,45208,42192
DED41,"Chemnitz, Kreisfreie Stadt",17096,35-39,8888,8208
DED42,Erzgebirgskreis,19161,35-39,9896,9265
DED43,Mittelsachsen,18484,35-39,9460,9024
DED44,Vogtlandkreis,13316,35-39,6911,6405
DED45,Zwickau,19343,35-39,10053,9290
DED5,Leipzig,85375,35-39,43943,41432
DED51,"Leipzig, Kreisfreie Stadt",53852,35-39,28018,25834
DED52,Leipzig,17519,35-39,8787,8732
DED53,Nordsachsen,14004,35-39,7138,6866
DEE,Sachsen-Anhalt,141390,35-39,72922,68468
DEE0,Sachsen-Anhalt,141390,35-39,72922,68468
DEE01,"Dessau-Roßlau, Kreisfreie Stadt",4487,35-39,2250,2237
DEE02,"Halle (Saale), Kreisfreie Stadt",15395,35-39,7872,7523
DEE03,"Magdeburg, Kreisfreie Stadt",17600,35-39,9283,8317
DEE04,Altmarkkreis Salzwedel,5285,35-39,2771,2514
DEE05,Anhalt-Bitterfeld,9973,35-39,5106,4867
DEE06,Jerichower Land,5948,35-39,3017,2931
DEE07,Börde,11831,35-39,6021,5810
DEE08,Burgenlandkreis,11622,35-39,5924,5698
DEE09,Harz,13161,35-39,6710,6451
DEE0A,Mansfeld-Südharz,7689,35-39,4033,3656
DEE0B,Saalekreis,12336,35-39,6239,6097
DEE0C,Salzlandkreis,11488,35-39,6108,5380
DEE0D,Stendal,6886,35-39,3577,3309
DEE0E,Wittenberg,7689,35-39,4011,3678
DEF,Schleswig-Holstein,182001,35-39,91665,90336
DEF0,Schleswig-Holstein,182001,35-39,91665,90336
DEF01,"Flensburg, Kreisfreie Stadt",6436,35-39,3420,3016
DEF02,"Kiel, Kreisfreie Stadt",16980,35-39,8963,8017
DEF03,"Lübeck, Kreisfreie Stadt",13947,35-39,6986,6961
DEF04,"Neumünster, Kreisfreie Stadt",4956,35-39,2600,2356
DEF05,Dithmarschen,7389,35-39,3753,3636
DEF06,Herzogtum Lauenburg,13275,35-39,6602,6673
DEF07,Nordfriesland,9843,35-39,4978,4865
DEF08,Ostholstein,10852,35-39,5429,5423
DEF09,Pinneberg,20798,35-39,10459,10339
DEF0A,Plön,7256,35-39,3501,3755
DEF0B,Rendsburg-Eckernförde,16492,35-39,8228,8264
DEF0C,Schleswig-Flensburg,12040,35-39,6055,5985
DEF0D,Segeberg,18705,35-39,9393,9312
DEF0E,Steinburg,8055,35-39,4083,3972
DEF0F,Stormarn,14977,35-39,7215,7762
DEG,Thüringen,140269,35-39,72929,67340
DEG0,Thüringen,140269,35-39,72929,67340
DEG01,"Erfurt, Kreisfreie Stadt",16622,35-39,8778,7844
DEG02,"Gera, Kreisfreie Stadt",6205,35-39,3268,2937
DEG03,"Jena, Kreisfreie Stadt",8140,35-39,4256,3884
DEG04,"Suhl, Kreisfreie Stadt (NUTS 2021)",:,35-39,:,:
DEG05,"Weimar, Kreisfreie Stadt",4544,35-39,2275,2269
DEG06,Eichsfeld,6959,35-39,3554,3405
DEG07,Nordhausen,5320,35-39,2784,2536
DEG09,Unstrut-Hainich-Kreis,6193,35-39,3239,2954
DEG0A,Kyffhäuserkreis,4582,35-39,2438,2144
DEG0B,Schmalkalden-Meiningen (NUTS 2021),:,35-39,:,:
DEG0C,Gotha,9141,35-39,4698,4443
DEG0D,Sömmerda,4495,35-39,2298,2197
DEG0E,Hildburghausen,4117,35-39,2196,1921
DEG0F,Ilm-Kreis (NUTS 2021),:,35-39,:,:
DEG0G,Weimarer Land,5560,35-39,2747,2813
DEG0H,Sonneberg (NUTS 2021),:,35-39,:,:
DEG0I,Saalfeld-Rudolstadt (NUTS 2021),:,35-39,:,:
DEG0J,Saale-Holzland-Kreis,5623,35-39,2847,2776
DEG0K,Saale-Orla-Kreis,4845,35-39,2534,2311
DEG0L,Greiz,5544,35-39,2868,2676
DEG0M,Altenburger Land,5215,35-39,2645,2570
DEG0N,"Eisenach, Kreisfreie Stadt (NUTS 2021)",:,35-39,:,:
DEG0P,Wartburgkreis (NUTS 2021),:,35-39,:,:
DEG0Q,Schmalkalden-Meiningen,7947,35-39,4237,3710
DEG0R,Wartburgkreis,10148,35-39,5221,4927
DEG0S,"Suhl, Kreisfreie Stadt",2182,35-39,1200,982
DEG0T,Ilm-Kreis,7187,35-39,3776,3411
DEG0U,Saalfeld-Rudolstadt,6237,35-39,3267,2970
DEG0V,Sonneberg,3463,35-39,1803,1660
DE,Germany,5378213,40-44,2703805,2674408
DE1,Baden-Württemberg,717499,40-44,359529,357970
DE11,Stuttgart,272177,40-44,137149,135028
DE111,"Stuttgart, Stadtkreis",42342,40-44,21356,20986
DE112,Böblingen,26775,40-44,13473,13302
DE113,Esslingen,34625,40-44,17323,17302
DE114,Göppingen,16228,40-44,8229,7999
DE115,Ludwigsburg,35637,40-44,17580,18057
DE116,Rems-Murr-Kreis,27806,40-44,13853,13953
DE117,"Heilbronn, Stadtkreis",8792,40-44,4381,4411
DE118,"Heilbronn, Landkreis",23280,40-44,11865,11415
DE119,Hohenlohekreis,7160,40-44,3730,3430
DE11A,Schwäbisch Hall,12969,40-44,6697,6272
DE11B,Main-Tauber-Kreis,8033,40-44,4181,3852
DE11C,Heidenheim,8686,40-44,4414,4272
DE11D,Ostalbkreis,19844,40-44,10067,9777
DE12,Karlsruhe,182440,40-44,91290,91150
DE121,"Baden-Baden, Stadtkreis",3429,40-44,1555,1874
DE122,"Karlsruhe, Stadtkreis",19552,40-44,9989,9563
DE123,"Karlsruhe, Landkreis",29901,40-44,14989,14912
DE124,Rastatt,14823,40-44,7410,7413
DE125,"Heidelberg, Stadtkreis",9507,40-44,4602,4905
DE126,"Mannheim, Stadtkreis",21407,40-44,11029,10378
DE127,Neckar-Odenwald-Kreis,8784,40-44,4388,4396
DE128,Rhein-Neckar-Kreis,36172,40-44,17805,18367
DE129,"Pforzheim, Stadtkreis",8726,40-44,4419,4307
DE12A,Calw,10013,40-44,5018,4995
DE12B,Enzkreis,12604,40-44,6287,6317
DE12C,Freudenstadt,7522,40-44,3799,3723
DE13,Freiburg,143753,40-44,71462,72291
DE131,"Freiburg im Breisgau, Stadtkreis",14525,40-44,7189,7336
DE132,Breisgau-Hochschwarzwald,16759,40-44,8211,8548
DE133,Emmendingen,10833,40-44,5380,5453
DE134,Ortenaukreis,27391,40-44,13787,13604
DE135,Rottweil,8406,40-44,4217,4189
DE136,Schwarzwald-Baar-Kreis,13073,40-44,6525,6548
DE137,Tuttlingen,9252,40-44,4689,4563
DE138,Konstanz,17584,40-44,8597,8987
DE139,Lörrach,15010,40-44,7448,7562
DE13A,Waldshut,10920,40-44,5419,5501
DE14,Tübingen,119129,40-44,59628,59501
DE141,Reutlingen,18523,40-44,9297,9226
DE142,"Tübingen, Landkreis",14176,40-44,7001,7175
DE143,Zollernalbkreis,11708,40-44,5873,5835
DE144,"Ulm, Stadtkreis",8247,40-44,4149,4098
DE145,Alb-Donau-Kreis,13095,40-44,6682,6413
DE146,Biberach,13456,40-44,6801,6655
DE147,Bodenseekreis,13941,40-44,6885,7056
DE148,Ravensburg,18017,40-44,8966,9051
DE149,Sigmaringen,7966,40-44,3974,3992
DE2,Bayern,864732,40-44,434770,429962
DE21,Oberbayern,323763,40-44,161136,162627
DE211,"Ingolstadt, Kreisfreie Stadt",9850,40-44,5056,4794
DE212,"München, Kreisfreie Stadt",107745,40-44,53614,54131
DE213,"Rosenheim, Kreisfreie Stadt",4187,40-44,2117,2070
DE214,Altötting,7310,40-44,3731,3579
DE215,Berchtesgadener Land,6539,40-44,3335,3204
DE216,Bad Tölz-Wolfratshausen,8518,40-44,4221,4297
DE217,Dachau,10869,40-44,5336,5533
DE218,Ebersberg,10206,40-44,4996,5210
DE219,Eichstätt,9412,40-44,4774,4638
DE21A,Erding,9674,40-44,4789,4885
DE21B,Freising,13062,40-44,6684,6378
DE21C,Fürstenfeldbruck,14693,40-44,7176,7517
DE21D,Garmisch-Partenkirchen,5192,40-44,2472,2720
DE21E,Landsberg am Lech,7858,40-44,3926,3932
DE21F,Miesbach,6058,40-44,2952,3106
DE21G,Mühldorf a. Inn,7768,40-44,4083,3685
DE21H,"München, Landkreis",24682,40-44,11866,12816
DE21I,Neuburg-Schrobenhausen,6778,40-44,3438,3340
DE21J,Pfaffenhofen a. d. Ilm,9239,40-44,4684,4555
DE21K,"Rosenheim, Landkreis",16333,40-44,8223,8110
DE21L,Starnberg,8748,40-44,4112,4636
DE21M,Traunstein,10414,40-44,5254,5160
DE21N,Weilheim-Schongau,8628,40-44,4297,4331
DE22,Niederbayern,79980,40-44,40773,39207
DE221,"Landshut, Kreisfreie Stadt",4541,40-44,2272,2269
DE222,"Passau, Kreisfreie Stadt",3158,40-44,1532,1626
DE223,"Straubing, Kreisfreie Stadt",3094,40-44,1640,1454
DE224,Deggendorf,7695,40-44,3930,3765
DE225,Freyung-Grafenau,4578,40-44,2329,2249
DE226,Kelheim,8492,40-44,4346,4146
DE227,"Landshut, Landkreis",10751,40-44,5419,5332
DE228,"Passau, Landkreis",12187,40-44,6298,5889
DE229,Regen,4619,40-44,2362,2257
DE22A,Rottal-Inn,7464,40-44,3707,3757
DE22B,Straubing-Bogen,6561,40-44,3322,3239
DE22C,Dingolfing-Landau,6840,40-44,3616,3224
DE23,Oberpfalz,71134,40-44,35951,35183
DE231,"Amberg, Kreisfreie Stadt",2552,40-44,1346,1206
DE232,"Regensburg, Kreisfreie Stadt",9856,40-44,4923,4933
DE233,"Weiden i. d. Opf, Kreisfreie Stadt",2509,40-44,1228,1281
DE234,Amberg-Sulzbach,6314,40-44,3160,3154
DE235,Cham,8026,40-44,4129,3897
DE236,Neumarkt i. d. OPf.,9019,40-44,4651,4368
DE237,Neustadt a. d. Waldnaab,5979,40-44,3094,2885
DE238,"Regensburg, Landkreis",13111,40-44,6524,6587
DE239,Schwandorf,9581,40-44,4812,4769
DE23A,Tirschenreuth,4187,40-44,2084,2103
DE24,Oberfranken,64694,40-44,32692,32002
DE241,"Bamberg, Kreisfreie Stadt",4679,40-44,2397,2282
DE242,"Bayreuth, Kreisfreie Stadt",4197,40-44,2215,1982
DE243,"Coburg, Kreisfreie Stadt",2543,40-44,1330,1213
DE244,"Hof, Kreisfreie Stadt",2712,40-44,1373,1339
DE245,"Bamberg, Landkreis",9744,40-44,4928,4816
DE246,"Bayreuth, Landkreis",6445,40-44,3236,3209
DE247,"Coburg, Landkreis",5291,40-44,2699,2592
DE248,Forchheim,7554,40-44,3763,3791
DE249,"Hof, Landkreis",5269,40-44,2617,2652
DE24A,Kronach,3815,40-44,1953,1862
DE24B,Kulmbach,4239,40-44,2110,2129
DE24C,Lichtenfels,4176,40-44,2097,2079
DE24D,Wunsiedel i. Fichtelgebirge,4030,40-44,1974,2056
DE25,Mittelfranken,119884,40-44,60282,59602
DE251,"Ansbach, Kreisfreie Stadt",2491,40-44,1281,1210
DE252,"Erlangen, Kreisfreie Stadt",7401,40-44,3756,3645
DE253,"Fürth, Kreisfreie Stadt",9522,40-44,4785,4737
DE254,"Nürnberg, Kreisfreie Stadt",36354,40-44,18229,18125
DE255,"Schwabach, Kreisfreie Stadt",2649,40-44,1326,1323
DE256,"Ansbach, Landkreis",11973,40-44,6163,5810
DE257,Erlangen-Höchstadt,9839,40-44,4951,4888
DE258,"Fürth, Landkreis",7842,40-44,3815,4027
DE259,Nürnberger Land,11361,40-44,5546,5815
DE25A,Neustadt a. d. Aisch-Bad Windsheim,6548,40-44,3390,3158
DE25B,Roth,8188,40-44,4200,3988
DE25C,Weißenburg-Gunzenhausen,5716,40-44,2840,2876
DE26,Unterfranken,81385,40-44,41049,40336
DE261,"Aschaffenburg, Kreisfreie Stadt",4782,40-44,2385,2397
DE262,"Schweinfurt, Kreisfreie Stadt",3319,40-44,1668,1651
DE263,"Würzburg, Kreisfreie Stadt",7564,40-44,3826,3738
DE264,"Aschaffenburg, Landkreis",10890,40-44,5416,5474
DE265,Bad Kissingen,5954,40-44,2997,2957
DE266,Rhön-Grabfeld,4771,40-44,2418,2353
DE267,Haßberge,5239,40-44,2685,2554
DE268,Kitzingen,5910,40-44,2983,2927
DE269,Miltenberg,7847,40-44,3885,3962
DE26A,Main-Spessart,7568,40-44,3896,3672
DE26B,"Schweinfurt, Landkreis",7125,40-44,3679,3446
DE26C,"Würzburg, Landkreis",10416,40-44,5211,5205
DE27,Schwaben,123892,40-44,62887,61005
DE271,"Augsburg, Kreisfreie Stadt",20225,40-44,10471,9754
DE272,"Kaufbeuren, Kreisfreie Stadt",2912,40-44,1549,1363
DE273,"Kempten (Allgäu), Kreisfreie Stadt",4207,40-44,2103,2104
DE274,"Memmingen, Kreisfreie Stadt",2778,40-44,1393,1385
DE275,Aichach-Friedberg,9034,40-44,4518,4516
DE276,"Augsburg, Landkreis",17342,40-44,8736,8606
DE277,Dillingen a.d. Donau,6026,40-44,3122,2904
DE278,Günzburg,8199,40-44,4101,4098
DE279,Neu-Ulm,12386,40-44,6345,6041
DE27A,Lindau (Bodensee),5188,40-44,2548,2640
DE27B,Ostallgäu,8771,40-44,4371,4400
DE27C,Unterallgäu,9078,40-44,4723,4355
DE27D,Donau-Ries,8651,40-44,4493,4158
DE27E,Oberallgäu,9095,40-44,4414,4681
DE3,Berlin,270022,40-44,136462,133560
DE30,Berlin,270022,40-44,136462,133560
DE300,Berlin,270022,40-44,136462,133560
DE4,Brandenburg,176228,40-44,89900,86328
DE40,Brandenburg,176228,40-44,89900,86328
DE401,"Brandenburg an der Havel, Kreisfreie Stadt",4985,40-44,2568,2417
DE402,"Cottbus, Kreisfreie Stadt",5861,40-44,3059,2802
DE403,"Frankfurt (Oder), Kreisfreie Stadt",3441,40-44,1842,1599
DE404,"Potsdam, Kreisfreie Stadt",14073,40-44,6895,7178
DE405,Barnim,13850,40-44,7052,6798
DE406,Dahme-Spreewald,13017,40-44,6594,6423
DE407,Elbe-Elster,6208,40-44,3308,2900
DE408,Havelland,11746,40-44,5779,5967
DE409,Märkisch-Oderland,14540,40-44,7309,7231
DE40A,Oberhavel,15537,40-44,7796,7741
DE40B,Oberspreewald-Lausitz,6948,40-44,3794,3154
DE40C,Oder-Spree,12175,40-44,6062,6113
DE40D,Ostprignitz-Ruppin,6446,40-44,3267,3179
DE40E,Potsdam-Mittelmark,15576,40-44,7825,7751
DE40F,Prignitz,4641,40-44,2456,2185
DE40G,Spree-Neiße,7006,40-44,3641,3365
DE40H,Teltow-Fläming,13151,40-44,6909,6242
DE40I,Uckermark,7027,40-44,3744,3283
DE5,Bremen,44312,40-44,22439,21873
DE50,Bremen,44312,40-44,22439,21873
DE501,"Bremen, Kreisfreie Stadt",37198,40-44,18736,18462
DE502,"Bremerhaven, Kreisfreie Stadt",7114,40-44,3703,3411
DE6,Hamburg,133505,40-44,65927,67578
DE60,Hamburg,133505,40-44,65927,67578
DE600,Hamburg,133505,40-44,65927,67578
DE7,Hessen,407475,40-44,201756,205719
DE71,Darmstadt,273568,40-44,134150,139418
DE711,"Darmstadt, Kreisfreie Stadt",10283,40-44,5232,5051
DE712,"Frankfurt am Main, Kreisfreie Stadt",56510,40-44,27685,28825
DE713,"Offenbach am Main, Kreisfreie Stadt",9767,40-44,5012,4755
DE714,"Wiesbaden, Kreisfreie Stadt",19622,40-44,9450,10172
DE715,Bergstraße,17281,40-44,8615,8666
DE716,Darmstadt-Dieburg,20121,40-44,9881,10240
DE717,Groß-Gerau,18607,40-44,9270,9337
DE718,Hochtaunuskreis,15943,40-44,7455,8488
DE719,Main-Kinzig-Kreis,27110,40-44,13498,13612
DE71A,Main-Taunus-Kreis,16645,40-44,7986,8659
DE71B,Odenwaldkreis,5555,40-44,2778,2777
DE71C,"Offenbach, Landkreis",24125,40-44,11807,12318
DE71D,Rheingau-Taunus-Kreis,11697,40-44,5682,6015
DE71E,Wetteraukreis,20302,40-44,9799,10503
DE72,Gießen,62427,40-44,31437,30990
DE721,"Gießen, Landkreis",15942,40-44,8148,7794
DE722,Lahn-Dill-Kreis,15556,40-44,7768,7788
DE723,Limburg-Weilburg,10596,40-44,5288,5308
DE724,Marburg-Biedenkopf,14372,40-44,7188,7184
DE725,Vogelsbergkreis,5961,40-44,3045,2916
DE73,Kassel,71480,40-44,36169,35311
DE731,"Kassel, Kreisfreie Stadt",12134,40-44,6188,5946
DE732,Fulda,13309,40-44,6796,6513
DE733,Hersfeld-Rotenburg,6972,40-44,3594,3378
DE734,"Kassel, Landkreis",13719,40-44,6780,6939
DE735,Schwalm-Eder-Kreis,10981,40-44,5612,5369
DE736,Waldeck-Frankenberg,8874,40-44,4468,4406
DE737,Werra-Meißner-Kreis,5491,40-44,2731,2760
DE8,Mecklenburg-Vorpommern,104563,40-44,53988,50575
DE80,Mecklenburg-Vorpommern,104563,40-44,53988,50575
DE803,"Rostock, Kreisfreie Stadt",13344,40-44,7082,6262
DE804,"Schwerin, Kreisfreie Stadt",6576,40-44,3399,3177
DE80J,Mecklenburgische Seenplatte,15820,40-44,8074,7746
DE80K,Landkreis Rostock,15311,40-44,7842,7469
DE80L,Vorpommern-Rügen,14293,40-44,7302,6991
DE80M,Nordwestmecklenburg,10853,40-44,5549,5304
DE80N,Vorpommern-Greifswald,14301,40-44,7422,6879
DE80O,Ludwigslust-Parchim,14065,40-44,7318,6747
DE9,Niedersachsen,485862,40-44,242206,243656
DE91,Braunschweig,96849,40-44,48588,48261
DE911,"Braunschweig, Kreisfreie Stadt",16047,40-44,8120,7927
DE912,"Salzgitter, Kreisfreie Stadt",6383,40-44,3306,3077
DE913,"Wolfsburg, Kreisfreie Stadt",8918,40-44,4603,4315
DE914,Gifhorn,11298,40-44,5681,5617
DE916,Goslar,7056,40-44,3547,3509
DE917,Helmstedt,5923,40-44,2951,2972
DE918,Northeim,7132,40-44,3519,3613
DE91A,Peine,8559,40-44,4247,4312
DE91B,Wolfenbüttel,6941,40-44,3385,3556
DE91C,Göttingen,18592,40-44,9229,9363
DE92,Hannover,130680,40-44,64719,65961
DE922,Diepholz,13198,40-44,6591,6607
DE923,Hameln-Pyrmont,8543,40-44,4223,4320
DE925,Hildesheim,15481,40-44,7679,7802
DE926,Holzminden,3674,40-44,1902,1772
DE927,Nienburg (Weser),7092,40-44,3618,3474
DE928,Schaumburg,9121,40-44,4559,4562
DE929,Region Hannover,73571,40-44,36147,37424
DE93,Lüneburg,105119,40-44,51665,53454
DE931,Celle,10745,40-44,5354,5391
DE932,Cuxhaven,11317,40-44,5505,5812
DE933,Harburg,17240,40-44,8445,8795
DE934,Lüchow-Dannenberg,2593,40-44,1250,1343
DE935,"Lüneburg, Landkreis",11381,40-44,5429,5952
DE936,Osterholz,7076,40-44,3444,3632
DE937,Rotenburg (Wümme),9798,40-44,4852,4946
DE938,Heidekreis,8443,40-44,4181,4262
DE939,Stade,13067,40-44,6572,6495
DE93A,Uelzen,5048,40-44,2472,2576
DE93B,Verden,8411,40-44,4161,4250
DE94,Weser-Ems,153214,40-44,77234,75980
DE941,"Delmenhorst, Kreisfreie Stadt",4816,40-44,2389,2427
DE942,"Emden, Kreisfreie Stadt",3020,40-44,1507,1513
DE943,"Oldenburg (Oldenburg), Kreisfreie Stadt",10512,40-44,5249,5263
DE944,"Osnabrück, Kreisfreie Stadt",9725,40-44,4876,4849
DE945,"Wilhelmshaven, Kreisfreie Stadt",4143,40-44,2227,1916
DE946,Ammerland,7543,40-44,3780,3763
DE947,Aurich,10616,40-44,5244,5372
DE948,Cloppenburg,11018,40-44,5660,5358
DE949,Emsland,20885,40-44,10771,10114
DE94A,Friesland (DE),5370,40-44,2636,2734
DE94B,Grafschaft Bentheim,8752,40-44,4373,4379
DE94C,Leer,10107,40-44,5176,4931
DE94D,"Oldenburg, Landkreis",7888,40-44,3933,3955
DE94E,"Osnabrück, Landkreis",21602,40-44,10724,10878
DE94F,Vechta,9313,40-44,4731,4582
DE94G,Wesermarsch,4807,40-44,2444,2363
DE94H,Wittmund,3097,40-44,1514,1583
DEA,Nordrhein-Westfalen,1126329,40-44,561355,564974
DEA1,Düsseldorf,332257,40-44,165517,166740
DEA11,"Düsseldorf, Kreisfreie Stadt",43161,40-44,21094,22067
DEA12,"Duisburg, Kreisfreie Stadt",31578,40-44,16121,15457
DEA13,"Essen, Kreisfreie Stadt",36041,40-44,18004,18037
DEA14,"Krefeld, Kreisfreie Stadt",14245,40-44,7109,7136
DEA15,"Mönchengladbach, Kreisfreie Stadt",16735,40-44,8456,8279
DEA16,"Mülheim an der Ruhr, Kreisfreie Stadt",10526,40-44,5172,5354
DEA17,"Oberhausen, Kreisfreie Stadt",13570,40-44,6618,6952
DEA18,"Remscheid, Kreisfreie Stadt",7334,40-44,3697,3637
DEA19,"Solingen, Kreisfreie Stadt",10324,40-44,5107,5217
DEA1A,"Wuppertal, Kreisfreie Stadt",22634,40-44,11472,11162
DEA1B,Kleve,19498,40-44,10093,9405
DEA1C,Mettmann,30697,40-44,15126,15571
DEA1D,Rhein-Kreis Neuss,30336,40-44,14907,15429
DEA1E,Viersen,18057,40-44,8880,9177
DEA1F,Wesel,27521,40-44,13661,13860
DEA2,Köln,286467,40-44,141477,144990
DEA22,"Bonn, Kreisfreie Stadt",21059,40-44,10365,10694
DEA23,"Köln, Kreisfreie Stadt",70684,40-44,34654,36030
DEA24,"Leverkusen, Kreisfreie Stadt",10767,40-44,5345,5422
DEA26,Düren,17097,40-44,8551,8546
DEA27,Rhein-Erft-Kreis,31457,40-44,15463,15994
DEA28,Euskirchen,12209,40-44,6136,6073
DEA29,Heinsberg,16308,40-44,8175,8133
DEA2A,Oberbergischer Kreis,16779,40-44,8305,8474
DEA2B,Rheinisch-Bergischer Kreis,17503,40-44,8480,9023
DEA2C,Rhein-Sieg-Kreis,38758,40-44,19034,19724
DEA2D,Städteregion Aachen,33846,40-44,16969,16877
DEA3,Münster,161627,40-44,80708,80919
DEA31,"Bottrop, Kreisfreie Stadt",7296,40-44,3644,3652
DEA32,"Gelsenkirchen, Kreisfreie Stadt",16469,40-44,8168,8301
DEA33,"Münster, Kreisfreie Stadt",18220,40-44,8998,9222
DEA34,Borken,23192,40-44,11678,11514
DEA35,Coesfeld,13743,40-44,6939,6804
DEA36,Recklinghausen,37872,40-44,18903,18969
DEA37,Steinfurt,27586,40-44,13802,13784
DEA38,Warendorf,17249,40-44,8576,8673
DEA4,Detmold,126135,40-44,63394,62741
DEA41,"Bielefeld, Kreisfreie Stadt",20734,40-44,10255,10479
DEA42,Gütersloh,22869,40-44,11658,11211
DEA43,Herford,15690,40-44,7793,7897
DEA44,Höxter,7996,40-44,3965,4031
DEA45,Lippe,20243,40-44,10024,10219
DEA46,Minden-Lübbecke,18987,40-44,9647,9340
DEA47,Paderborn,19616,40-44,10052,9564
DEA5,Arnsberg,219843,40-44,110259,109584
DEA51,"Bochum, Kreisfreie Stadt",22216,40-44,11245,10971
DEA52,"Dortmund, Kreisfreie Stadt",38593,40-44,19252,19341
DEA53,"Hagen, Kreisfreie Stadt",11626,40-44,6075,5551
DEA54,"Hamm, Kreisfreie Stadt",11248,40-44,5584,5664
DEA55,"Herne, Kreisfreie Stadt",9484,40-44,4657,4827
DEA56,Ennepe-Ruhr-Kreis,18767,40-44,9302,9465
DEA57,Hochsauerlandkreis,15231,40-44,7652,7579
DEA58,Märkischer Kreis,24526,40-44,12155,12371
DEA59,Olpe,8235,40-44,4190,4045
DEA5A,Siegen-Wittgenstein,16870,40-44,8539,8331
DEA5B,Soest,18561,40-44,9382,9179
DEA5C,Unna,24486,40-44,12226,12260
DEB,Rheinland-Pfalz,256307,40-44,128596,127711
DEB1,Koblenz,93155,40-44,46751,46404
DEB11,"Koblenz, Kreisfreie Stadt",6842,40-44,3522,3320
DEB12,Ahrweiler,7698,40-44,3887,3811
DEB13,Altenkirchen (Westerwald),7944,40-44,4042,3902
DEB14,Bad Kreuznach,10090,40-44,5023,5067
DEB15,Birkenfeld,4774,40-44,2427,2347
DEB17,Mayen-Koblenz,13759,40-44,6805,6954
DEB18,Neuwied,11373,40-44,5604,5769
DEB1A,Rhein-Lahn-Kreis,7879,40-44,3942,3937
DEB1B,Westerwaldkreis,12968,40-44,6561,6407
DEB1C,Cochem-Zell,3404,40-44,1726,1678
DEB1D,Rhein-Hunsrück-Kreis,6424,40-44,3212,3212
DEB2,Trier,33406,40-44,16892,16514
DEB21,"Trier, Kreisfreie Stadt",6630,40-44,3425,3205
DEB22,Bernkastel-Wittlich,6977,40-44,3537,3440
DEB23,Eifelkreis Bitburg-Prüm,6414,40-44,3259,3155
DEB24,Vulkaneifel,3395,40-44,1695,1700
DEB25,Trier-Saarburg,9990,40-44,4976,5014
DEB3,Rheinhessen-Pfalz,129746,40-44,64953,64793
DEB31,"Frankenthal (Pfalz), Kreisfreie Stadt",3109,40-44,1632,1477
DEB32,"Kaiserslautern, Kreisfreie Stadt",5759,40-44,2886,2873
DEB33,"Landau in der Pfalz, Kreisfreie Stadt",2772,40-44,1398,1374
DEB34,"Ludwigshafen am Rhein, Kreisfreie Stadt",11651,40-44,6032,5619
DEB35,"Mainz, Kreisfreie Stadt",14275,40-44,7205,7070
DEB36,"Neustadt an der Weinstraße, Kreisfreie Stadt",3067,40-44,1500,1567
DEB37,"Pirmasens, Kreisfreie Stadt",2155,40-44,1102,1053
DEB38,"Speyer, Kreisfreie Stadt",3014,40-44,1502,1512
DEB39,"Worms, Kreisfreie Stadt",5558,40-44,2789,2769
DEB3A,"Zweibrücken, Kreisfreie Stadt",2007,40-44,998,1009
DEB3B,Alzey-Worms,8402,40-44,4275,4127
DEB3C,Bad Dürkheim,8155,40-44,3966,4189
DEB3D,Donnersbergkreis,4457,40-44,2207,2250
DEB3E,Germersheim,8799,40-44,4405,4394
DEB3F,"Kaiserslautern, Landkreis",6566,40-44,3173,3393
DEB3G,Kusel,4043,40-44,2060,1983
DEB3H,Südliche Weinstraße,6919,40-44,3513,3406
DEB3I,Rhein-Pfalz-Kreis,10115,40-44,5036,5079
DEB3J,Mainz-Bingen,13831,40-44,6763,7068
DEB3K,Südwestpfalz,5092,40-44,2511,2581
DEC,Saarland,61119,40-44,30984,30135
DEC0,Saarland,61119,40-44,30984,30135
DEC01,Regionalverband Saarbrücken,19979,40-44,10184,9795
DEC02,Merzig-Wadern,6823,40-44,3455,3368
DEC03,Neunkirchen,8092,40-44,4117,3975
DEC04,Saarlouis,12485,40-44,6376,6109
DEC05,Saarpfalz-Kreis,8601,40-44,4340,4261
DEC06,St. Wendel,5139,40-44,2512,2627
DED,Sachsen,273086,40-44,142715,130371
DED2,Dresden,107517,40-44,55935,51582
DED21,"Dresden, Kreisfreie Stadt",40506,40-44,20949,19557
DED2C,Bautzen,19436,40-44,10222,9214
DED2D,Görlitz,14946,40-44,7869,7077
DED2E,Meißen,16274,40-44,8454,7820
DED2F,Sächsische Schweiz-Osterzgebirge,16355,40-44,8441,7914
DED4,Chemnitz,88824,40-44,46574,42250
DED41,"Chemnitz, Kreisfreie Stadt",15888,40-44,8370,7518
DED42,Erzgebirgskreis,20745,40-44,10802,9943
DED43,Mittelsachsen,19047,40-44,10002,9045
DED44,Vogtlandkreis,13681,40-44,7178,6503
DED45,Zwickau,19463,40-44,10222,9241
DED5,Leipzig,76745,40-44,40206,36539
DED51,"Leipzig, Kreisfreie Stadt",45306,40-44,23914,21392
DED52,Leipzig,17666,40-44,9010,8656
DED53,Nordsachsen,13773,40-44,7282,6491
DEE,Sachsen-Anhalt,136864,40-44,71501,65363
DEE0,Sachsen-Anhalt,136864,40-44,71501,65363
DEE01,"Dessau-Roßlau, Kreisfreie Stadt",4415,40-44,2243,2172
DEE02,"Halle (Saale), Kreisfreie Stadt",14325,40-44,7378,6947
DEE03,"Magdeburg, Kreisfreie Stadt",15472,40-44,8138,7334
DEE04,Altmarkkreis Salzwedel,5187,40-44,2767,2420
DEE05,Anhalt-Bitterfeld,9864,40-44,5200,4664
DEE06,Jerichower Land,5781,40-44,3036,2745
DEE07,Börde,11748,40-44,6155,5593
DEE08,Burgenlandkreis,11279,40-44,5799,5480
DEE09,Harz,13153,40-44,6714,6439
DEE0A,Mansfeld-Südharz,7835,40-44,4093,3742
DEE0B,Saalekreis,12600,40-44,6643,5957
DEE0C,Salzlandkreis,11456,40-44,6122,5334
DEE0D,Stendal,6356,40-44,3340,3016
DEE0E,Wittenberg,7393,40-44,3873,3520
DEF,Schleswig-Holstein,180870,40-44,88599,92271
DEF0,Schleswig-Holstein,180870,40-44,88599,92271
DEF01,"Flensburg, Kreisfreie Stadt",5832,40-44,2966,2866
DEF02,"Kiel, Kreisfreie Stadt",14925,40-44,7397,7528
DEF03,"Lübeck, Kreisfreie Stadt",13147,40-44,6379,6768
DEF04,"Neumünster, Kreisfreie Stadt",4689,40-44,2403,2286
DEF05,Dithmarschen,7266,40-44,3661,3605
DEF06,Herzogtum Lauenburg,13473,40-44,6575,6898
DEF07,Nordfriesland,9874,40-44,4865,5009
DEF08,Ostholstein,11495,40-44,5442,6053
DEF09,Pinneberg,21386,40-44,10474,10912
DEF0A,Plön,7519,40-44,3570,3949
DEF0B,Rendsburg-Eckernförde,16684,40-44,8164,8520
DEF0C,Schleswig-Flensburg,11579,40-44,5640,5939
DEF0D,Segeberg,18869,40-44,9331,9538
DEF0E,Steinburg,7515,40-44,3764,3751
DEF0F,Stormarn,16617,40-44,7968,8649
DEG,Thüringen,139440,40-44,73078,66362
DEG0,Thüringen,139440,40-44,73078,66362
DEG01,"Erfurt, Kreisfreie Stadt",15079,40-44,7853,7226
DEG02,"Gera, Kreisfreie Stadt",5864,40-44,3007,2857
DEG03,"Jena, Kreisfreie Stadt",7277,40-44,3722,3555
DEG04,"Suhl, Kreisfreie Stadt (NUTS 2021)",:,40-44,:,:
DEG05,"Weimar, Kreisfreie Stadt",4337,40-44,2147,2190
DEG06,Eichsfeld,7163,40-44,3716,3447
DEG07,Nordhausen,5155,40-44,2725,2430
DEG09,Unstrut-Hainich-Kreis,6422,40-44,3366,3056
DEG0A,Kyffhäuserkreis,4594,40-44,2427,2167
DEG0B,Schmalkalden-Meiningen (NUTS 2021),:,40-44,:,:
DEG0C,Gotha,9350,40-44,4836,4514
DEG0D,Sömmerda,4714,40-44,2464,2250
DEG0E,Hildburghausen,4356,40-44,2375,1981
DEG0F,Ilm-Kreis (NUTS 2021),:,40-44,:,:
DEG0G,Weimarer Land,5783,40-44,2934,2849
DEG0H,Sonneberg (NUTS 2021),:,40-44,:,:
DEG0I,Saalfeld-Rudolstadt (NUTS 2021),:,40-44,:,:
DEG0J,Saale-Holzland-Kreis,5794,40-44,3104,2690
DEG0K,Saale-Orla-Kreis,4952,40-44,2636,2316
DEG0L,Greiz,5849,40-44,3090,2759
DEG0M,Altenburger Land,5313,40-44,2851,2462
DEG0N,"Eisenach, Kreisfreie Stadt (NUTS 2021)",:,40-44,:,:
DEG0P,Wartburgkreis (NUTS 2021),:,40-44,:,:
DEG0Q,Schmalkalden-Meiningen,7910,40-44,4203,3707
DEG0R,Wartburgkreis,10481,40-44,5497,4984
DEG0S,"Suhl, Kreisfreie Stadt",1968,40-44,1064,904
DEG0T,Ilm-Kreis,7090,40-44,3716,3374
DEG0U,Saalfeld-Rudolstadt,6364,40-44,3411,2953
DEG0V,Sonneberg,3625,40-44,1934,1691
DE,Germany,4897022,45-49,2451360,2445662
DE1,Baden-Württemberg,661229,45-49,329520,331709
DE11,Stuttgart,253944,45-49,127133,126811
DE111,"Stuttgart, Stadtkreis",38641,45-49,19495,19146
DE112,Böblingen,24507,45-49,12206,12301
DE113,Esslingen,33099,45-49,16474,16625
DE114,Göppingen,15005,45-49,7522,7483
DE115,Ludwigsburg,33606,45-49,16648,16958
DE116,Rems-Murr-Kreis,26277,45-49,13134,13143
DE117,"Heilbronn, Stadtkreis",8140,45-49,4034,4106
DE118,"Heilbronn, Landkreis",21641,45-49,10918,10723
DE119,Hohenlohekreis,6749,45-49,3441,3308
DE11A,Schwäbisch Hall,11858,45-49,6030,5828
DE11B,Main-Tauber-Kreis,7605,45-49,3819,3786
DE11C,Heidenheim,8021,45-49,4052,3969
DE11D,Ostalbkreis,18795,45-49,9360,9435
DE12,Karlsruhe,165853,45-49,82554,83299
DE121,"Baden-Baden, Stadtkreis",3338,45-49,1505,1833
DE122,"Karlsruhe, Stadtkreis",17771,45-49,8918,8853
DE123,"Karlsruhe, Landkreis",27354,45-49,13665,13689
DE124,Rastatt,13636,45-49,6783,6853
DE125,"Heidelberg, Stadtkreis",7950,45-49,3816,4134
DE126,"Mannheim, Stadtkreis",18792,45-49,9609,9183
DE127,Neckar-Odenwald-Kreis,8277,45-49,4119,4158
DE128,Rhein-Neckar-Kreis,33155,45-49,16164,16991
DE129,"Pforzheim, Stadtkreis",7870,45-49,3927,3943
DE12A,Calw,9517,45-49,4836,4681
DE12B,Enzkreis,11226,45-49,5653,5573
DE12C,Freudenstadt,6967,45-49,3559,3408
DE13,Freiburg,131596,45-49,64848,66748
DE131,"Freiburg im Breisgau, Stadtkreis",12490,45-49,5980,6510
DE132,Breisgau-Hochschwarzwald,15547,45-49,7660,7887
DE133,Emmendingen,9719,45-49,4795,4924
DE134,Ortenaukreis,25267,45-49,12523,12744
DE135,Rottweil,8038,45-49,4085,3953
DE136,Schwarzwald-Baar-Kreis,12119,45-49,6039,6080
DE137,Tuttlingen,8692,45-49,4435,4257
DE138,Konstanz,16052,45-49,7689,8363
DE139,Lörrach,13922,45-49,6797,7125
DE13A,Waldshut,9750,45-49,4845,4905
DE14,Tübingen,109836,45-49,54985,54851
DE141,Reutlingen,17245,45-49,8385,8860
DE142,"Tübingen, Landkreis",12364,45-49,6081,6283
DE143,Zollernalbkreis,10978,45-49,5478,5500
DE144,"Ulm, Stadtkreis",7727,45-49,3922,3805
DE145,Alb-Donau-Kreis,12163,45-49,6234,5929
DE146,Biberach,12443,45-49,6350,6093
DE147,Bodenseekreis,12842,45-49,6447,6395
DE148,Ravensburg,16684,45-49,8352,8332
DE149,Sigmaringen,7390,45-49,3736,3654
DE2,Bayern,798375,45-49,398925,399450
DE21,Oberbayern,298640,45-49,148785,149855
DE211,"Ingolstadt, Kreisfreie Stadt",8859,45-49,4601,4258
DE212,"München, Kreisfreie Stadt",95914,45-49,47805,48109
DE213,"Rosenheim, Kreisfreie Stadt",4040,45-49,2022,2018
DE214,Altötting,6519,45-49,3311,3208
DE215,Berchtesgadener Land,6028,45-49,3015,3013
DE216,Bad Tölz-Wolfratshausen,7851,45-49,3903,3948
DE217,Dachau,10127,45-49,4999,5128
DE218,Ebersberg,9646,45-49,4821,4825
DE219,Eichstätt,8509,45-49,4457,4052
DE21A,Erding,9265,45-49,4738,4527
DE21B,Freising,12178,45-49,6314,5864
DE21C,Fürstenfeldbruck,14032,45-49,6935,7097
DE21D,Garmisch-Partenkirchen,5030,45-49,2372,2658
DE21E,Landsberg am Lech,7309,45-49,3608,3701
DE21F,Miesbach,5949,45-49,2858,3091
DE21G,Mühldorf a. Inn,7519,45-49,3788,3731
DE21H,"München, Landkreis",23736,45-49,11559,12177
DE21I,Neuburg-Schrobenhausen,6133,45-49,3149,2984
DE21J,Pfaffenhofen a. d. Ilm,8126,45-49,4243,3883
DE21K,"Rosenheim, Landkreis",15069,45-49,7272,7797
DE21L,Starnberg,8961,45-49,4209,4752
DE21M,Traunstein,9951,45-49,4827,5124
DE21N,Weilheim-Schongau,7889,45-49,3979,3910
DE22,Niederbayern,75647,45-49,38272,37375
DE221,"Landshut, Kreisfreie Stadt",4423,45-49,2182,2241
DE222,"Passau, Kreisfreie Stadt",2882,45-49,1417,1465
DE223,"Straubing, Kreisfreie Stadt",2963,45-49,1564,1399
DE224,Deggendorf,7197,45-49,3605,3592
DE225,Freyung-Grafenau,4539,45-49,2256,2283
DE226,Kelheim,7989,45-49,4037,3952
DE227,"Landshut, Landkreis",10219,45-49,5127,5092
DE228,"Passau, Landkreis",11445,45-49,5811,5634
DE229,Regen,4438,45-49,2200,2238
DE22A,Rottal-Inn,6954,45-49,3550,3404
DE22B,Straubing-Bogen,6400,45-49,3258,3142
DE22C,Dingolfing-Landau,6198,45-49,3265,2933
DE23,Oberpfalz,66225,45-49,33351,32874
DE231,"Amberg, Kreisfreie Stadt",2415,45-49,1276,1139
DE232,"Regensburg, Kreisfreie Stadt",8860,45-49,4309,4551
DE233,"Weiden i. d. Opf, Kreisfreie Stadt",2437,45-49,1162,1275
DE234,Amberg-Sulzbach,5905,45-49,2963,2942
DE235,Cham,7517,45-49,3825,3692
DE236,Neumarkt i. d. OPf.,8258,45-49,4235,4023
DE237,Neustadt a. d. Waldnaab,5431,45-49,2690,2741
DE238,"Regensburg, Landkreis",12059,45-49,5992,6067
DE239,Schwandorf,9207,45-49,4797,4410
DE23A,Tirschenreuth,4136,45-49,2102,2034
DE24,Oberfranken,59871,45-49,29899,29972
DE241,"Bamberg, Kreisfreie Stadt",4067,45-49,2073,1994
DE242,"Bayreuth, Kreisfreie Stadt",3780,45-49,1863,1917
DE243,"Coburg, Kreisfreie Stadt",2128,45-49,1014,1114
DE244,"Hof, Kreisfreie Stadt",2486,45-49,1212,1274
DE245,"Bamberg, Landkreis",8915,45-49,4576,4339
DE246,"Bayreuth, Landkreis",6057,45-49,3016,3041
DE247,"Coburg, Landkreis",4759,45-49,2366,2393
DE248,Forchheim,6962,45-49,3543,3419
DE249,"Hof, Landkreis",5022,45-49,2465,2557
DE24A,Kronach,3833,45-49,1919,1914
DE24B,Kulmbach,4132,45-49,2055,2077
DE24C,Lichtenfels,3944,45-49,1951,1993
DE24D,Wunsiedel i. Fichtelgebirge,3786,45-49,1846,1940
DE25,Mittelfranken,108637,45-49,54028,54609
DE251,"Ansbach, Kreisfreie Stadt",2279,45-49,1099,1180
DE252,"Erlangen, Kreisfreie Stadt",6144,45-49,2950,3194
DE253,"Fürth, Kreisfreie Stadt",8535,45-49,4299,4236
DE254,"Nürnberg, Kreisfreie Stadt",33157,45-49,16395,16762
DE255,"Schwabach, Kreisfreie Stadt",2445,45-49,1175,1270
DE256,"Ansbach, Landkreis",11169,45-49,5603,5566
DE257,Erlangen-Höchstadt,8531,45-49,4286,4245
DE258,"Fürth, Landkreis",7220,45-49,3564,3656
DE259,Nürnberger Land,10159,45-49,5021,5138
DE25A,Neustadt a. d. Aisch-Bad Windsheim,5916,45-49,2994,2922
DE25B,Roth,7568,45-49,3833,3735
DE25C,Weißenburg-Gunzenhausen,5514,45-49,2809,2705
DE26,Unterfranken,74317,45-49,36651,37666
DE261,"Aschaffenburg, Kreisfreie Stadt",4378,45-49,2155,2223
DE262,"Schweinfurt, Kreisfreie Stadt",3024,45-49,1474,1550
DE263,"Würzburg, Kreisfreie Stadt",6606,45-49,3319,3287
DE264,"Aschaffenburg, Landkreis",9929,45-49,4796,5133
DE265,Bad Kissingen,5713,45-49,2757,2956
DE266,Rhön-Grabfeld,4273,45-49,2124,2149
DE267,Haßberge,4646,45-49,2339,2307
DE268,Kitzingen,5369,45-49,2650,2719
DE269,Miltenberg,7469,45-49,3622,3847
DE26A,Main-Spessart,7108,45-49,3485,3623
DE26B,"Schweinfurt, Landkreis",6220,45-49,3084,3136
DE26C,"Würzburg, Landkreis",9582,45-49,4846,4736
DE27,Schwaben,115038,45-49,57939,57099
DE271,"Augsburg, Kreisfreie Stadt",18302,45-49,9325,8977
DE272,"Kaufbeuren, Kreisfreie Stadt",2638,45-49,1354,1284
DE273,"Kempten (Allgäu), Kreisfreie Stadt",3820,45-49,1893,1927
DE274,"Memmingen, Kreisfreie Stadt",2648,45-49,1339,1309
DE275,Aichach-Friedberg,8322,45-49,4239,4083
DE276,"Augsburg, Landkreis",15843,45-49,7946,7897
DE277,Dillingen a.d. Donau,5909,45-49,2959,2950
DE278,Günzburg,8000,45-49,4090,3910
DE279,Neu-Ulm,11015,45-49,5600,5415
DE27A,Lindau (Bodensee),4731,45-49,2303,2428
DE27B,Ostallgäu,8079,45-49,4052,4027
DE27C,Unterallgäu,8460,45-49,4349,4111
DE27D,Donau-Ries,8355,45-49,4296,4059
DE27E,Oberallgäu,8916,45-49,4194,4722
DE3,Berlin,221544,45-49,111965,109579
DE30,Berlin,221544,45-49,111965,109579
DE300,Berlin,221544,45-49,111965,109579
DE4,Brandenburg,151740,45-49,77568,74172
DE40,Brandenburg,151740,45-49,77568,74172
DE401,"Brandenburg an der Havel, Kreisfreie Stadt",4027,45-49,2179,1848
DE402,"Cottbus, Kreisfreie Stadt",4690,45-49,2428,2262
DE403,"Frankfurt (Oder), Kreisfreie Stadt",3226,45-49,1637,1589
DE404,"Potsdam, Kreisfreie Stadt",12118,45-49,6000,6118
DE405,Barnim,11828,45-49,6091,5737
DE406,Dahme-Spreewald,10671,45-49,5489,5182
DE407,Elbe-Elster,5454,45-49,2891,2563
DE408,Havelland,10596,45-49,5294,5302
DE409,Märkisch-Oderland,12290,45-49,6356,5934
DE40A,Oberhavel,13393,45-49,6756,6637
DE40B,Oberspreewald-Lausitz,6035,45-49,3251,2784
DE40C,Oder-Spree,10382,45-49,5339,5043
DE40D,Ostprignitz-Ruppin,5516,45-49,2813,2703
DE40E,Potsdam-Mittelmark,14318,45-49,7118,7200
DE40F,Prignitz,3861,45-49,2072,1789
DE40G,Spree-Neiße,6014,45-49,3007,3007
DE40H,Teltow-Fläming,10884,45-49,5613,5271
DE40I,Uckermark,6437,45-49,3234,3203
DE5,Bremen,40236,45-49,20261,19975
DE50,Bremen,40236,45-49,20261,19975
DE501,"Bremen, Kreisfreie Stadt",33552,45-49,16803,16749
DE502,"Bremerhaven, Kreisfreie Stadt",6684,45-49,3458,3226
DE6,Hamburg,119132,45-49,59815,59317
DE60,Hamburg,119132,45-49,59815,59317
DE600,Hamburg,119132,45-49,59815,59317
DE7,Hessen,380446,45-49,187699,192747
DE71,Darmstadt,254628,45-49,125394,129234
DE711,"Darmstadt, Kreisfreie Stadt",8926,45-49,4306,4620
DE712,"Frankfurt am Main, Kreisfreie Stadt",50881,45-49,25312,25569
DE713,"Offenbach am Main, Kreisfreie Stadt",8942,45-49,4562,4380
DE714,"Wiesbaden, Kreisfreie Stadt",18268,45-49,8804,9464
DE715,Bergstraße,15937,45-49,7865,8072
DE716,Darmstadt-Dieburg,18604,45-49,9150,9454
DE717,Groß-Gerau,17287,45-49,8549,8738
DE718,Hochtaunuskreis,15994,45-49,7678,8316
DE719,Main-Kinzig-Kreis,25439,45-49,12562,12877
DE71A,Main-Taunus-Kreis,15930,45-49,7778,8152
DE71B,Odenwaldkreis,5381,45-49,2650,2731
DE71C,"Offenbach, Landkreis",22433,45-49,11229,11204
DE71D,Rheingau-Taunus-Kreis,11262,45-49,5435,5827
DE71E,Wetteraukreis,19344,45-49,9514,9830
DE72,Gießen,58580,45-49,29146,29434
DE721,"Gießen, Landkreis",14142,45-49,7052,7090
DE722,Lahn-Dill-Kreis,14746,45-49,7207,7539
DE723,Limburg-Weilburg,10152,45-49,5111,5041
DE724,Marburg-Biedenkopf,13758,45-49,6883,6875
DE725,Vogelsbergkreis,5782,45-49,2893,2889
DE73,Kassel,67238,45-49,33159,34079
DE731,"Kassel, Kreisfreie Stadt",10803,45-49,5287,5516
DE732,Fulda,12512,45-49,6220,6292
DE733,Hersfeld-Rotenburg,6735,45-49,3396,3339
DE734,"Kassel, Landkreis",12920,45-49,6279,6641
DE735,Schwalm-Eder-Kreis,10282,45-49,5139,5143
DE736,Waldeck-Frankenberg,8741,45-49,4252,4489
DE737,Werra-Meißner-Kreis,5245,45-49,2586,2659
DE8,Mecklenburg-Vorpommern,89170,45-49,46647,42523
DE80,Mecklenburg-Vorpommern,89170,45-49,46647,42523
DE803,"Rostock, Kreisfreie Stadt",10622,45-49,5564,5058
DE804,"Schwerin, Kreisfreie Stadt",5557,45-49,2909,2648
DE80J,Mecklenburgische Seenplatte,13824,45-49,7263,6561
DE80K,Landkreis Rostock,12833,45-49,6732,6101
DE80L,Vorpommern-Rügen,12371,45-49,6355,6016
DE80M,Nordwestmecklenburg,9327,45-49,4897,4430
DE80N,Vorpommern-Greifswald,12490,45-49,6510,5980
DE80O,Ludwigslust-Parchim,12146,45-49,6417,5729
DE9,Niedersachsen,456875,45-49,226867,230008
DE91,Braunschweig,88982,45-49,44534,44448
DE911,"Braunschweig, Kreisfreie Stadt",14576,45-49,7318,7258
DE912,"Salzgitter, Kreisfreie Stadt",5898,45-49,3085,2813
DE913,"Wolfsburg, Kreisfreie Stadt",7612,45-49,3983,3629
DE914,Gifhorn,10028,45-49,5035,4993
DE916,Goslar,6731,45-49,3273,3458
DE917,Helmstedt,5210,45-49,2640,2570
DE918,Northeim,6803,45-49,3404,3399
DE91A,Peine,7985,45-49,3964,4021
DE91B,Wolfenbüttel,6698,45-49,3280,3418
DE91C,Göttingen,17441,45-49,8552,8889
DE92,Hannover,122178,45-49,60296,61882
DE922,Diepholz,12345,45-49,6105,6240
DE923,Hameln-Pyrmont,8081,45-49,3901,4180
DE925,Hildesheim,14990,45-49,7285,7705
DE926,Holzminden,3447,45-49,1733,1714
DE927,Nienburg (Weser),6794,45-49,3437,3357
DE928,Schaumburg,8540,45-49,4287,4253
DE929,Region Hannover,67981,45-49,33548,34433
DE93,Lüneburg,99194,45-49,48939,50255
DE931,Celle,9719,45-49,4800,4919
DE932,Cuxhaven,10820,45-49,5238,5582
DE933,Harburg,15989,45-49,7940,8049
DE934,Lüchow-Dannenberg,2478,45-49,1227,1251
DE935,"Lüneburg, Landkreis",11047,45-49,5400,5647
DE936,Osterholz,6497,45-49,3181,3316
DE937,Rotenburg (Wümme),9398,45-49,4723,4675
DE938,Heidekreis,7952,45-49,3935,4017
DE939,Stade,12441,45-49,6178,6263
DE93A,Uelzen,5144,45-49,2506,2638
DE93B,Verden,7709,45-49,3811,3898
DE94,Weser-Ems,146521,45-49,73098,73423
DE941,"Delmenhorst, Kreisfreie Stadt",4805,45-49,2367,2438
DE942,"Emden, Kreisfreie Stadt",2774,45-49,1388,1386
DE943,"Oldenburg (Oldenburg), Kreisfreie Stadt",9727,45-49,4705,5022
DE944,"Osnabrück, Kreisfreie Stadt",9129,45-49,4538,4591
DE945,"Wilhelmshaven, Kreisfreie Stadt",3850,45-49,1981,1869
DE946,Ammerland,7241,45-49,3531,3710
DE947,Aurich,10443,45-49,5172,5271
DE948,Cloppenburg,10437,45-49,5302,5135
DE949,Emsland,20040,45-49,10446,9594
DE94A,Friesland (DE),5202,45-49,2512,2690
DE94B,Grafschaft Bentheim,8336,45-49,4217,4119
DE94C,Leer,9316,45-49,4634,4682
DE94D,"Oldenburg, Landkreis",7644,45-49,3781,3863
DE94E,"Osnabrück, Landkreis",20716,45-49,10220,10496
DE94F,Vechta,8969,45-49,4401,4568
DE94G,Wesermarsch,4908,45-49,2444,2464
DE94H,Wittmund,2984,45-49,1459,1525
DEA,Nordrhein-Westfalen,1046165,45-49,517684,528481
DEA1,Düsseldorf,305538,45-49,150735,154803
DEA11,"Düsseldorf, Kreisfreie Stadt",38928,45-49,18939,19989
DEA12,"Duisburg, Kreisfreie Stadt",30052,45-49,15256,14796
DEA13,"Essen, Kreisfreie Stadt",32586,45-49,16029,16557
DEA14,"Krefeld, Kreisfreie Stadt",13710,45-49,6748,6962
DEA15,"Mönchengladbach, Kreisfreie Stadt",15270,45-49,7544,7726
DEA16,"Mülheim an der Ruhr, Kreisfreie Stadt",9684,45-49,4677,5007
DEA17,"Oberhausen, Kreisfreie Stadt",12501,45-49,6269,6232
DEA18,"Remscheid, Kreisfreie Stadt",6538,45-49,3267,3271
DEA19,"Solingen, Kreisfreie Stadt",9636,45-49,4819,4817
DEA1A,"Wuppertal, Kreisfreie Stadt",20202,45-49,10109,10093
DEA1B,Kleve,17950,45-49,8996,8954
DEA1C,Mettmann,28512,45-49,13930,14582
DEA1D,Rhein-Kreis Neuss,28283,45-49,13914,14369
DEA1E,Viersen,16629,45-49,8054,8575
DEA1F,Wesel,25057,45-49,12184,12873
DEA2,Köln,264581,45-49,130379,134202
DEA22,"Bonn, Kreisfreie Stadt",18730,45-49,8929,9801
DEA23,"Köln, Kreisfreie Stadt",65754,45-49,32586,33168
DEA24,"Leverkusen, Kreisfreie Stadt",10061,45-49,5026,5035
DEA26,Düren,15708,45-49,7919,7789
DEA27,Rhein-Erft-Kreis,29312,45-49,14407,14905
DEA28,Euskirchen,11498,45-49,5724,5774
DEA29,Heinsberg,14949,45-49,7380,7569
DEA2A,Oberbergischer Kreis,15520,45-49,7532,7988
DEA2B,Rheinisch-Bergischer Kreis,16578,45-49,8027,8551
DEA2C,Rhein-Sieg-Kreis,35547,45-49,17361,18186
DEA2D,Städteregion Aachen,30924,45-49,15488,15436
DEA3,Münster,152481,45-49,75859,76622
DEA31,"Bottrop, Kreisfreie Stadt",6810,45-49,3377,3433
DEA32,"Gelsenkirchen, Kreisfreie Stadt",15916,45-49,8034,7882
DEA33,"Münster, Kreisfreie Stadt",16536,45-49,8190,8346
DEA34,Borken,21926,45-49,10903,11023
DEA35,Coesfeld,12827,45-49,6395,6432
DEA36,Recklinghausen,36142,45-49,17847,18295
DEA37,Steinfurt,25649,45-49,12783,12866
DEA38,Warendorf,16675,45-49,8330,8345
DEA4,Detmold,119005,45-49,59038,59967
DEA41,"Bielefeld, Kreisfreie Stadt",19307,45-49,9551,9756
DEA42,Gütersloh,22150,45-49,11018,11132
DEA43,Herford,14991,45-49,7422,7569
DEA44,Höxter,7687,45-49,3813,3874
DEA45,Lippe,18753,45-49,9076,9677
DEA46,Minden-Lübbecke,17983,45-49,9061,8922
DEA47,Paderborn,18134,45-49,9097,9037
DEA5,Arnsberg,204560,45-49,101673,102887
DEA51,"Bochum, Kreisfreie Stadt",19756,45-49,9909,9847
DEA52,"Dortmund, Kreisfreie Stadt",35384,45-49,17615,17769
DEA53,"Hagen, Kreisfreie Stadt",10815,45-49,5507,5308
DEA54,"Hamm, Kreisfreie Stadt",11081,45-49,5602,5479
DEA55,"Herne, Kreisfreie Stadt",9146,45-49,4511,4635
DEA56,Ennepe-Ruhr-Kreis,17016,45-49,8174,8842
DEA57,Hochsauerlandkreis,14594,45-49,7199,7395
DEA58,Märkischer Kreis,23194,45-49,11440,11754
DEA59,Olpe,7692,45-49,3832,3860
DEA5A,Siegen-Wittgenstein,15312,45-49,7696,7616
DEA5B,Soest,17378,45-49,8771,8607
DEA5C,Unna,23192,45-49,11417,11775
DEB,Rheinland-Pfalz,234652,45-49,116490,118162
DEB1,Koblenz,85249,45-49,42364,42885
DEB11,"Koblenz, Kreisfreie Stadt",6164,45-49,3097,3067
DEB12,Ahrweiler,6902,45-49,3456,3446
DEB13,Altenkirchen (Westerwald),7195,45-49,3634,3561
DEB14,Bad Kreuznach,9316,45-49,4556,4760
DEB15,Birkenfeld,4488,45-49,2210,2278
DEB17,Mayen-Koblenz,12390,45-49,6145,6245
DEB18,Neuwied,10328,45-49,5107,5221
DEB1A,Rhein-Lahn-Kreis,7200,45-49,3583,3617
DEB1B,Westerwaldkreis,11933,45-49,5916,6017
DEB1C,Cochem-Zell,3314,45-49,1614,1700
DEB1D,Rhein-Hunsrück-Kreis,6019,45-49,3046,2973
DEB2,Trier,30384,45-49,15048,15336
DEB21,"Trier, Kreisfreie Stadt",5889,45-49,2940,2949
DEB22,Bernkastel-Wittlich,6622,45-49,3293,3329
DEB23,Eifelkreis Bitburg-Prüm,5676,45-49,2821,2855
DEB24,Vulkaneifel,3246,45-49,1625,1621
DEB25,Trier-Saarburg,8951,45-49,4369,4582
DEB3,Rheinhessen-Pfalz,119019,45-49,59078,59941
DEB31,"Frankenthal (Pfalz), Kreisfreie Stadt",2772,45-49,1464,1308
DEB32,"Kaiserslautern, Kreisfreie Stadt",5286,45-49,2550,2736
DEB33,"Landau in der Pfalz, Kreisfreie Stadt",2499,45-49,1223,1276
DEB34,"Ludwigshafen am Rhein, Kreisfreie Stadt",10855,45-49,5654,5201
DEB35,"Mainz, Kreisfreie Stadt",12498,45-49,6138,6360
DEB36,"Neustadt an der Weinstraße, Kreisfreie Stadt",2670,45-49,1293,1377
DEB37,"Pirmasens, Kreisfreie Stadt",2088,45-49,1079,1009
DEB38,"Speyer, Kreisfreie Stadt",2898,45-49,1414,1484
DEB39,"Worms, Kreisfreie Stadt",5267,45-49,2584,2683
DEB3A,"Zweibrücken, Kreisfreie Stadt",1886,45-49,889,997
DEB3B,Alzey-Worms,7855,45-49,3913,3942
DEB3C,Bad Dürkheim,7524,45-49,3741,3783
DEB3D,Donnersbergkreis,4289,45-49,2150,2139
DEB3E,Germersheim,7921,45-49,3925,3996
DEB3F,"Kaiserslautern, Landkreis",5913,45-49,2847,3066
DEB3G,Kusel,3767,45-49,1895,1872
DEB3H,Südliche Weinstraße,6398,45-49,3165,3233
DEB3I,Rhein-Pfalz-Kreis,9119,45-49,4629,4490
DEB3J,Mainz-Bingen,12720,45-49,6135,6585
DEB3K,Südwestpfalz,4794,45-49,2390,2404
DEC,Saarland,54855,45-49,27163,27692
DEC0,Saarland,54855,45-49,27163,27692
DEC01,Regionalverband Saarbrücken,17632,45-49,8759,8873
DEC02,Merzig-Wadern,6288,45-49,3107,3181
DEC03,Neunkirchen,7120,45-49,3530,3590
DEC04,Saarlouis,11217,45-49,5532,5685
DEC05,Saarpfalz-Kreis,7833,45-49,3860,3973
DEC06,St. Wendel,4765,45-49,2375,2390
DED,Sachsen,235967,45-49,123869,112098
DED2,Dresden,94725,45-49,49440,45285
DED21,"Dresden, Kreisfreie Stadt",33645,45-49,17283,16362
DED2C,Bautzen,17678,45-49,9396,8282
DED2D,Görlitz,13637,45-49,7114,6523
DED2E,Meißen,14403,45-49,7528,6875
DED2F,Sächsische Schweiz-Osterzgebirge,15362,45-49,8119,7243
DED4,Chemnitz,78845,45-49,41547,37298
DED41,"Chemnitz, Kreisfreie Stadt",13273,45-49,7022,6251
DED42,Erzgebirgskreis,18877,45-49,9978,8899
DED43,Mittelsachsen,17085,45-49,8916,8169
DED44,Vogtlandkreis,12434,45-49,6590,5844
DED45,Zwickau,17176,45-49,9041,8135
DED5,Leipzig,62397,45-49,32882,29515
DED51,"Leipzig, Kreisfreie Stadt",34518,45-49,18200,16318
DED52,Leipzig,16013,45-49,8348,7665
DED53,Nordsachsen,11866,45-49,6334,5532
DEE,Sachsen-Anhalt,116802,45-49,61055,55747
DEE0,Sachsen-Anhalt,116802,45-49,61055,55747
DEE01,"Dessau-Roßlau, Kreisfreie Stadt",3808,45-49,1938,1870
DEE02,"Halle (Saale), Kreisfreie Stadt",11928,45-49,6094,5834
DEE03,"Magdeburg, Kreisfreie Stadt",12705,45-49,6570,6135
DEE04,Altmarkkreis Salzwedel,4461,45-49,2376,2085
DEE05,Anhalt-Bitterfeld,8618,45-49,4547,4071
DEE06,Jerichower Land,5087,45-49,2639,2448
DEE07,Börde,9946,45-49,5271,4675
DEE08,Burgenlandkreis,9401,45-49,4918,4483
DEE09,Harz,11233,45-49,5802,5431
DEE0A,Mansfeld-Südharz,7032,45-49,3709,3323
DEE0B,Saalekreis,10582,45-49,5644,4938
DEE0C,Salzlandkreis,9771,45-49,5225,4546
DEE0D,Stendal,5693,45-49,2924,2769
DEE0E,Wittenberg,6537,45-49,3398,3139
DEF,Schleswig-Holstein,170382,45-49,83265,87117
DEF0,Schleswig-Holstein,170382,45-49,83265,87117
DEF01,"Flensburg, Kreisfreie Stadt",5293,45-49,2670,2623
DEF02,"Kiel, Kreisfreie Stadt",13425,45-49,6681,6744
DEF03,"Lübeck, Kreisfreie Stadt",12231,45-49,5804,6427
DEF04,"Neumünster, Kreisfreie Stadt",4509,45-49,2277,2232
DEF05,Dithmarschen,7173,45-49,3548,3625
DEF06,Herzogtum Lauenburg,12479,45-49,6066,6413
DEF07,Nordfriesland,9279,45-49,4408,4871
DEF08,Ostholstein,11149,45-49,5282,5867
DEF09,Pinneberg,20137,45-49,9972,10165
DEF0A,Plön,7270,45-49,3504,3766
DEF0B,Rendsburg-Eckernförde,15773,45-49,7703,8070
DEF0C,Schleswig-Flensburg,11333,45-49,5497,5836
DEF0D,Segeberg,17486,45-49,8619,8867
DEF0E,Steinburg,7296,45-49,3560,3736
DEF0F,Stormarn,15549,45-49,7674,7875
DEG,Thüringen,119452,45-49,62567,56885
DEG0,Thüringen,119452,45-49,62567,56885
DEG01,"Erfurt, Kreisfreie Stadt",12627,45-49,6550,6077
DEG02,"Gera, Kreisfreie Stadt",5005,45-49,2653,2352
DEG03,"Jena, Kreisfreie Stadt",5938,45-49,3043,2895
DEG04,"Suhl, Kreisfreie Stadt (NUTS 2021)",:,45-49,:,:
DEG05,"Weimar, Kreisfreie Stadt",3816,45-49,1949,1867
DEG06,Eichsfeld,6435,45-49,3376,3059
DEG07,Nordhausen,4300,45-49,2248,2052
DEG09,Unstrut-Hainich-Kreis,5400,45-49,2764,2636
DEG0A,Kyffhäuserkreis,3942,45-49,2119,1823
DEG0B,Schmalkalden-Meiningen (NUTS 2021),:,45-49,:,:
DEG0C,Gotha,8020,45-49,4184,3836
DEG0D,Sömmerda,3944,45-49,2036,1908
DEG0E,Hildburghausen,3625,45-49,1907,1718
DEG0F,Ilm-Kreis (NUTS 2021),:,45-49,:,:
DEG0G,Weimarer Land,5009,45-49,2638,2371
DEG0H,Sonneberg (NUTS 2021),:,45-49,:,:
DEG0I,Saalfeld-Rudolstadt (NUTS 2021),:,45-49,:,:
DEG0J,Saale-Holzland-Kreis,4754,45-49,2502,2252
DEG0K,Saale-Orla-Kreis,4526,45-49,2359,2167
DEG0L,Greiz,5164,45-49,2729,2435
DEG0M,Altenburger Land,4649,45-49,2488,2161
DEG0N,"Eisenach, Kreisfreie Stadt (NUTS 2021)",:,45-49,:,:
DEG0P,Wartburgkreis (NUTS 2021),:,45-49,:,:
DEG0Q,Schmalkalden-Meiningen,6791,45-49,3604,3187
DEG0R,Wartburgkreis,9013,45-49,4660,4353
DEG0S,"Suhl, Kreisfreie Stadt",1811,45-49,966,845
DEG0T,Ilm-Kreis,5873,45-49,3172,2701
DEG0U,Saalfeld-Rudolstadt,5535,45-49,2893,2642
DEG0V,Sonneberg,3275,45-49,1727,1548
DE,Germany,5573992,50-54,2787807,2786185
DE1,Baden-Württemberg,748983,50-54,373009,375974
DE11,Stuttgart,282919,50-54,141953,140966
DE111,"Stuttgart, Stadtkreis",39778,50-54,20282,19496
DE112,Böblingen,26882,50-54,13737,13145
DE113,Esslingen,37191,50-54,18597,18594
DE114,Göppingen,17686,50-54,8734,8952
DE115,Ludwigsburg,36853,50-54,18361,18492
DE116,Rems-Murr-Kreis,30528,50-54,15257,15271
DE117,"Heilbronn, Stadtkreis",8416,50-54,4355,4061
DE118,"Heilbronn, Landkreis",24201,50-54,12079,12122
DE119,Hohenlohekreis,7974,50-54,3955,4019
DE11A,Schwäbisch Hall,13372,50-54,6611,6761
DE11B,Main-Tauber-Kreis,9010,50-54,4450,4560
DE11C,Heidenheim,9085,50-54,4529,4556
DE11D,Ostalbkreis,21943,50-54,11006,10937
DE12,Karlsruhe,188426,50-54,93619,94807
DE121,"Baden-Baden, Stadtkreis",3720,50-54,1839,1881
DE122,"Karlsruhe, Stadtkreis",19215,50-54,9566,9649
DE123,"Karlsruhe, Landkreis",31621,50-54,15847,15774
DE124,Rastatt,15804,50-54,7748,8056
DE125,"Heidelberg, Stadtkreis",8106,50-54,4035,4071
DE126,"Mannheim, Stadtkreis",20284,50-54,10365,9919
DE127,Neckar-Odenwald-Kreis,9877,50-54,4831,5046
DE128,Rhein-Neckar-Kreis,38320,50-54,18789,19531
DE129,"Pforzheim, Stadtkreis",8638,50-54,4238,4400
DE12A,Calw,10802,50-54,5389,5413
DE12B,Enzkreis,13647,50-54,6754,6893
DE12C,Freudenstadt,8392,50-54,4218,4174
DE13,Freiburg,151216,50-54,74486,76730
DE131,"Freiburg im Breisgau, Stadtkreis",13297,50-54,6382,6915
DE132,Breisgau-Hochschwarzwald,18031,50-54,8739,9292
DE133,Emmendingen,11505,50-54,5666,5839
DE134,Ortenaukreis,29928,50-54,15054,14874
DE135,Rottweil,9551,50-54,4819,4732
DE136,Schwarzwald-Baar-Kreis,13515,50-54,6775,6740
DE137,Tuttlingen,9560,50-54,4849,4711
DE138,Konstanz,18505,50-54,8948,9557
DE139,Lörrach,16118,50-54,7743,8375
DE13A,Waldshut,11206,50-54,5511,5695
DE14,Tübingen,126422,50-54,62951,63471
DE141,Reutlingen,20103,50-54,10034,10069
DE142,"Tübingen, Landkreis",13943,50-54,6826,7117
DE143,Zollernalbkreis,13222,50-54,6538,6684
DE144,"Ulm, Stadtkreis",8024,50-54,4081,3943
DE145,Alb-Donau-Kreis,13657,50-54,6953,6704
DE146,Biberach,14056,50-54,7112,6944
DE147,Bodenseekreis,14657,50-54,7209,7448
DE148,Ravensburg,19934,50-54,9813,10121
DE149,Sigmaringen,8826,50-54,4385,4441
DE2,Bayern,898534,50-54,448225,450309
DE21,Oberbayern,323043,50-54,161752,161291
DE211,"Ingolstadt, Kreisfreie Stadt",8902,50-54,4570,4332
DE212,"München, Kreisfreie Stadt",96511,50-54,48501,48010
DE213,"Rosenheim, Kreisfreie Stadt",4181,50-54,2095,2086
DE214,Altötting,7579,50-54,3826,3753
DE215,Berchtesgadener Land,6792,50-54,3363,3429
DE216,Bad Tölz-Wolfratshausen,9057,50-54,4369,4688
DE217,Dachau,10718,50-54,5420,5298
DE218,Ebersberg,10590,50-54,5383,5207
DE219,Eichstätt,8995,50-54,4561,4434
DE21A,Erding,10492,50-54,5382,5110
DE21B,Freising,13118,50-54,6712,6406
DE21C,Fürstenfeldbruck,15310,50-54,7645,7665
DE21D,Garmisch-Partenkirchen,5991,50-54,2869,3122
DE21E,Landsberg am Lech,8775,50-54,4298,4477
DE21F,Miesbach,6998,50-54,3424,3574
DE21G,Mühldorf a. Inn,8532,50-54,4410,4122
DE21H,"München, Landkreis",25540,50-54,12753,12787
DE21I,Neuburg-Schrobenhausen,6788,50-54,3517,3271
DE21J,Pfaffenhofen a. d. Ilm,8841,50-54,4529,4312
DE21K,"Rosenheim, Landkreis",18170,50-54,8914,9256
DE21L,Starnberg,10256,50-54,5001,5255
DE21M,Traunstein,11559,50-54,5730,5829
DE21N,Weilheim-Schongau,9348,50-54,4480,4868
DE22,Niederbayern,87803,50-54,44405,43398
DE221,"Landshut, Kreisfreie Stadt",4544,50-54,2295,2249
DE222,"Passau, Kreisfreie Stadt",3092,50-54,1572,1520
DE223,"Straubing, Kreisfreie Stadt",3195,50-54,1631,1564
DE224,Deggendorf,8333,50-54,4215,4118
DE225,Freyung-Grafenau,5595,50-54,2747,2848
DE226,Kelheim,8925,50-54,4662,4263
DE227,"Landshut, Landkreis",11701,50-54,5867,5834
DE228,"Passau, Landkreis",13889,50-54,6971,6918
DE229,Regen,5381,50-54,2708,2673
DE22A,Rottal-Inn,8367,50-54,4220,4147
DE22B,Straubing-Bogen,7581,50-54,3782,3799
DE22C,Dingolfing-Landau,7200,50-54,3735,3465
DE23,Oberpfalz,77319,50-54,38667,38652
DE231,"Amberg, Kreisfreie Stadt",2726,50-54,1300,1426
DE232,"Regensburg, Kreisfreie Stadt",9118,50-54,4530,4588
DE233,"Weiden i. d. Opf, Kreisfreie Stadt",2816,50-54,1372,1444
DE234,Amberg-Sulzbach,7277,50-54,3597,3680
DE235,Cham,9076,50-54,4523,4553
DE236,Neumarkt i. d. OPf.,9767,50-54,4914,4853
DE237,Neustadt a. d. Waldnaab,6767,50-54,3306,3461
DE238,"Regensburg, Landkreis",14133,50-54,7141,6992
DE239,Schwandorf,10508,50-54,5316,5192
DE23A,Tirschenreuth,5131,50-54,2668,2463
DE24,Oberfranken,73524,50-54,35954,37570
DE241,"Bamberg, Kreisfreie Stadt",4550,50-54,2253,2297
DE242,"Bayreuth, Kreisfreie Stadt",4232,50-54,2072,2160
DE243,"Coburg, Kreisfreie Stadt",2590,50-54,1192,1398
DE244,"Hof, Kreisfreie Stadt",3007,50-54,1464,1543
DE245,"Bamberg, Landkreis",10776,50-54,5389,5387
DE246,"Bayreuth, Landkreis",7673,50-54,3753,3920
DE247,"Coburg, Landkreis",5976,50-54,2896,3080
DE248,Forchheim,7929,50-54,3858,4071
DE249,"Hof, Landkreis",6854,50-54,3319,3535
DE24A,Kronach,4946,50-54,2440,2506
DE24B,Kulmbach,5239,50-54,2553,2686
DE24C,Lichtenfels,4811,50-54,2349,2462
DE24D,Wunsiedel i. Fichtelgebirge,4941,50-54,2416,2525
DE25,Mittelfranken,120555,50-54,59814,60741
DE251,"Ansbach, Kreisfreie Stadt",2553,50-54,1226,1327
DE252,"Erlangen, Kreisfreie Stadt",6735,50-54,3370,3365
DE253,"Fürth, Kreisfreie Stadt",8972,50-54,4362,4610
DE254,"Nürnberg, Kreisfreie Stadt",34715,50-54,17433,17282
DE255,"Schwabach, Kreisfreie Stadt",2788,50-54,1328,1460
DE256,"Ansbach, Landkreis",13017,50-54,6541,6476
DE257,Erlangen-Höchstadt,9581,50-54,4762,4819
DE258,"Fürth, Landkreis",8060,50-54,3903,4157
DE259,Nürnberger Land,12054,50-54,5931,6123
DE25A,Neustadt a. d. Aisch-Bad Windsheim,6935,50-54,3497,3438
DE25B,Roth,8992,50-54,4388,4604
DE25C,Weißenburg-Gunzenhausen,6153,50-54,3073,3080
DE26,Unterfranken,86814,50-54,42912,43902
DE261,"Aschaffenburg, Kreisfreie Stadt",4766,50-54,2316,2450
DE262,"Schweinfurt, Kreisfreie Stadt",3097,50-54,1578,1519
DE263,"Würzburg, Kreisfreie Stadt",6841,50-54,3379,3462
DE264,"Aschaffenburg, Landkreis",11972,50-54,5834,6138
DE265,Bad Kissingen,6930,50-54,3467,3463
DE266,Rhön-Grabfeld,5320,50-54,2607,2713
DE267,Haßberge,5726,50-54,2851,2875
DE268,Kitzingen,6303,50-54,3211,3092
DE269,Miltenberg,9122,50-54,4506,4616
DE26A,Main-Spessart,8661,50-54,4219,4442
DE26B,"Schweinfurt, Landkreis",7493,50-54,3747,3746
DE26C,"Würzburg, Landkreis",10583,50-54,5197,5386
DE27,Schwaben,129476,50-54,64721,64755
DE271,"Augsburg, Kreisfreie Stadt",18875,50-54,9499,9376
DE272,"Kaufbeuren, Kreisfreie Stadt",2761,50-54,1383,1378
DE273,"Kempten (Allgäu), Kreisfreie Stadt",4090,50-54,2006,2084
DE274,"Memmingen, Kreisfreie Stadt",2748,50-54,1380,1368
DE275,Aichach-Friedberg,9538,50-54,4746,4792
DE276,"Augsburg, Landkreis",17809,50-54,8990,8819
DE277,Dillingen a.d. Donau,6802,50-54,3417,3385
DE278,Günzburg,9115,50-54,4507,4608
DE279,Neu-Ulm,12251,50-54,6162,6089
DE27A,Lindau (Bodensee),5784,50-54,2721,3063
DE27B,Ostallgäu,9720,50-54,4753,4967
DE27C,Unterallgäu,10016,50-54,5182,4834
DE27D,Donau-Ries,9365,50-54,4789,4576
DE27E,Oberallgäu,10602,50-54,5186,5416
DE3,Berlin,220494,50-54,111522,108972
DE30,Berlin,220494,50-54,111522,108972
DE300,Berlin,220494,50-54,111522,108972
DE4,Brandenburg,168031,50-54,85373,82658
DE40,Brandenburg,168031,50-54,85373,82658
DE401,"Brandenburg an der Havel, Kreisfreie Stadt",4145,50-54,2085,2060
DE402,"Cottbus, Kreisfreie Stadt",5421,50-54,2610,2811
DE403,"Frankfurt (Oder), Kreisfreie Stadt",3370,50-54,1695,1675
DE404,"Potsdam, Kreisfreie Stadt",11435,50-54,5782,5653
DE405,Barnim,12581,50-54,6342,6239
DE406,Dahme-Spreewald,11936,50-54,6086,5850
DE407,Elbe-Elster,6901,50-54,3584,3317
DE408,Havelland,11665,50-54,5860,5805
DE409,Märkisch-Oderland,12994,50-54,6682,6312
DE40A,Oberhavel,15135,50-54,7475,7660
DE40B,Oberspreewald-Lausitz,7203,50-54,3790,3413
DE40C,Oder-Spree,11410,50-54,5822,5588
DE40D,Ostprignitz-Ruppin,6399,50-54,3298,3101
DE40E,Potsdam-Mittelmark,15673,50-54,7901,7772
DE40F,Prignitz,4902,50-54,2557,2345
DE40G,Spree-Neiße,7467,50-54,3825,3642
DE40H,Teltow-Fläming,11848,50-54,6130,5718
DE40I,Uckermark,7546,50-54,3849,3697
DE5,Bremen,43973,50-54,22002,21971
DE50,Bremen,43973,50-54,22002,21971
DE501,"Bremen, Kreisfreie Stadt",36668,50-54,18294,18374
DE502,"Bremerhaven, Kreisfreie Stadt",7305,50-54,3708,3597
DE6,Hamburg,120313,50-54,60332,59981
DE60,Hamburg,120313,50-54,60332,59981
DE600,Hamburg,120313,50-54,60332,59981
DE7,Hessen,428628,50-54,212941,215687
DE71,Darmstadt,278203,50-54,139148,139055
DE711,"Darmstadt, Kreisfreie Stadt",9775,50-54,4848,4927
DE712,"Frankfurt am Main, Kreisfreie Stadt",50173,50-54,25805,24368
DE713,"Offenbach am Main, Kreisfreie Stadt",8749,50-54,4628,4121
DE714,"Wiesbaden, Kreisfreie Stadt",19548,50-54,9721,9827
DE715,Bergstraße,18896,50-54,9183,9713
DE716,Darmstadt-Dieburg,21112,50-54,10448,10664
DE717,Groß-Gerau,18573,50-54,9613,8960
DE718,Hochtaunuskreis,17909,50-54,8733,9176
DE719,Main-Kinzig-Kreis,29228,50-54,14512,14716
DE71A,Main-Taunus-Kreis,17632,50-54,8721,8911
DE71B,Odenwaldkreis,6595,50-54,3234,3361
DE71C,"Offenbach, Landkreis",24650,50-54,12285,12365
DE71D,Rheingau-Taunus-Kreis,13511,50-54,6579,6932
DE71E,Wetteraukreis,21852,50-54,10838,11014
DE72,Gießen,68345,50-54,33538,34807
DE721,"Gießen, Landkreis",16258,50-54,8031,8227
DE722,Lahn-Dill-Kreis,17333,50-54,8446,8887
DE723,Limburg-Weilburg,11983,50-54,5964,6019
DE724,Marburg-Biedenkopf,15746,50-54,7622,8124
DE725,Vogelsbergkreis,7025,50-54,3475,3550
DE73,Kassel,82080,50-54,40255,41825
DE731,"Kassel, Kreisfreie Stadt",11972,50-54,5862,6110
DE732,Fulda,15165,50-54,7489,7676
DE733,Hersfeld-Rotenburg,8285,50-54,4134,4151
DE734,"Kassel, Landkreis",16211,50-54,7937,8274
DE735,Schwalm-Eder-Kreis,12706,50-54,6265,6441
DE736,Waldeck-Frankenberg,10738,50-54,5169,5569
DE737,Werra-Meißner-Kreis,7003,50-54,3399,3604
DE8,Mecklenburg-Vorpommern,98153,50-54,50302,47851
DE80,Mecklenburg-Vorpommern,98153,50-54,50302,47851
DE803,"Rostock, Kreisfreie Stadt",10937,50-54,5570,5367
DE804,"Schwerin, Kreisfreie Stadt",5694,50-54,2948,2746
DE80J,Mecklenburgische Seenplatte,15372,50-54,7854,7518
DE80K,Landkreis Rostock,14123,50-54,7190,6933
DE80L,Vorpommern-Rügen,13743,50-54,6948,6795
DE80M,Nordwestmecklenburg,10545,50-54,5436,5109
DE80N,Vorpommern-Greifswald,13651,50-54,7065,6586
DE80O,Ludwigslust-Parchim,14088,50-54,7291,6797
DE9,Niedersachsen,549064,50-54,271875,277189
DE91,Braunschweig,106063,50-54,52591,53472
DE911,"Braunschweig, Kreisfreie Stadt",16138,50-54,8236,7902
DE912,"Salzgitter, Kreisfreie Stadt",6595,50-54,3269,3326
DE913,"Wolfsburg, Kreisfreie Stadt",8102,50-54,4039,4063
DE914,Gifhorn,12122,50-54,5976,6146
DE916,Goslar,8872,50-54,4340,4532
DE917,Helmstedt,6216,50-54,3129,3087
DE918,Northeim,8679,50-54,4252,4427
DE91A,Peine,9744,50-54,4832,4912
DE91B,Wolfenbüttel,8561,50-54,4149,4412
DE91C,Göttingen,21034,50-54,10369,10665
DE92,Hannover,143612,50-54,71333,72279
DE922,Diepholz,15744,50-54,7796,7948
DE923,Hameln-Pyrmont,10106,50-54,5022,5084
DE925,Hildesheim,18291,50-54,9102,9189
DE926,Holzminden,4456,50-54,2229,2227
DE927,Nienburg (Weser),8460,50-54,4186,4274
DE928,Schaumburg,11085,50-54,5421,5664
DE929,Region Hannover,75470,50-54,37577,37893
DE93,Lüneburg,120838,50-54,59463,61375
DE931,Celle,11606,50-54,5740,5866
DE932,Cuxhaven,14265,50-54,6900,7365
DE933,Harburg,18970,50-54,9363,9607
DE934,Lüchow-Dannenberg,3151,50-54,1537,1614
DE935,"Lüneburg, Landkreis",12745,50-54,6210,6535
DE936,Osterholz,8084,50-54,3967,4117
DE937,Rotenburg (Wümme),11806,50-54,5796,6010
DE938,Heidekreis,9858,50-54,4938,4920
DE939,Stade,14345,50-54,7140,7205
DE93A,Uelzen,6440,50-54,3184,3256
DE93B,Verden,9568,50-54,4688,4880
DE94,Weser-Ems,178551,50-54,88488,90063
DE941,"Delmenhorst, Kreisfreie Stadt",5507,50-54,2707,2800
DE942,"Emden, Kreisfreie Stadt",3550,50-54,1781,1769
DE943,"Oldenburg (Oldenburg), Kreisfreie Stadt",11181,50-54,5469,5712
DE944,"Osnabrück, Kreisfreie Stadt",10507,50-54,5237,5270
DE945,"Wilhelmshaven, Kreisfreie Stadt",4577,50-54,2289,2288
DE946,Ammerland,9117,50-54,4454,4663
DE947,Aurich,14240,50-54,6920,7320
DE948,Cloppenburg,11926,50-54,6041,5885
DE949,Emsland,23575,50-54,11983,11592
DE94A,Friesland (DE),7076,50-54,3378,3698
DE94B,Grafschaft Bentheim,10182,50-54,5052,5130
DE94C,Leer,12207,50-54,6012,6195
DE94D,"Oldenburg, Landkreis",9748,50-54,4690,5058
DE94E,"Osnabrück, Landkreis",24873,50-54,12349,12524
DE94F,Vechta,9955,50-54,5082,4873
DE94G,Wesermarsch,6273,50-54,3130,3143
DE94H,Wittmund,4057,50-54,1914,2143
DEA,Nordrhein-Westfalen,1216899,50-54,604066,612833
DEA1,Düsseldorf,353999,50-54,175735,178264
DEA11,"Düsseldorf, Kreisfreie Stadt",41715,50-54,20997,20718
DEA12,"Duisburg, Kreisfreie Stadt",33722,50-54,17055,16667
DEA13,"Essen, Kreisfreie Stadt",37067,50-54,18372,18695
DEA14,"Krefeld, Kreisfreie Stadt",15890,50-54,7822,8068
DEA15,"Mönchengladbach, Kreisfreie Stadt",17412,50-54,8685,8727
DEA16,"Mülheim an der Ruhr, Kreisfreie Stadt",11695,50-54,5709,5986
DEA17,"Oberhausen, Kreisfreie Stadt",14115,50-54,7097,7018
DEA18,"Remscheid, Kreisfreie Stadt",7815,50-54,3951,3864
DEA19,"Solingen, Kreisfreie Stadt",11267,50-54,5520,5747
DEA1A,"Wuppertal, Kreisfreie Stadt",23074,50-54,11541,11533
DEA1B,Kleve,21997,50-54,10894,11103
DEA1C,Mettmann,33810,50-54,16698,17112
DEA1D,Rhein-Kreis Neuss,32334,50-54,16080,16254
DEA1E,Viersen,20870,50-54,10089,10781
DEA1F,Wesel,31216,50-54,15225,15991
DEA2,Köln,300799,50-54,149106,151693
DEA22,"Bonn, Kreisfreie Stadt",20480,50-54,10057,10423
DEA23,"Köln, Kreisfreie Stadt",69483,50-54,35070,34413
DEA24,"Leverkusen, Kreisfreie Stadt",11455,50-54,5706,5749
DEA26,Düren,18658,50-54,9287,9371
DEA27,Rhein-Erft-Kreis,32700,50-54,16265,16435
DEA28,Euskirchen,13656,50-54,6621,7035
DEA29,Heinsberg,17967,50-54,8814,9153
DEA2A,Oberbergischer Kreis,18275,50-54,9046,9229
DEA2B,Rheinisch-Bergischer Kreis,20103,50-54,9895,10208
DEA2C,Rhein-Sieg-Kreis,41779,50-54,20335,21444
DEA2D,Städteregion Aachen,36243,50-54,18010,18233
DEA3,Münster,180048,50-54,89286,90762
DEA31,"Bottrop, Kreisfreie Stadt",8061,50-54,3982,4079
DEA32,"Gelsenkirchen, Kreisfreie Stadt",17906,50-54,9092,8814
DEA33,"Münster, Kreisfreie Stadt",17797,50-54,8792,9005
DEA34,Borken,26094,50-54,13076,13018
DEA35,Coesfeld,15425,50-54,7540,7885
DEA36,Recklinghausen,43129,50-54,21099,22030
DEA37,Steinfurt,31799,50-54,15861,15938
DEA38,Warendorf,19837,50-54,9844,9993
DEA4,Detmold,139387,50-54,68969,70418
DEA41,"Bielefeld, Kreisfreie Stadt",21599,50-54,10750,10849
DEA42,Gütersloh,25636,50-54,12701,12935
DEA43,Herford,17441,50-54,8495,8946
DEA44,Höxter,9399,50-54,4613,4786
DEA45,Lippe,23045,50-54,11433,11612
DEA46,Minden-Lübbecke,21704,50-54,10742,10962
DEA47,Paderborn,20563,50-54,10235,10328
DEA5,Arnsberg,242666,50-54,120970,121696
DEA51,"Bochum, Kreisfreie Stadt",22632,50-54,11359,11273
DEA52,"Dortmund, Kreisfreie Stadt",39835,50-54,20218,19617
DEA53,"Hagen, Kreisfreie Stadt",12633,50-54,6316,6317
DEA54,"Hamm, Kreisfreie Stadt",12253,50-54,6180,6073
DEA55,"Herne, Kreisfreie Stadt",11063,50-54,5485,5578
DEA56,Ennepe-Ruhr-Kreis,21643,50-54,10608,11035
DEA57,Hochsauerlandkreis,18664,50-54,9499,9165
DEA58,Märkischer Kreis,28127,50-54,13833,14294
DEA59,Olpe,9474,50-54,4712,4762
DEA5A,Siegen-Wittgenstein,18071,50-54,9080,8991
DEA5B,Soest,21093,50-54,10434,10659
DEA5C,Unna,27178,50-54,13246,13932
DEB,Rheinland-Pfalz,274388,50-54,135851,138537
DEB1,Koblenz,101775,50-54,50302,51473
DEB11,"Koblenz, Kreisfreie Stadt",6476,50-54,3272,3204
DEB12,Ahrweiler,8363,50-54,4114,4249
DEB13,Altenkirchen (Westerwald),9029,50-54,4461,4568
DEB14,Bad Kreuznach,11028,50-54,5408,5620
DEB15,Birkenfeld,5316,50-54,2560,2756
DEB17,Mayen-Koblenz,14477,50-54,7169,7308
DEB18,Neuwied,12436,50-54,6154,6282
DEB1A,Rhein-Lahn-Kreis,8456,50-54,4265,4191
DEB1B,Westerwaldkreis,14652,50-54,7244,7408
DEB1C,Cochem-Zell,4314,50-54,2077,2237
DEB1D,Rhein-Hunsrück-Kreis,7228,50-54,3578,3650
DEB2,Trier,35277,50-54,17198,18079
DEB21,"Trier, Kreisfreie Stadt",6131,50-54,2999,3132
DEB22,Bernkastel-Wittlich,7869,50-54,3956,3913
DEB23,Eifelkreis Bitburg-Prüm,6930,50-54,3311,3619
DEB24,Vulkaneifel,3908,50-54,1875,2033
DEB25,Trier-Saarburg,10439,50-54,5057,5382
DEB3,Rheinhessen-Pfalz,137336,50-54,68351,68985
DEB31,"Frankenthal (Pfalz), Kreisfreie Stadt",3060,50-54,1533,1527
DEB32,"Kaiserslautern, Kreisfreie Stadt",6004,50-54,2943,3061
DEB33,"Landau in der Pfalz, Kreisfreie Stadt",3015,50-54,1468,1547
DEB34,"Ludwigshafen am Rhein, Kreisfreie Stadt",11492,50-54,5941,5551
DEB35,"Mainz, Kreisfreie Stadt",13152,50-54,6785,6367
DEB36,"Neustadt an der Weinstraße, Kreisfreie Stadt",3355,50-54,1616,1739
DEB37,"Pirmasens, Kreisfreie Stadt",2399,50-54,1176,1223
DEB38,"Speyer, Kreisfreie Stadt",3350,50-54,1585,1765
DEB39,"Worms, Kreisfreie Stadt",5692,50-54,2892,2800
DEB3A,"Zweibrücken, Kreisfreie Stadt",2060,50-54,1042,1018
DEB3B,Alzey-Worms,8905,50-54,4419,4486
DEB3C,Bad Dürkheim,9427,50-54,4639,4788
DEB3D,Donnersbergkreis,5211,50-54,2539,2672
DEB3E,Germersheim,9115,50-54,4551,4564
DEB3F,"Kaiserslautern, Landkreis",7005,50-54,3511,3494
DEB3G,Kusel,4696,50-54,2287,2409
DEB3H,Südliche Weinstraße,7790,50-54,3788,4002
DEB3I,Rhein-Pfalz-Kreis,10408,50-54,5118,5290
DEB3J,Mainz-Bingen,15026,50-54,7472,7554
DEB3K,Südwestpfalz,6174,50-54,3046,3128
DEC,Saarland,64581,50-54,31927,32654
DEC0,Saarland,64581,50-54,31927,32654
DEC01,Regionalverband Saarbrücken,20196,50-54,10026,10170
DEC02,Merzig-Wadern,7638,50-54,3860,3778
DEC03,Neunkirchen,8535,50-54,4215,4320
DEC04,Saarlouis,13090,50-54,6377,6713
DEC05,Saarpfalz-Kreis,9205,50-54,4519,4686
DEC06,St. Wendel,5917,50-54,2930,2987
DED,Sachsen,254115,50-54,133268,120847
DED2,Dresden,99426,50-54,52119,47307
DED21,"Dresden, Kreisfreie Stadt",31980,50-54,16633,15347
DED2C,Bautzen,19418,50-54,10189,9229
DED2D,Görlitz,15631,50-54,8201,7430
DED2E,Meißen,16034,50-54,8464,7570
DED2F,Sächsische Schweiz-Osterzgebirge,16363,50-54,8632,7731
DED4,Chemnitz,90665,50-54,47613,43052
DED41,"Chemnitz, Kreisfreie Stadt",14096,50-54,7471,6625
DED42,Erzgebirgskreis,21328,50-54,11217,10111
DED43,Mittelsachsen,19646,50-54,10300,9346
DED44,Vogtlandkreis,14988,50-54,7886,7102
DED45,Zwickau,20607,50-54,10739,9868
DED5,Leipzig,64024,50-54,33536,30488
DED51,"Leipzig, Kreisfreie Stadt",32663,50-54,17378,15285
DED52,Leipzig,17925,50-54,9214,8711
DED53,Nordsachsen,13436,50-54,6944,6492
DEE,Sachsen-Anhalt,142078,50-54,73208,68870
DEE0,Sachsen-Anhalt,142078,50-54,73208,68870
DEE01,"Dessau-Roßlau, Kreisfreie Stadt",4680,50-54,2315,2365
DEE02,"Halle (Saale), Kreisfreie Stadt",13267,50-54,6759,6508
DEE03,"Magdeburg, Kreisfreie Stadt",14171,50-54,7152,7019
DEE04,Altmarkkreis Salzwedel,5469,50-54,2826,2643
DEE05,Anhalt-Bitterfeld,10631,50-54,5535,5096
DEE06,Jerichower Land,6043,50-54,3172,2871
DEE07,Börde,11952,50-54,6119,5833
DEE08,Burgenlandkreis,11534,50-54,6024,5510
DEE09,Harz,14135,50-54,7275,6860
DEE0A,Mansfeld-Südharz,8972,50-54,4617,4355
DEE0B,Saalekreis,13148,50-54,6746,6402
DEE0C,Salzlandkreis,12578,50-54,6674,5904
DEE0D,Stendal,7181,50-54,3657,3524
DEE0E,Wittenberg,8317,50-54,4337,3980
DEF,Schleswig-Holstein,206025,50-54,101097,104928
DEF0,Schleswig-Holstein,206025,50-54,101097,104928
DEF01,"Flensburg, Kreisfreie Stadt",5858,50-54,2910,2948
DEF02,"Kiel, Kreisfreie Stadt",15247,50-54,7615,7632
DEF03,"Lübeck, Kreisfreie Stadt",14370,50-54,7087,7283
DEF04,"Neumünster, Kreisfreie Stadt",5461,50-54,2709,2752
DEF05,Dithmarschen,9538,50-54,4704,4834
DEF06,Herzogtum Lauenburg,14321,50-54,6943,7378
DEF07,Nordfriesland,12065,50-54,5818,6247
DEF08,Ostholstein,14694,50-54,6967,7727
DEF09,Pinneberg,23288,50-54,11643,11645
DEF0A,Plön,9332,50-54,4427,4905
DEF0B,Rendsburg-Eckernförde,20100,50-54,9770,10330
DEF0C,Schleswig-Flensburg,14186,50-54,7070,7116
DEF0D,Segeberg,20112,50-54,9944,10168
DEF0E,Steinburg,9648,50-54,4827,4821
DEF0F,Stormarn,17805,50-54,8663,9142
DEG,Thüringen,139733,50-54,72809,66924
DEG0,Thüringen,139733,50-54,72809,66924
DEG01,"Erfurt, Kreisfreie Stadt",13342,50-54,6919,6423
DEG02,"Gera, Kreisfreie Stadt",5585,50-54,2936,2649
DEG03,"Jena, Kreisfreie Stadt",5966,50-54,3095,2871
DEG04,"Suhl, Kreisfreie Stadt (NUTS 2021)",:,50-54,:,:
DEG05,"Weimar, Kreisfreie Stadt",4011,50-54,2009,2002
DEG06,Eichsfeld,6718,50-54,3593,3125
DEG07,Nordhausen,5428,50-54,2743,2685
DEG09,Unstrut-Hainich-Kreis,6538,50-54,3401,3137
DEG0A,Kyffhäuserkreis,4918,50-54,2530,2388
DEG0B,Schmalkalden-Meiningen (NUTS 2021),:,50-54,:,:
DEG0C,Gotha,9649,50-54,5040,4609
DEG0D,Sömmerda,4922,50-54,2646,2276
DEG0E,Hildburghausen,4232,50-54,2217,2015
DEG0F,Ilm-Kreis (NUTS 2021),:,50-54,:,:
DEG0G,Weimarer Land,5725,50-54,3034,2691
DEG0H,Sonneberg (NUTS 2021),:,50-54,:,:
DEG0I,Saalfeld-Rudolstadt (NUTS 2021),:,50-54,:,:
DEG0J,Saale-Holzland-Kreis,5616,50-54,2926,2690
DEG0K,Saale-Orla-Kreis,5412,50-54,2841,2571
DEG0L,Greiz,6303,50-54,3185,3118
DEG0M,Altenburger Land,6177,50-54,3217,2960
DEG0N,"Eisenach, Kreisfreie Stadt (NUTS 2021)",:,50-54,:,:
DEG0P,Wartburgkreis (NUTS 2021),:,50-54,:,:
DEG0Q,Schmalkalden-Meiningen,8158,50-54,4291,3867
DEG0R,Wartburgkreis,10845,50-54,5687,5158
DEG0S,"Suhl, Kreisfreie Stadt",2319,50-54,1187,1132
DEG0T,Ilm-Kreis,6972,50-54,3667,3305
DEG0U,Saalfeld-Rudolstadt,6859,50-54,3562,3297
DEG0V,Sonneberg,4038,50-54,2083,1955
DE,Germany,6719765,55-59,3365783,3353982
DE1,Baden-Württemberg,886373,55-59,445300,441073
DE11,Stuttgart,326379,55-59,165153,161226
DE111,"Stuttgart, Stadtkreis",41426,55-59,21204,20222
DE112,Böblingen,30920,55-59,15726,15194
DE113,Esslingen,43438,55-59,21877,21561
DE114,Göppingen,20874,55-59,10481,10393
DE115,Ludwigsburg,43109,55-59,22057,21052
DE116,Rems-Murr-Kreis,36752,55-59,18478,18274
DE117,"Heilbronn, Stadtkreis",8826,55-59,4540,4286
DE118,"Heilbronn, Landkreis",28902,55-59,14470,14432
DE119,Hohenlohekreis,9320,55-59,4700,4620
DE11A,Schwäbisch Hall,15828,55-59,7887,7941
DE11B,Main-Tauber-Kreis,11139,55-59,5609,5530
DE11C,Heidenheim,10486,55-59,5333,5153
DE11D,Ostalbkreis,25359,55-59,12791,12568
DE12,Karlsruhe,225560,55-59,113566,111994
DE121,"Baden-Baden, Stadtkreis",4741,55-59,2407,2334
DE122,"Karlsruhe, Stadtkreis",22210,55-59,11270,10940
DE123,"Karlsruhe, Landkreis",38159,55-59,19225,18934
DE124,Rastatt,19411,55-59,9767,9644
DE125,"Heidelberg, Stadtkreis",9075,55-59,4462,4613
DE126,"Mannheim, Stadtkreis",22593,55-59,11591,11002
DE127,Neckar-Odenwald-Kreis,12183,55-59,6189,5994
DE128,Rhein-Neckar-Kreis,47232,55-59,23599,23633
DE129,"Pforzheim, Stadtkreis",9419,55-59,4758,4661
DE12A,Calw,13271,55-59,6616,6655
DE12B,Enzkreis,17080,55-59,8524,8556
DE12C,Freudenstadt,10186,55-59,5158,5028
DE13,Freiburg,184013,55-59,91133,92880
DE131,"Freiburg im Breisgau, Stadtkreis",15061,55-59,7293,7768
DE132,Breisgau-Hochschwarzwald,22565,55-59,11111,11454
DE133,Emmendingen,14058,55-59,6952,7106
DE134,Ortenaukreis,36301,55-59,18342,17959
DE135,Rottweil,11626,55-59,5887,5739
DE136,Schwarzwald-Baar-Kreis,16514,55-59,8224,8290
DE137,Tuttlingen,10955,55-59,5567,5388
DE138,Konstanz,23407,55-59,11224,12183
DE139,Lörrach,19697,55-59,9641,10056
DE13A,Waldshut,13829,55-59,6892,6937
DE14,Tübingen,150421,55-59,75448,74973
DE141,Reutlingen,23784,55-59,11980,11804
DE142,"Tübingen, Landkreis",16884,55-59,8389,8495
DE143,Zollernalbkreis,16015,55-59,8048,7967
DE144,"Ulm, Stadtkreis",8534,55-59,4188,4346
DE145,Alb-Donau-Kreis,16257,55-59,8173,8084
DE146,Biberach,16460,55-59,8411,8049
DE147,Bodenseekreis,18081,55-59,9094,8987
DE148,Ravensburg,23154,55-59,11593,11561
DE149,Sigmaringen,11252,55-59,5572,5680
DE2,Bayern,1059843,55-59,532020,527823
DE21,Oberbayern,371411,55-59,186297,185114
DE211,"Ingolstadt, Kreisfreie Stadt",9717,55-59,4926,4791
DE212,"München, Kreisfreie Stadt",101600,55-59,51090,50510
DE213,"Rosenheim, Kreisfreie Stadt",4862,55-59,2398,2464
DE214,Altötting,9183,55-59,4572,4611
DE215,Berchtesgadener Land,8456,55-59,4181,4275
DE216,Bad Tölz-Wolfratshausen,11250,55-59,5589,5661
DE217,Dachau,12733,55-59,6493,6240
DE218,Ebersberg,12248,55-59,6199,6049
DE219,Eichstätt,10722,55-59,5497,5225
DE21A,Erding,12186,55-59,6207,5979
DE21B,Freising,15097,55-59,7755,7342
DE21C,Fürstenfeldbruck,17807,55-59,8927,8880
DE21D,Garmisch-Partenkirchen,7887,55-59,3785,4102
DE21E,Landsberg am Lech,10933,55-59,5387,5546
DE21F,Miesbach,8733,55-59,4309,4424
DE21G,Mühldorf a. Inn,9805,55-59,5061,4744
DE21H,"München, Landkreis",28914,55-59,14622,14292
DE21I,Neuburg-Schrobenhausen,7844,55-59,4044,3800
DE21J,Pfaffenhofen a. d. Ilm,10571,55-59,5410,5161
DE21K,"Rosenheim, Landkreis",22130,55-59,10787,11343
DE21L,Starnberg,12737,55-59,6278,6459
DE21M,Traunstein,14278,55-59,7005,7273
DE21N,Weilheim-Schongau,11718,55-59,5775,5943
DE22,Niederbayern,101612,55-59,51578,50034
DE221,"Landshut, Kreisfreie Stadt",5087,55-59,2564,2523
DE222,"Passau, Kreisfreie Stadt",3521,55-59,1781,1740
DE223,"Straubing, Kreisfreie Stadt",3473,55-59,1810,1663
DE224,Deggendorf,9685,55-59,4926,4759
DE225,Freyung-Grafenau,6862,55-59,3418,3444
DE226,Kelheim,10153,55-59,5256,4897
DE227,"Landshut, Landkreis",13724,55-59,7056,6668
DE228,"Passau, Landkreis",15966,55-59,7970,7996
DE229,Regen,6526,55-59,3247,3279
DE22A,Rottal-Inn,9859,55-59,4977,4882
DE22B,Straubing-Bogen,8827,55-59,4472,4355
DE22C,Dingolfing-Landau,7929,55-59,4101,3828
DE23,Oberpfalz,91418,55-59,46108,45310
DE231,"Amberg, Kreisfreie Stadt",3330,55-59,1594,1736
DE232,"Regensburg, Kreisfreie Stadt",9652,55-59,4865,4787
DE233,"Weiden i. d. Opf, Kreisfreie Stadt",3477,55-59,1739,1738
DE234,Amberg-Sulzbach,9165,55-59,4633,4532
DE235,Cham,10645,55-59,5399,5246
DE236,Neumarkt i. d. OPf.,11646,55-59,5891,5755
DE237,Neustadt a. d. Waldnaab,8469,55-59,4301,4168
DE238,"Regensburg, Landkreis",16366,55-59,8153,8213
DE239,Schwandorf,12328,55-59,6328,6000
DE23A,Tirschenreuth,6340,55-59,3205,3135
DE24,Oberfranken,89636,55-59,44605,45031
DE241,"Bamberg, Kreisfreie Stadt",5315,55-59,2587,2728
DE242,"Bayreuth, Kreisfreie Stadt",5026,55-59,2457,2569
DE243,"Coburg, Kreisfreie Stadt",3149,55-59,1540,1609
DE244,"Hof, Kreisfreie Stadt",3521,55-59,1734,1787
DE245,"Bamberg, Landkreis",12897,55-59,6449,6448
DE246,"Bayreuth, Landkreis",9191,55-59,4594,4597
DE247,"Coburg, Landkreis",7552,55-59,3772,3780
DE248,Forchheim,10099,55-59,5083,5016
DE249,"Hof, Landkreis",8374,55-59,4180,4194
DE24A,Kronach,5969,55-59,3000,2969
DE24B,Kulmbach,6494,55-59,3288,3206
DE24C,Lichtenfels,5908,55-59,2937,2971
DE24D,Wunsiedel i. Fichtelgebirge,6141,55-59,2984,3157
DE25,Mittelfranken,143003,55-59,71658,71345
DE251,"Ansbach, Kreisfreie Stadt",3100,55-59,1523,1577
DE252,"Erlangen, Kreisfreie Stadt",7895,55-59,3902,3993
DE253,"Fürth, Kreisfreie Stadt",10469,55-59,5233,5236
DE254,"Nürnberg, Kreisfreie Stadt",38281,55-59,19570,18711
DE255,"Schwabach, Kreisfreie Stadt",3625,55-59,1820,1805
DE256,"Ansbach, Landkreis",15599,55-59,7784,7815
DE257,Erlangen-Höchstadt,11370,55-59,5642,5728
DE258,"Fürth, Landkreis",10038,55-59,4865,5173
DE259,Nürnberger Land,14662,55-59,7331,7331
DE25A,Neustadt a. d. Aisch-Bad Windsheim,8797,55-59,4417,4380
DE25B,Roth,11344,55-59,5668,5676
DE25C,Weißenburg-Gunzenhausen,7823,55-59,3903,3920
DE26,Unterfranken,108791,55-59,54233,54558
DE261,"Aschaffenburg, Kreisfreie Stadt",5688,55-59,2764,2924
DE262,"Schweinfurt, Kreisfreie Stadt",3664,55-59,1918,1746
DE263,"Würzburg, Kreisfreie Stadt",8510,55-59,4142,4368
DE264,"Aschaffenburg, Landkreis",15294,55-59,7608,7686
DE265,Bad Kissingen,8805,55-59,4424,4381
DE266,Rhön-Grabfeld,6768,55-59,3391,3377
DE267,Haßberge,7240,55-59,3662,3578
DE268,Kitzingen,7728,55-59,3948,3780
DE269,Miltenberg,11117,55-59,5636,5481
DE26A,Main-Spessart,10947,55-59,5407,5540
DE26B,"Schweinfurt, Landkreis",9790,55-59,4839,4951
DE26C,"Würzburg, Landkreis",13240,55-59,6494,6746
DE27,Schwaben,153972,55-59,77541,76431
DE271,"Augsburg, Kreisfreie Stadt",20544,55-59,10397,10147
DE272,"Kaufbeuren, Kreisfreie Stadt",3519,55-59,1725,1794
DE273,"Kempten (Allgäu), Kreisfreie Stadt",4638,55-59,2315,2323
DE274,"Memmingen, Kreisfreie Stadt",3405,55-59,1725,1680
DE275,Aichach-Friedberg,11743,55-59,5988,5755
DE276,"Augsburg, Landkreis",22089,55-59,10946,11143
DE277,Dillingen a.d. Donau,8131,55-59,4064,4067
DE278,Günzburg,10669,55-59,5459,5210
DE279,Neu-Ulm,13859,55-59,6972,6887
DE27A,Lindau (Bodensee),7242,55-59,3562,3680
DE27B,Ostallgäu,11922,55-59,5957,5965
DE27C,Unterallgäu,11996,55-59,6145,5851
DE27D,Donau-Ries,11044,55-59,5661,5383
DE27E,Oberallgäu,13171,55-59,6625,6546
DE3,Berlin,255555,55-59,128523,127032
DE30,Berlin,255555,55-59,128523,127032
DE300,Berlin,255555,55-59,128523,127032
DE4,Brandenburg,217615,55-59,109347,108268
DE40,Brandenburg,217615,55-59,109347,108268
DE401,"Brandenburg an der Havel, Kreisfreie Stadt",5546,55-59,2799,2747
DE402,"Cottbus, Kreisfreie Stadt",6962,55-59,3297,3665
DE403,"Frankfurt (Oder), Kreisfreie Stadt",4173,55-59,2020,2153
DE404,"Potsdam, Kreisfreie Stadt",12370,55-59,6152,6218
DE405,Barnim,16174,55-59,7974,8200
DE406,Dahme-Spreewald,15077,55-59,7637,7440
DE407,Elbe-Elster,8724,55-59,4425,4299
DE408,Havelland,15744,55-59,8010,7734
DE409,Märkisch-Oderland,17177,55-59,8655,8522
DE40A,Oberhavel,20075,55-59,10024,10051
DE40B,Oberspreewald-Lausitz,9171,55-59,4566,4605
DE40C,Oder-Spree,15349,55-59,7920,7429
DE40D,Ostprignitz-Ruppin,8633,55-59,4394,4239
DE40E,Potsdam-Mittelmark,20343,55-59,10225,10118
DE40F,Prignitz,6624,55-59,3338,3286
DE40G,Spree-Neiße,9950,55-59,4997,4953
DE40H,Teltow-Fläming,15266,55-59,7769,7497
DE40I,Uckermark,10257,55-59,5145,5112
DE5,Bremen,51582,55-59,25947,25635
DE50,Bremen,51582,55-59,25947,25635
DE501,"Bremen, Kreisfreie Stadt",43041,55-59,21671,21370
DE502,"Bremerhaven, Kreisfreie Stadt",8541,55-59,4276,4265
DE6,Hamburg,133878,55-59,67285,66593
DE60,Hamburg,133878,55-59,67285,66593
DE600,Hamburg,133878,55-59,67285,66593
DE7,Hessen,506355,55-59,254027,252328
DE71,Darmstadt,323302,55-59,162734,160568
DE711,"Darmstadt, Kreisfreie Stadt",10898,55-59,5503,5395
DE712,"Frankfurt am Main, Kreisfreie Stadt",52107,55-59,26993,25114
DE713,"Offenbach am Main, Kreisfreie Stadt",9256,55-59,4866,4390
DE714,"Wiesbaden, Kreisfreie Stadt",21903,55-59,10955,10948
DE715,Bergstraße,23933,55-59,11894,12039
DE716,Darmstadt-Dieburg,26219,55-59,13222,12997
DE717,Groß-Gerau,21782,55-59,11297,10485
DE718,Hochtaunuskreis,21032,55-59,10452,10580
DE719,Main-Kinzig-Kreis,34848,55-59,17159,17689
DE71A,Main-Taunus-Kreis,20536,55-59,10391,10145
DE71B,Odenwaldkreis,7982,55-59,3976,4006
DE71C,"Offenbach, Landkreis",28733,55-59,14295,14438
DE71D,Rheingau-Taunus-Kreis,17165,55-59,8402,8763
DE71E,Wetteraukreis,26908,55-59,13329,13579
DE72,Gießen,83489,55-59,41426,42063
DE721,"Gießen, Landkreis",19604,55-59,9735,9869
DE722,Lahn-Dill-Kreis,21599,55-59,10717,10882
DE723,Limburg-Weilburg,15020,55-59,7418,7602
DE724,Marburg-Biedenkopf,18658,55-59,9327,9331
DE725,Vogelsbergkreis,8608,55-59,4229,4379
DE73,Kassel,99564,55-59,49867,49697
DE731,"Kassel, Kreisfreie Stadt",14107,55-59,7050,7057
DE732,Fulda,18174,55-59,9174,9000
DE733,Hersfeld-Rotenburg,9866,55-59,4964,4902
DE734,"Kassel, Landkreis",20168,55-59,9955,10213
DE735,Schwalm-Eder-Kreis,15392,55-59,7739,7653
DE736,Waldeck-Frankenberg,13479,55-59,6809,6670
DE737,Werra-Meißner-Kreis,8378,55-59,4176,4202
DE8,Mecklenburg-Vorpommern,129223,55-59,64406,64817
DE80,Mecklenburg-Vorpommern,129223,55-59,64406,64817
DE803,"Rostock, Kreisfreie Stadt",13771,55-59,6898,6873
DE804,"Schwerin, Kreisfreie Stadt",6946,55-59,3346,3600
DE80J,Mecklenburgische Seenplatte,20888,55-59,10219,10669
DE80K,Landkreis Rostock,19006,55-59,9619,9387
DE80L,Vorpommern-Rügen,18758,55-59,9267,9491
DE80M,Nordwestmecklenburg,13430,55-59,6795,6635
DE80N,Vorpommern-Greifswald,18069,55-59,8964,9105
DE80O,Ludwigslust-Parchim,18355,55-59,9298,9057
DE9,Niedersachsen,671298,55-59,334934,336364
DE91,Braunschweig,130972,55-59,65681,65291
DE911,"Braunschweig, Kreisfreie Stadt",18927,55-59,9654,9273
DE912,"Salzgitter, Kreisfreie Stadt",8101,55-59,4085,4016
DE913,"Wolfsburg, Kreisfreie Stadt",9306,55-59,4671,4635
DE914,Gifhorn,15536,55-59,7707,7829
DE916,Goslar,11248,55-59,5638,5610
DE917,Helmstedt,7925,55-59,3954,3971
DE918,Northeim,11109,55-59,5481,5628
DE91A,Peine,11960,55-59,6116,5844
DE91B,Wolfenbüttel,10913,55-59,5516,5397
DE91C,Göttingen,25947,55-59,12859,13088
DE92,Hannover,176944,55-59,88476,88468
DE922,Diepholz,19858,55-59,9844,10014
DE923,Hameln-Pyrmont,13065,55-59,6337,6728
DE925,Hildesheim,23040,55-59,11519,11521
DE926,Holzminden,5670,55-59,2781,2889
DE927,Nienburg (Weser),10690,55-59,5383,5307
DE928,Schaumburg,14204,55-59,7172,7032
DE929,Region Hannover,90417,55-59,45440,44977
DE93,Lüneburg,150120,55-59,74365,75755
DE931,Celle,14394,55-59,7155,7239
DE932,Cuxhaven,17593,55-59,8574,9019
DE933,Harburg,24059,55-59,11984,12075
DE934,Lüchow-Dannenberg,4160,55-59,2044,2116
DE935,"Lüneburg, Landkreis",15544,55-59,7647,7897
DE936,Osterholz,10571,55-59,5285,5286
DE937,Rotenburg (Wümme),14457,55-59,7262,7195
DE938,Heidekreis,12250,55-59,6058,6192
DE939,Stade,17331,55-59,8601,8730
DE93A,Uelzen,8105,55-59,3958,4147
DE93B,Verden,11656,55-59,5797,5859
DE94,Weser-Ems,213262,55-59,106412,106850
DE941,"Delmenhorst, Kreisfreie Stadt",6489,55-59,3244,3245
DE942,"Emden, Kreisfreie Stadt",3924,55-59,1997,1927
DE943,"Oldenburg (Oldenburg), Kreisfreie Stadt",13501,55-59,6531,6970
DE944,"Osnabrück, Kreisfreie Stadt",11822,55-59,5948,5874
DE945,"Wilhelmshaven, Kreisfreie Stadt",6109,55-59,2995,3114
DE946,Ammerland,10938,55-59,5363,5575
DE947,Aurich,16661,55-59,8134,8527
DE948,Cloppenburg,13790,55-59,6986,6804
DE949,Emsland,27082,55-59,13839,13243
DE94A,Friesland (DE),9283,55-59,4449,4834
DE94B,Grafschaft Bentheim,12382,55-59,6222,6160
DE94C,Leer,14373,55-59,7081,7292
DE94D,"Oldenburg, Landkreis",12196,55-59,6163,6033
DE94E,"Osnabrück, Landkreis",30244,55-59,15120,15124
DE94F,Vechta,11630,55-59,6002,5628
DE94G,Wesermarsch,8049,55-59,4029,4020
DE94H,Wittmund,4789,55-59,2309,2480
DEA,Nordrhein-Westfalen,1484353,55-59,741782,742571
DEA1,Düsseldorf,431857,55-59,215617,216240
DEA11,"Düsseldorf, Kreisfreie Stadt",46323,55-59,23685,22638
DEA12,"Duisburg, Kreisfreie Stadt",38840,55-59,19926,18914
DEA13,"Essen, Kreisfreie Stadt",43624,55-59,21597,22027
DEA14,"Krefeld, Kreisfreie Stadt",19324,55-59,9675,9649
DEA15,"Mönchengladbach, Kreisfreie Stadt",21277,55-59,10808,10469
DEA16,"Mülheim an der Ruhr, Kreisfreie Stadt",14493,55-59,7110,7383
DEA17,"Oberhausen, Kreisfreie Stadt",17328,55-59,8570,8758
DEA18,"Remscheid, Kreisfreie Stadt",9662,55-59,5008,4654
DEA19,"Solingen, Kreisfreie Stadt",14454,55-59,7188,7266
DEA1A,"Wuppertal, Kreisfreie Stadt",28383,55-59,14327,14056
DEA1B,Kleve,27871,55-59,13898,13973
DEA1C,Mettmann,42845,55-59,21339,21506
DEA1D,Rhein-Kreis Neuss,39431,55-59,19543,19888
DEA1E,Viersen,27865,55-59,13450,14415
DEA1F,Wesel,40137,55-59,19493,20644
DEA2,Köln,365598,55-59,182438,183160
DEA22,"Bonn, Kreisfreie Stadt",23422,55-59,11552,11870
DEA23,"Köln, Kreisfreie Stadt",77148,55-59,39219,37929
DEA24,"Leverkusen, Kreisfreie Stadt",14028,55-59,6967,7061
DEA26,Düren,23405,55-59,11603,11802
DEA27,Rhein-Erft-Kreis,40413,55-59,20135,20278
DEA28,Euskirchen,17809,55-59,8820,8989
DEA29,Heinsberg,22751,55-59,11412,11339
DEA2A,Oberbergischer Kreis,23670,55-59,11833,11837
DEA2B,Rheinisch-Bergischer Kreis,26212,55-59,12764,13448
DEA2C,Rhein-Sieg-Kreis,52571,55-59,26007,26564
DEA2D,Städteregion Aachen,44169,55-59,22126,22043
DEA3,Münster,221210,55-59,110518,110692
DEA31,"Bottrop, Kreisfreie Stadt",9990,55-59,4893,5097
DEA32,"Gelsenkirchen, Kreisfreie Stadt",19977,55-59,10212,9765
DEA33,"Münster, Kreisfreie Stadt",21301,55-59,10369,10932
DEA34,Borken,33364,55-59,16840,16524
DEA35,Coesfeld,20156,55-59,9851,10305
DEA36,Recklinghausen,52271,55-59,25829,26442
DEA37,Steinfurt,39693,55-59,20108,19585
DEA38,Warendorf,24458,55-59,12416,12042
DEA4,Detmold,168762,55-59,84358,84404
DEA41,"Bielefeld, Kreisfreie Stadt",24205,55-59,12217,11988
DEA42,Gütersloh,31109,55-59,15535,15574
DEA43,Herford,21575,55-59,10636,10939
DEA44,Höxter,12200,55-59,6211,5989
DEA45,Lippe,28723,55-59,14166,14557
DEA46,Minden-Lübbecke,26653,55-59,13288,13365
DEA47,Paderborn,24297,55-59,12305,11992
DEA5,Arnsberg,296926,55-59,148851,148075
DEA51,"Bochum, Kreisfreie Stadt",27468,55-59,13785,13683
DEA52,"Dortmund, Kreisfreie Stadt",45813,55-59,23378,22435
DEA53,"Hagen, Kreisfreie Stadt",15220,55-59,7707,7513
DEA54,"Hamm, Kreisfreie Stadt",13764,55-59,6847,6917
DEA55,"Herne, Kreisfreie Stadt",12148,55-59,6137,6011
DEA56,Ennepe-Ruhr-Kreis,28378,55-59,13872,14506
DEA57,Hochsauerlandkreis,23177,55-59,11637,11540
DEA58,Märkischer Kreis,36633,55-59,18474,18159
DEA59,Olpe,11978,55-59,6138,5840
DEA5A,Siegen-Wittgenstein,22326,55-59,11189,11137
DEA5B,Soest,26189,55-59,13183,13006
DEA5C,Unna,33832,55-59,16504,17328
DEB,Rheinland-Pfalz,341812,55-59,170911,170901
DEB1,Koblenz,129631,55-59,64487,65144
DEB11,"Koblenz, Kreisfreie Stadt",8059,55-59,3986,4073
DEB12,Ahrweiler,11414,55-59,5672,5742
DEB13,Altenkirchen (Westerwald),11257,55-59,5652,5605
DEB14,Bad Kreuznach,13936,55-59,6847,7089
DEB15,Birkenfeld,6776,55-59,3275,3501
DEB17,Mayen-Koblenz,18429,55-59,9141,9288
DEB18,Neuwied,16142,55-59,8115,8027
DEB1A,Rhein-Lahn-Kreis,10784,55-59,5405,5379
DEB1B,Westerwaldkreis,18166,55-59,9123,9043
DEB1C,Cochem-Zell,5548,55-59,2812,2736
DEB1D,Rhein-Hunsrück-Kreis,9120,55-59,4459,4661
DEB2,Trier,43846,55-59,21864,21982
DEB21,"Trier, Kreisfreie Stadt",7288,55-59,3613,3675
DEB22,Bernkastel-Wittlich,9699,55-59,4916,4783
DEB23,Eifelkreis Bitburg-Prüm,8586,55-59,4234,4352
DEB24,Vulkaneifel,5262,55-59,2587,2675
DEB25,Trier-Saarburg,13011,55-59,6514,6497
DEB3,Rheinhessen-Pfalz,168335,55-59,84560,83775
DEB31,"Frankenthal (Pfalz), Kreisfreie Stadt",3670,55-59,1855,1815
DEB32,"Kaiserslautern, Kreisfreie Stadt",7105,55-59,3597,3508
DEB33,"Landau in der Pfalz, Kreisfreie Stadt",3622,55-59,1765,1857
DEB34,"Ludwigshafen am Rhein, Kreisfreie Stadt",12992,55-59,6864,6128
DEB35,"Mainz, Kreisfreie Stadt",14501,55-59,7543,6958
DEB36,"Neustadt an der Weinstraße, Kreisfreie Stadt",4393,55-59,2140,2253
DEB37,"Pirmasens, Kreisfreie Stadt",3167,55-59,1600,1567
DEB38,"Speyer, Kreisfreie Stadt",4217,55-59,2045,2172
DEB39,"Worms, Kreisfreie Stadt",6508,55-59,3371,3137
DEB3A,"Zweibrücken, Kreisfreie Stadt",2550,55-59,1349,1201
DEB3B,Alzey-Worms,11276,55-59,5540,5736
DEB3C,Bad Dürkheim,12225,55-59,6159,6066
DEB3D,Donnersbergkreis,6537,55-59,3225,3312
DEB3E,Germersheim,10963,55-59,5548,5415
DEB3F,"Kaiserslautern, Landkreis",8657,55-59,4313,4344
DEB3G,Kusel,5917,55-59,3005,2912
DEB3H,Südliche Weinstraße,10278,55-59,5009,5269
DEB3I,Rhein-Pfalz-Kreis,13251,55-59,6492,6759
DEB3J,Mainz-Bingen,18255,55-59,9055,9200
DEB3K,Südwestpfalz,8251,55-59,4085,4166
DEC,Saarland,84504,55-59,41692,42812
DEC0,Saarland,84504,55-59,41692,42812
DEC01,Regionalverband Saarbrücken,26039,55-59,12795,13244
DEC02,Merzig-Wadern,9496,55-59,4791,4705
DEC03,Neunkirchen,11442,55-59,5670,5772
DEC04,Saarlouis,17341,55-59,8501,8840
DEC05,Saarpfalz-Kreis,12434,55-59,6083,6351
DEC06,St. Wendel,7752,55-59,3852,3900
DED,Sachsen,297680,55-59,150825,146855
DED2,Dresden,116877,55-59,59355,57522
DED21,"Dresden, Kreisfreie Stadt",34528,55-59,17617,16911
DED2C,Bautzen,23666,55-59,11805,11861
DED2D,Görlitz,19773,55-59,9912,9861
DED2E,Meißen,19684,55-59,10155,9529
DED2F,Sächsische Schweiz-Osterzgebirge,19226,55-59,9866,9360
DED4,Chemnitz,107095,55-59,53885,53210
DED41,"Chemnitz, Kreisfreie Stadt",16184,55-59,8085,8099
DED42,Erzgebirgskreis,24305,55-59,12183,12122
DED43,Mittelsachsen,23856,55-59,12176,11680
DED44,Vogtlandkreis,17843,55-59,8966,8877
DED45,Zwickau,24907,55-59,12475,12432
DED5,Leipzig,73708,55-59,37585,36123
DED51,"Leipzig, Kreisfreie Stadt",35286,55-59,18064,17222
DED52,Leipzig,21779,55-59,11140,10639
DED53,Nordsachsen,16643,55-59,8381,8262
DEE,Sachsen-Anhalt,175247,55-59,87865,87382
DEE0,Sachsen-Anhalt,175247,55-59,87865,87382
DEE01,"Dessau-Roßlau, Kreisfreie Stadt",6170,55-59,3015,3155
DEE02,"Halle (Saale), Kreisfreie Stadt",14838,55-59,7426,7412
DEE03,"Magdeburg, Kreisfreie Stadt",16080,55-59,7918,8162
DEE04,Altmarkkreis Salzwedel,7329,55-59,3613,3716
DEE05,Anhalt-Bitterfeld,13081,55-59,6545,6536
DEE06,Jerichower Land,7669,55-59,3891,3778
DEE07,Börde,14578,55-59,7347,7231
DEE08,Burgenlandkreis,14917,55-59,7536,7381
DEE09,Harz,17721,55-59,8917,8804
DEE0A,Mansfeld-Südharz,11189,55-59,5669,5520
DEE0B,Saalekreis,15541,55-59,7841,7700
DEE0C,Salzlandkreis,15853,55-59,7939,7914
DEE0D,Stendal,9523,55-59,4750,4773
DEE0E,Wittenberg,10758,55-59,5458,5300
DEF,Schleswig-Holstein,258499,55-59,127583,130916
DEF0,Schleswig-Holstein,258499,55-59,127583,130916
DEF01,"Flensburg, Kreisfreie Stadt",6972,55-59,3488,3484
DEF02,"Kiel, Kreisfreie Stadt",17970,55-59,8948,9022
DEF03,"Lübeck, Kreisfreie Stadt",17503,55-59,8666,8837
DEF04,"Neumünster, Kreisfreie Stadt",6558,55-59,3319,3239
DEF05,Dithmarschen,11771,55-59,5824,5947
DEF06,Herzogtum Lauenburg,18289,55-59,9196,9093
DEF07,Nordfriesland,15336,55-59,7383,7953
DEF08,Ostholstein,18845,55-59,9099,9746
DEF09,Pinneberg,28715,55-59,14176,14539
DEF0A,Plön,12185,55-59,5973,6212
DEF0B,Rendsburg-Eckernförde,25681,55-59,12543,13138
DEF0C,Schleswig-Flensburg,18653,55-59,9181,9472
DEF0D,Segeberg,25214,55-59,12608,12606
DEF0E,Steinburg,12501,55-59,6187,6314
DEF0F,Stormarn,22306,55-59,10992,11314
DEG,Thüringen,165948,55-59,83336,82612
DEG0,Thüringen,165948,55-59,83336,82612
DEG01,"Erfurt, Kreisfreie Stadt",15227,55-59,7493,7734
DEG02,"Gera, Kreisfreie Stadt",7065,55-59,3485,3580
DEG03,"Jena, Kreisfreie Stadt",6491,55-59,3288,3203
DEG04,"Suhl, Kreisfreie Stadt (NUTS 2021)",:,55-59,:,:
DEG05,"Weimar, Kreisfreie Stadt",4540,55-59,2218,2322
DEG06,Eichsfeld,8028,55-59,4175,3853
DEG07,Nordhausen,6600,55-59,3272,3328
DEG09,Unstrut-Hainich-Kreis,7722,55-59,3833,3889
DEG0A,Kyffhäuserkreis,6128,55-59,3111,3017
DEG0B,Schmalkalden-Meiningen (NUTS 2021),:,55-59,:,:
DEG0C,Gotha,11020,55-59,5620,5400
DEG0D,Sömmerda,5546,55-59,2833,2713
DEG0E,Hildburghausen,5054,55-59,2562,2492
DEG0F,Ilm-Kreis (NUTS 2021),:,55-59,:,:
DEG0G,Weimarer Land,6759,55-59,3316,3443
DEG0H,Sonneberg (NUTS 2021),:,55-59,:,:
DEG0I,Saalfeld-Rudolstadt (NUTS 2021),:,55-59,:,:
DEG0J,Saale-Holzland-Kreis,6935,55-59,3503,3432
DEG0K,Saale-Orla-Kreis,6531,55-59,3285,3246
DEG0L,Greiz,8149,55-59,4145,4004
DEG0M,Altenburger Land,7451,55-59,3712,3739
DEG0N,"Eisenach, Kreisfreie Stadt (NUTS 2021)",:,55-59,:,:
DEG0P,Wartburgkreis (NUTS 2021),:,55-59,:,:
DEG0Q,Schmalkalden-Meiningen,9852,55-59,4871,4981
DEG0R,Wartburgkreis,12533,55-59,6323,6210
DEG0S,"Suhl, Kreisfreie Stadt",2879,55-59,1427,1452
DEG0T,Ilm-Kreis,8488,55-59,4277,4211
DEG0U,Saalfeld-Rudolstadt,8349,55-59,4259,4090
DEG0V,Sonneberg,4601,55-59,2328,2273
DE,Germany,6345372,60-64,3124535,3220837
DE1,Baden-Württemberg,825319,60-64,408922,416397
DE11,Stuttgart,298804,60-64,149249,149555
DE111,"Stuttgart, Stadtkreis",36411,60-64,18298,18113
DE112,Böblingen,27834,60-64,13985,13849
DE113,Esslingen,38682,60-64,19360,19322
DE114,Göppingen,19709,60-64,9922,9787
DE115,Ludwigsburg,38139,60-64,19090,19049
DE116,Rems-Murr-Kreis,33627,60-64,16858,16769
DE117,"Heilbronn, Stadtkreis",8133,60-64,4091,4042
DE118,"Heilbronn, Landkreis",26562,60-64,13166,13396
DE119,Hohenlohekreis,9012,60-64,4498,4514
DE11A,Schwäbisch Hall,15244,60-64,7632,7612
DE11B,Main-Tauber-Kreis,10862,60-64,5319,5543
DE11C,Heidenheim,10372,60-64,5054,5318
DE11D,Ostalbkreis,24217,60-64,11976,12241
DE12,Karlsruhe,211000,60-64,104207,106793
DE121,"Baden-Baden, Stadtkreis",4482,60-64,2307,2175
DE122,"Karlsruhe, Stadtkreis",19958,60-64,9775,10183
DE123,"Karlsruhe, Landkreis",35924,60-64,17822,18102
DE124,Rastatt,18828,60-64,9374,9454
DE125,"Heidelberg, Stadtkreis",8234,60-64,3942,4292
DE126,"Mannheim, Stadtkreis",20119,60-64,10093,10026
DE127,Neckar-Odenwald-Kreis,12306,60-64,6101,6205
DE128,Rhein-Neckar-Kreis,43340,60-64,21093,22247
DE129,"Pforzheim, Stadtkreis",8875,60-64,4349,4526
DE12A,Calw,13002,60-64,6449,6553
DE12B,Enzkreis,16057,60-64,7965,8092
DE12C,Freudenstadt,9875,60-64,4937,4938
DE13,Freiburg,174554,60-64,85659,88895
DE131,"Freiburg im Breisgau, Stadtkreis",14045,60-64,6585,7460
DE132,Breisgau-Hochschwarzwald,20914,60-64,10200,10714
DE133,Emmendingen,13304,60-64,6436,6868
DE134,Ortenaukreis,34594,60-64,17390,17204
DE135,Rottweil,11149,60-64,5515,5634
DE136,Schwarzwald-Baar-Kreis,16358,60-64,8146,8212
DE137,Tuttlingen,10610,60-64,5236,5374
DE138,Konstanz,21614,60-64,10473,11141
DE139,Lörrach,18587,60-64,9096,9491
DE13A,Waldshut,13379,60-64,6582,6797
DE14,Tübingen,140961,60-64,69807,71154
DE141,Reutlingen,22134,60-64,11093,11041
DE142,"Tübingen, Landkreis",16074,60-64,7874,8200
DE143,Zollernalbkreis,15688,60-64,7822,7866
DE144,"Ulm, Stadtkreis",7675,60-64,3717,3958
DE145,Alb-Donau-Kreis,15037,60-64,7589,7448
DE146,Biberach,15236,60-64,7577,7659
DE147,Bodenseekreis,16968,60-64,8228,8740
DE148,Ravensburg,21334,60-64,10485,10849
DE149,Sigmaringen,10815,60-64,5422,5393
DE2,Bayern,976612,60-64,481384,495228
DE21,Oberbayern,319501,60-64,156885,162616
DE211,"Ingolstadt, Kreisfreie Stadt",8711,60-64,4318,4393
DE212,"München, Kreisfreie Stadt",82369,60-64,39612,42757
DE213,"Rosenheim, Kreisfreie Stadt",4118,60-64,1979,2139
DE214,Altötting,8871,60-64,4440,4431
DE215,Berchtesgadener Land,7885,60-64,3794,4091
DE216,Bad Tölz-Wolfratshausen,9774,60-64,4799,4975
DE217,Dachau,10858,60-64,5491,5367
DE218,Ebersberg,10091,60-64,5027,5064
DE219,Eichstätt,9972,60-64,4984,4988
DE21A,Erding,10402,60-64,5382,5020
DE21B,Freising,12650,60-64,6379,6271
DE21C,Fürstenfeldbruck,15134,60-64,7411,7723
DE21D,Garmisch-Partenkirchen,7111,60-64,3444,3667
DE21E,Landsberg am Lech,9693,60-64,4742,4951
DE21F,Miesbach,7528,60-64,3737,3791
DE21G,Mühldorf a. Inn,9278,60-64,4647,4631
DE21H,"München, Landkreis",22852,60-64,11329,11523
DE21I,Neuburg-Schrobenhausen,7615,60-64,3824,3791
DE21J,Pfaffenhofen a. d. Ilm,9727,60-64,4884,4843
DE21K,"Rosenheim, Landkreis",19957,60-64,9647,10310
DE21L,Starnberg,10331,60-64,5009,5322
DE21M,Traunstein,13834,60-64,6771,7063
DE21N,Weilheim-Schongau,10740,60-64,5235,5505
DE22,Niederbayern,99595,60-64,49235,50360
DE221,"Landshut, Kreisfreie Stadt",4516,60-64,2189,2327
DE222,"Passau, Kreisfreie Stadt",3515,60-64,1696,1819
DE223,"Straubing, Kreisfreie Stadt",3553,60-64,1756,1797
DE224,Deggendorf,9789,60-64,4859,4930
DE225,Freyung-Grafenau,7035,60-64,3410,3625
DE226,Kelheim,9501,60-64,4874,4627
DE227,"Landshut, Landkreis",12539,60-64,6275,6264
DE228,"Passau, Landkreis",16288,60-64,7914,8374
DE229,Regen,6662,60-64,3268,3394
DE22A,Rottal-Inn,9847,60-64,4799,5048
DE22B,Straubing-Bogen,8311,60-64,4127,4184
DE22C,Dingolfing-Landau,8039,60-64,4068,3971
DE23,Oberpfalz,87954,60-64,43732,44222
DE231,"Amberg, Kreisfreie Stadt",3248,60-64,1548,1700
DE232,"Regensburg, Kreisfreie Stadt",8754,60-64,4169,4585
DE233,"Weiden i. d. Opf, Kreisfreie Stadt",3253,60-64,1578,1675
DE234,Amberg-Sulzbach,9049,60-64,4517,4532
DE235,Cham,10706,60-64,5333,5373
DE236,Neumarkt i. d. OPf.,11021,60-64,5540,5481
DE237,Neustadt a. d. Waldnaab,8169,60-64,4124,4045
DE238,"Regensburg, Landkreis",15348,60-64,7638,7710
DE239,Schwandorf,12047,60-64,6009,6038
DE23A,Tirschenreuth,6359,60-64,3276,3083
DE24,Oberfranken,88093,60-64,43581,44512
DE241,"Bamberg, Kreisfreie Stadt",5012,60-64,2463,2549
DE242,"Bayreuth, Kreisfreie Stadt",4937,60-64,2344,2593
DE243,"Coburg, Kreisfreie Stadt",3103,60-64,1426,1677
DE244,"Hof, Kreisfreie Stadt",3379,60-64,1635,1744
DE245,"Bamberg, Landkreis",12581,60-64,6242,6339
DE246,"Bayreuth, Landkreis",8982,60-64,4513,4469
DE247,"Coburg, Landkreis",7388,60-64,3684,3704
DE248,Forchheim,9972,60-64,4954,5018
DE249,"Hof, Landkreis",8305,60-64,4143,4162
DE24A,Kronach,5967,60-64,2966,3001
DE24B,Kulmbach,6287,60-64,3151,3136
DE24C,Lichtenfels,5830,60-64,2900,2930
DE24D,Wunsiedel i. Fichtelgebirge,6350,60-64,3160,3190
DE25,Mittelfranken,132241,60-64,65260,66981
DE251,"Ansbach, Kreisfreie Stadt",3006,60-64,1404,1602
DE252,"Erlangen, Kreisfreie Stadt",7198,60-64,3567,3631
DE253,"Fürth, Kreisfreie Stadt",9497,60-64,4576,4921
DE254,"Nürnberg, Kreisfreie Stadt",33790,60-64,16567,17223
DE255,"Schwabach, Kreisfreie Stadt",3039,60-64,1520,1519
DE256,"Ansbach, Landkreis",15150,60-64,7621,7529
DE257,Erlangen-Höchstadt,10870,60-64,5377,5493
DE258,"Fürth, Landkreis",9376,60-64,4492,4884
DE259,Nürnberger Land,13665,60-64,6682,6983
DE25A,Neustadt a. d. Aisch-Bad Windsheim,8345,60-64,4253,4092
DE25B,Roth,10422,60-64,5230,5192
DE25C,Weißenburg-Gunzenhausen,7883,60-64,3971,3912
DE26,Unterfranken,106934,60-64,52541,54393
DE261,"Aschaffenburg, Kreisfreie Stadt",5299,60-64,2551,2748
DE262,"Schweinfurt, Kreisfreie Stadt",3770,60-64,1870,1900
DE263,"Würzburg, Kreisfreie Stadt",8058,60-64,3825,4233
DE264,"Aschaffenburg, Landkreis",14706,60-64,7169,7537
DE265,Bad Kissingen,8925,60-64,4405,4520
DE266,Rhön-Grabfeld,6845,60-64,3436,3409
DE267,Haßberge,7326,60-64,3639,3687
DE268,Kitzingen,7443,60-64,3668,3775
DE269,Miltenberg,10585,60-64,5230,5355
DE26A,Main-Spessart,11070,60-64,5491,5579
DE26B,"Schweinfurt, Landkreis",9705,60-64,4847,4858
DE26C,"Würzburg, Landkreis",13202,60-64,6410,6792
DE27,Schwaben,142294,60-64,70150,72144
DE271,"Augsburg, Kreisfreie Stadt",18713,60-64,9079,9634
DE272,"Kaufbeuren, Kreisfreie Stadt",3444,60-64,1632,1812
DE273,"Kempten (Allgäu), Kreisfreie Stadt",4341,60-64,2038,2303
DE274,"Memmingen, Kreisfreie Stadt",3121,60-64,1555,1566
DE275,Aichach-Friedberg,10526,60-64,5270,5256
DE276,"Augsburg, Landkreis",19939,60-64,9976,9963
DE277,Dillingen a.d. Donau,7710,60-64,3822,3888
DE278,Günzburg,10021,60-64,4990,5031
DE279,Neu-Ulm,13064,60-64,6472,6592
DE27A,Lindau (Bodensee),6488,60-64,3144,3344
DE27B,Ostallgäu,11031,60-64,5341,5690
DE27C,Unterallgäu,11115,60-64,5522,5593
DE27D,Donau-Ries,10469,60-64,5251,5218
DE27E,Oberallgäu,12312,60-64,6058,6254
DE3,Berlin,236368,60-64,116937,119431
DE30,Berlin,236368,60-64,116937,119431
DE300,Berlin,236368,60-64,116937,119431
DE4,Brandenburg,230913,60-64,114346,116567
DE40,Brandenburg,230913,60-64,114346,116567
DE401,"Brandenburg an der Havel, Kreisfreie Stadt",6138,60-64,3013,3125
DE402,"Cottbus, Kreisfreie Stadt",7893,60-64,3651,4242
DE403,"Frankfurt (Oder), Kreisfreie Stadt",4952,60-64,2315,2637
DE404,"Potsdam, Kreisfreie Stadt",12161,60-64,5892,6269
DE405,Barnim,17426,60-64,8525,8901
DE406,Dahme-Spreewald,15435,60-64,7755,7680
DE407,Elbe-Elster,9770,60-64,4813,4957
DE408,Havelland,15042,60-64,7617,7425
DE409,Märkisch-Oderland,19298,60-64,9613,9685
DE40A,Oberhavel,19574,60-64,9877,9697
DE40B,Oberspreewald-Lausitz,10239,60-64,5007,5232
DE40C,Oder-Spree,16720,60-64,8258,8462
DE40D,Ostprignitz-Ruppin,9642,60-64,4814,4828
DE40E,Potsdam-Mittelmark,20164,60-64,10119,10045
DE40F,Prignitz,7687,60-64,3801,3886
DE40G,Spree-Neiße,11615,60-64,5696,5919
DE40H,Teltow-Fläming,15191,60-64,7672,7519
DE40I,Uckermark,11966,60-64,5908,6058
DE5,Bremen,46626,60-64,22439,24187
DE50,Bremen,46626,60-64,22439,24187
DE501,"Bremen, Kreisfreie Stadt",38235,60-64,18434,19801
DE502,"Bremerhaven, Kreisfreie Stadt",8391,60-64,4005,4386
DE6,Hamburg,112198,60-64,54699,57499
DE60,Hamburg,112198,60-64,54699,57499
DE600,Hamburg,112198,60-64,54699,57499
DE7,Hessen,460159,60-64,226983,233176
DE71,Darmstadt,283424,60-64,140062,143362
DE711,"Darmstadt, Kreisfreie Stadt",9631,60-64,4678,4953
DE712,"Frankfurt am Main, Kreisfreie Stadt",42529,60-64,21389,21140
DE713,"Offenbach am Main, Kreisfreie Stadt",7984,60-64,4126,3858
DE714,"Wiesbaden, Kreisfreie Stadt",19129,60-64,9236,9893
DE715,Bergstraße,22333,60-64,11108,11225
DE716,Darmstadt-Dieburg,23529,60-64,11632,11897
DE717,Groß-Gerau,18689,60-64,9431,9258
DE718,Hochtaunuskreis,17991,60-64,8776,9215
DE719,Main-Kinzig-Kreis,31989,60-64,15719,16270
DE71A,Main-Taunus-Kreis,17181,60-64,8504,8677
DE71B,Odenwaldkreis,8004,60-64,3897,4107
DE71C,"Offenbach, Landkreis",25535,60-64,12474,13061
DE71D,Rheingau-Taunus-Kreis,14989,60-64,7307,7682
DE71E,Wetteraukreis,23911,60-64,11785,12126
DE72,Gießen,81136,60-64,39911,41225
DE721,"Gießen, Landkreis",19171,60-64,9432,9739
DE722,Lahn-Dill-Kreis,20340,60-64,9967,10373
DE723,Limburg-Weilburg,14186,60-64,7059,7127
DE724,Marburg-Biedenkopf,18316,60-64,9028,9288
DE725,Vogelsbergkreis,9123,60-64,4425,4698
DE73,Kassel,95599,60-64,47010,48589
DE731,"Kassel, Kreisfreie Stadt",13009,60-64,6286,6723
DE732,Fulda,17060,60-64,8387,8673
DE733,Hersfeld-Rotenburg,9640,60-64,4768,4872
DE734,"Kassel, Landkreis",18910,60-64,9136,9774
DE735,Schwalm-Eder-Kreis,15119,60-64,7592,7527
DE736,Waldeck-Frankenberg,13273,60-64,6632,6641
DE737,Werra-Meißner-Kreis,8588,60-64,4209,4379
DE8,Mecklenburg-Vorpommern,146287,60-64,71711,74576
DE80,Mecklenburg-Vorpommern,146287,60-64,71711,74576
DE803,"Rostock, Kreisfreie Stadt",14665,60-64,7102,7563
DE804,"Schwerin, Kreisfreie Stadt",7445,60-64,3385,4060
DE80J,Mecklenburgische Seenplatte,24751,60-64,12018,12733
DE80K,Landkreis Rostock,21219,60-64,10575,10644
DE80L,Vorpommern-Rügen,21524,60-64,10511,11013
DE80M,Nordwestmecklenburg,14280,60-64,7013,7267
DE80N,Vorpommern-Greifswald,21699,60-64,10755,10944
DE80O,Ludwigslust-Parchim,20704,60-64,10352,10352
DE9,Niedersachsen,619794,60-64,304854,314940
DE91,Braunschweig,123898,60-64,61147,62751
DE911,"Braunschweig, Kreisfreie Stadt",16808,60-64,8215,8593
DE912,"Salzgitter, Kreisfreie Stadt",7732,60-64,3844,3888
DE913,"Wolfsburg, Kreisfreie Stadt",9123,60-64,4478,4645
DE914,Gifhorn,14766,60-64,7385,7381
DE916,Goslar,10697,60-64,5301,5396
DE917,Helmstedt,7621,60-64,3774,3847
DE918,Northeim,11180,60-64,5469,5711
DE91A,Peine,10622,60-64,5287,5335
DE91B,Wolfenbüttel,9765,60-64,4829,4936
DE91C,Göttingen,25584,60-64,12565,13019
DE92,Hannover,161781,60-64,79859,81922
DE922,Diepholz,17877,60-64,8958,8919
DE923,Hameln-Pyrmont,12496,60-64,6033,6463
DE925,Hildesheim,21346,60-64,10528,10818
DE926,Holzminden,5624,60-64,2788,2836
DE927,Nienburg (Weser),10315,60-64,5211,5104
DE928,Schaumburg,13030,60-64,6388,6642
DE929,Region Hannover,81093,60-64,39953,41140
DE93,Lüneburg,137865,60-64,67495,70370
DE931,Celle,13381,60-64,6538,6843
DE932,Cuxhaven,16624,60-64,7969,8655
DE933,Harburg,20837,60-64,10332,10505
DE934,Lüchow-Dannenberg,4271,60-64,2011,2260
DE935,"Lüneburg, Landkreis",13689,60-64,6687,7002
DE936,Osterholz,9499,60-64,4731,4768
DE937,Rotenburg (Wümme),13410,60-64,6641,6769
DE938,Heidekreis,11637,60-64,5774,5863
DE939,Stade,15808,60-64,7762,8046
DE93A,Uelzen,7978,60-64,3944,4034
DE93B,Verden,10731,60-64,5106,5625
DE94,Weser-Ems,196250,60-64,96353,99897
DE941,"Delmenhorst, Kreisfreie Stadt",5957,60-64,2955,3002
DE942,"Emden, Kreisfreie Stadt",3449,60-64,1681,1768
DE943,"Oldenburg (Oldenburg), Kreisfreie Stadt",12093,60-64,5675,6418
DE944,"Osnabrück, Kreisfreie Stadt",10442,60-64,5165,5277
DE945,"Wilhelmshaven, Kreisfreie Stadt",5795,60-64,2790,3005
DE946,Ammerland,10012,60-64,4821,5191
DE947,Aurich,15669,60-64,7535,8134
DE948,Cloppenburg,12673,60-64,6330,6343
DE949,Emsland,24990,60-64,12573,12417
DE94A,Friesland (DE),8475,60-64,4029,4446
DE94B,Grafschaft Bentheim,11105,60-64,5611,5494
DE94C,Leer,13092,60-64,6267,6825
DE94D,"Oldenburg, Landkreis",10739,60-64,5234,5505
DE94E,"Osnabrück, Landkreis",28850,60-64,14292,14558
DE94F,Vechta,10506,60-64,5363,5143
DE94G,Wesermarsch,7576,60-64,3785,3791
DE94H,Wittmund,4827,60-64,2247,2580
DEA,Nordrhein-Westfalen,1363939,60-64,670349,693590
DEA1,Düsseldorf,394749,60-64,193734,201015
DEA11,"Düsseldorf, Kreisfreie Stadt",39504,60-64,19554,19950
DEA12,"Duisburg, Kreisfreie Stadt",35703,60-64,17745,17958
DEA13,"Essen, Kreisfreie Stadt",40430,60-64,19494,20936
DEA14,"Krefeld, Kreisfreie Stadt",17402,60-64,8604,8798
DEA15,"Mönchengladbach, Kreisfreie Stadt",20098,60-64,9769,10329
DEA16,"Mülheim an der Ruhr, Kreisfreie Stadt",13144,60-64,6421,6723
DEA17,"Oberhausen, Kreisfreie Stadt",16600,60-64,8112,8488
DEA18,"Remscheid, Kreisfreie Stadt",8894,60-64,4526,4368
DEA19,"Solingen, Kreisfreie Stadt",13149,60-64,6505,6644
DEA1A,"Wuppertal, Kreisfreie Stadt",25979,60-64,12985,12994
DEA1B,Kleve,25094,60-64,12478,12616
DEA1C,Mettmann,39083,60-64,19044,20039
DEA1D,Rhein-Kreis Neuss,35414,60-64,17285,18129
DEA1E,Viersen,25351,60-64,12358,12993
DEA1F,Wesel,38904,60-64,18854,20050
DEA2,Köln,330170,60-64,162846,167324
DEA22,"Bonn, Kreisfreie Stadt",20887,60-64,10080,10807
DEA23,"Köln, Kreisfreie Stadt",64282,60-64,31729,32553
DEA24,"Leverkusen, Kreisfreie Stadt",12448,60-64,6179,6269
DEA26,Düren,22028,60-64,10902,11126
DEA27,Rhein-Erft-Kreis,35968,60-64,17590,18378
DEA28,Euskirchen,17126,60-64,8425,8701
DEA29,Heinsberg,21884,60-64,10905,10979
DEA2A,Oberbergischer Kreis,22486,60-64,11192,11294
DEA2B,Rheinisch-Bergischer Kreis,23550,60-64,11623,11927
DEA2C,Rhein-Sieg-Kreis,48502,60-64,23653,24849
DEA2D,Städteregion Aachen,41009,60-64,20568,20441
DEA3,Münster,204354,60-64,100012,104342
DEA31,"Bottrop, Kreisfreie Stadt",9463,60-64,4537,4926
DEA32,"Gelsenkirchen, Kreisfreie Stadt",18867,60-64,9342,9525
DEA33,"Münster, Kreisfreie Stadt",19431,60-64,9242,10189
DEA34,Borken,29997,60-64,14940,15057
DEA35,Coesfeld,18776,60-64,9110,9666
DEA36,Recklinghausen,49776,60-64,24027,25749
DEA37,Steinfurt,35648,60-64,17812,17836
DEA38,Warendorf,22396,60-64,11002,11394
DEA4,Detmold,159554,60-64,78273,81281
DEA41,"Bielefeld, Kreisfreie Stadt",22219,60-64,10703,11516
DEA42,Gütersloh,28119,60-64,13957,14162
DEA43,Herford,20599,60-64,9946,10653
DEA44,Höxter,11795,60-64,5880,5915
DEA45,Lippe,27718,60-64,13646,14072
DEA46,Minden-Lübbecke,25814,60-64,12677,13137
DEA47,Paderborn,23290,60-64,11464,11826
DEA5,Arnsberg,275112,60-64,135484,139628
DEA51,"Bochum, Kreisfreie Stadt",25669,60-64,12472,13197
DEA52,"Dortmund, Kreisfreie Stadt",41428,60-64,20408,21020
DEA53,"Hagen, Kreisfreie Stadt",14126,60-64,7018,7108
DEA54,"Hamm, Kreisfreie Stadt",12693,60-64,6262,6431
DEA55,"Herne, Kreisfreie Stadt",11591,60-64,5785,5806
DEA56,Ennepe-Ruhr-Kreis,25805,60-64,12630,13175
DEA57,Hochsauerlandkreis,21834,60-64,10954,10880
DEA58,Märkischer Kreis,33651,60-64,16728,16923
DEA59,Olpe,10789,60-64,5352,5437
DEA5A,Siegen-Wittgenstein,21256,60-64,10387,10869
DEA5B,Soest,24409,60-64,12026,12383
DEA5C,Unna,31861,60-64,15462,16399
DEB,Rheinland-Pfalz,331790,60-64,164059,167731
DEB1,Koblenz,125476,60-64,62052,63424
DEB11,"Koblenz, Kreisfreie Stadt",7562,60-64,3702,3860
DEB12,Ahrweiler,10783,60-64,5381,5402
DEB13,Altenkirchen (Westerwald),10947,60-64,5460,5487
DEB14,Bad Kreuznach,13701,60-64,6681,7020
DEB15,Birkenfeld,7139,60-64,3461,3678
DEB17,Mayen-Koblenz,17536,60-64,8619,8917
DEB18,Neuwied,15363,60-64,7652,7711
DEB1A,Rhein-Lahn-Kreis,10507,60-64,5248,5259
DEB1B,Westerwaldkreis,17315,60-64,8669,8646
DEB1C,Cochem-Zell,5471,60-64,2694,2777
DEB1D,Rhein-Hunsrück-Kreis,9152,60-64,4485,4667
DEB2,Trier,42064,60-64,20763,21301
DEB21,"Trier, Kreisfreie Stadt",6793,60-64,3242,3551
DEB22,Bernkastel-Wittlich,9601,60-64,4799,4802
DEB23,Eifelkreis Bitburg-Prüm,8293,60-64,4044,4249
DEB24,Vulkaneifel,5304,60-64,2674,2630
DEB25,Trier-Saarburg,12073,60-64,6004,6069
DEB3,Rheinhessen-Pfalz,164250,60-64,81244,83006
DEB31,"Frankenthal (Pfalz), Kreisfreie Stadt",3515,60-64,1696,1819
DEB32,"Kaiserslautern, Kreisfreie Stadt",7293,60-64,3559,3734
DEB33,"Landau in der Pfalz, Kreisfreie Stadt",3543,60-64,1759,1784
DEB34,"Ludwigshafen am Rhein, Kreisfreie Stadt",11686,60-64,5970,5716
DEB35,"Mainz, Kreisfreie Stadt",13011,60-64,6432,6579
DEB36,"Neustadt an der Weinstraße, Kreisfreie Stadt",4477,60-64,2130,2347
DEB37,"Pirmasens, Kreisfreie Stadt",3357,60-64,1629,1728
DEB38,"Speyer, Kreisfreie Stadt",3917,60-64,1932,1985
DEB39,"Worms, Kreisfreie Stadt",6318,60-64,3134,3184
DEB3A,"Zweibrücken, Kreisfreie Stadt",2705,60-64,1341,1364
DEB3B,Alzey-Worms,10825,60-64,5330,5495
DEB3C,Bad Dürkheim,12105,60-64,6029,6076
DEB3D,Donnersbergkreis,6642,60-64,3308,3334
DEB3E,Germersheim,10687,60-64,5309,5378
DEB3F,"Kaiserslautern, Landkreis",9091,60-64,4580,4511
DEB3G,Kusel,6397,60-64,3191,3206
DEB3H,Südliche Weinstraße,10053,60-64,4881,5172
DEB3I,Rhein-Pfalz-Kreis,13137,60-64,6474,6663
DEB3J,Mainz-Bingen,16953,60-64,8391,8562
DEB3K,Südwestpfalz,8538,60-64,4169,4369
DEC,Saarland,86570,60-64,42810,43760
DEC0,Saarland,86570,60-64,42810,43760
DEC01,Regionalverband Saarbrücken,26031,60-64,12743,13288
DEC02,Merzig-Wadern,9537,60-64,4783,4754
DEC03,Neunkirchen,11896,60-64,5863,6033
DEC04,Saarlouis,18126,60-64,8929,9197
DEC05,Saarpfalz-Kreis,12611,60-64,6235,6376
DEC06,St. Wendel,8369,60-64,4257,4112
DED,Sachsen,311341,60-64,153186,158155
DED2,Dresden,122878,60-64,60421,62457
DED21,"Dresden, Kreisfreie Stadt",33070,60-64,16157,16913
DED2C,Bautzen,26325,60-64,12817,13508
DED2D,Görlitz,22388,60-64,11033,11355
DED2E,Meißen,20952,60-64,10443,10509
DED2F,Sächsische Schweiz-Osterzgebirge,20143,60-64,9971,10172
DED4,Chemnitz,114336,60-64,56133,58203
DED41,"Chemnitz, Kreisfreie Stadt",16649,60-64,8122,8527
DED42,Erzgebirgskreis,26991,60-64,13123,13868
DED43,Mittelsachsen,25373,60-64,12463,12910
DED44,Vogtlandkreis,19229,60-64,9526,9703
DED45,Zwickau,26094,60-64,12899,13195
DED5,Leipzig,74127,60-64,36632,37495
DED51,"Leipzig, Kreisfreie Stadt",33589,60-64,16572,17017
DED52,Leipzig,22649,60-64,11299,11350
DED53,Nordsachsen,17889,60-64,8761,9128
DEE,Sachsen-Anhalt,187705,60-64,91580,96125
DEE0,Sachsen-Anhalt,187705,60-64,91580,96125
DEE01,"Dessau-Roßlau, Kreisfreie Stadt",6533,60-64,3136,3397
DEE02,"Halle (Saale), Kreisfreie Stadt",14404,60-64,6805,7599
DEE03,"Magdeburg, Kreisfreie Stadt",16713,60-64,7964,8749
DEE04,Altmarkkreis Salzwedel,8106,60-64,3975,4131
DEE05,Anhalt-Bitterfeld,14288,60-64,7022,7266
DEE06,Jerichower Land,8717,60-64,4377,4340
DEE07,Börde,15779,60-64,7763,8016
DEE08,Burgenlandkreis,15906,60-64,7827,8079
DEE09,Harz,19254,60-64,9383,9871
DEE0A,Mansfeld-Südharz,12580,60-64,6233,6347
DEE0B,Saalekreis,16067,60-64,7846,8221
DEE0C,Salzlandkreis,17023,60-64,8301,8722
DEE0D,Stendal,10757,60-64,5242,5515
DEE0E,Wittenberg,11578,60-64,5706,5872
DEF,Schleswig-Holstein,229255,60-64,111732,117523
DEF0,Schleswig-Holstein,229255,60-64,111732,117523
DEF01,"Flensburg, Kreisfreie Stadt",6208,60-64,3109,3099
DEF02,"Kiel, Kreisfreie Stadt",15949,60-64,7644,8305
DEF03,"Lübeck, Kreisfreie Stadt",15695,60-64,7551,8144
DEF04,"Neumünster, Kreisfreie Stadt",5909,60-64,2897,3012
DEF05,Dithmarschen,11227,60-64,5512,5715
DEF06,Herzogtum Lauenburg,15940,60-64,7842,8098
DEF07,Nordfriesland,13958,60-64,6613,7345
DEF08,Ostholstein,17786,60-64,8458,9328
DEF09,Pinneberg,24737,60-64,12169,12568
DEF0A,Plön,11112,60-64,5350,5762
DEF0B,Rendsburg-Eckernförde,22564,60-64,10929,11635
DEF0C,Schleswig-Flensburg,16652,60-64,8236,8416
DEF0D,Segeberg,21291,60-64,10551,10740
DEF0E,Steinburg,11403,60-64,5611,5792
DEF0F,Stormarn,18824,60-64,9260,9564
DEG,Thüringen,180496,60-64,88544,91952
DEG0,Thüringen,180496,60-64,88544,91952
DEG01,"Erfurt, Kreisfreie Stadt",15463,60-64,7523,7940
DEG02,"Gera, Kreisfreie Stadt",8090,60-64,4021,4069
DEG03,"Jena, Kreisfreie Stadt",6198,60-64,3021,3177
DEG04,"Suhl, Kreisfreie Stadt (NUTS 2021)",:,60-64,:,:
DEG05,"Weimar, Kreisfreie Stadt",4628,60-64,2189,2439
DEG06,Eichsfeld,8574,60-64,4333,4241
DEG07,Nordhausen,7112,60-64,3452,3660
DEG09,Unstrut-Hainich-Kreis,8618,60-64,4196,4422
DEG0A,Kyffhäuserkreis,6894,60-64,3321,3573
DEG0B,Schmalkalden-Meiningen (NUTS 2021),:,60-64,:,:
DEG0C,Gotha,11731,60-64,5778,5953
DEG0D,Sömmerda,6074,60-64,2978,3096
DEG0E,Hildburghausen,5741,60-64,2850,2891
DEG0F,Ilm-Kreis (NUTS 2021),:,60-64,:,:
DEG0G,Weimarer Land,7104,60-64,3529,3575
DEG0H,Sonneberg (NUTS 2021),:,60-64,:,:
DEG0I,Saalfeld-Rudolstadt (NUTS 2021),:,60-64,:,:
DEG0J,Saale-Holzland-Kreis,7578,60-64,3736,3842
DEG0K,Saale-Orla-Kreis,7378,60-64,3679,3699
DEG0L,Greiz,9021,60-64,4397,4624
DEG0M,Altenburger Land,7768,60-64,3782,3986
DEG0N,"Eisenach, Kreisfreie Stadt (NUTS 2021)",:,60-64,:,:
DEG0P,Wartburgkreis (NUTS 2021),:,60-64,:,:
DEG0Q,Schmalkalden-Meiningen,11248,60-64,5489,5759
DEG0R,Wartburgkreis,14358,60-64,7116,7242
DEG0S,"Suhl, Kreisfreie Stadt",3206,60-64,1540,1666
DEG0T,Ilm-Kreis,8868,60-64,4347,4521
DEG0U,Saalfeld-Rudolstadt,9611,60-64,4701,4910
DEG0V,Sonneberg,5233,60-64,2566,2667
DE,Germany,5180675,65-69,2490910,2689765
DE1,Baden-Württemberg,662882,65-69,320330,342552
DE11,Stuttgart,236799,65-69,114491,122308
DE111,"Stuttgart, Stadtkreis",28491,65-69,13800,14691
DE112,Böblingen,21932,65-69,10652,11280
DE113,Esslingen,29908,65-69,14512,15396
DE114,Göppingen,15885,65-69,7702,8183
DE115,Ludwigsburg,30069,65-69,14450,15619
DE116,Rems-Murr-Kreis,25660,65-69,12405,13255
DE117,"Heilbronn, Stadtkreis",6586,65-69,3107,3479
DE118,"Heilbronn, Landkreis",21105,65-69,10164,10941
DE119,Hohenlohekreis,7251,65-69,3522,3729
DE11A,Schwäbisch Hall,12691,65-69,6085,6606
DE11B,Main-Tauber-Kreis,9123,65-69,4363,4760
DE11C,Heidenheim,8254,65-69,4041,4213
DE11D,Ostalbkreis,19844,65-69,9688,10156
DE12,Karlsruhe,169170,65-69,81754,87416
DE121,"Baden-Baden, Stadtkreis",3813,65-69,1830,1983
DE122,"Karlsruhe, Stadtkreis",15827,65-69,7512,8315
DE123,"Karlsruhe, Landkreis",28412,65-69,13693,14719
DE124,Rastatt,15464,65-69,7560,7904
DE125,"Heidelberg, Stadtkreis",6952,65-69,3302,3650
DE126,"Mannheim, Stadtkreis",16030,65-69,7827,8203
DE127,Neckar-Odenwald-Kreis,10090,65-69,4960,5130
DE128,Rhein-Neckar-Kreis,34734,65-69,16779,17955
DE129,"Pforzheim, Stadtkreis",7246,65-69,3401,3845
DE12A,Calw,10292,65-69,4966,5326
DE12B,Enzkreis,12549,65-69,6164,6385
DE12C,Freudenstadt,7761,65-69,3760,4001
DE13,Freiburg,142449,65-69,68905,73544
DE131,"Freiburg im Breisgau, Stadtkreis",11636,65-69,5575,6061
DE132,Breisgau-Hochschwarzwald,17396,65-69,8340,9056
DE133,Emmendingen,10964,65-69,5339,5625
DE134,Ortenaukreis,28532,65-69,13924,14608
DE135,Rottweil,8815,65-69,4327,4488
DE136,Schwarzwald-Baar-Kreis,13508,65-69,6534,6974
DE137,Tuttlingen,8573,65-69,4173,4400
DE138,Konstanz,17181,65-69,8299,8882
DE139,Lörrach,14515,65-69,6975,7540
DE13A,Waldshut,11329,65-69,5419,5910
DE14,Tübingen,114464,65-69,55180,59284
DE141,Reutlingen,17869,65-69,8555,9314
DE142,"Tübingen, Landkreis",13381,65-69,6533,6848
DE143,Zollernalbkreis,12612,65-69,6097,6515
DE144,"Ulm, Stadtkreis",6470,65-69,2897,3573
DE145,Alb-Donau-Kreis,12059,65-69,5902,6157
DE146,Biberach,12372,65-69,6084,6288
DE147,Bodenseekreis,13687,65-69,6433,7254
DE148,Ravensburg,17394,65-69,8422,8972
DE149,Sigmaringen,8620,65-69,4257,4363
DE2,Bayern,780075,65-69,376453,403622
DE21,Oberbayern,244860,65-69,117312,127548
DE211,"Ingolstadt, Kreisfreie Stadt",7232,65-69,3416,3816
DE212,"München, Kreisfreie Stadt",62464,65-69,29106,33358
DE213,"Rosenheim, Kreisfreie Stadt",3180,65-69,1497,1683
DE214,Altötting,7183,65-69,3390,3793
DE215,Berchtesgadener Land,6226,65-69,2951,3275
DE216,Bad Tölz-Wolfratshausen,7524,65-69,3662,3862
DE217,Dachau,8319,65-69,4047,4272
DE218,Ebersberg,7276,65-69,3577,3699
DE219,Eichstätt,7865,65-69,4022,3843
DE21A,Erding,7605,65-69,3817,3788
DE21B,Freising,9085,65-69,4508,4577
DE21C,Fürstenfeldbruck,11374,65-69,5313,6061
DE21D,Garmisch-Partenkirchen,5408,65-69,2549,2859
DE21E,Landsberg am Lech,7221,65-69,3540,3681
DE21F,Miesbach,5565,65-69,2733,2832
DE21G,Mühldorf a. Inn,7384,65-69,3666,3718
DE21H,"München, Landkreis",17198,65-69,8203,8995
DE21I,Neuburg-Schrobenhausen,6047,65-69,2953,3094
DE21J,Pfaffenhofen a. d. Ilm,7640,65-69,3799,3841
DE21K,"Rosenheim, Landkreis",15665,65-69,7516,8149
DE21L,Starnberg,7804,65-69,3616,4188
DE21M,Traunstein,11093,65-69,5334,5759
DE21N,Weilheim-Schongau,8502,65-69,4097,4405
DE22,Niederbayern,81756,65-69,39836,41920
DE221,"Landshut, Kreisfreie Stadt",3652,65-69,1658,1994
DE222,"Passau, Kreisfreie Stadt",3037,65-69,1448,1589
DE223,"Straubing, Kreisfreie Stadt",2923,65-69,1335,1588
DE224,Deggendorf,7874,65-69,3772,4102
DE225,Freyung-Grafenau,6070,65-69,2999,3071
DE226,Kelheim,7649,65-69,3812,3837
DE227,"Landshut, Landkreis",9816,65-69,4893,4923
DE228,"Passau, Landkreis",13872,65-69,6709,7163
DE229,Regen,5642,65-69,2770,2872
DE22A,Rottal-Inn,8158,65-69,3942,4216
DE22B,Straubing-Bogen,6730,65-69,3361,3369
DE22C,Dingolfing-Landau,6333,65-69,3137,3196
DE23,Oberpfalz,71725,65-69,35170,36555
DE231,"Amberg, Kreisfreie Stadt",2790,65-69,1304,1486
DE232,"Regensburg, Kreisfreie Stadt",7043,65-69,3335,3708
DE233,"Weiden i. d. Opf, Kreisfreie Stadt",2651,65-69,1216,1435
DE234,Amberg-Sulzbach,7391,65-69,3696,3695
DE235,Cham,8947,65-69,4458,4489
DE236,Neumarkt i. d. OPf.,8784,65-69,4302,4482
DE237,Neustadt a. d. Waldnaab,6734,65-69,3367,3367
DE238,"Regensburg, Landkreis",12465,65-69,6144,6321
DE239,Schwandorf,9648,65-69,4787,4861
DE23A,Tirschenreuth,5272,65-69,2561,2711
DE24,Oberfranken,71901,65-69,34794,37107
DE241,"Bamberg, Kreisfreie Stadt",4025,65-69,1800,2225
DE242,"Bayreuth, Kreisfreie Stadt",4163,65-69,1853,2310
DE243,"Coburg, Kreisfreie Stadt",2687,65-69,1226,1461
DE244,"Hof, Kreisfreie Stadt",2943,65-69,1392,1551
DE245,"Bamberg, Landkreis",9941,65-69,4931,5010
DE246,"Bayreuth, Landkreis",7301,65-69,3611,3690
DE247,"Coburg, Landkreis",6082,65-69,2973,3109
DE248,Forchheim,7870,65-69,3842,4028
DE249,"Hof, Landkreis",6866,65-69,3404,3462
DE24A,Kronach,4897,65-69,2427,2470
DE24B,Kulmbach,5225,65-69,2509,2716
DE24C,Lichtenfels,4760,65-69,2301,2459
DE24D,Wunsiedel i. Fichtelgebirge,5141,65-69,2525,2616
DE25,Mittelfranken,107270,65-69,51462,55808
DE251,"Ansbach, Kreisfreie Stadt",2555,65-69,1147,1408
DE252,"Erlangen, Kreisfreie Stadt",5464,65-69,2557,2907
DE253,"Fürth, Kreisfreie Stadt",7563,65-69,3585,3978
DE254,"Nürnberg, Kreisfreie Stadt",27794,65-69,13067,14727
DE255,"Schwabach, Kreisfreie Stadt",2493,65-69,1239,1254
DE256,"Ansbach, Landkreis",12311,65-69,6072,6239
DE257,Erlangen-Höchstadt,9046,65-69,4280,4766
DE258,"Fürth, Landkreis",7539,65-69,3635,3904
DE259,Nürnberger Land,10875,65-69,5262,5613
DE25A,Neustadt a. d. Aisch-Bad Windsheim,6822,65-69,3348,3474
DE25B,Roth,8419,65-69,4125,4294
DE25C,Weißenburg-Gunzenhausen,6389,65-69,3145,3244
DE26,Unterfranken,88358,65-69,42969,45389
DE261,"Aschaffenburg, Kreisfreie Stadt",4363,65-69,2014,2349
DE262,"Schweinfurt, Kreisfreie Stadt",3405,65-69,1501,1904
DE263,"Würzburg, Kreisfreie Stadt",6949,65-69,3130,3819
DE264,"Aschaffenburg, Landkreis",11564,65-69,5744,5820
DE265,Bad Kissingen,7581,65-69,3718,3863
DE266,Rhön-Grabfeld,5752,65-69,2887,2865
DE267,Haßberge,6103,65-69,3045,3058
DE268,Kitzingen,5983,65-69,2910,3073
DE269,Miltenberg,8455,65-69,4152,4303
DE26A,Main-Spessart,9066,65-69,4525,4541
DE26B,"Schweinfurt, Landkreis",8052,65-69,3983,4069
DE26C,"Würzburg, Landkreis",11085,65-69,5360,5725
DE27,Schwaben,114205,65-69,54910,59295
DE271,"Augsburg, Kreisfreie Stadt",15491,65-69,7163,8328
DE272,"Kaufbeuren, Kreisfreie Stadt",2857,65-69,1325,1532
DE273,"Kempten (Allgäu), Kreisfreie Stadt",3764,65-69,1744,2020
DE274,"Memmingen, Kreisfreie Stadt",2642,65-69,1256,1386
DE275,Aichach-Friedberg,8020,65-69,3893,4127
DE276,"Augsburg, Landkreis",15841,65-69,7625,8216
DE277,Dillingen a.d. Donau,6419,65-69,3139,3280
DE278,Günzburg,7948,65-69,3884,4064
DE279,Neu-Ulm,10642,65-69,5129,5513
DE27A,Lindau (Bodensee),4971,65-69,2417,2554
DE27B,Ostallgäu,8710,65-69,4216,4494
DE27C,Unterallgäu,8685,65-69,4199,4486
DE27D,Donau-Ries,8462,65-69,4230,4232
DE27E,Oberallgäu,9753,65-69,4690,5063
DE3,Berlin,178734,65-69,85234,93500
DE30,Berlin,178734,65-69,85234,93500
DE300,Berlin,178734,65-69,85234,93500
DE4,Brandenburg,190377,65-69,92498,97879
DE40,Brandenburg,190377,65-69,92498,97879
DE401,"Brandenburg an der Havel, Kreisfreie Stadt",5273,65-69,2439,2834
DE402,"Cottbus, Kreisfreie Stadt",6845,65-69,3094,3751
DE403,"Frankfurt (Oder), Kreisfreie Stadt",4530,65-69,2199,2331
DE404,"Potsdam, Kreisfreie Stadt",9497,65-69,4418,5079
DE405,Barnim,14181,65-69,6893,7288
DE406,Dahme-Spreewald,12492,65-69,6104,6388
DE407,Elbe-Elster,8657,65-69,4228,4429
DE408,Havelland,11552,65-69,5688,5864
DE409,Märkisch-Oderland,15531,65-69,7611,7920
DE40A,Oberhavel,15172,65-69,7514,7658
DE40B,Oberspreewald-Lausitz,8859,65-69,4204,4655
DE40C,Oder-Spree,14236,65-69,6880,7356
DE40D,Ostprignitz-Ruppin,8639,65-69,4184,4455
DE40E,Potsdam-Mittelmark,16130,65-69,7977,8153
DE40F,Prignitz,6473,65-69,3184,3289
DE40G,Spree-Neiße,10020,65-69,4944,5076
DE40H,Teltow-Fläming,11822,65-69,5848,5974
DE40I,Uckermark,10468,65-69,5089,5379
DE5,Bremen,38886,65-69,18209,20677
DE50,Bremen,38886,65-69,18209,20677
DE501,"Bremen, Kreisfreie Stadt",31623,65-69,14797,16826
DE502,"Bremerhaven, Kreisfreie Stadt",7263,65-69,3412,3851
DE6,Hamburg,85639,65-69,40406,45233
DE60,Hamburg,85639,65-69,40406,45233
DE600,Hamburg,85639,65-69,40406,45233
DE7,Hessen,369700,65-69,178587,191113
DE71,Darmstadt,223744,65-69,107549,116195
DE711,"Darmstadt, Kreisfreie Stadt",7828,65-69,3729,4099
DE712,"Frankfurt am Main, Kreisfreie Stadt",32985,65-69,15870,17115
DE713,"Offenbach am Main, Kreisfreie Stadt",6045,65-69,2973,3072
DE714,"Wiesbaden, Kreisfreie Stadt",14826,65-69,6966,7860
DE715,Bergstraße,18015,65-69,8863,9152
DE716,Darmstadt-Dieburg,18573,65-69,8891,9682
DE717,Groß-Gerau,14403,65-69,6940,7463
DE718,Hochtaunuskreis,13741,65-69,6432,7309
DE719,Main-Kinzig-Kreis,25936,65-69,12458,13478
DE71A,Main-Taunus-Kreis,12928,65-69,6113,6815
DE71B,Odenwaldkreis,6753,65-69,3294,3459
DE71C,"Offenbach, Landkreis",20343,65-69,9813,10530
DE71D,Rheingau-Taunus-Kreis,12139,65-69,5856,6283
DE71E,Wetteraukreis,19229,65-69,9351,9878
DE72,Gießen,66571,65-69,32364,34207
DE721,"Gießen, Landkreis",15851,65-69,7574,8277
DE722,Lahn-Dill-Kreis,16537,65-69,7990,8547
DE723,Limburg-Weilburg,11615,65-69,5676,5939
DE724,Marburg-Biedenkopf,14614,65-69,7140,7474
DE725,Vogelsbergkreis,7954,65-69,3984,3970
DE73,Kassel,79385,65-69,38674,40711
DE731,"Kassel, Kreisfreie Stadt",10817,65-69,5172,5645
DE732,Fulda,13984,65-69,6930,7054
DE733,Hersfeld-Rotenburg,8218,65-69,4024,4194
DE734,"Kassel, Landkreis",15784,65-69,7606,8178
DE735,Schwalm-Eder-Kreis,12470,65-69,6131,6339
DE736,Waldeck-Frankenberg,10863,65-69,5282,5581
DE737,Werra-Meißner-Kreis,7249,65-69,3529,3720
DE8,Mecklenburg-Vorpommern,129415,65-69,62218,67197
DE80,Mecklenburg-Vorpommern,129415,65-69,62218,67197
DE803,"Rostock, Kreisfreie Stadt",12938,65-69,5866,7072
DE804,"Schwerin, Kreisfreie Stadt",6997,65-69,3228,3769
DE80J,Mecklenburgische Seenplatte,22368,65-69,10770,11598
DE80K,Landkreis Rostock,18061,65-69,8734,9327
DE80L,Vorpommern-Rügen,18842,65-69,9032,9810
DE80M,Nordwestmecklenburg,12574,65-69,6136,6438
DE80N,Vorpommern-Greifswald,19625,65-69,9469,10156
DE80O,Ludwigslust-Parchim,18010,65-69,8983,9027
DE9,Niedersachsen,503301,65-69,243027,260274
DE91,Braunschweig,101877,65-69,49533,52344
DE911,"Braunschweig, Kreisfreie Stadt",13919,65-69,6547,7372
DE912,"Salzgitter, Kreisfreie Stadt",6377,65-69,3056,3321
DE913,"Wolfsburg, Kreisfreie Stadt",7452,65-69,3576,3876
DE914,Gifhorn,11510,65-69,5703,5807
DE916,Goslar,9298,65-69,4503,4795
DE917,Helmstedt,6260,65-69,3083,3177
DE918,Northeim,9231,65-69,4635,4596
DE91A,Peine,8564,65-69,4216,4348
DE91B,Wolfenbüttel,7866,65-69,3828,4038
DE91C,Göttingen,21400,65-69,10386,11014
DE92,Hannover,130561,65-69,62905,67656
DE922,Diepholz,14287,65-69,7034,7253
DE923,Hameln-Pyrmont,10374,65-69,4988,5386
DE925,Hildesheim,17458,65-69,8443,9015
DE926,Holzminden,4730,65-69,2356,2374
DE927,Nienburg (Weser),8173,65-69,3980,4193
DE928,Schaumburg,10516,65-69,5122,5394
DE929,Region Hannover,65023,65-69,30982,34041
DE93,Lüneburg,110603,65-69,53235,57368
DE931,Celle,11539,65-69,5574,5965
DE932,Cuxhaven,14034,65-69,6677,7357
DE933,Harburg,15519,65-69,7590,7929
DE934,Lüchow-Dannenberg,3775,65-69,1789,1986
DE935,"Lüneburg, Landkreis",10641,65-69,5074,5567
DE936,Osterholz,7505,65-69,3651,3854
DE937,Rotenburg (Wümme),10603,65-69,5184,5419
DE938,Heidekreis,9195,65-69,4426,4769
DE939,Stade,12534,65-69,5921,6613
DE93A,Uelzen,6474,65-69,3111,3363
DE93B,Verden,8784,65-69,4238,4546
DE94,Weser-Ems,160260,65-69,77354,82906
DE941,"Delmenhorst, Kreisfreie Stadt",4679,65-69,2188,2491
DE942,"Emden, Kreisfreie Stadt",2960,65-69,1446,1514
DE943,"Oldenburg (Oldenburg), Kreisfreie Stadt",9811,65-69,4512,5299
DE944,"Osnabrück, Kreisfreie Stadt",8788,65-69,4171,4617
DE945,"Wilhelmshaven, Kreisfreie Stadt",4829,65-69,2256,2573
DE946,Ammerland,8067,65-69,3801,4266
DE947,Aurich,13534,65-69,6448,7086
DE948,Cloppenburg,10067,65-69,4953,5114
DE949,Emsland,20794,65-69,10187,10607
DE94A,Friesland (DE),6771,65-69,3221,3550
DE94B,Grafschaft Bentheim,8804,65-69,4282,4522
DE94C,Leer,11262,65-69,5393,5869
DE94D,"Oldenburg, Landkreis",8305,65-69,4081,4224
DE94E,"Osnabrück, Landkreis",22983,65-69,11287,11696
DE94F,Vechta,8168,65-69,4020,4148
DE94G,Wesermarsch,6175,65-69,3065,3110
DE94H,Wittmund,4263,65-69,2043,2220
DEA,Nordrhein-Westfalen,1108374,65-69,532056,576318
DEA1,Düsseldorf,319766,65-69,152790,166976
DEA11,"Düsseldorf, Kreisfreie Stadt",30735,65-69,14425,16310
DEA12,"Duisburg, Kreisfreie Stadt",29010,65-69,13955,15055
DEA13,"Essen, Kreisfreie Stadt",34215,65-69,16214,18001
DEA14,"Krefeld, Kreisfreie Stadt",13981,65-69,6630,7351
DEA15,"Mönchengladbach, Kreisfreie Stadt",16549,65-69,7946,8603
DEA16,"Mülheim an der Ruhr, Kreisfreie Stadt",10783,65-69,5098,5685
DEA17,"Oberhausen, Kreisfreie Stadt",14115,65-69,6611,7504
DEA18,"Remscheid, Kreisfreie Stadt",6912,65-69,3392,3520
DEA19,"Solingen, Kreisfreie Stadt",10035,65-69,4857,5178
DEA1A,"Wuppertal, Kreisfreie Stadt",20387,65-69,9675,10712
DEA1B,Kleve,20658,65-69,10178,10480
DEA1C,Mettmann,30999,65-69,14655,16344
DEA1D,Rhein-Kreis Neuss,28733,65-69,13722,15011
DEA1E,Viersen,20040,65-69,9839,10201
DEA1F,Wesel,32614,65-69,15593,17021
DEA2,Köln,263751,65-69,126808,136943
DEA22,"Bonn, Kreisfreie Stadt",16623,65-69,7859,8764
DEA23,"Köln, Kreisfreie Stadt",49595,65-69,23561,26034
DEA24,"Leverkusen, Kreisfreie Stadt",9566,65-69,4537,5029
DEA26,Düren,18219,65-69,8778,9441
DEA27,Rhein-Erft-Kreis,28652,65-69,13708,14944
DEA28,Euskirchen,13792,65-69,6699,7093
DEA29,Heinsberg,17686,65-69,8613,9073
DEA2A,Oberbergischer Kreis,18107,65-69,8917,9190
DEA2B,Rheinisch-Bergischer Kreis,18397,65-69,8919,9478
DEA2C,Rhein-Sieg-Kreis,38700,65-69,18540,20160
DEA2D,Städteregion Aachen,34414,65-69,16677,17737
DEA3,Münster,168063,65-69,80822,87241
DEA31,"Bottrop, Kreisfreie Stadt",8418,65-69,4015,4403
DEA32,"Gelsenkirchen, Kreisfreie Stadt",16018,65-69,7653,8365
DEA33,"Münster, Kreisfreie Stadt",15914,65-69,7614,8300
DEA34,Borken,23107,65-69,11392,11715
DEA35,Coesfeld,15421,65-69,7427,7994
DEA36,Recklinghausen,42989,65-69,20265,22724
DEA37,Steinfurt,28075,65-69,13655,14420
DEA38,Warendorf,18121,65-69,8801,9320
DEA4,Detmold,129318,65-69,62591,66727
DEA41,"Bielefeld, Kreisfreie Stadt",18195,65-69,8525,9670
DEA42,Gütersloh,21736,65-69,10530,11206
DEA43,Herford,16372,65-69,8014,8358
DEA44,Höxter,9977,65-69,4995,4982
DEA45,Lippe,22721,65-69,10922,11799
DEA46,Minden-Lübbecke,20728,65-69,10052,10676
DEA47,Paderborn,19589,65-69,9553,10036
DEA5,Arnsberg,227476,65-69,109045,118431
DEA51,"Bochum, Kreisfreie Stadt",22077,65-69,10560,11517
DEA52,"Dortmund, Kreisfreie Stadt",34005,65-69,16212,17793
DEA53,"Hagen, Kreisfreie Stadt",11294,65-69,5387,5907
DEA54,"Hamm, Kreisfreie Stadt",11027,65-69,5126,5901
DEA55,"Herne, Kreisfreie Stadt",9515,65-69,4558,4957
DEA56,Ennepe-Ruhr-Kreis,21424,65-69,10136,11288
DEA57,Hochsauerlandkreis,17915,65-69,8829,9086
DEA58,Märkischer Kreis,26630,65-69,12854,13776
DEA59,Olpe,8604,65-69,4192,4412
DEA5A,Siegen-Wittgenstein,17799,65-69,8531,9268
DEA5B,Soest,19985,65-69,9740,10245
DEA5C,Unna,27201,65-69,12920,14281
DEB,Rheinland-Pfalz,273817,65-69,133246,140571
DEB1,Koblenz,104037,65-69,50650,53387
DEB11,"Koblenz, Kreisfreie Stadt",6382,65-69,2976,3406
DEB12,Ahrweiler,9054,65-69,4491,4563
DEB13,Altenkirchen (Westerwald),8912,65-69,4365,4547
DEB14,Bad Kreuznach,11458,65-69,5392,6066
DEB15,Birkenfeld,6164,65-69,3011,3153
DEB17,Mayen-Koblenz,14763,65-69,7183,7580
DEB18,Neuwied,12718,65-69,6186,6532
DEB1A,Rhein-Lahn-Kreis,8699,65-69,4211,4488
DEB1B,Westerwaldkreis,13673,65-69,6718,6955
DEB1C,Cochem-Zell,4608,65-69,2284,2324
DEB1D,Rhein-Hunsrück-Kreis,7606,65-69,3833,3773
DEB2,Trier,35343,65-69,17410,17933
DEB21,"Trier, Kreisfreie Stadt",5808,65-69,2725,3083
DEB22,Bernkastel-Wittlich,8065,65-69,3941,4124
DEB23,Eifelkreis Bitburg-Prüm,6744,65-69,3386,3358
DEB24,Vulkaneifel,4668,65-69,2373,2295
DEB25,Trier-Saarburg,10058,65-69,4985,5073
DEB3,Rheinhessen-Pfalz,134437,65-69,65186,69251
DEB31,"Frankenthal (Pfalz), Kreisfreie Stadt",3015,65-69,1397,1618
DEB32,"Kaiserslautern, Kreisfreie Stadt",6094,65-69,2883,3211
DEB33,"Landau in der Pfalz, Kreisfreie Stadt",2868,65-69,1402,1466
DEB34,"Ludwigshafen am Rhein, Kreisfreie Stadt",9157,65-69,4390,4767
DEB35,"Mainz, Kreisfreie Stadt",10707,65-69,5060,5647
DEB36,"Neustadt an der Weinstraße, Kreisfreie Stadt",3741,65-69,1849,1892
DEB37,"Pirmasens, Kreisfreie Stadt",2792,65-69,1400,1392
DEB38,"Speyer, Kreisfreie Stadt",3340,65-69,1564,1776
DEB39,"Worms, Kreisfreie Stadt",5229,65-69,2546,2683
DEB3A,"Zweibrücken, Kreisfreie Stadt",2294,65-69,1104,1190
DEB3B,Alzey-Worms,9162,65-69,4459,4703
DEB3C,Bad Dürkheim,9690,65-69,4698,4992
DEB3D,Donnersbergkreis,5537,65-69,2717,2820
DEB3E,Germersheim,8620,65-69,4351,4269
DEB3F,"Kaiserslautern, Landkreis",7702,65-69,3735,3967
DEB3G,Kusel,5471,65-69,2699,2772
DEB3H,Südliche Weinstraße,7994,65-69,3864,4130
DEB3I,Rhein-Pfalz-Kreis,10256,65-69,4995,5261
DEB3J,Mainz-Bingen,13545,65-69,6536,7009
DEB3K,Südwestpfalz,7223,65-69,3537,3686
DEC,Saarland,74017,65-69,35820,38197
DEC0,Saarland,74017,65-69,35820,38197
DEC01,Regionalverband Saarbrücken,22400,65-69,10791,11609
DEC02,Merzig-Wadern,8140,65-69,3960,4180
DEC03,Neunkirchen,10025,65-69,4865,5160
DEC04,Saarlouis,15417,65-69,7432,7985
DEC05,Saarpfalz-Kreis,10989,65-69,5268,5721
DEC06,St. Wendel,7046,65-69,3504,3542
DED,Sachsen,275669,65-69,130310,145359
DED2,Dresden,106757,65-69,50867,55890
DED21,"Dresden, Kreisfreie Stadt",27633,65-69,12861,14772
DED2C,Bautzen,23436,65-69,11222,12214
DED2D,Görlitz,20163,65-69,9723,10440
DED2E,Meißen,18075,65-69,8664,9411
DED2F,Sächsische Schweiz-Osterzgebirge,17450,65-69,8397,9053
DED4,Chemnitz,105863,65-69,49680,56183
DED41,"Chemnitz, Kreisfreie Stadt",15336,65-69,6842,8494
DED42,Erzgebirgskreis,26642,65-69,12569,14073
DED43,Mittelsachsen,22986,65-69,11097,11889
DED44,Vogtlandkreis,17579,65-69,8229,9350
DED45,Zwickau,23320,65-69,10943,12377
DED5,Leipzig,63049,65-69,29763,33286
DED51,"Leipzig, Kreisfreie Stadt",28103,65-69,12950,15153
DED52,Leipzig,19449,65-69,9288,10161
DED53,Nordsachsen,15497,65-69,7525,7972
DEE,Sachsen-Anhalt,164775,65-69,78041,86734
DEE0,Sachsen-Anhalt,164775,65-69,78041,86734
DEE01,"Dessau-Roßlau, Kreisfreie Stadt",5901,65-69,2779,3122
DEE02,"Halle (Saale), Kreisfreie Stadt",12867,65-69,5722,7145
DEE03,"Magdeburg, Kreisfreie Stadt",14273,65-69,6546,7727
DEE04,Altmarkkreis Salzwedel,6745,65-69,3316,3429
DEE05,Anhalt-Bitterfeld,12843,65-69,6111,6732
DEE06,Jerichower Land,7394,65-69,3616,3778
DEE07,Börde,13528,65-69,6530,6998
DEE08,Burgenlandkreis,14346,65-69,6812,7534
DEE09,Harz,16982,65-69,8117,8865
DEE0A,Mansfeld-Südharz,11412,65-69,5556,5856
DEE0B,Saalekreis,14233,65-69,6684,7549
DEE0C,Salzlandkreis,14681,65-69,6878,7803
DEE0D,Stendal,9165,65-69,4482,4683
DEE0E,Wittenberg,10405,65-69,4892,5513
DEF,Schleswig-Holstein,183649,65-69,87418,96231
DEF0,Schleswig-Holstein,183649,65-69,87418,96231
DEF01,"Flensburg, Kreisfreie Stadt",5045,65-69,2409,2636
DEF02,"Kiel, Kreisfreie Stadt",12951,65-69,6058,6893
DEF03,"Lübeck, Kreisfreie Stadt",12642,65-69,5787,6855
DEF04,"Neumünster, Kreisfreie Stadt",4702,65-69,2212,2490
DEF05,Dithmarschen,9381,65-69,4515,4866
DEF06,Herzogtum Lauenburg,12583,65-69,6087,6496
DEF07,Nordfriesland,11768,65-69,5522,6246
DEF08,Ostholstein,15059,65-69,7175,7884
DEF09,Pinneberg,18752,65-69,8906,9846
DEF0A,Plön,9067,65-69,4327,4740
DEF0B,Rendsburg-Eckernförde,18217,65-69,8750,9467
DEF0C,Schleswig-Flensburg,13809,65-69,6715,7094
DEF0D,Segeberg,16558,65-69,7815,8743
DEF0E,Steinburg,8567,65-69,4268,4299
DEF0F,Stormarn,14548,65-69,6872,7676
DEG,Thüringen,161365,65-69,77057,84308
DEG0,Thüringen,161365,65-69,77057,84308
DEG01,"Erfurt, Kreisfreie Stadt",13368,65-69,6161,7207
DEG02,"Gera, Kreisfreie Stadt",7403,65-69,3398,4005
DEG03,"Jena, Kreisfreie Stadt",5721,65-69,2604,3117
DEG04,"Suhl, Kreisfreie Stadt (NUTS 2021)",:,65-69,:,:
DEG05,"Weimar, Kreisfreie Stadt",3958,65-69,1816,2142
DEG06,Eichsfeld,7876,65-69,3854,4022
DEG07,Nordhausen,6360,65-69,3113,3247
DEG09,Unstrut-Hainich-Kreis,7671,65-69,3662,4009
DEG0A,Kyffhäuserkreis,6264,65-69,2974,3290
DEG0B,Schmalkalden-Meiningen (NUTS 2021),:,65-69,:,:
DEG0C,Gotha,10287,65-69,5011,5276
DEG0D,Sömmerda,5485,65-69,2550,2935
DEG0E,Hildburghausen,5108,65-69,2504,2604
DEG0F,Ilm-Kreis (NUTS 2021),:,65-69,:,:
DEG0G,Weimarer Land,6544,65-69,3146,3398
DEG0H,Sonneberg (NUTS 2021),:,65-69,:,:
DEG0I,Saalfeld-Rudolstadt (NUTS 2021),:,65-69,:,:
DEG0J,Saale-Holzland-Kreis,6606,65-69,3210,3396
DEG0K,Saale-Orla-Kreis,6644,65-69,3282,3362
DEG0L,Greiz,8551,65-69,4141,4410
DEG0M,Altenburger Land,7332,65-69,3412,3920
DEG0N,"Eisenach, Kreisfreie Stadt (NUTS 2021)",:,65-69,:,:
DEG0P,Wartburgkreis (NUTS 2021),:,65-69,:,:
DEG0Q,Schmalkalden-Meiningen,9949,65-69,4816,5133
DEG0R,Wartburgkreis,12359,65-69,6066,6293
DEG0S,"Suhl, Kreisfreie Stadt",2975,65-69,1345,1630
DEG0T,Ilm-Kreis,7841,65-69,3756,4085
DEG0U,Saalfeld-Rudolstadt,8471,65-69,4057,4414
DEG0V,Sonneberg,4592,65-69,2179,2413
DE,Germany,4388965,70-74,2034125,2354840
DE1,Baden-Württemberg,548294,70-74,255015,293279
DE11,Stuttgart,194938,70-74,89989,104949
DE111,"Stuttgart, Stadtkreis",23703,70-74,10825,12878
DE112,Böblingen,17696,70-74,8094,9602
DE113,Esslingen,24719,70-74,11277,13442
DE114,Göppingen,13081,70-74,6024,7057
DE115,Ludwigsburg,24531,70-74,11082,13449
DE116,Rems-Murr-Kreis,21362,70-74,9857,11505
DE117,"Heilbronn, Stadtkreis",5527,70-74,2342,3185
DE118,"Heilbronn, Landkreis",17111,70-74,7991,9120
DE119,Hohenlohekreis,5821,70-74,2753,3068
DE11A,Schwäbisch Hall,10196,70-74,4961,5235
DE11B,Main-Tauber-Kreis,8108,70-74,3893,4215
DE11C,Heidenheim,6917,70-74,3283,3634
DE11D,Ostalbkreis,16166,70-74,7607,8559
DE12,Karlsruhe,141203,70-74,65075,76128
DE121,"Baden-Baden, Stadtkreis",3372,70-74,1459,1913
DE122,"Karlsruhe, Stadtkreis",13353,70-74,5966,7387
DE123,"Karlsruhe, Landkreis",24366,70-74,11254,13112
DE124,Rastatt,12877,70-74,6005,6872
DE125,"Heidelberg, Stadtkreis",5929,70-74,2713,3216
DE126,"Mannheim, Stadtkreis",13208,70-74,5946,7262
DE127,Neckar-Odenwald-Kreis,8144,70-74,3949,4195
DE128,Rhein-Neckar-Kreis,29063,70-74,13374,15689
DE129,"Pforzheim, Stadtkreis",6040,70-74,2614,3426
DE12A,Calw,8515,70-74,4069,4446
DE12B,Enzkreis,10131,70-74,4745,5386
DE12C,Freudenstadt,6205,70-74,2981,3224
DE13,Freiburg,118678,70-74,55983,62695
DE131,"Freiburg im Breisgau, Stadtkreis",9568,70-74,4510,5058
DE132,Breisgau-Hochschwarzwald,14889,70-74,6984,7905
DE133,Emmendingen,9044,70-74,4280,4764
DE134,Ortenaukreis,23735,70-74,11259,12476
DE135,Rottweil,7163,70-74,3455,3708
DE136,Schwarzwald-Baar-Kreis,11392,70-74,5267,6125
DE137,Tuttlingen,7025,70-74,3307,3718
DE138,Konstanz,14518,70-74,6804,7714
DE139,Lörrach,11939,70-74,5634,6305
DE13A,Waldshut,9405,70-74,4483,4922
DE14,Tübingen,93475,70-74,43968,49507
DE141,Reutlingen,14308,70-74,6606,7702
DE142,"Tübingen, Landkreis",10519,70-74,4982,5537
DE143,Zollernalbkreis,10352,70-74,4827,5525
DE144,"Ulm, Stadtkreis",5611,70-74,2554,3057
DE145,Alb-Donau-Kreis,9676,70-74,4661,5015
DE146,Biberach,9971,70-74,4873,5098
DE147,Bodenseekreis,12039,70-74,5521,6518
DE148,Ravensburg,14243,70-74,6753,7490
DE149,Sigmaringen,6756,70-74,3191,3565
DE2,Bayern,647086,70-74,301010,346076
DE21,Oberbayern,205710,70-74,93542,112168
DE211,"Ingolstadt, Kreisfreie Stadt",5861,70-74,2640,3221
DE212,"München, Kreisfreie Stadt",54533,70-74,23942,30591
DE213,"Rosenheim, Kreisfreie Stadt",2949,70-74,1273,1676
DE214,Altötting,5943,70-74,2745,3198
DE215,Berchtesgadener Land,5584,70-74,2475,3109
DE216,Bad Tölz-Wolfratshausen,6345,70-74,2890,3455
DE217,Dachau,6654,70-74,2978,3676
DE218,Ebersberg,5838,70-74,2713,3125
DE219,Eichstätt,6260,70-74,3071,3189
DE21A,Erding,6040,70-74,2890,3150
DE21B,Freising,6881,70-74,3193,3688
DE21C,Fürstenfeldbruck,9979,70-74,4397,5582
DE21D,Garmisch-Partenkirchen,4865,70-74,2230,2635
DE21E,Landsberg am Lech,5939,70-74,2778,3161
DE21F,Miesbach,4685,70-74,2103,2582
DE21G,Mühldorf a. Inn,6019,70-74,2859,3160
DE21H,"München, Landkreis",14739,70-74,6605,8134
DE21I,Neuburg-Schrobenhausen,4705,70-74,2220,2485
DE21J,Pfaffenhofen a. d. Ilm,5790,70-74,2752,3038
DE21K,"Rosenheim, Landkreis",13083,70-74,6114,6969
DE21L,Starnberg,6653,70-74,2973,3680
DE21M,Traunstein,9263,70-74,4338,4925
DE21N,Weilheim-Schongau,7102,70-74,3363,3739
DE22,Niederbayern,67040,70-74,31773,35267
DE221,"Landshut, Kreisfreie Stadt",3189,70-74,1416,1773
DE222,"Passau, Kreisfreie Stadt",2689,70-74,1144,1545
DE223,"Straubing, Kreisfreie Stadt",2487,70-74,1111,1376
DE224,Deggendorf,6578,70-74,3097,3481
DE225,Freyung-Grafenau,4811,70-74,2397,2414
DE226,Kelheim,6141,70-74,2827,3314
DE227,"Landshut, Landkreis",7930,70-74,3789,4141
DE228,"Passau, Landkreis",11433,70-74,5405,6028
DE229,Regen,4887,70-74,2418,2469
DE22A,Rottal-Inn,6552,70-74,3147,3405
DE22B,Straubing-Bogen,5422,70-74,2638,2784
DE22C,Dingolfing-Landau,4921,70-74,2384,2537
DE23,Oberpfalz,58781,70-74,28257,30524
DE231,"Amberg, Kreisfreie Stadt",2426,70-74,1076,1350
DE232,"Regensburg, Kreisfreie Stadt",5881,70-74,2743,3138
DE233,"Weiden i. d. Opf, Kreisfreie Stadt",2248,70-74,999,1249
DE234,Amberg-Sulzbach,5679,70-74,2751,2928
DE235,Cham,7538,70-74,3768,3770
DE236,Neumarkt i. d. OPf.,7019,70-74,3440,3579
DE237,Neustadt a. d. Waldnaab,5485,70-74,2669,2816
DE238,"Regensburg, Landkreis",10215,70-74,4847,5368
DE239,Schwandorf,8033,70-74,3873,4160
DE23A,Tirschenreuth,4257,70-74,2091,2166
DE24,Oberfranken,59443,70-74,27817,31626
DE241,"Bamberg, Kreisfreie Stadt",3304,70-74,1430,1874
DE242,"Bayreuth, Kreisfreie Stadt",3730,70-74,1612,2118
DE243,"Coburg, Kreisfreie Stadt",2203,70-74,993,1210
DE244,"Hof, Kreisfreie Stadt",2518,70-74,1051,1467
DE245,"Bamberg, Landkreis",7761,70-74,3808,3953
DE246,"Bayreuth, Landkreis",5962,70-74,2917,3045
DE247,"Coburg, Landkreis",5023,70-74,2328,2695
DE248,Forchheim,6221,70-74,3003,3218
DE249,"Hof, Landkreis",5770,70-74,2717,3053
DE24A,Kronach,4082,70-74,1931,2151
DE24B,Kulmbach,4429,70-74,2050,2379
DE24C,Lichtenfels,3845,70-74,1850,1995
DE24D,Wunsiedel i. Fichtelgebirge,4595,70-74,2127,2468
DE25,Mittelfranken,88143,70-74,40248,47895
DE251,"Ansbach, Kreisfreie Stadt",2054,70-74,919,1135
DE252,"Erlangen, Kreisfreie Stadt",4558,70-74,1954,2604
DE253,"Fürth, Kreisfreie Stadt",5721,70-74,2500,3221
DE254,"Nürnberg, Kreisfreie Stadt",23378,70-74,10089,13289
DE255,"Schwabach, Kreisfreie Stadt",2094,70-74,906,1188
DE256,"Ansbach, Landkreis",9763,70-74,4722,5041
DE257,Erlangen-Höchstadt,7241,70-74,3453,3788
DE258,"Fürth, Landkreis",6444,70-74,2964,3480
DE259,Nürnberger Land,9169,70-74,4203,4966
DE25A,Neustadt a. d. Aisch-Bad Windsheim,5758,70-74,2861,2897
DE25B,Roth,6652,70-74,3158,3494
DE25C,Weißenburg-Gunzenhausen,5311,70-74,2519,2792
DE26,Unterfranken,74025,70-74,35183,38842
DE261,"Aschaffenburg, Kreisfreie Stadt",3801,70-74,1710,2091
DE262,"Schweinfurt, Kreisfreie Stadt",2987,70-74,1228,1759
DE263,"Würzburg, Kreisfreie Stadt",5924,70-74,2614,3310
DE264,"Aschaffenburg, Landkreis",9358,70-74,4438,4920
DE265,Bad Kissingen,6545,70-74,3159,3386
DE266,Rhön-Grabfeld,4855,70-74,2364,2491
DE267,Haßberge,4831,70-74,2372,2459
DE268,Kitzingen,4927,70-74,2423,2504
DE269,Miltenberg,7120,70-74,3415,3705
DE26A,Main-Spessart,7687,70-74,3802,3885
DE26B,"Schweinfurt, Landkreis",6551,70-74,3180,3371
DE26C,"Würzburg, Landkreis",9439,70-74,4478,4961
DE27,Schwaben,93944,70-74,44190,49754
DE271,"Augsburg, Kreisfreie Stadt",12748,70-74,5509,7239
DE272,"Kaufbeuren, Kreisfreie Stadt",2384,70-74,1116,1268
DE273,"Kempten (Allgäu), Kreisfreie Stadt",3184,70-74,1427,1757
DE274,"Memmingen, Kreisfreie Stadt",2198,70-74,1034,1164
DE275,Aichach-Friedberg,6639,70-74,3202,3437
DE276,"Augsburg, Landkreis",12960,70-74,6059,6901
DE277,Dillingen a.d. Donau,5041,70-74,2380,2661
DE278,Günzburg,6197,70-74,3054,3143
DE279,Neu-Ulm,8852,70-74,4199,4653
DE27A,Lindau (Bodensee),4185,70-74,1946,2239
DE27B,Ostallgäu,7285,70-74,3488,3797
DE27C,Unterallgäu,7236,70-74,3568,3668
DE27D,Donau-Ries,6793,70-74,3348,3445
DE27E,Oberallgäu,8242,70-74,3860,4382
DE3,Berlin,160756,70-74,71515,89241
DE30,Berlin,160756,70-74,71515,89241
DE300,Berlin,160756,70-74,71515,89241
DE4,Brandenburg,159212,70-74,74594,84618
DE40,Brandenburg,159212,70-74,74594,84618
DE401,"Brandenburg an der Havel, Kreisfreie Stadt",4579,70-74,2101,2478
DE402,"Cottbus, Kreisfreie Stadt",6060,70-74,2676,3384
DE403,"Frankfurt (Oder), Kreisfreie Stadt",3857,70-74,1761,2096
DE404,"Potsdam, Kreisfreie Stadt",8682,70-74,3737,4945
DE405,Barnim,11825,70-74,5700,6125
DE406,Dahme-Spreewald,10249,70-74,4863,5386
DE407,Elbe-Elster,7342,70-74,3474,3868
DE408,Havelland,9405,70-74,4409,4996
DE409,Märkisch-Oderland,12341,70-74,5834,6507
DE40A,Oberhavel,12430,70-74,5828,6602
DE40B,Oberspreewald-Lausitz,7863,70-74,3558,4305
DE40C,Oder-Spree,12273,70-74,5785,6488
DE40D,Ostprignitz-Ruppin,6780,70-74,3297,3483
DE40E,Potsdam-Mittelmark,13035,70-74,6252,6783
DE40F,Prignitz,5486,70-74,2559,2927
DE40G,Spree-Neiße,8479,70-74,4048,4431
DE40H,Teltow-Fläming,9721,70-74,4664,5057
DE40I,Uckermark,8805,70-74,4048,4757
DE5,Bremen,33218,70-74,14969,18249
DE50,Bremen,33218,70-74,14969,18249
DE501,"Bremen, Kreisfreie Stadt",27137,70-74,12207,14930
DE502,"Bremerhaven, Kreisfreie Stadt",6081,70-74,2762,3319
DE6,Hamburg,72259,70-74,32244,40015
DE60,Hamburg,72259,70-74,32244,40015
DE600,Hamburg,72259,70-74,32244,40015
DE7,Hessen,314776,70-74,146200,168576
DE71,Darmstadt,191124,70-74,87966,103158
DE711,"Darmstadt, Kreisfreie Stadt",6469,70-74,2880,3589
DE712,"Frankfurt am Main, Kreisfreie Stadt",27988,70-74,12796,15192
DE713,"Offenbach am Main, Kreisfreie Stadt",4761,70-74,2144,2617
DE714,"Wiesbaden, Kreisfreie Stadt",12545,70-74,5483,7062
DE715,Bergstraße,15260,70-74,7182,8078
DE716,Darmstadt-Dieburg,16119,70-74,7625,8494
DE717,Groß-Gerau,12285,70-74,5706,6579
DE718,Hochtaunuskreis,11783,70-74,5306,6477
DE719,Main-Kinzig-Kreis,22244,70-74,10330,11914
DE71A,Main-Taunus-Kreis,11224,70-74,5010,6214
DE71B,Odenwaldkreis,5878,70-74,2825,3053
DE71C,"Offenbach, Landkreis",17665,70-74,8079,9586
DE71D,Rheingau-Taunus-Kreis,10540,70-74,4817,5723
DE71E,Wetteraukreis,16363,70-74,7783,8580
DE72,Gießen,56084,70-74,26487,29597
DE721,"Gießen, Landkreis",13400,70-74,6263,7137
DE722,Lahn-Dill-Kreis,14085,70-74,6544,7541
DE723,Limburg-Weilburg,9628,70-74,4620,5008
DE724,Marburg-Biedenkopf,12294,70-74,5819,6475
DE725,Vogelsbergkreis,6677,70-74,3241,3436
DE73,Kassel,67568,70-74,31747,35821
DE731,"Kassel, Kreisfreie Stadt",9004,70-74,4025,4979
DE732,Fulda,11570,70-74,5454,6116
DE733,Hersfeld-Rotenburg,7051,70-74,3291,3760
DE734,"Kassel, Landkreis",14102,70-74,6647,7455
DE735,Schwalm-Eder-Kreis,10598,70-74,5078,5520
DE736,Waldeck-Frankenberg,8988,70-74,4309,4679
DE737,Werra-Meißner-Kreis,6255,70-74,2943,3312
DE8,Mecklenburg-Vorpommern,107956,70-74,50325,57631
DE80,Mecklenburg-Vorpommern,107956,70-74,50325,57631
DE803,"Rostock, Kreisfreie Stadt",11916,70-74,5190,6726
DE804,"Schwerin, Kreisfreie Stadt",6317,70-74,2741,3576
DE80J,Mecklenburgische Seenplatte,18435,70-74,8527,9908
DE80K,Landkreis Rostock,14876,70-74,7120,7756
DE80L,Vorpommern-Rügen,15408,70-74,7227,8181
DE80M,Nordwestmecklenburg,10476,70-74,4980,5496
DE80N,Vorpommern-Greifswald,16129,70-74,7615,8514
DE80O,Ludwigslust-Parchim,14399,70-74,6925,7474
DE9,Niedersachsen,429771,70-74,202971,226800
DE91,Braunschweig,86785,70-74,40836,45949
DE911,"Braunschweig, Kreisfreie Stadt",11847,70-74,5210,6637
DE912,"Salzgitter, Kreisfreie Stadt",5545,70-74,2618,2927
DE913,"Wolfsburg, Kreisfreie Stadt",6179,70-74,2861,3318
DE914,Gifhorn,9332,70-74,4551,4781
DE916,Goslar,8339,70-74,3903,4436
DE917,Helmstedt,5171,70-74,2506,2665
DE918,Northeim,8108,70-74,3946,4162
DE91A,Peine,7106,70-74,3319,3787
DE91B,Wolfenbüttel,6775,70-74,3229,3546
DE91C,Göttingen,18383,70-74,8693,9690
DE92,Hannover,111034,70-74,51793,59241
DE922,Diepholz,12290,70-74,5941,6349
DE923,Hameln-Pyrmont,8884,70-74,4111,4773
DE925,Hildesheim,15043,70-74,7091,7952
DE926,Holzminden,4274,70-74,2072,2202
DE927,Nienburg (Weser),6748,70-74,3240,3508
DE928,Schaumburg,9125,70-74,4284,4841
DE929,Region Hannover,54670,70-74,25054,29616
DE93,Lüneburg,96601,70-74,45608,50993
DE931,Celle,10153,70-74,4705,5448
DE932,Cuxhaven,12904,70-74,6185,6719
DE933,Harburg,13463,70-74,6252,7211
DE934,Lüchow-Dannenberg,3268,70-74,1557,1711
DE935,"Lüneburg, Landkreis",9072,70-74,4208,4864
DE936,Osterholz,6512,70-74,3008,3504
DE937,Rotenburg (Wümme),9132,70-74,4432,4700
DE938,Heidekreis,7729,70-74,3755,3974
DE939,Stade,11001,70-74,5183,5818
DE93A,Uelzen,5579,70-74,2649,2930
DE93B,Verden,7788,70-74,3674,4114
DE94,Weser-Ems,135351,70-74,64734,70617
DE941,"Delmenhorst, Kreisfreie Stadt",4183,70-74,1917,2266
DE942,"Emden, Kreisfreie Stadt",2687,70-74,1249,1438
DE943,"Oldenburg (Oldenburg), Kreisfreie Stadt",8114,70-74,3654,4460
DE944,"Osnabrück, Kreisfreie Stadt",7095,70-74,3222,3873
DE945,"Wilhelmshaven, Kreisfreie Stadt",4437,70-74,2032,2405
DE946,Ammerland,7561,70-74,3537,4024
DE947,Aurich,11963,70-74,5764,6199
DE948,Cloppenburg,7829,70-74,3938,3891
DE949,Emsland,16875,70-74,8326,8549
DE94A,Friesland (DE),6358,70-74,2993,3365
DE94B,Grafschaft Bentheim,7497,70-74,3551,3946
DE94C,Leer,9636,70-74,4651,4985
DE94D,"Oldenburg, Landkreis",7083,70-74,3434,3649
DE94E,"Osnabrück, Landkreis",18673,70-74,8951,9722
DE94F,Vechta,6426,70-74,3164,3262
DE94G,Wesermarsch,5177,70-74,2487,2690
DE94H,Wittmund,3757,70-74,1864,1893
DEA,Nordrhein-Westfalen,906464,70-74,417458,489006
DEA1,Düsseldorf,262579,70-74,119462,143117
DEA11,"Düsseldorf, Kreisfreie Stadt",25963,70-74,11405,14558
DEA12,"Duisburg, Kreisfreie Stadt",22992,70-74,10275,12717
DEA13,"Essen, Kreisfreie Stadt",28547,70-74,13007,15540
DEA14,"Krefeld, Kreisfreie Stadt",11367,70-74,5073,6294
DEA15,"Mönchengladbach, Kreisfreie Stadt",13322,70-74,6156,7166
DEA16,"Mülheim an der Ruhr, Kreisfreie Stadt",9141,70-74,4165,4976
DEA17,"Oberhausen, Kreisfreie Stadt",11573,70-74,5373,6200
DEA18,"Remscheid, Kreisfreie Stadt",5429,70-74,2465,2964
DEA19,"Solingen, Kreisfreie Stadt",7745,70-74,3575,4170
DEA1A,"Wuppertal, Kreisfreie Stadt",16504,70-74,7329,9175
DEA1B,Kleve,17046,70-74,8019,9027
DEA1C,Mettmann,25823,70-74,11539,14284
DEA1D,Rhein-Kreis Neuss,23693,70-74,10755,12938
DEA1E,Viersen,16492,70-74,7822,8670
DEA1F,Wesel,26942,70-74,12504,14438
DEA2,Köln,217057,70-74,99672,117385
DEA22,"Bonn, Kreisfreie Stadt",13562,70-74,6140,7422
DEA23,"Köln, Kreisfreie Stadt",41164,70-74,18148,23016
DEA24,"Leverkusen, Kreisfreie Stadt",7717,70-74,3502,4215
DEA26,Düren,15089,70-74,7109,7980
DEA27,Rhein-Erft-Kreis,24835,70-74,11150,13685
DEA28,Euskirchen,11496,70-74,5572,5924
DEA29,Heinsberg,14337,70-74,6885,7452
DEA2A,Oberbergischer Kreis,14261,70-74,6682,7579
DEA2B,Rheinisch-Bergischer Kreis,14731,70-74,6779,7952
DEA2C,Rhein-Sieg-Kreis,31614,70-74,14669,16945
DEA2D,Städteregion Aachen,28251,70-74,13036,15215
DEA3,Münster,135665,70-74,63224,72441
DEA31,"Bottrop, Kreisfreie Stadt",6902,70-74,3117,3785
DEA32,"Gelsenkirchen, Kreisfreie Stadt",12652,70-74,5787,6865
DEA33,"Münster, Kreisfreie Stadt",12732,70-74,5838,6894
DEA34,Borken,18331,70-74,8837,9494
DEA35,Coesfeld,12475,70-74,5991,6484
DEA36,Recklinghausen,35345,70-74,16243,19102
DEA37,Steinfurt,22416,70-74,10498,11918
DEA38,Warendorf,14812,70-74,6913,7899
DEA4,Detmold,104009,70-74,48910,55099
DEA41,"Bielefeld, Kreisfreie Stadt",14810,70-74,6689,8121
DEA42,Gütersloh,17287,70-74,8202,9085
DEA43,Herford,13008,70-74,6161,6847
DEA44,Höxter,8170,70-74,3939,4231
DEA45,Lippe,18875,70-74,8811,10064
DEA46,Minden-Lübbecke,16794,70-74,7985,8809
DEA47,Paderborn,15065,70-74,7123,7942
DEA5,Arnsberg,187154,70-74,86190,100964
DEA51,"Bochum, Kreisfreie Stadt",18604,70-74,8487,10117
DEA52,"Dortmund, Kreisfreie Stadt",28398,70-74,12763,15635
DEA53,"Hagen, Kreisfreie Stadt",9209,70-74,4190,5019
DEA54,"Hamm, Kreisfreie Stadt",9213,70-74,4179,5034
DEA55,"Herne, Kreisfreie Stadt",7914,70-74,3568,4346
DEA56,Ennepe-Ruhr-Kreis,17893,70-74,8170,9723
DEA57,Hochsauerlandkreis,14176,70-74,6689,7487
DEA58,Märkischer Kreis,21598,70-74,9957,11641
DEA59,Olpe,6790,70-74,3290,3500
DEA5A,Siegen-Wittgenstein,14800,70-74,6863,7937
DEA5B,Soest,16159,70-74,7584,8575
DEA5C,Unna,22400,70-74,10450,11950
DEB,Rheinland-Pfalz,232909,70-74,110557,122352
DEB1,Koblenz,89094,70-74,42181,46913
DEB11,"Koblenz, Kreisfreie Stadt",5689,70-74,2497,3192
DEB12,Ahrweiler,7655,70-74,3710,3945
DEB13,Altenkirchen (Westerwald),7616,70-74,3597,4019
DEB14,Bad Kreuznach,10056,70-74,4698,5358
DEB15,Birkenfeld,5393,70-74,2605,2788
DEB17,Mayen-Koblenz,12520,70-74,5976,6544
DEB18,Neuwied,10628,70-74,5048,5580
DEB1A,Rhein-Lahn-Kreis,7635,70-74,3507,4128
DEB1B,Westerwaldkreis,11535,70-74,5559,5976
DEB1C,Cochem-Zell,3856,70-74,1872,1984
DEB1D,Rhein-Hunsrück-Kreis,6511,70-74,3112,3399
DEB2,Trier,29370,70-74,14483,14887
DEB21,"Trier, Kreisfreie Stadt",4773,70-74,2167,2606
DEB22,Bernkastel-Wittlich,6950,70-74,3459,3491
DEB23,Eifelkreis Bitburg-Prüm,5451,70-74,2787,2664
DEB24,Vulkaneifel,3811,70-74,1936,1875
DEB25,Trier-Saarburg,8385,70-74,4134,4251
DEB3,Rheinhessen-Pfalz,114445,70-74,53893,60552
DEB31,"Frankenthal (Pfalz), Kreisfreie Stadt",2525,70-74,1086,1439
DEB32,"Kaiserslautern, Kreisfreie Stadt",5092,70-74,2347,2745
DEB33,"Landau in der Pfalz, Kreisfreie Stadt",2339,70-74,1072,1267
DEB34,"Ludwigshafen am Rhein, Kreisfreie Stadt",7644,70-74,3447,4197
DEB35,"Mainz, Kreisfreie Stadt",9133,70-74,4128,5005
DEB36,"Neustadt an der Weinstraße, Kreisfreie Stadt",3128,70-74,1438,1690
DEB37,"Pirmasens, Kreisfreie Stadt",2396,70-74,1105,1291
DEB38,"Speyer, Kreisfreie Stadt",2879,70-74,1265,1614
DEB39,"Worms, Kreisfreie Stadt",4346,70-74,2069,2277
DEB3A,"Zweibrücken, Kreisfreie Stadt",2046,70-74,959,1087
DEB3B,Alzey-Worms,7643,70-74,3722,3921
DEB3C,Bad Dürkheim,8455,70-74,4044,4411
DEB3D,Donnersbergkreis,4741,70-74,2312,2429
DEB3E,Germersheim,7039,70-74,3396,3643
DEB3F,"Kaiserslautern, Landkreis",6367,70-74,3068,3299
DEB3G,Kusel,4738,70-74,2350,2388
DEB3H,Südliche Weinstraße,7229,70-74,3428,3801
DEB3I,Rhein-Pfalz-Kreis,8941,70-74,4121,4820
DEB3J,Mainz-Bingen,11635,70-74,5577,6058
DEB3K,Südwestpfalz,6129,70-74,2959,3170
DEC,Saarland,62930,70-74,29832,33098
DEC0,Saarland,62930,70-74,29832,33098
DEC01,Regionalverband Saarbrücken,19458,70-74,9026,10432
DEC02,Merzig-Wadern,6663,70-74,3179,3484
DEC03,Neunkirchen,8227,70-74,3864,4363
DEC04,Saarlouis,13221,70-74,6338,6883
DEC05,Saarpfalz-Kreis,9373,70-74,4439,4934
DEC06,St. Wendel,5988,70-74,2986,3002
DED,Sachsen,264110,70-74,120046,144064
DED2,Dresden,99195,70-74,45352,53843
DED21,"Dresden, Kreisfreie Stadt",27273,70-74,11717,15556
DED2C,Bautzen,20424,70-74,9646,10778
DED2D,Görlitz,18503,70-74,8615,9888
DED2E,Meißen,16120,70-74,7451,8669
DED2F,Sächsische Schweiz-Osterzgebirge,16875,70-74,7923,8952
DED4,Chemnitz,107255,70-74,48677,58578
DED41,"Chemnitz, Kreisfreie Stadt",16577,70-74,7210,9367
DED42,Erzgebirgskreis,28343,70-74,13121,15222
DED43,Mittelsachsen,21920,70-74,10211,11709
DED44,Vogtlandkreis,17063,70-74,7662,9401
DED45,Zwickau,23352,70-74,10473,12879
DED5,Leipzig,57660,70-74,26017,31643
DED51,"Leipzig, Kreisfreie Stadt",26754,70-74,11628,15126
DED52,Leipzig,17566,70-74,8186,9380
DED53,Nordsachsen,13340,70-74,6203,7137
DEE,Sachsen-Anhalt,147211,70-74,66773,80438
DEE0,Sachsen-Anhalt,147211,70-74,66773,80438
DEE01,"Dessau-Roßlau, Kreisfreie Stadt",5765,70-74,2505,3260
DEE02,"Halle (Saale), Kreisfreie Stadt",13106,70-74,5406,7700
DEE03,"Magdeburg, Kreisfreie Stadt",13771,70-74,5852,7919
DEE04,Altmarkkreis Salzwedel,5311,70-74,2476,2835
DEE05,Anhalt-Bitterfeld,11102,70-74,5102,6000
DEE06,Jerichower Land,6113,70-74,2874,3239
DEE07,Börde,11408,70-74,5415,5993
DEE08,Burgenlandkreis,12581,70-74,5790,6791
DEE09,Harz,15494,70-74,7116,8378
DEE0A,Mansfeld-Südharz,10189,70-74,4711,5478
DEE0B,Saalekreis,12930,70-74,6058,6872
DEE0C,Salzlandkreis,12888,70-74,5769,7119
DEE0D,Stendal,7370,70-74,3488,3882
DEE0E,Wittenberg,9183,70-74,4211,4972
DEF,Schleswig-Holstein,157684,70-74,73762,83922
DEF0,Schleswig-Holstein,157684,70-74,73762,83922
DEF01,"Flensburg, Kreisfreie Stadt",4346,70-74,1962,2384
DEF02,"Kiel, Kreisfreie Stadt",10764,70-74,4922,5842
DEF03,"Lübeck, Kreisfreie Stadt",11046,70-74,4887,6159
DEF04,"Neumünster, Kreisfreie Stadt",4158,70-74,1884,2274
DEF05,Dithmarschen,8306,70-74,4024,4282
DEF06,Herzogtum Lauenburg,10328,70-74,4928,5400
DEF07,Nordfriesland,10074,70-74,4784,5290
DEF08,Ostholstein,13460,70-74,6443,7017
DEF09,Pinneberg,15858,70-74,7277,8581
DEF0A,Plön,7920,70-74,3675,4245
DEF0B,Rendsburg-Eckernförde,15644,70-74,7496,8148
DEF0C,Schleswig-Flensburg,12106,70-74,5849,6257
DEF0D,Segeberg,13977,70-74,6359,7618
DEF0E,Steinburg,7022,70-74,3331,3691
DEF0F,Stormarn,12675,70-74,5941,6734
DEG,Thüringen,144329,70-74,66854,77475
DEG0,Thüringen,144329,70-74,66854,77475
DEG01,"Erfurt, Kreisfreie Stadt",12247,70-74,5427,6820
DEG02,"Gera, Kreisfreie Stadt",6666,70-74,2984,3682
DEG03,"Jena, Kreisfreie Stadt",5642,70-74,2483,3159
DEG04,"Suhl, Kreisfreie Stadt (NUTS 2021)",:,70-74,:,:
DEG05,"Weimar, Kreisfreie Stadt",3679,70-74,1673,2006
DEG06,Eichsfeld,6921,70-74,3401,3520
DEG07,Nordhausen,5354,70-74,2477,2877
DEG09,Unstrut-Hainich-Kreis,6578,70-74,3133,3445
DEG0A,Kyffhäuserkreis,5472,70-74,2560,2912
DEG0B,Schmalkalden-Meiningen (NUTS 2021),:,70-74,:,:
DEG0C,Gotha,9021,70-74,4125,4896
DEG0D,Sömmerda,5004,70-74,2370,2634
DEG0E,Hildburghausen,4334,70-74,2061,2273
DEG0F,Ilm-Kreis (NUTS 2021),:,70-74,:,:
DEG0G,Weimarer Land,5836,70-74,2824,3012
DEG0H,Sonneberg (NUTS 2021),:,70-74,:,:
DEG0I,Saalfeld-Rudolstadt (NUTS 2021),:,70-74,:,:
DEG0J,Saale-Holzland-Kreis,5830,70-74,2764,3066
DEG0K,Saale-Orla-Kreis,5730,70-74,2688,3042
DEG0L,Greiz,7369,70-74,3485,3884
DEG0M,Altenburger Land,6939,70-74,3163,3776
DEG0N,"Eisenach, Kreisfreie Stadt (NUTS 2021)",:,70-74,:,:
DEG0P,Wartburgkreis (NUTS 2021),:,70-74,:,:
DEG0Q,Schmalkalden-Meiningen,8825,70-74,4081,4744
DEG0R,Wartburgkreis,10713,70-74,4994,5719
DEG0S,"Suhl, Kreisfreie Stadt",3058,70-74,1345,1713
DEG0T,Ilm-Kreis,7288,70-74,3308,3980
DEG0U,Saalfeld-Rudolstadt,7605,70-74,3518,4087
DEG0V,Sonneberg,4218,70-74,1990,2228
DE,Germany,3097954,75-79,1390159,1707795
DE1,Baden-Württemberg,393655,75-79,179231,214424
DE11,Stuttgart,145979,75-79,66109,79870
DE111,"Stuttgart, Stadtkreis",19918,75-79,8971,10947
DE112,Böblingen,13850,75-79,6293,7557
DE113,Esslingen,19918,75-79,8924,10994
DE114,Göppingen,9878,75-79,4412,5466
DE115,Ludwigsburg,18717,75-79,8334,10383
DE116,Rems-Murr-Kreis,16149,75-79,7238,8911
DE117,"Heilbronn, Stadtkreis",4293,75-79,1898,2395
DE118,"Heilbronn, Landkreis",11958,75-79,5474,6484
DE119,Hohenlohekreis,3646,75-79,1685,1961
DE11A,Schwäbisch Hall,6383,75-79,3041,3342
DE11B,Main-Tauber-Kreis,4971,75-79,2304,2667
DE11C,Heidenheim,4949,75-79,2252,2697
DE11D,Ostalbkreis,11349,75-79,5283,6066
DE12,Karlsruhe,101665,75-79,46104,55561
DE121,"Baden-Baden, Stadtkreis",2669,75-79,1173,1496
DE122,"Karlsruhe, Stadtkreis",10218,75-79,4502,5716
DE123,"Karlsruhe, Landkreis",16601,75-79,7662,8939
DE124,Rastatt,8278,75-79,3773,4505
DE125,"Heidelberg, Stadtkreis",4533,75-79,2013,2520
DE126,"Mannheim, Stadtkreis",10540,75-79,4722,5818
DE127,Neckar-Odenwald-Kreis,5370,75-79,2489,2881
DE128,Rhein-Neckar-Kreis,22037,75-79,10006,12031
DE129,"Pforzheim, Stadtkreis",4455,75-79,1923,2532
DE12A,Calw,5550,75-79,2619,2931
DE12B,Enzkreis,7364,75-79,3382,3982
DE12C,Freudenstadt,4050,75-79,1840,2210
DE13,Freiburg,80396,75-79,36783,43613
DE131,"Freiburg im Breisgau, Stadtkreis",6805,75-79,3102,3703
DE132,Breisgau-Hochschwarzwald,10359,75-79,4857,5502
DE133,Emmendingen,6162,75-79,2815,3347
DE134,Ortenaukreis,15002,75-79,6936,8066
DE135,Rottweil,4822,75-79,2187,2635
DE136,Schwarzwald-Baar-Kreis,7856,75-79,3552,4304
DE137,Tuttlingen,4484,75-79,2034,2450
DE138,Konstanz,10687,75-79,4884,5803
DE139,Lörrach,8062,75-79,3573,4489
DE13A,Waldshut,6157,75-79,2843,3314
DE14,Tübingen,65615,75-79,30235,35380
DE141,Reutlingen,10070,75-79,4658,5412
DE142,"Tübingen, Landkreis",7033,75-79,3307,3726
DE143,Zollernalbkreis,7116,75-79,3277,3839
DE144,"Ulm, Stadtkreis",4357,75-79,1886,2471
DE145,Alb-Donau-Kreis,6514,75-79,3022,3492
DE146,Biberach,6389,75-79,3010,3379
DE147,Bodenseekreis,9303,75-79,4192,5111
DE148,Ravensburg,10334,75-79,4836,5498
DE149,Sigmaringen,4499,75-79,2047,2452
DE2,Bayern,487077,75-79,220948,266129
DE21,Oberbayern,173522,75-79,77419,96103
DE211,"Ingolstadt, Kreisfreie Stadt",4428,75-79,2003,2425
DE212,"München, Kreisfreie Stadt",49602,75-79,21824,27778
DE213,"Rosenheim, Kreisfreie Stadt",2436,75-79,1032,1404
DE214,Altötting,4338,75-79,1880,2458
DE215,Berchtesgadener Land,4741,75-79,2046,2695
DE216,Bad Tölz-Wolfratshausen,5087,75-79,2296,2791
DE217,Dachau,5386,75-79,2348,3038
DE218,Ebersberg,4961,75-79,2268,2693
DE219,Eichstätt,3983,75-79,1921,2062
DE21A,Erding,4336,75-79,1978,2358
DE21B,Freising,5505,75-79,2534,2971
DE21C,Fürstenfeldbruck,9217,75-79,4033,5184
DE21D,Garmisch-Partenkirchen,4251,75-79,1902,2349
DE21E,Landsberg am Lech,4691,75-79,2187,2504
DE21F,Miesbach,4352,75-79,1923,2429
DE21G,Mühldorf a. Inn,4286,75-79,1973,2313
DE21H,"München, Landkreis",14210,75-79,6254,7956
DE21I,Neuburg-Schrobenhausen,3324,75-79,1520,1804
DE21J,Pfaffenhofen a. d. Ilm,4201,75-79,1947,2254
DE21K,"Rosenheim, Landkreis",10850,75-79,4871,5979
DE21L,Starnberg,6292,75-79,2725,3567
DE21M,Traunstein,7488,75-79,3384,4104
DE21N,Weilheim-Schongau,5557,75-79,2570,2987
DE22,Niederbayern,46192,75-79,21319,24873
DE221,"Landshut, Kreisfreie Stadt",2551,75-79,1053,1498
DE222,"Passau, Kreisfreie Stadt",2135,75-79,945,1190
DE223,"Straubing, Kreisfreie Stadt",1805,75-79,813,992
DE224,Deggendorf,4533,75-79,2034,2499
DE225,Freyung-Grafenau,3071,75-79,1476,1595
DE226,Kelheim,4103,75-79,1901,2202
DE227,"Landshut, Landkreis",5474,75-79,2661,2813
DE228,"Passau, Landkreis",7971,75-79,3628,4343
DE229,Regen,3100,75-79,1502,1598
DE22A,Rottal-Inn,4657,75-79,2146,2511
DE22B,Straubing-Bogen,3552,75-79,1659,1893
DE22C,Dingolfing-Landau,3240,75-79,1501,1739
DE23,Oberpfalz,38970,75-79,18022,20948
DE231,"Amberg, Kreisfreie Stadt",1678,75-79,743,935
DE232,"Regensburg, Kreisfreie Stadt",4614,75-79,2051,2563
DE233,"Weiden i. d. Opf, Kreisfreie Stadt",1793,75-79,765,1028
DE234,Amberg-Sulzbach,3558,75-79,1666,1892
DE235,Cham,4700,75-79,2251,2449
DE236,Neumarkt i. d. OPf.,4427,75-79,2123,2304
DE237,Neustadt a. d. Waldnaab,3412,75-79,1590,1822
DE238,"Regensburg, Landkreis",6949,75-79,3309,3640
DE239,Schwandorf,5163,75-79,2319,2844
DE23A,Tirschenreuth,2676,75-79,1205,1471
DE24,Oberfranken,41585,75-79,18957,22628
DE241,"Bamberg, Kreisfreie Stadt",2538,75-79,1066,1472
DE242,"Bayreuth, Kreisfreie Stadt",3005,75-79,1292,1713
DE243,"Coburg, Kreisfreie Stadt",1677,75-79,741,936
DE244,"Hof, Kreisfreie Stadt",1988,75-79,841,1147
DE245,"Bamberg, Landkreis",4890,75-79,2313,2577
DE246,"Bayreuth, Landkreis",4141,75-79,1909,2232
DE247,"Coburg, Landkreis",3393,75-79,1558,1835
DE248,Forchheim,4200,75-79,1952,2248
DE249,"Hof, Landkreis",4091,75-79,1913,2178
DE24A,Kronach,2696,75-79,1268,1428
DE24B,Kulmbach,3083,75-79,1402,1681
DE24C,Lichtenfels,2613,75-79,1201,1412
DE24D,Wunsiedel i. Fichtelgebirge,3270,75-79,1501,1769
DE25,Mittelfranken,66237,75-79,29692,36545
DE251,"Ansbach, Kreisfreie Stadt",1452,75-79,591,861
DE252,"Erlangen, Kreisfreie Stadt",3651,75-79,1496,2155
DE253,"Fürth, Kreisfreie Stadt",4525,75-79,1964,2561
DE254,"Nürnberg, Kreisfreie Stadt",19393,75-79,8347,11046
DE255,"Schwabach, Kreisfreie Stadt",1771,75-79,806,965
DE256,"Ansbach, Landkreis",6167,75-79,2927,3240
DE257,Erlangen-Höchstadt,5262,75-79,2475,2787
DE258,"Fürth, Landkreis",5072,75-79,2336,2736
DE259,Nürnberger Land,6896,75-79,3117,3779
DE25A,Neustadt a. d. Aisch-Bad Windsheim,3583,75-79,1689,1894
DE25B,Roth,4919,75-79,2301,2618
DE25C,Weißenburg-Gunzenhausen,3546,75-79,1643,1903
DE26,Unterfranken,49200,75-79,22901,26299
DE261,"Aschaffenburg, Kreisfreie Stadt",2639,75-79,1147,1492
DE262,"Schweinfurt, Kreisfreie Stadt",2198,75-79,894,1304
DE263,"Würzburg, Kreisfreie Stadt",4537,75-79,1984,2553
DE264,"Aschaffenburg, Landkreis",6532,75-79,3097,3435
DE265,Bad Kissingen,4333,75-79,2067,2266
DE266,Rhön-Grabfeld,2880,75-79,1359,1521
DE267,Haßberge,2958,75-79,1454,1504
DE268,Kitzingen,3187,75-79,1528,1659
DE269,Miltenberg,4610,75-79,2103,2507
DE26A,Main-Spessart,4923,75-79,2348,2575
DE26B,"Schweinfurt, Landkreis",4250,75-79,2005,2245
DE26C,"Würzburg, Landkreis",6153,75-79,2915,3238
DE27,Schwaben,71371,75-79,32638,38733
DE271,"Augsburg, Kreisfreie Stadt",10458,75-79,4425,6033
DE272,"Kaufbeuren, Kreisfreie Stadt",1777,75-79,789,988
DE273,"Kempten (Allgäu), Kreisfreie Stadt",2778,75-79,1195,1583
DE274,"Memmingen, Kreisfreie Stadt",1658,75-79,747,911
DE275,Aichach-Friedberg,4974,75-79,2298,2676
DE276,"Augsburg, Landkreis",9819,75-79,4536,5283
DE277,Dillingen a.d. Donau,3473,75-79,1635,1838
DE278,Günzburg,4377,75-79,2065,2312
DE279,Neu-Ulm,6464,75-79,3009,3455
DE27A,Lindau (Bodensee),3291,75-79,1521,1770
DE27B,Ostallgäu,5576,75-79,2690,2886
DE27C,Unterallgäu,5527,75-79,2545,2982
DE27D,Donau-Ries,4727,75-79,2196,2531
DE27E,Oberallgäu,6472,75-79,2987,3485
DE3,Berlin,120825,75-79,52674,68151
DE30,Berlin,120825,75-79,52674,68151
DE300,Berlin,120825,75-79,52674,68151
DE4,Brandenburg,93552,75-79,41448,52104
DE40,Brandenburg,93552,75-79,41448,52104
DE401,"Brandenburg an der Havel, Kreisfreie Stadt",3032,75-79,1268,1764
DE402,"Cottbus, Kreisfreie Stadt",3732,75-79,1559,2173
DE403,"Frankfurt (Oder), Kreisfreie Stadt",2096,75-79,906,1190
DE404,"Potsdam, Kreisfreie Stadt",5730,75-79,2451,3279
DE405,Barnim,7083,75-79,3263,3820
DE406,Dahme-Spreewald,6205,75-79,2811,3394
DE407,Elbe-Elster,4133,75-79,1860,2273
DE408,Havelland,5948,75-79,2594,3354
DE409,Märkisch-Oderland,6801,75-79,3079,3722
DE40A,Oberhavel,7674,75-79,3469,4205
DE40B,Oberspreewald-Lausitz,4647,75-79,1934,2713
DE40C,Oder-Spree,6984,75-79,3081,3903
DE40D,Ostprignitz-Ruppin,3748,75-79,1663,2085
DE40E,Potsdam-Mittelmark,7637,75-79,3485,4152
DE40F,Prignitz,3013,75-79,1303,1710
DE40G,Spree-Neiße,4430,75-79,1914,2516
DE40H,Teltow-Fläming,5848,75-79,2637,3211
DE40I,Uckermark,4811,75-79,2171,2640
DE5,Bremen,25973,75-79,11511,14462
DE50,Bremen,25973,75-79,11511,14462
DE501,"Bremen, Kreisfreie Stadt",21477,75-79,9462,12015
DE502,"Bremerhaven, Kreisfreie Stadt",4496,75-79,2049,2447
DE6,Hamburg,60612,75-79,26764,33848
DE60,Hamburg,60612,75-79,26764,33848
DE600,Hamburg,60612,75-79,26764,33848
DE7,Hessen,232843,75-79,105703,127140
DE71,Darmstadt,146852,75-79,66199,80653
DE711,"Darmstadt, Kreisfreie Stadt",4958,75-79,2190,2768
DE712,"Frankfurt am Main, Kreisfreie Stadt",21741,75-79,9740,12001
DE713,"Offenbach am Main, Kreisfreie Stadt",3808,75-79,1693,2115
DE714,"Wiesbaden, Kreisfreie Stadt",10258,75-79,4457,5801
DE715,Bergstraße,11017,75-79,5040,5977
DE716,Darmstadt-Dieburg,11789,75-79,5386,6403
DE717,Groß-Gerau,9285,75-79,4190,5095
DE718,Hochtaunuskreis,10335,75-79,4442,5893
DE719,Main-Kinzig-Kreis,16409,75-79,7575,8834
DE71A,Main-Taunus-Kreis,9406,75-79,4147,5259
DE71B,Odenwaldkreis,3910,75-79,1851,2059
DE71C,"Offenbach, Landkreis",14094,75-79,6337,7757
DE71D,Rheingau-Taunus-Kreis,7958,75-79,3686,4272
DE71E,Wetteraukreis,11884,75-79,5465,6419
DE72,Gießen,37795,75-79,17291,20504
DE721,"Gießen, Landkreis",9164,75-79,4203,4961
DE722,Lahn-Dill-Kreis,9717,75-79,4411,5306
DE723,Limburg-Weilburg,6517,75-79,2950,3567
DE724,Marburg-Biedenkopf,8310,75-79,3783,4527
DE725,Vogelsbergkreis,4087,75-79,1944,2143
DE73,Kassel,48196,75-79,22213,25983
DE731,"Kassel, Kreisfreie Stadt",7202,75-79,3149,4053
DE732,Fulda,7738,75-79,3585,4153
DE733,Hersfeld-Rotenburg,5080,75-79,2391,2689
DE734,"Kassel, Landkreis",10402,75-79,4739,5663
DE735,Schwalm-Eder-Kreis,7350,75-79,3532,3818
DE736,Waldeck-Frankenberg,6087,75-79,2769,3318
DE737,Werra-Meißner-Kreis,4337,75-79,2048,2289
DE8,Mecklenburg-Vorpommern,58958,75-79,26439,32519
DE80,Mecklenburg-Vorpommern,58958,75-79,26439,32519
DE803,"Rostock, Kreisfreie Stadt",7680,75-79,3215,4465
DE804,"Schwerin, Kreisfreie Stadt",3839,75-79,1626,2213
DE80J,Mecklenburgische Seenplatte,9337,75-79,4232,5105
DE80K,Landkreis Rostock,7921,75-79,3607,4314
DE80L,Vorpommern-Rügen,8691,75-79,3865,4826
DE80M,Nordwestmecklenburg,5857,75-79,2695,3162
DE80N,Vorpommern-Greifswald,8307,75-79,3778,4529
DE80O,Ludwigslust-Parchim,7326,75-79,3421,3905
DE9,Niedersachsen,308314,75-79,141208,167106
DE91,Braunschweig,62374,75-79,28443,33931
DE911,"Braunschweig, Kreisfreie Stadt",9250,75-79,3994,5256
DE912,"Salzgitter, Kreisfreie Stadt",4115,75-79,1861,2254
DE913,"Wolfsburg, Kreisfreie Stadt",4526,75-79,2031,2495
DE914,Gifhorn,5859,75-79,2702,3157
DE916,Goslar,6218,75-79,2796,3422
DE917,Helmstedt,3649,75-79,1652,1997
DE918,Northeim,5424,75-79,2626,2798
DE91A,Peine,4912,75-79,2286,2626
DE91B,Wolfenbüttel,5028,75-79,2282,2746
DE91C,Göttingen,13393,75-79,6213,7180
DE92,Hannover,81827,75-79,36744,45083
DE922,Diepholz,8734,75-79,4070,4664
DE923,Hameln-Pyrmont,6415,75-79,2852,3563
DE925,Hildesheim,10653,75-79,4834,5819
DE926,Holzminden,2950,75-79,1395,1555
DE927,Nienburg (Weser),4476,75-79,2093,2383
DE928,Schaumburg,6648,75-79,3041,3607
DE929,Region Hannover,41951,75-79,18459,23492
DE93,Lüneburg,70549,75-79,32597,37952
DE931,Celle,7045,75-79,3238,3807
DE932,Cuxhaven,9224,75-79,4368,4856
DE933,Harburg,11012,75-79,5003,6009
DE934,Lüchow-Dannenberg,2415,75-79,1174,1241
DE935,"Lüneburg, Landkreis",6375,75-79,2849,3526
DE936,Osterholz,5025,75-79,2309,2716
DE937,Rotenburg (Wümme),6341,75-79,3042,3299
DE938,Heidekreis,5433,75-79,2498,2935
DE939,Stade,8284,75-79,3762,4522
DE93A,Uelzen,3774,75-79,1691,2083
DE93B,Verden,5621,75-79,2663,2958
DE94,Weser-Ems,93564,75-79,43424,50140
DE941,"Delmenhorst, Kreisfreie Stadt",3367,75-79,1490,1877
DE942,"Emden, Kreisfreie Stadt",1964,75-79,872,1092
DE943,"Oldenburg (Oldenburg), Kreisfreie Stadt",6127,75-79,2696,3431
DE944,"Osnabrück, Kreisfreie Stadt",5227,75-79,2323,2904
DE945,"Wilhelmshaven, Kreisfreie Stadt",3586,75-79,1625,1961
DE946,Ammerland,5496,75-79,2597,2899
DE947,Aurich,8164,75-79,3843,4321
DE948,Cloppenburg,4611,75-79,2211,2400
DE949,Emsland,10876,75-79,5056,5820
DE94A,Friesland (DE),4914,75-79,2302,2612
DE94B,Grafschaft Bentheim,5035,75-79,2391,2644
DE94C,Leer,6571,75-79,3093,3478
DE94D,"Oldenburg, Landkreis",5061,75-79,2309,2752
DE94E,"Osnabrück, Landkreis",12312,75-79,5716,6596
DE94F,Vechta,3930,75-79,1861,2069
DE94G,Wesermarsch,3718,75-79,1783,1935
DE94H,Wittmund,2605,75-79,1256,1349
DEA,Nordrhein-Westfalen,649900,75-79,288983,360917
DEA1,Düsseldorf,195980,75-79,85820,110160
DEA11,"Düsseldorf, Kreisfreie Stadt",20694,75-79,8624,12070
DEA12,"Duisburg, Kreisfreie Stadt",16928,75-79,7389,9539
DEA13,"Essen, Kreisfreie Stadt",21455,75-79,9226,12229
DEA14,"Krefeld, Kreisfreie Stadt",8677,75-79,3756,4921
DEA15,"Mönchengladbach, Kreisfreie Stadt",9781,75-79,4417,5364
DEA16,"Mülheim an der Ruhr, Kreisfreie Stadt",7096,75-79,3026,4070
DEA17,"Oberhausen, Kreisfreie Stadt",7807,75-79,3429,4378
DEA18,"Remscheid, Kreisfreie Stadt",4290,75-79,1915,2375
DEA19,"Solingen, Kreisfreie Stadt",6092,75-79,2663,3429
DEA1A,"Wuppertal, Kreisfreie Stadt",12892,75-79,5685,7207
DEA1B,Kleve,11486,75-79,5335,6151
DEA1C,Mettmann,20678,75-79,8851,11827
DEA1D,Rhein-Kreis Neuss,17877,75-79,7729,10148
DEA1E,Viersen,11680,75-79,5333,6347
DEA1F,Wesel,18547,75-79,8442,10105
DEA2,Köln,158961,75-79,70562,88399
DEA22,"Bonn, Kreisfreie Stadt",10213,75-79,4312,5901
DEA23,"Köln, Kreisfreie Stadt",32562,75-79,14068,18494
DEA24,"Leverkusen, Kreisfreie Stadt",5922,75-79,2485,3437
DEA26,Düren,10124,75-79,4669,5455
DEA27,Rhein-Erft-Kreis,18182,75-79,8110,10072
DEA28,Euskirchen,7371,75-79,3371,4000
DEA29,Heinsberg,9489,75-79,4350,5139
DEA2A,Oberbergischer Kreis,9515,75-79,4332,5183
DEA2B,Rheinisch-Bergischer Kreis,11597,75-79,5039,6558
DEA2C,Rhein-Sieg-Kreis,23356,75-79,10518,12838
DEA2D,Städteregion Aachen,20630,75-79,9308,11322
DEA3,Münster,92304,75-79,41982,50322
DEA31,"Bottrop, Kreisfreie Stadt",4544,75-79,2002,2542
DEA32,"Gelsenkirchen, Kreisfreie Stadt",8922,75-79,3892,5030
DEA33,"Münster, Kreisfreie Stadt",8875,75-79,3886,4989
DEA34,Borken,12229,75-79,5733,6496
DEA35,Coesfeld,8223,75-79,3926,4297
DEA36,Recklinghausen,24304,75-79,10868,13436
DEA37,Steinfurt,15074,75-79,6928,8146
DEA38,Warendorf,10133,75-79,4747,5386
DEA4,Detmold,71040,75-79,32001,39039
DEA41,"Bielefeld, Kreisfreie Stadt",10722,75-79,4643,6079
DEA42,Gütersloh,11970,75-79,5333,6637
DEA43,Herford,9336,75-79,4282,5054
DEA44,Höxter,5164,75-79,2413,2751
DEA45,Lippe,12964,75-79,5864,7100
DEA46,Minden-Lübbecke,11274,75-79,5031,6243
DEA47,Paderborn,9610,75-79,4435,5175
DEA5,Arnsberg,131615,75-79,58618,72997
DEA51,"Bochum, Kreisfreie Stadt",13099,75-79,5732,7367
DEA52,"Dortmund, Kreisfreie Stadt",20711,75-79,9012,11699
DEA53,"Hagen, Kreisfreie Stadt",6806,75-79,2879,3927
DEA54,"Hamm, Kreisfreie Stadt",6466,75-79,2926,3540
DEA55,"Herne, Kreisfreie Stadt",5808,75-79,2531,3277
DEA56,Ennepe-Ruhr-Kreis,13252,75-79,5875,7377
DEA57,Hochsauerlandkreis,9585,75-79,4496,5089
DEA58,Märkischer Kreis,15209,75-79,6693,8516
DEA59,Olpe,4450,75-79,2116,2334
DEA5A,Siegen-Wittgenstein,9989,75-79,4491,5498
DEA5B,Soest,10659,75-79,4841,5818
DEA5C,Unna,15581,75-79,7026,8555
DEB,Rheinland-Pfalz,148712,75-79,68111,80601
DEB1,Koblenz,57345,75-79,26177,31168
DEB11,"Koblenz, Kreisfreie Stadt",4107,75-79,1724,2383
DEB12,Ahrweiler,5517,75-79,2464,3053
DEB13,Altenkirchen (Westerwald),4813,75-79,2158,2655
DEB14,Bad Kreuznach,6345,75-79,2890,3455
DEB15,Birkenfeld,3014,75-79,1349,1665
DEB17,Mayen-Koblenz,7957,75-79,3683,4274
DEB18,Neuwied,6907,75-79,3171,3736
DEB1A,Rhein-Lahn-Kreis,5037,75-79,2317,2720
DEB1B,Westerwaldkreis,7393,75-79,3441,3952
DEB1C,Cochem-Zell,2393,75-79,1156,1237
DEB1D,Rhein-Hunsrück-Kreis,3862,75-79,1824,2038
DEB2,Trier,17641,75-79,8472,9169
DEB21,"Trier, Kreisfreie Stadt",3079,75-79,1339,1740
DEB22,Bernkastel-Wittlich,4208,75-79,2062,2146
DEB23,Eifelkreis Bitburg-Prüm,3232,75-79,1615,1617
DEB24,Vulkaneifel,2332,75-79,1135,1197
DEB25,Trier-Saarburg,4790,75-79,2321,2469
DEB3,Rheinhessen-Pfalz,73726,75-79,33462,40264
DEB31,"Frankenthal (Pfalz), Kreisfreie Stadt",1810,75-79,743,1067
DEB32,"Kaiserslautern, Kreisfreie Stadt",3445,75-79,1448,1997
DEB33,"Landau in der Pfalz, Kreisfreie Stadt",1552,75-79,695,857
DEB34,"Ludwigshafen am Rhein, Kreisfreie Stadt",5471,75-79,2460,3011
DEB35,"Mainz, Kreisfreie Stadt",6857,75-79,3000,3857
DEB36,"Neustadt an der Weinstraße, Kreisfreie Stadt",2057,75-79,919,1138
DEB37,"Pirmasens, Kreisfreie Stadt",1512,75-79,640,872
DEB38,"Speyer, Kreisfreie Stadt",1984,75-79,874,1110
DEB39,"Worms, Kreisfreie Stadt",2870,75-79,1320,1550
DEB3A,"Zweibrücken, Kreisfreie Stadt",1235,75-79,569,666
DEB3B,Alzey-Worms,4492,75-79,2132,2360
DEB3C,Bad Dürkheim,5670,75-79,2591,3079
DEB3D,Donnersbergkreis,2600,75-79,1189,1411
DEB3E,Germersheim,4331,75-79,2003,2328
DEB3F,"Kaiserslautern, Landkreis",3682,75-79,1688,1994
DEB3G,Kusel,2596,75-79,1240,1356
DEB3H,Südliche Weinstraße,4414,75-79,2068,2346
DEB3I,Rhein-Pfalz-Kreis,5910,75-79,2618,3292
DEB3J,Mainz-Bingen,7616,75-79,3536,4080
DEB3K,Südwestpfalz,3622,75-79,1729,1893
DEC,Saarland,38575,75-79,17482,21093
DEC0,Saarland,38575,75-79,17482,21093
DEC01,Regionalverband Saarbrücken,12726,75-79,5675,7051
DEC02,Merzig-Wadern,3643,75-79,1646,1997
DEC03,Neunkirchen,5269,75-79,2442,2827
DEC04,Saarlouis,7688,75-79,3414,4274
DEC05,Saarpfalz-Kreis,5757,75-79,2624,3133
DEC06,St. Wendel,3492,75-79,1681,1811
DED,Sachsen,169922,75-79,73287,96635
DED2,Dresden,65476,75-79,28205,37271
DED21,"Dresden, Kreisfreie Stadt",20101,75-79,8419,11682
DED2C,Bautzen,12543,75-79,5479,7064
DED2D,Görlitz,11690,75-79,5194,6496
DED2E,Meißen,10413,75-79,4459,5954
DED2F,Sächsische Schweiz-Osterzgebirge,10729,75-79,4654,6075
DED4,Chemnitz,66438,75-79,28867,37571
DED41,"Chemnitz, Kreisfreie Stadt",11866,75-79,4929,6937
DED42,Erzgebirgskreis,15087,75-79,6767,8320
DED43,Mittelsachsen,13498,75-79,6037,7461
DED44,Vogtlandkreis,11008,75-79,4642,6366
DED45,Zwickau,14979,75-79,6492,8487
DED5,Leipzig,38008,75-79,16215,21793
DED51,"Leipzig, Kreisfreie Stadt",19303,75-79,8109,11194
DED52,Leipzig,10978,75-79,4732,6246
DED53,Nordsachsen,7727,75-79,3374,4353
DEE,Sachsen-Anhalt,93112,75-79,40018,53094
DEE0,Sachsen-Anhalt,93112,75-79,40018,53094
DEE01,"Dessau-Roßlau, Kreisfreie Stadt",3979,75-79,1688,2291
DEE02,"Halle (Saale), Kreisfreie Stadt",9699,75-79,3903,5796
DEE03,"Magdeburg, Kreisfreie Stadt",9938,75-79,4144,5794
DEE04,Altmarkkreis Salzwedel,2985,75-79,1284,1701
DEE05,Anhalt-Bitterfeld,6747,75-79,2860,3887
DEE06,Jerichower Land,3523,75-79,1553,1970
DEE07,Börde,6460,75-79,2923,3537
DEE08,Burgenlandkreis,7543,75-79,3269,4274
DEE09,Harz,9994,75-79,4284,5710
DEE0A,Mansfeld-Südharz,6445,75-79,2851,3594
DEE0B,Saalekreis,7655,75-79,3467,4188
DEE0C,Salzlandkreis,8457,75-79,3477,4980
DEE0D,Stendal,4276,75-79,1927,2349
DEE0E,Wittenberg,5411,75-79,2388,3023
DEF,Schleswig-Holstein,125103,75-79,56463,68640
DEF0,Schleswig-Holstein,125103,75-79,56463,68640
DEF01,"Flensburg, Kreisfreie Stadt",3560,75-79,1598,1962
DEF02,"Kiel, Kreisfreie Stadt",8580,75-79,3765,4815
DEF03,"Lübeck, Kreisfreie Stadt",9005,75-79,3842,5163
DEF04,"Neumünster, Kreisfreie Stadt",3195,75-79,1400,1795
DEF05,Dithmarschen,6060,75-79,2837,3223
DEF06,Herzogtum Lauenburg,8079,75-79,3593,4486
DEF07,Nordfriesland,7640,75-79,3474,4166
DEF08,Ostholstein,10338,75-79,4717,5621
DEF09,Pinneberg,13271,75-79,5880,7391
DEF0A,Plön,6486,75-79,2969,3517
DEF0B,Rendsburg-Eckernförde,12191,75-79,5634,6557
DEF0C,Schleswig-Flensburg,9116,75-79,4280,4836
DEF0D,Segeberg,11625,75-79,5218,6407
DEF0E,Steinburg,5420,75-79,2483,2937
DEF0F,Stormarn,10537,75-79,4773,5764
DEG,Thüringen,90821,75-79,39889,50932
DEG0,Thüringen,90821,75-79,39889,50932
DEG01,"Erfurt, Kreisfreie Stadt",8332,75-79,3495,4837
DEG02,"Gera, Kreisfreie Stadt",4427,75-79,1873,2554
DEG03,"Jena, Kreisfreie Stadt",4241,75-79,1832,2409
DEG04,"Suhl, Kreisfreie Stadt (NUTS 2021)",:,75-79,:,:
DEG05,"Weimar, Kreisfreie Stadt",2757,75-79,1201,1556
DEG06,Eichsfeld,4107,75-79,1844,2263
DEG07,Nordhausen,3770,75-79,1600,2170
DEG09,Unstrut-Hainich-Kreis,3960,75-79,1748,2212
DEG0A,Kyffhäuserkreis,3259,75-79,1419,1840
DEG0B,Schmalkalden-Meiningen (NUTS 2021),:,75-79,:,:
DEG0C,Gotha,5765,75-79,2589,3176
DEG0D,Sömmerda,2826,75-79,1250,1576
DEG0E,Hildburghausen,2363,75-79,1068,1295
DEG0F,Ilm-Kreis (NUTS 2021),:,75-79,:,:
DEG0G,Weimarer Land,3328,75-79,1573,1755
DEG0H,Sonneberg (NUTS 2021),:,75-79,:,:
DEG0I,Saalfeld-Rudolstadt (NUTS 2021),:,75-79,:,:
DEG0J,Saale-Holzland-Kreis,3800,75-79,1682,2118
DEG0K,Saale-Orla-Kreis,3380,75-79,1468,1912
DEG0L,Greiz,4360,75-79,1940,2420
DEG0M,Altenburger Land,4451,75-79,1960,2491
DEG0N,"Eisenach, Kreisfreie Stadt (NUTS 2021)",:,75-79,:,:
DEG0P,Wartburgkreis (NUTS 2021),:,75-79,:,:
DEG0Q,Schmalkalden-Meiningen,5184,75-79,2351,2833
DEG0R,Wartburgkreis,6668,75-79,2954,3714
DEG0S,"Suhl, Kreisfreie Stadt",2137,75-79,953,1184
DEG0T,Ilm-Kreis,4580,75-79,2018,2562
DEG0U,Saalfeld-Rudolstadt,4691,75-79,2002,2689
DEG0V,Sonneberg,2435,75-79,1069,1366
DE,Germany,3196790,80-84,1334139,1862651
DE1,Baden-Württemberg,402442,80-84,171091,231351
DE11,Stuttgart,150800,80-84,64248,86552
DE111,"Stuttgart, Stadtkreis",20491,80-84,8722,11769
DE112,Böblingen,15087,80-84,6557,8530
DE113,Esslingen,20546,80-84,8951,11595
DE114,Göppingen,9932,80-84,4225,5707
DE115,Ludwigsburg,19930,80-84,8364,11566
DE116,Rems-Murr-Kreis,17196,80-84,7406,9790
DE117,"Heilbronn, Stadtkreis",4375,80-84,1746,2629
DE118,"Heilbronn, Landkreis",11618,80-84,4946,6672
DE119,Hohenlohekreis,3641,80-84,1565,2076
DE11A,Schwäbisch Hall,6180,80-84,2613,3567
DE11B,Main-Tauber-Kreis,5107,80-84,2184,2923
DE11C,Heidenheim,5217,80-84,2132,3085
DE11D,Ostalbkreis,11480,80-84,4837,6643
DE12,Karlsruhe,101288,80-84,42760,58528
DE121,"Baden-Baden, Stadtkreis",2736,80-84,1084,1652
DE122,"Karlsruhe, Stadtkreis",10504,80-84,4305,6199
DE123,"Karlsruhe, Landkreis",16793,80-84,7059,9734
DE124,Rastatt,8467,80-84,3617,4850
DE125,"Heidelberg, Stadtkreis",4332,80-84,1827,2505
DE126,"Mannheim, Stadtkreis",9826,80-84,4147,5679
DE127,Neckar-Odenwald-Kreis,5258,80-84,2243,3015
DE128,Rhein-Neckar-Kreis,21299,80-84,9225,12074
DE129,"Pforzheim, Stadtkreis",4550,80-84,1788,2762
DE12A,Calw,5659,80-84,2433,3226
DE12B,Enzkreis,7511,80-84,3227,4284
DE12C,Freudenstadt,4353,80-84,1805,2548
DE13,Freiburg,83215,80-84,35348,47867
DE131,"Freiburg im Breisgau, Stadtkreis",6908,80-84,2875,4033
DE132,Breisgau-Hochschwarzwald,10597,80-84,4644,5953
DE133,Emmendingen,6152,80-84,2618,3534
DE134,Ortenaukreis,15577,80-84,6577,9000
DE135,Rottweil,5300,80-84,2267,3033
DE136,Schwarzwald-Baar-Kreis,8264,80-84,3438,4826
DE137,Tuttlingen,4793,80-84,2005,2788
DE138,Konstanz,11204,80-84,4798,6406
DE139,Lörrach,8320,80-84,3503,4817
DE13A,Waldshut,6100,80-84,2623,3477
DE14,Tübingen,67139,80-84,28735,38404
DE141,Reutlingen,10746,80-84,4517,6229
DE142,"Tübingen, Landkreis",6934,80-84,3000,3934
DE143,Zollernalbkreis,7066,80-84,2905,4161
DE144,"Ulm, Stadtkreis",4427,80-84,1923,2504
DE145,Alb-Donau-Kreis,6699,80-84,2839,3860
DE146,Biberach,6516,80-84,2825,3691
DE147,Bodenseekreis,9931,80-84,4308,5623
DE148,Ravensburg,10122,80-84,4459,5663
DE149,Sigmaringen,4698,80-84,1959,2739
DE2,Bayern,476314,80-84,201881,274433
DE21,Oberbayern,172656,80-84,73852,98804
DE211,"Ingolstadt, Kreisfreie Stadt",4433,80-84,1890,2543
DE212,"München, Kreisfreie Stadt",48096,80-84,20090,28006
DE213,"Rosenheim, Kreisfreie Stadt",2445,80-84,1064,1381
DE214,Altötting,4265,80-84,1759,2506
DE215,Berchtesgadener Land,4789,80-84,1984,2805
DE216,Bad Tölz-Wolfratshausen,5440,80-84,2344,3096
DE217,Dachau,5135,80-84,2237,2898
DE218,Ebersberg,5429,80-84,2334,3095
DE219,Eichstätt,4078,80-84,1818,2260
DE21A,Erding,3930,80-84,1750,2180
DE21B,Freising,5168,80-84,2324,2844
DE21C,Fürstenfeldbruck,9527,80-84,3969,5558
DE21D,Garmisch-Partenkirchen,4396,80-84,1822,2574
DE21E,Landsberg am Lech,4463,80-84,2012,2451
DE21F,Miesbach,4317,80-84,1801,2516
DE21G,Mühldorf a. Inn,4209,80-84,1833,2376
DE21H,"München, Landkreis",15398,80-84,6645,8753
DE21I,Neuburg-Schrobenhausen,3245,80-84,1397,1848
DE21J,Pfaffenhofen a. d. Ilm,3980,80-84,1796,2184
DE21K,"Rosenheim, Landkreis",10278,80-84,4428,5850
DE21L,Starnberg,6900,80-84,3025,3875
DE21M,Traunstein,7167,80-84,3043,4124
DE21N,Weilheim-Schongau,5568,80-84,2487,3081
DE22,Niederbayern,42530,80-84,18074,24456
DE221,"Landshut, Kreisfreie Stadt",2511,80-84,1024,1487
DE222,"Passau, Kreisfreie Stadt",2153,80-84,879,1274
DE223,"Straubing, Kreisfreie Stadt",1676,80-84,674,1002
DE224,Deggendorf,4013,80-84,1662,2351
DE225,Freyung-Grafenau,2622,80-84,1065,1557
DE226,Kelheim,3877,80-84,1680,2197
DE227,"Landshut, Landkreis",4991,80-84,2192,2799
DE228,"Passau, Landkreis",7269,80-84,3144,4125
DE229,Regen,2702,80-84,1098,1604
DE22A,Rottal-Inn,4370,80-84,1872,2498
DE22B,Straubing-Bogen,3322,80-84,1480,1842
DE22C,Dingolfing-Landau,3024,80-84,1304,1720
DE23,Oberpfalz,37608,80-84,15798,21810
DE231,"Amberg, Kreisfreie Stadt",1704,80-84,659,1045
DE232,"Regensburg, Kreisfreie Stadt",4529,80-84,1867,2662
DE233,"Weiden i. d. Opf, Kreisfreie Stadt",1635,80-84,655,980
DE234,Amberg-Sulzbach,3687,80-84,1563,2124
DE235,Cham,4353,80-84,1857,2496
DE236,Neumarkt i. d. OPf.,4421,80-84,1883,2538
DE237,Neustadt a. d. Waldnaab,3296,80-84,1353,1943
DE238,"Regensburg, Landkreis",6207,80-84,2724,3483
DE239,Schwandorf,4980,80-84,2084,2896
DE23A,Tirschenreuth,2796,80-84,1153,1643
DE24,Oberfranken,39766,80-84,16369,23397
DE241,"Bamberg, Kreisfreie Stadt",2660,80-84,1023,1637
DE242,"Bayreuth, Kreisfreie Stadt",2859,80-84,1146,1713
DE243,"Coburg, Kreisfreie Stadt",1644,80-84,677,967
DE244,"Hof, Kreisfreie Stadt",1865,80-84,725,1140
DE245,"Bamberg, Landkreis",4512,80-84,1929,2583
DE246,"Bayreuth, Landkreis",3908,80-84,1642,2266
DE247,"Coburg, Landkreis",3273,80-84,1345,1928
DE248,Forchheim,3946,80-84,1711,2235
DE249,"Hof, Landkreis",3969,80-84,1610,2359
DE24A,Kronach,2582,80-84,1000,1582
DE24B,Kulmbach,2765,80-84,1105,1660
DE24C,Lichtenfels,2605,80-84,1117,1488
DE24D,Wunsiedel i. Fichtelgebirge,3178,80-84,1339,1839
DE25,Mittelfranken,64322,80-84,26581,37741
DE251,"Ansbach, Kreisfreie Stadt",1481,80-84,594,887
DE252,"Erlangen, Kreisfreie Stadt",3782,80-84,1445,2337
DE253,"Fürth, Kreisfreie Stadt",4229,80-84,1721,2508
DE254,"Nürnberg, Kreisfreie Stadt",18784,80-84,7577,11207
DE255,"Schwabach, Kreisfreie Stadt",1676,80-84,718,958
DE256,"Ansbach, Landkreis",6050,80-84,2485,3565
DE257,Erlangen-Höchstadt,4910,80-84,2131,2779
DE258,"Fürth, Landkreis",4831,80-84,2052,2779
DE259,Nürnberger Land,6936,80-84,2919,4017
DE25A,Neustadt a. d. Aisch-Bad Windsheim,3414,80-84,1442,1972
DE25B,Roth,4806,80-84,2037,2769
DE25C,Weißenburg-Gunzenhausen,3423,80-84,1460,1963
DE26,Unterfranken,48207,80-84,20511,27696
DE261,"Aschaffenburg, Kreisfreie Stadt",2654,80-84,1109,1545
DE262,"Schweinfurt, Kreisfreie Stadt",2249,80-84,868,1381
DE263,"Würzburg, Kreisfreie Stadt",4831,80-84,1927,2904
DE264,"Aschaffenburg, Landkreis",6223,80-84,2758,3465
DE265,Bad Kissingen,4476,80-84,1937,2539
DE266,Rhön-Grabfeld,2846,80-84,1171,1675
DE267,Haßberge,2794,80-84,1178,1616
DE268,Kitzingen,2941,80-84,1240,1701
DE269,Miltenberg,4598,80-84,1955,2643
DE26A,Main-Spessart,4686,80-84,2063,2623
DE26B,"Schweinfurt, Landkreis",4207,80-84,1819,2388
DE26C,"Würzburg, Landkreis",5702,80-84,2486,3216
DE27,Schwaben,71225,80-84,30696,40529
DE271,"Augsburg, Kreisfreie Stadt",10200,80-84,4180,6020
DE272,"Kaufbeuren, Kreisfreie Stadt",1899,80-84,768,1131
DE273,"Kempten (Allgäu), Kreisfreie Stadt",2730,80-84,1153,1577
DE274,"Memmingen, Kreisfreie Stadt",1784,80-84,763,1021
DE275,Aichach-Friedberg,4938,80-84,2200,2738
DE276,"Augsburg, Landkreis",9744,80-84,4146,5598
DE277,Dillingen a.d. Donau,3359,80-84,1479,1880
DE278,Günzburg,4316,80-84,1864,2452
DE279,Neu-Ulm,6664,80-84,2924,3740
DE27A,Lindau (Bodensee),3685,80-84,1601,2084
DE27B,Ostallgäu,5321,80-84,2324,2997
DE27C,Unterallgäu,5425,80-84,2367,3058
DE27D,Donau-Ries,4646,80-84,2056,2590
DE27E,Oberallgäu,6514,80-84,2871,3643
DE3,Berlin,132703,80-84,54403,78300
DE30,Berlin,132703,80-84,54403,78300
DE300,Berlin,132703,80-84,54403,78300
DE4,Brandenburg,119756,80-84,49473,70283
DE40,Brandenburg,119756,80-84,49473,70283
DE401,"Brandenburg an der Havel, Kreisfreie Stadt",4229,80-84,1743,2486
DE402,"Cottbus, Kreisfreie Stadt",4991,80-84,1942,3049
DE403,"Frankfurt (Oder), Kreisfreie Stadt",2921,80-84,1150,1771
DE404,"Potsdam, Kreisfreie Stadt",7046,80-84,2830,4216
DE405,Barnim,8757,80-84,3812,4945
DE406,Dahme-Spreewald,8159,80-84,3455,4704
DE407,Elbe-Elster,5269,80-84,2132,3137
DE408,Havelland,7368,80-84,3084,4284
DE409,Märkisch-Oderland,8523,80-84,3576,4947
DE40A,Oberhavel,9535,80-84,4035,5500
DE40B,Oberspreewald-Lausitz,6322,80-84,2461,3861
DE40C,Oder-Spree,9032,80-84,3741,5291
DE40D,Ostprignitz-Ruppin,4689,80-84,1981,2708
DE40E,Potsdam-Mittelmark,9274,80-84,3915,5359
DE40F,Prignitz,4041,80-84,1618,2423
DE40G,Spree-Neiße,5996,80-84,2495,3501
DE40H,Teltow-Fläming,7333,80-84,2974,4359
DE40I,Uckermark,6271,80-84,2529,3742
DE5,Bremen,25253,80-84,10447,14806
DE50,Bremen,25253,80-84,10447,14806
DE501,"Bremen, Kreisfreie Stadt",21057,80-84,8631,12426
DE502,"Bremerhaven, Kreisfreie Stadt",4196,80-84,1816,2380
DE6,Hamburg,60453,80-84,24781,35672
DE60,Hamburg,60453,80-84,24781,35672
DE600,Hamburg,60453,80-84,24781,35672
DE7,Hessen,223813,80-84,95141,128672
DE71,Darmstadt,139906,80-84,59670,80236
DE711,"Darmstadt, Kreisfreie Stadt",5023,80-84,2087,2936
DE712,"Frankfurt am Main, Kreisfreie Stadt",19239,80-84,8091,11148
DE713,"Offenbach am Main, Kreisfreie Stadt",3362,80-84,1417,1945
DE714,"Wiesbaden, Kreisfreie Stadt",10184,80-84,4209,5975
DE715,Bergstraße,10438,80-84,4499,5939
DE716,Darmstadt-Dieburg,10772,80-84,4751,6021
DE717,Groß-Gerau,9040,80-84,3802,5238
DE718,Hochtaunuskreis,10724,80-84,4520,6204
DE719,Main-Kinzig-Kreis,15430,80-84,6675,8755
DE71A,Main-Taunus-Kreis,9397,80-84,3989,5408
DE71B,Odenwaldkreis,3736,80-84,1629,2107
DE71C,"Offenbach, Landkreis",13334,80-84,5661,7673
DE71D,Rheingau-Taunus-Kreis,7785,80-84,3393,4392
DE71E,Wetteraukreis,11442,80-84,4947,6495
DE72,Gießen,36239,80-84,15357,20882
DE721,"Gießen, Landkreis",8651,80-84,3770,4881
DE722,Lahn-Dill-Kreis,9565,80-84,3993,5572
DE723,Limburg-Weilburg,6187,80-84,2642,3545
DE724,Marburg-Biedenkopf,8024,80-84,3347,4677
DE725,Vogelsbergkreis,3812,80-84,1605,2207
DE73,Kassel,47668,80-84,20114,27554
DE731,"Kassel, Kreisfreie Stadt",6623,80-84,2650,3973
DE732,Fulda,8384,80-84,3566,4818
DE733,Hersfeld-Rotenburg,4927,80-84,2073,2854
DE734,"Kassel, Landkreis",10375,80-84,4482,5893
DE735,Schwalm-Eder-Kreis,7017,80-84,2992,4025
DE736,Waldeck-Frankenberg,6024,80-84,2535,3489
DE737,Werra-Meißner-Kreis,4318,80-84,1816,2502
DE8,Mecklenburg-Vorpommern,72381,80-84,28955,43426
DE80,Mecklenburg-Vorpommern,72381,80-84,28955,43426
DE803,"Rostock, Kreisfreie Stadt",10577,80-84,4112,6465
DE804,"Schwerin, Kreisfreie Stadt",5004,80-84,1921,3083
DE80J,Mecklenburgische Seenplatte,11461,80-84,4549,6912
DE80K,Landkreis Rostock,9529,80-84,3969,5560
DE80L,Vorpommern-Rügen,10447,80-84,4119,6328
DE80M,Nordwestmecklenburg,6486,80-84,2630,3856
DE80N,Vorpommern-Greifswald,10108,80-84,3989,6119
DE80O,Ludwigslust-Parchim,8769,80-84,3666,5103
DE9,Niedersachsen,310533,80-84,131748,178785
DE91,Braunschweig,64828,80-84,27643,37185
DE911,"Braunschweig, Kreisfreie Stadt",10075,80-84,4196,5879
DE912,"Salzgitter, Kreisfreie Stadt",4051,80-84,1698,2353
DE913,"Wolfsburg, Kreisfreie Stadt",5282,80-84,2254,3028
DE914,Gifhorn,6198,80-84,2701,3497
DE916,Goslar,6361,80-84,2712,3649
DE917,Helmstedt,3566,80-84,1536,2030
DE918,Northeim,5548,80-84,2387,3161
DE91A,Peine,5141,80-84,2211,2930
DE91B,Wolfenbüttel,5207,80-84,2259,2948
DE91C,Göttingen,13399,80-84,5689,7710
DE92,Hannover,85291,80-84,35437,49854
DE922,Diepholz,8634,80-84,3708,4926
DE923,Hameln-Pyrmont,6899,80-84,2835,4064
DE925,Hildesheim,11010,80-84,4513,6497
DE926,Holzminden,2982,80-84,1339,1643
DE927,Nienburg (Weser),4454,80-84,1823,2631
DE928,Schaumburg,7080,80-84,2987,4093
DE929,Region Hannover,44232,80-84,18232,26000
DE93,Lüneburg,69932,80-84,30281,39651
DE931,Celle,7160,80-84,3094,4066
DE932,Cuxhaven,8582,80-84,3788,4794
DE933,Harburg,11233,80-84,4863,6370
DE934,Lüchow-Dannenberg,2292,80-84,1018,1274
DE935,"Lüneburg, Landkreis",6496,80-84,2761,3735
DE936,Osterholz,4950,80-84,2118,2832
DE937,Rotenburg (Wümme),5979,80-84,2623,3356
DE938,Heidekreis,5664,80-84,2403,3261
DE939,Stade,7895,80-84,3444,4451
DE93A,Uelzen,4202,80-84,1769,2433
DE93B,Verden,5479,80-84,2400,3079
DE94,Weser-Ems,90482,80-84,38387,52095
DE941,"Delmenhorst, Kreisfreie Stadt",3190,80-84,1339,1851
DE942,"Emden, Kreisfreie Stadt",1711,80-84,712,999
DE943,"Oldenburg (Oldenburg), Kreisfreie Stadt",6002,80-84,2474,3528
DE944,"Osnabrück, Kreisfreie Stadt",5493,80-84,2219,3274
DE945,"Wilhelmshaven, Kreisfreie Stadt",3650,80-84,1514,2136
DE946,Ammerland,5364,80-84,2309,3055
DE947,Aurich,7027,80-84,2972,4055
DE948,Cloppenburg,4586,80-84,1882,2704
DE949,Emsland,10325,80-84,4408,5917
DE94A,Friesland (DE),4733,80-84,2175,2558
DE94B,Grafschaft Bentheim,4825,80-84,2072,2753
DE94C,Leer,5883,80-84,2521,3362
DE94D,"Oldenburg, Landkreis",5045,80-84,2183,2862
DE94E,"Osnabrück, Landkreis",12999,80-84,5382,7617
DE94F,Vechta,3875,80-84,1648,2227
DE94G,Wesermarsch,3606,80-84,1598,2008
DE94H,Wittmund,2168,80-84,979,1189
DEA,Nordrhein-Westfalen,645029,80-84,266308,378721
DEA1,Düsseldorf,193219,80-84,78822,114397
DEA11,"Düsseldorf, Kreisfreie Stadt",20498,80-84,8143,12355
DEA12,"Duisburg, Kreisfreie Stadt",16296,80-84,6498,9798
DEA13,"Essen, Kreisfreie Stadt",20794,80-84,8463,12331
DEA14,"Krefeld, Kreisfreie Stadt",8847,80-84,3634,5213
DEA15,"Mönchengladbach, Kreisfreie Stadt",9242,80-84,3766,5476
DEA16,"Mülheim an der Ruhr, Kreisfreie Stadt",7202,80-84,2907,4295
DEA17,"Oberhausen, Kreisfreie Stadt",7299,80-84,2945,4354
DEA18,"Remscheid, Kreisfreie Stadt",4504,80-84,1786,2718
DEA19,"Solingen, Kreisfreie Stadt",6308,80-84,2567,3741
DEA1A,"Wuppertal, Kreisfreie Stadt",13012,80-84,5188,7824
DEA1B,Kleve,10499,80-84,4389,6110
DEA1C,Mettmann,22118,80-84,9027,13091
DEA1D,Rhein-Kreis Neuss,17472,80-84,7257,10215
DEA1E,Viersen,11416,80-84,4843,6573
DEA1F,Wesel,17712,80-84,7409,10303
DEA2,Köln,156487,80-84,65618,90869
DEA22,"Bonn, Kreisfreie Stadt",10241,80-84,4110,6131
DEA23,"Köln, Kreisfreie Stadt",31586,80-84,13348,18238
DEA24,"Leverkusen, Kreisfreie Stadt",6528,80-84,2736,3792
DEA26,Düren,9515,80-84,4065,5450
DEA27,Rhein-Erft-Kreis,17255,80-84,7315,9940
DEA28,Euskirchen,7058,80-84,3042,4016
DEA29,Heinsberg,9008,80-84,3761,5247
DEA2A,Oberbergischer Kreis,9932,80-84,4095,5837
DEA2B,Rheinisch-Bergischer Kreis,12203,80-84,5103,7100
DEA2C,Rhein-Sieg-Kreis,23349,80-84,9934,13415
DEA2D,Städteregion Aachen,19812,80-84,8109,11703
DEA3,Münster,89314,80-84,36793,52521
DEA31,"Bottrop, Kreisfreie Stadt",4266,80-84,1744,2522
DEA32,"Gelsenkirchen, Kreisfreie Stadt",8226,80-84,3368,4858
DEA33,"Münster, Kreisfreie Stadt",9552,80-84,3836,5716
DEA34,Borken,11728,80-84,4937,6791
DEA35,Coesfeld,7974,80-84,3338,4636
DEA36,Recklinghausen,22728,80-84,9285,13443
DEA37,Steinfurt,14921,80-84,6065,8856
DEA38,Warendorf,9919,80-84,4220,5699
DEA4,Detmold,74320,80-84,30891,43429
DEA41,"Bielefeld, Kreisfreie Stadt",11526,80-84,4642,6884
DEA42,Gütersloh,12586,80-84,5331,7255
DEA43,Herford,9541,80-84,4035,5506
DEA44,Höxter,5375,80-84,2270,3105
DEA45,Lippe,13549,80-84,5574,7975
DEA46,Minden-Lübbecke,12011,80-84,4994,7017
DEA47,Paderborn,9732,80-84,4045,5687
DEA5,Arnsberg,131689,80-84,54184,77505
DEA51,"Bochum, Kreisfreie Stadt",13064,80-84,5343,7721
DEA52,"Dortmund, Kreisfreie Stadt",20362,80-84,8132,12230
DEA53,"Hagen, Kreisfreie Stadt",6959,80-84,2761,4198
DEA54,"Hamm, Kreisfreie Stadt",6310,80-84,2682,3628
DEA55,"Herne, Kreisfreie Stadt",5495,80-84,2259,3236
DEA56,Ennepe-Ruhr-Kreis,13010,80-84,5381,7629
DEA57,Hochsauerlandkreis,9943,80-84,4112,5831
DEA58,Märkischer Kreis,16135,80-84,6628,9507
DEA59,Olpe,4446,80-84,1850,2596
DEA5A,Siegen-Wittgenstein,9916,80-84,4133,5783
DEA5B,Soest,10982,80-84,4611,6371
DEA5C,Unna,15067,80-84,6292,8775
DEB,Rheinland-Pfalz,148723,80-84,62640,86083
DEB1,Koblenz,56763,80-84,23985,32778
DEB11,"Koblenz, Kreisfreie Stadt",4400,80-84,1769,2631
DEB12,Ahrweiler,5555,80-84,2351,3204
DEB13,Altenkirchen (Westerwald),4654,80-84,1947,2707
DEB14,Bad Kreuznach,6382,80-84,2713,3669
DEB15,Birkenfeld,3061,80-84,1321,1740
DEB17,Mayen-Koblenz,7728,80-84,3305,4423
DEB18,Neuwied,6903,80-84,2921,3982
DEB1A,Rhein-Lahn-Kreis,4727,80-84,1990,2737
DEB1B,Westerwaldkreis,7028,80-84,2999,4029
DEB1C,Cochem-Zell,2510,80-84,1064,1446
DEB1D,Rhein-Hunsrück-Kreis,3815,80-84,1605,2210
DEB2,Trier,17551,80-84,7278,10273
DEB21,"Trier, Kreisfreie Stadt",3146,80-84,1208,1938
DEB22,Bernkastel-Wittlich,3924,80-84,1596,2328
DEB23,Eifelkreis Bitburg-Prüm,3115,80-84,1351,1764
DEB24,Vulkaneifel,2314,80-84,995,1319
DEB25,Trier-Saarburg,5052,80-84,2128,2924
DEB3,Rheinhessen-Pfalz,74409,80-84,31377,43032
DEB31,"Frankenthal (Pfalz), Kreisfreie Stadt",2048,80-84,852,1196
DEB32,"Kaiserslautern, Kreisfreie Stadt",3689,80-84,1509,2180
DEB33,"Landau in der Pfalz, Kreisfreie Stadt",1608,80-84,679,929
DEB34,"Ludwigshafen am Rhein, Kreisfreie Stadt",5632,80-84,2336,3296
DEB35,"Mainz, Kreisfreie Stadt",7016,80-84,3033,3983
DEB36,"Neustadt an der Weinstraße, Kreisfreie Stadt",2299,80-84,917,1382
DEB37,"Pirmasens, Kreisfreie Stadt",1732,80-84,693,1039
DEB38,"Speyer, Kreisfreie Stadt",1969,80-84,735,1234
DEB39,"Worms, Kreisfreie Stadt",2735,80-84,1140,1595
DEB3A,"Zweibrücken, Kreisfreie Stadt",1366,80-84,555,811
DEB3B,Alzey-Worms,3938,80-84,1655,2283
DEB3C,Bad Dürkheim,5558,80-84,2413,3145
DEB3D,Donnersbergkreis,2554,80-84,1110,1444
DEB3E,Germersheim,4286,80-84,1917,2369
DEB3F,"Kaiserslautern, Landkreis",3699,80-84,1501,2198
DEB3G,Kusel,2590,80-84,1059,1531
DEB3H,Südliche Weinstraße,4309,80-84,1828,2481
DEB3I,Rhein-Pfalz-Kreis,6270,80-84,2707,3563
DEB3J,Mainz-Bingen,7365,80-84,3122,4243
DEB3K,Südwestpfalz,3746,80-84,1616,2130
DEC,Saarland,38983,80-84,15851,23132
DEC0,Saarland,38983,80-84,15851,23132
DEC01,Regionalverband Saarbrücken,12249,80-84,5046,7203
DEC02,Merzig-Wadern,4019,80-84,1572,2447
DEC03,Neunkirchen,5254,80-84,2074,3180
DEC04,Saarlouis,7932,80-84,3171,4761
DEC05,Saarpfalz-Kreis,5968,80-84,2461,3507
DEC06,St. Wendel,3561,80-84,1527,2034
DED,Sachsen,203211,80-84,82342,120869
DED2,Dresden,81973,80-84,33547,48426
DED21,"Dresden, Kreisfreie Stadt",25868,80-84,10547,15321
DED2C,Bautzen,15455,80-84,6310,9145
DED2D,Görlitz,14207,80-84,5782,8425
DED2E,Meißen,13232,80-84,5373,7859
DED2F,Sächsische Schweiz-Osterzgebirge,13211,80-84,5535,7676
DED4,Chemnitz,74532,80-84,29994,44538
DED41,"Chemnitz, Kreisfreie Stadt",13371,80-84,5355,8016
DED42,Erzgebirgskreis,16167,80-84,6464,9703
DED43,Mittelsachsen,15415,80-84,6288,9127
DED44,Vogtlandkreis,12619,80-84,5037,7582
DED45,Zwickau,16960,80-84,6850,10110
DED5,Leipzig,46706,80-84,18801,27905
DED51,"Leipzig, Kreisfreie Stadt",24183,80-84,9604,14579
DED52,Leipzig,12921,80-84,5292,7629
DED53,Nordsachsen,9602,80-84,3905,5697
DEE,Sachsen-Anhalt,108321,80-84,43427,64894
DEE0,Sachsen-Anhalt,108321,80-84,43427,64894
DEE01,"Dessau-Roßlau, Kreisfreie Stadt",4953,80-84,2086,2867
DEE02,"Halle (Saale), Kreisfreie Stadt",11339,80-84,4540,6799
DEE03,"Magdeburg, Kreisfreie Stadt",11731,80-84,4707,7024
DEE04,Altmarkkreis Salzwedel,3556,80-84,1420,2136
DEE05,Anhalt-Bitterfeld,8153,80-84,3202,4951
DEE06,Jerichower Land,4221,80-84,1675,2546
DEE07,Börde,6859,80-84,2774,4085
DEE08,Burgenlandkreis,9338,80-84,3773,5565
DEE09,Harz,11056,80-84,4458,6598
DEE0A,Mansfeld-Südharz,7254,80-84,2922,4332
DEE0B,Saalekreis,8384,80-84,3502,4882
DEE0C,Salzlandkreis,9725,80-84,3761,5964
DEE0D,Stendal,4947,80-84,1969,2978
DEE0E,Wittenberg,6805,80-84,2638,4167
DEF,Schleswig-Holstein,126669,80-84,54261,72408
DEF0,Schleswig-Holstein,126669,80-84,54261,72408
DEF01,"Flensburg, Kreisfreie Stadt",3412,80-84,1415,1997
DEF02,"Kiel, Kreisfreie Stadt",8721,80-84,3698,5023
DEF03,"Lübeck, Kreisfreie Stadt",9484,80-84,3784,5700
DEF04,"Neumünster, Kreisfreie Stadt",3305,80-84,1379,1926
DEF05,Dithmarschen,5965,80-84,2631,3334
DEF06,Herzogtum Lauenburg,8596,80-84,3658,4938
DEF07,Nordfriesland,7416,80-84,3195,4221
DEF08,Ostholstein,10432,80-84,4591,5841
DEF09,Pinneberg,13734,80-84,5726,8008
DEF0A,Plön,6699,80-84,2911,3788
DEF0B,Rendsburg-Eckernförde,12005,80-84,5188,6817
DEF0C,Schleswig-Flensburg,8828,80-84,4004,4824
DEF0D,Segeberg,11463,80-84,4929,6534
DEF0E,Steinburg,5557,80-84,2379,3178
DEF0F,Stormarn,11052,80-84,4773,6279
DEG,Thüringen,102206,80-84,41390,60816
DEG0,Thüringen,102206,80-84,41390,60816
DEG01,"Erfurt, Kreisfreie Stadt",9432,80-84,3905,5527
DEG02,"Gera, Kreisfreie Stadt",5169,80-84,2057,3112
DEG03,"Jena, Kreisfreie Stadt",5317,80-84,2175,3142
DEG04,"Suhl, Kreisfreie Stadt (NUTS 2021)",:,80-84,:,:
DEG05,"Weimar, Kreisfreie Stadt",2975,80-84,1211,1764
DEG06,Eichsfeld,4558,80-84,1888,2670
DEG07,Nordhausen,4191,80-84,1737,2454
DEG09,Unstrut-Hainich-Kreis,4447,80-84,1776,2671
DEG0A,Kyffhäuserkreis,3571,80-84,1432,2139
DEG0B,Schmalkalden-Meiningen (NUTS 2021),:,80-84,:,:
DEG0C,Gotha,6480,80-84,2617,3863
DEG0D,Sömmerda,2869,80-84,1204,1665
DEG0E,Hildburghausen,2681,80-84,1090,1591
DEG0F,Ilm-Kreis (NUTS 2021),:,80-84,:,:
DEG0G,Weimarer Land,3313,80-84,1380,1933
DEG0H,Sonneberg (NUTS 2021),:,80-84,:,:
DEG0I,Saalfeld-Rudolstadt (NUTS 2021),:,80-84,:,:
DEG0J,Saale-Holzland-Kreis,4042,80-84,1732,2310
DEG0K,Saale-Orla-Kreis,3644,80-84,1486,2158
DEG0L,Greiz,5212,80-84,2107,3105
DEG0M,Altenburger Land,5104,80-84,2059,3045
DEG0N,"Eisenach, Kreisfreie Stadt (NUTS 2021)",:,80-84,:,:
DEG0P,Wartburgkreis (NUTS 2021),:,80-84,:,:
DEG0Q,Schmalkalden-Meiningen,5965,80-84,2341,3624
DEG0R,Wartburgkreis,7454,80-84,2965,4489
DEG0S,"Suhl, Kreisfreie Stadt",2118,80-84,890,1228
DEG0T,Ilm-Kreis,5330,80-84,2147,3183
DEG0U,Saalfeld-Rudolstadt,5527,80-84,2103,3424
DEG0V,Sonneberg,2807,80-84,1088,1719
DE,Germany,2022499,85-89,754258,1268241
DE1,Baden-Württemberg,260761,85-89,101040,159721
DE11,Stuttgart,96253,85-89,37614,58639
DE111,"Stuttgart, Stadtkreis",13506,85-89,5320,8186
DE112,Böblingen,9096,85-89,3699,5397
DE113,Esslingen,13062,85-89,5203,7859
DE114,Göppingen,6569,85-89,2554,4015
DE115,Ludwigsburg,12248,85-89,4745,7503
DE116,Rems-Murr-Kreis,10962,85-89,4318,6644
DE117,"Heilbronn, Stadtkreis",2979,85-89,1102,1877
DE118,"Heilbronn, Landkreis",7428,85-89,2916,4512
DE119,Hohenlohekreis,2437,85-89,903,1534
DE11A,Schwäbisch Hall,3980,85-89,1496,2484
DE11B,Main-Tauber-Kreis,3355,85-89,1285,2070
DE11C,Heidenheim,3470,85-89,1327,2143
DE11D,Ostalbkreis,7161,85-89,2746,4415
DE12,Karlsruhe,66466,85-89,25542,40924
DE121,"Baden-Baden, Stadtkreis",1893,85-89,766,1127
DE122,"Karlsruhe, Stadtkreis",6833,85-89,2585,4248
DE123,"Karlsruhe, Landkreis",10980,85-89,4260,6720
DE124,Rastatt,5889,85-89,2214,3675
DE125,"Heidelberg, Stadtkreis",2682,85-89,1018,1664
DE126,"Mannheim, Stadtkreis",6364,85-89,2504,3860
DE127,Neckar-Odenwald-Kreis,3531,85-89,1356,2175
DE128,Rhein-Neckar-Kreis,13508,85-89,5326,8182
DE129,"Pforzheim, Stadtkreis",3158,85-89,1122,2036
DE12A,Calw,3811,85-89,1443,2368
DE12B,Enzkreis,4913,85-89,1902,3011
DE12C,Freudenstadt,2904,85-89,1046,1858
DE13,Freiburg,54809,85-89,21318,33491
DE131,"Freiburg im Breisgau, Stadtkreis",4418,85-89,1690,2728
DE132,Breisgau-Hochschwarzwald,6722,85-89,2757,3965
DE133,Emmendingen,3831,85-89,1447,2384
DE134,Ortenaukreis,10615,85-89,4078,6537
DE135,Rottweil,3424,85-89,1314,2110
DE136,Schwarzwald-Baar-Kreis,5760,85-89,2214,3546
DE137,Tuttlingen,3316,85-89,1285,2031
DE138,Konstanz,7166,85-89,2820,4346
DE139,Lörrach,5617,85-89,2200,3417
DE13A,Waldshut,3940,85-89,1513,2427
DE14,Tübingen,43233,85-89,16566,26667
DE141,Reutlingen,7139,85-89,2717,4422
DE142,"Tübingen, Landkreis",4565,85-89,1712,2853
DE143,Zollernalbkreis,4983,85-89,1819,3164
DE144,"Ulm, Stadtkreis",2754,85-89,1048,1706
DE145,Alb-Donau-Kreis,4251,85-89,1655,2596
DE146,Biberach,4294,85-89,1648,2646
DE147,Bodenseekreis,5759,85-89,2306,3453
DE148,Ravensburg,6411,85-89,2522,3889
DE149,Sigmaringen,3077,85-89,1139,1938
DE2,Bayern,291494,85-89,110302,181192
DE21,Oberbayern,100706,85-89,39502,61204
DE211,"Ingolstadt, Kreisfreie Stadt",2726,85-89,1019,1707
DE212,"München, Kreisfreie Stadt",27998,85-89,10623,17375
DE213,"Rosenheim, Kreisfreie Stadt",1368,85-89,506,862
DE214,Altötting,2652,85-89,955,1697
DE215,Berchtesgadener Land,2776,85-89,1049,1727
DE216,Bad Tölz-Wolfratshausen,3122,85-89,1253,1869
DE217,Dachau,3025,85-89,1161,1864
DE218,Ebersberg,3050,85-89,1237,1813
DE219,Eichstätt,2669,85-89,1060,1609
DE21A,Erding,2512,85-89,971,1541
DE21B,Freising,2930,85-89,1151,1779
DE21C,Fürstenfeldbruck,5439,85-89,2198,3241
DE21D,Garmisch-Partenkirchen,2701,85-89,1057,1644
DE21E,Landsberg am Lech,2584,85-89,1022,1562
DE21F,Miesbach,2511,85-89,1011,1500
DE21G,Mühldorf a. Inn,2435,85-89,911,1524
DE21H,"München, Landkreis",8694,85-89,3642,5052
DE21I,Neuburg-Schrobenhausen,1949,85-89,739,1210
DE21J,Pfaffenhofen a. d. Ilm,2475,85-89,996,1479
DE21K,"Rosenheim, Landkreis",5815,85-89,2320,3495
DE21L,Starnberg,3638,85-89,1522,2116
DE21M,Traunstein,4320,85-89,1715,2605
DE21N,Weilheim-Schongau,3317,85-89,1384,1933
DE22,Niederbayern,26015,85-89,9442,16573
DE221,"Landshut, Kreisfreie Stadt",1516,85-89,555,961
DE222,"Passau, Kreisfreie Stadt",1179,85-89,434,745
DE223,"Straubing, Kreisfreie Stadt",1068,85-89,363,705
DE224,Deggendorf,2442,85-89,880,1562
DE225,Freyung-Grafenau,1708,85-89,588,1120
DE226,Kelheim,2360,85-89,895,1465
DE227,"Landshut, Landkreis",2998,85-89,1146,1852
DE228,"Passau, Landkreis",4312,85-89,1553,2759
DE229,Regen,1803,85-89,629,1174
DE22A,Rottal-Inn,2670,85-89,987,1683
DE22B,Straubing-Bogen,2015,85-89,706,1309
DE22C,Dingolfing-Landau,1944,85-89,706,1238
DE23,Oberpfalz,23699,85-89,8762,14937
DE231,"Amberg, Kreisfreie Stadt",1138,85-89,411,727
DE232,"Regensburg, Kreisfreie Stadt",2811,85-89,1046,1765
DE233,"Weiden i. d. Opf, Kreisfreie Stadt",1082,85-89,390,692
DE234,Amberg-Sulzbach,2405,85-89,927,1478
DE235,Cham,2819,85-89,1037,1782
DE236,Neumarkt i. d. OPf.,2708,85-89,969,1739
DE237,Neustadt a. d. Waldnaab,2108,85-89,800,1308
DE238,"Regensburg, Landkreis",3716,85-89,1452,2264
DE239,Schwandorf,3132,85-89,1105,2027
DE23A,Tirschenreuth,1780,85-89,625,1155
DE24,Oberfranken,26087,85-89,9088,16999
DE241,"Bamberg, Kreisfreie Stadt",1669,85-89,562,1107
DE242,"Bayreuth, Kreisfreie Stadt",1798,85-89,608,1190
DE243,"Coburg, Kreisfreie Stadt",1053,85-89,370,683
DE244,"Hof, Kreisfreie Stadt",1203,85-89,396,807
DE245,"Bamberg, Landkreis",2990,85-89,1035,1955
DE246,"Bayreuth, Landkreis",2455,85-89,843,1612
DE247,"Coburg, Landkreis",2168,85-89,767,1401
DE248,Forchheim,2505,85-89,932,1573
DE249,"Hof, Landkreis",2696,85-89,983,1713
DE24A,Kronach,1826,85-89,626,1200
DE24B,Kulmbach,1908,85-89,651,1257
DE24C,Lichtenfels,1718,85-89,591,1127
DE24D,Wunsiedel i. Fichtelgebirge,2098,85-89,724,1374
DE25,Mittelfranken,40259,85-89,14874,25385
DE251,"Ansbach, Kreisfreie Stadt",972,85-89,378,594
DE252,"Erlangen, Kreisfreie Stadt",2524,85-89,923,1601
DE253,"Fürth, Kreisfreie Stadt",2498,85-89,875,1623
DE254,"Nürnberg, Kreisfreie Stadt",11948,85-89,4233,7715
DE255,"Schwabach, Kreisfreie Stadt",973,85-89,366,607
DE256,"Ansbach, Landkreis",4049,85-89,1494,2555
DE257,Erlangen-Höchstadt,2823,85-89,1060,1763
DE258,"Fürth, Landkreis",2967,85-89,1122,1845
DE259,Nürnberger Land,4014,85-89,1552,2462
DE25A,Neustadt a. d. Aisch-Bad Windsheim,2223,85-89,832,1391
DE25B,Roth,3005,85-89,1169,1836
DE25C,Weißenburg-Gunzenhausen,2263,85-89,870,1393
DE26,Unterfranken,32538,85-89,12372,20166
DE261,"Aschaffenburg, Kreisfreie Stadt",1612,85-89,570,1042
DE262,"Schweinfurt, Kreisfreie Stadt",1522,85-89,539,983
DE263,"Würzburg, Kreisfreie Stadt",3418,85-89,1248,2170
DE264,"Aschaffenburg, Landkreis",4224,85-89,1675,2549
DE265,Bad Kissingen,3006,85-89,1189,1817
DE266,Rhön-Grabfeld,1997,85-89,737,1260
DE267,Haßberge,1844,85-89,705,1139
DE268,Kitzingen,2034,85-89,695,1339
DE269,Miltenberg,3039,85-89,1185,1854
DE26A,Main-Spessart,3424,85-89,1263,2161
DE26B,"Schweinfurt, Landkreis",2770,85-89,1093,1677
DE26C,"Würzburg, Landkreis",3648,85-89,1473,2175
DE27,Schwaben,42190,85-89,16262,25928
DE271,"Augsburg, Kreisfreie Stadt",6480,85-89,2304,4176
DE272,"Kaufbeuren, Kreisfreie Stadt",1106,85-89,427,679
DE273,"Kempten (Allgäu), Kreisfreie Stadt",1579,85-89,584,995
DE274,"Memmingen, Kreisfreie Stadt",1032,85-89,423,609
DE275,Aichach-Friedberg,2904,85-89,1118,1786
DE276,"Augsburg, Landkreis",5493,85-89,2130,3363
DE277,Dillingen a.d. Donau,2084,85-89,802,1282
DE278,Günzburg,2606,85-89,989,1617
DE279,Neu-Ulm,3871,85-89,1530,2341
DE27A,Lindau (Bodensee),2055,85-89,810,1245
DE27B,Ostallgäu,2981,85-89,1222,1759
DE27C,Unterallgäu,3232,85-89,1244,1988
DE27D,Donau-Ries,2851,85-89,1088,1763
DE27E,Oberallgäu,3916,85-89,1591,2325
DE3,Berlin,78013,85-89,28502,49511
DE30,Berlin,78013,85-89,28502,49511
DE300,Berlin,78013,85-89,28502,49511
DE4,Brandenburg,73123,85-89,26578,46545
DE40,Brandenburg,73123,85-89,26578,46545
DE401,"Brandenburg an der Havel, Kreisfreie Stadt",2593,85-89,944,1649
DE402,"Cottbus, Kreisfreie Stadt",3070,85-89,1128,1942
DE403,"Frankfurt (Oder), Kreisfreie Stadt",1857,85-89,685,1172
DE404,"Potsdam, Kreisfreie Stadt",4527,85-89,1593,2934
DE405,Barnim,5022,85-89,1909,3113
DE406,Dahme-Spreewald,4956,85-89,1864,3092
DE407,Elbe-Elster,3220,85-89,1160,2060
DE408,Havelland,4136,85-89,1543,2593
DE409,Märkisch-Oderland,5557,85-89,1985,3572
DE40A,Oberhavel,5817,85-89,2149,3668
DE40B,Oberspreewald-Lausitz,3655,85-89,1257,2398
DE40C,Oder-Spree,5783,85-89,2083,3700
DE40D,Ostprignitz-Ruppin,2873,85-89,987,1886
DE40E,Potsdam-Mittelmark,5683,85-89,2080,3603
DE40F,Prignitz,2544,85-89,925,1619
DE40G,Spree-Neiße,3486,85-89,1266,2220
DE40H,Teltow-Fläming,4497,85-89,1618,2879
DE40I,Uckermark,3847,85-89,1402,2445
DE5,Bremen,16136,85-89,5849,10287
DE50,Bremen,16136,85-89,5849,10287
DE501,"Bremen, Kreisfreie Stadt",13538,85-89,4912,8626
DE502,"Bremerhaven, Kreisfreie Stadt",2598,85-89,937,1661
DE6,Hamburg,38034,85-89,13792,24242
DE60,Hamburg,38034,85-89,13792,24242
DE600,Hamburg,38034,85-89,13792,24242
DE7,Hessen,140807,85-89,53394,87413
DE71,Darmstadt,86108,85-89,32912,53196
DE711,"Darmstadt, Kreisfreie Stadt",2982,85-89,1136,1846
DE712,"Frankfurt am Main, Kreisfreie Stadt",11833,85-89,4285,7548
DE713,"Offenbach am Main, Kreisfreie Stadt",2147,85-89,763,1384
DE714,"Wiesbaden, Kreisfreie Stadt",6237,85-89,2363,3874
DE715,Bergstraße,6620,85-89,2585,4035
DE716,Darmstadt-Dieburg,6484,85-89,2551,3933
DE717,Groß-Gerau,5405,85-89,2102,3303
DE718,Hochtaunuskreis,6460,85-89,2481,3979
DE719,Main-Kinzig-Kreis,9517,85-89,3717,5800
DE71A,Main-Taunus-Kreis,5853,85-89,2311,3542
DE71B,Odenwaldkreis,2417,85-89,891,1526
DE71C,"Offenbach, Landkreis",8365,85-89,3274,5091
DE71D,Rheingau-Taunus-Kreis,4565,85-89,1770,2795
DE71E,Wetteraukreis,7223,85-89,2683,4540
DE72,Gießen,23876,85-89,8858,15018
DE721,"Gießen, Landkreis",5544,85-89,2076,3468
DE722,Lahn-Dill-Kreis,6028,85-89,2193,3835
DE723,Limburg-Weilburg,4021,85-89,1503,2518
DE724,Marburg-Biedenkopf,5368,85-89,1981,3387
DE725,Vogelsbergkreis,2915,85-89,1105,1810
DE73,Kassel,30823,85-89,11624,19199
DE731,"Kassel, Kreisfreie Stadt",4324,85-89,1560,2764
DE732,Fulda,5469,85-89,2075,3394
DE733,Hersfeld-Rotenburg,3297,85-89,1234,2063
DE734,"Kassel, Landkreis",6347,85-89,2464,3883
DE735,Schwalm-Eder-Kreis,4585,85-89,1778,2807
DE736,Waldeck-Frankenberg,4045,85-89,1494,2551
DE737,Werra-Meißner-Kreis,2756,85-89,1019,1737
DE8,Mecklenburg-Vorpommern,45991,85-89,16031,29960
DE80,Mecklenburg-Vorpommern,45991,85-89,16031,29960
DE803,"Rostock, Kreisfreie Stadt",6643,85-89,2423,4220
DE804,"Schwerin, Kreisfreie Stadt",3163,85-89,1099,2064
DE80J,Mecklenburgische Seenplatte,7572,85-89,2485,5087
DE80K,Landkreis Rostock,5637,85-89,2064,3573
DE80L,Vorpommern-Rügen,6699,85-89,2344,4355
DE80M,Nordwestmecklenburg,4138,85-89,1491,2647
DE80N,Vorpommern-Greifswald,6743,85-89,2308,4435
DE80O,Ludwigslust-Parchim,5396,85-89,1817,3579
DE9,Niedersachsen,199141,85-89,75005,124136
DE91,Braunschweig,41988,85-89,15992,25996
DE911,"Braunschweig, Kreisfreie Stadt",6378,85-89,2351,4027
DE912,"Salzgitter, Kreisfreie Stadt",2671,85-89,994,1677
DE913,"Wolfsburg, Kreisfreie Stadt",3706,85-89,1453,2253
DE914,Gifhorn,3828,85-89,1482,2346
DE916,Goslar,4043,85-89,1505,2538
DE917,Helmstedt,2412,85-89,850,1562
DE918,Northeim,3799,85-89,1438,2361
DE91A,Peine,3357,85-89,1338,2019
DE91B,Wolfenbüttel,3258,85-89,1277,1981
DE91C,Göttingen,8536,85-89,3304,5232
DE92,Hannover,56941,85-89,21345,35596
DE922,Diepholz,5638,85-89,2196,3442
DE923,Hameln-Pyrmont,4590,85-89,1723,2867
DE925,Hildesheim,7435,85-89,2769,4666
DE926,Holzminden,2047,85-89,862,1185
DE927,Nienburg (Weser),3111,85-89,1142,1969
DE928,Schaumburg,4672,85-89,1675,2997
DE929,Region Hannover,29448,85-89,10978,18470
DE93,Lüneburg,42926,85-89,16351,26575
DE931,Celle,4347,85-89,1585,2762
DE932,Cuxhaven,5291,85-89,2057,3234
DE933,Harburg,6721,85-89,2649,4072
DE934,Lüchow-Dannenberg,1481,85-89,535,946
DE935,"Lüneburg, Landkreis",3882,85-89,1387,2495
DE936,Osterholz,2854,85-89,1118,1736
DE937,Rotenburg (Wümme),3775,85-89,1494,2281
DE938,Heidekreis,3720,85-89,1404,2316
DE939,Stade,4830,85-89,1841,2989
DE93A,Uelzen,2763,85-89,1034,1729
DE93B,Verden,3262,85-89,1247,2015
DE94,Weser-Ems,57286,85-89,21317,35969
DE941,"Delmenhorst, Kreisfreie Stadt",1981,85-89,780,1201
DE942,"Emden, Kreisfreie Stadt",1099,85-89,395,704
DE943,"Oldenburg (Oldenburg), Kreisfreie Stadt",3588,85-89,1298,2290
DE944,"Osnabrück, Kreisfreie Stadt",3627,85-89,1278,2349
DE945,"Wilhelmshaven, Kreisfreie Stadt",2306,85-89,891,1415
DE946,Ammerland,3245,85-89,1294,1951
DE947,Aurich,4228,85-89,1515,2713
DE948,Cloppenburg,2981,85-89,1065,1916
DE949,Emsland,6437,85-89,2422,4015
DE94A,Friesland (DE),2961,85-89,1145,1816
DE94B,Grafschaft Bentheim,3118,85-89,1182,1936
DE94C,Leer,3621,85-89,1331,2290
DE94D,"Oldenburg, Landkreis",3170,85-89,1254,1916
DE94E,"Osnabrück, Landkreis",8657,85-89,3167,5490
DE94F,Vechta,2557,85-89,928,1629
DE94G,Wesermarsch,2299,85-89,871,1428
DE94H,Wittmund,1411,85-89,501,910
DEA,Nordrhein-Westfalen,428278,85-89,157727,270551
DEA1,Düsseldorf,128529,85-89,47032,81497
DEA11,"Düsseldorf, Kreisfreie Stadt",13450,85-89,4848,8602
DEA12,"Duisburg, Kreisfreie Stadt",11566,85-89,4072,7494
DEA13,"Essen, Kreisfreie Stadt",14122,85-89,4922,9200
DEA14,"Krefeld, Kreisfreie Stadt",5696,85-89,2103,3593
DEA15,"Mönchengladbach, Kreisfreie Stadt",5988,85-89,2176,3812
DEA16,"Mülheim an der Ruhr, Kreisfreie Stadt",4798,85-89,1771,3027
DEA17,"Oberhausen, Kreisfreie Stadt",5283,85-89,1909,3374
DEA18,"Remscheid, Kreisfreie Stadt",2779,85-89,1067,1712
DEA19,"Solingen, Kreisfreie Stadt",4329,85-89,1543,2786
DEA1A,"Wuppertal, Kreisfreie Stadt",8531,85-89,3108,5423
DEA1B,Kleve,6910,85-89,2554,4356
DEA1C,Mettmann,14340,85-89,5449,8891
DEA1D,Rhein-Kreis Neuss,11506,85-89,4332,7174
DEA1E,Viersen,7347,85-89,2797,4550
DEA1F,Wesel,11884,85-89,4381,7503
DEA2,Köln,101552,85-89,38727,62825
DEA22,"Bonn, Kreisfreie Stadt",6827,85-89,2444,4383
DEA23,"Köln, Kreisfreie Stadt",19844,85-89,7495,12349
DEA24,"Leverkusen, Kreisfreie Stadt",4615,85-89,1759,2856
DEA26,Düren,6270,85-89,2406,3864
DEA27,Rhein-Erft-Kreis,11098,85-89,4277,6821
DEA28,Euskirchen,4512,85-89,1711,2801
DEA29,Heinsberg,5906,85-89,2202,3704
DEA2A,Oberbergischer Kreis,6659,85-89,2521,4138
DEA2B,Rheinisch-Bergischer Kreis,7977,85-89,3141,4836
DEA2C,Rhein-Sieg-Kreis,14724,85-89,5824,8900
DEA2D,Städteregion Aachen,13120,85-89,4947,8173
DEA3,Münster,59724,85-89,21295,38429
DEA31,"Bottrop, Kreisfreie Stadt",3015,85-89,983,2032
DEA32,"Gelsenkirchen, Kreisfreie Stadt",5570,85-89,1832,3738
DEA33,"Münster, Kreisfreie Stadt",6371,85-89,2277,4094
DEA34,Borken,7887,85-89,2930,4957
DEA35,Coesfeld,5113,85-89,1893,3220
DEA36,Recklinghausen,15111,85-89,5301,9810
DEA37,Steinfurt,10003,85-89,3629,6374
DEA38,Warendorf,6654,85-89,2450,4204
DEA4,Detmold,50882,85-89,18815,32067
DEA41,"Bielefeld, Kreisfreie Stadt",7937,85-89,2931,5006
DEA42,Gütersloh,8241,85-89,3044,5197
DEA43,Herford,6777,85-89,2513,4264
DEA44,Höxter,3709,85-89,1353,2356
DEA45,Lippe,9432,85-89,3501,5931
DEA46,Minden-Lübbecke,8325,85-89,3136,5189
DEA47,Paderborn,6461,85-89,2337,4124
DEA5,Arnsberg,87591,85-89,31858,55733
DEA51,"Bochum, Kreisfreie Stadt",8871,85-89,3162,5709
DEA52,"Dortmund, Kreisfreie Stadt",13505,85-89,4948,8557
DEA53,"Hagen, Kreisfreie Stadt",4557,85-89,1629,2928
DEA54,"Hamm, Kreisfreie Stadt",4039,85-89,1437,2602
DEA55,"Herne, Kreisfreie Stadt",3749,85-89,1290,2459
DEA56,Ennepe-Ruhr-Kreis,8591,85-89,3099,5492
DEA57,Hochsauerlandkreis,6758,85-89,2408,4350
DEA58,Märkischer Kreis,10530,85-89,3929,6601
DEA59,Olpe,2865,85-89,1045,1820
DEA5A,Siegen-Wittgenstein,6768,85-89,2570,4198
DEA5B,Soest,7461,85-89,2760,4701
DEA5C,Unna,9897,85-89,3581,6316
DEB,Rheinland-Pfalz,98359,85-89,37250,61109
DEB1,Koblenz,38080,85-89,14368,23712
DEB11,"Koblenz, Kreisfreie Stadt",2953,85-89,1066,1887
DEB12,Ahrweiler,3686,85-89,1446,2240
DEB13,Altenkirchen (Westerwald),3247,85-89,1156,2091
DEB14,Bad Kreuznach,4015,85-89,1553,2462
DEB15,Birkenfeld,2261,85-89,851,1410
DEB17,Mayen-Koblenz,5123,85-89,1978,3145
DEB18,Neuwied,4772,85-89,1805,2967
DEB1A,Rhein-Lahn-Kreis,3074,85-89,1169,1905
DEB1B,Westerwaldkreis,4738,85-89,1759,2979
DEB1C,Cochem-Zell,1685,85-89,627,1058
DEB1D,Rhein-Hunsrück-Kreis,2526,85-89,958,1568
DEB2,Trier,12298,85-89,4582,7716
DEB21,"Trier, Kreisfreie Stadt",2311,85-89,810,1501
DEB22,Bernkastel-Wittlich,2926,85-89,1086,1840
DEB23,Eifelkreis Bitburg-Prüm,2174,85-89,825,1349
DEB24,Vulkaneifel,1595,85-89,655,940
DEB25,Trier-Saarburg,3292,85-89,1206,2086
DEB3,Rheinhessen-Pfalz,47981,85-89,18300,29681
DEB31,"Frankenthal (Pfalz), Kreisfreie Stadt",1364,85-89,525,839
DEB32,"Kaiserslautern, Kreisfreie Stadt",2194,85-89,812,1382
DEB33,"Landau in der Pfalz, Kreisfreie Stadt",1041,85-89,380,661
DEB34,"Ludwigshafen am Rhein, Kreisfreie Stadt",3748,85-89,1420,2328
DEB35,"Mainz, Kreisfreie Stadt",4399,85-89,1676,2723
DEB36,"Neustadt an der Weinstraße, Kreisfreie Stadt",1556,85-89,588,968
DEB37,"Pirmasens, Kreisfreie Stadt",1147,85-89,377,770
DEB38,"Speyer, Kreisfreie Stadt",1246,85-89,470,776
DEB39,"Worms, Kreisfreie Stadt",1806,85-89,686,1120
DEB3A,"Zweibrücken, Kreisfreie Stadt",879,85-89,357,522
DEB3B,Alzey-Worms,2608,85-89,983,1625
DEB3C,Bad Dürkheim,3442,85-89,1352,2090
DEB3D,Donnersbergkreis,1701,85-89,637,1064
DEB3E,Germersheim,2761,85-89,1074,1687
DEB3F,"Kaiserslautern, Landkreis",2415,85-89,883,1532
DEB3G,Kusel,1769,85-89,652,1117
DEB3H,Südliche Weinstraße,2759,85-89,1081,1678
DEB3I,Rhein-Pfalz-Kreis,4048,85-89,1648,2400
DEB3J,Mainz-Bingen,4374,85-89,1660,2714
DEB3K,Südwestpfalz,2724,85-89,1039,1685
DEC,Saarland,26966,85-89,9758,17208
DEC0,Saarland,26966,85-89,9758,17208
DEC01,Regionalverband Saarbrücken,8302,85-89,2942,5360
DEC02,Merzig-Wadern,2734,85-89,974,1760
DEC03,Neunkirchen,3679,85-89,1333,2346
DEC04,Saarlouis,5592,85-89,2031,3561
DEC05,Saarpfalz-Kreis,4252,85-89,1566,2686
DEC06,St. Wendel,2407,85-89,912,1495
DED,Sachsen,124451,85-89,45657,78794
DED2,Dresden,50453,85-89,18953,31500
DED21,"Dresden, Kreisfreie Stadt",15838,85-89,6134,9704
DED2C,Bautzen,9855,85-89,3598,6257
DED2D,Görlitz,8543,85-89,3093,5450
DED2E,Meißen,8108,85-89,3057,5051
DED2F,Sächsische Schweiz-Osterzgebirge,8109,85-89,3071,5038
DED4,Chemnitz,45595,85-89,16238,29357
DED41,"Chemnitz, Kreisfreie Stadt",7795,85-89,2891,4904
DED42,Erzgebirgskreis,10331,85-89,3532,6799
DED43,Mittelsachsen,9719,85-89,3552,6167
DED44,Vogtlandkreis,7612,85-89,2693,4919
DED45,Zwickau,10138,85-89,3570,6568
DED5,Leipzig,28403,85-89,10466,17937
DED51,"Leipzig, Kreisfreie Stadt",14983,85-89,5531,9452
DED52,Leipzig,7672,85-89,2855,4817
DED53,Nordsachsen,5748,85-89,2080,3668
DEE,Sachsen-Anhalt,63451,85-89,22008,41443
DEE0,Sachsen-Anhalt,63451,85-89,22008,41443
DEE01,"Dessau-Roßlau, Kreisfreie Stadt",3067,85-89,1147,1920
DEE02,"Halle (Saale), Kreisfreie Stadt",6295,85-89,2170,4125
DEE03,"Magdeburg, Kreisfreie Stadt",6906,85-89,2495,4411
DEE04,Altmarkkreis Salzwedel,2292,85-89,752,1540
DEE05,Anhalt-Bitterfeld,4662,85-89,1671,2991
DEE06,Jerichower Land,2649,85-89,897,1752
DEE07,Börde,4190,85-89,1398,2792
DEE08,Burgenlandkreis,5499,85-89,1881,3618
DEE09,Harz,6506,85-89,2250,4256
DEE0A,Mansfeld-Südharz,4269,85-89,1475,2794
DEE0B,Saalekreis,4578,85-89,1639,2939
DEE0C,Salzlandkreis,5523,85-89,1794,3729
DEE0D,Stendal,3054,85-89,1065,1989
DEE0E,Wittenberg,3961,85-89,1374,2587
DEF,Schleswig-Holstein,77619,85-89,29866,47753
DEF0,Schleswig-Holstein,77619,85-89,29866,47753
DEF01,"Flensburg, Kreisfreie Stadt",2180,85-89,845,1335
DEF02,"Kiel, Kreisfreie Stadt",5500,85-89,2054,3446
DEF03,"Lübeck, Kreisfreie Stadt",6009,85-89,2274,3735
DEF04,"Neumünster, Kreisfreie Stadt",2075,85-89,750,1325
DEF05,Dithmarschen,3479,85-89,1267,2212
DEF06,Herzogtum Lauenburg,5569,85-89,2054,3515
DEF07,Nordfriesland,4399,85-89,1674,2725
DEF08,Ostholstein,6093,85-89,2407,3686
DEF09,Pinneberg,8419,85-89,3235,5184
DEF0A,Plön,3946,85-89,1565,2381
DEF0B,Rendsburg-Eckernförde,7211,85-89,2911,4300
DEF0C,Schleswig-Flensburg,5314,85-89,2082,3232
DEF0D,Segeberg,6968,85-89,2719,4249
DEF0E,Steinburg,3419,85-89,1276,2143
DEF0F,Stormarn,7038,85-89,2753,4285
DEG,Thüringen,59875,85-89,21499,38376
DEG0,Thüringen,59875,85-89,21499,38376
DEG01,"Erfurt, Kreisfreie Stadt",5261,85-89,1932,3329
DEG02,"Gera, Kreisfreie Stadt",3074,85-89,1086,1988
DEG03,"Jena, Kreisfreie Stadt",2872,85-89,1083,1789
DEG04,"Suhl, Kreisfreie Stadt (NUTS 2021)",:,85-89,:,:
DEG05,"Weimar, Kreisfreie Stadt",1828,85-89,676,1152
DEG06,Eichsfeld,2520,85-89,910,1610
DEG07,Nordhausen,2477,85-89,884,1593
DEG09,Unstrut-Hainich-Kreis,2671,85-89,922,1749
DEG0A,Kyffhäuserkreis,2094,85-89,740,1354
DEG0B,Schmalkalden-Meiningen (NUTS 2021),:,85-89,:,:
DEG0C,Gotha,3589,85-89,1309,2280
DEG0D,Sömmerda,1562,85-89,512,1050
DEG0E,Hildburghausen,1640,85-89,543,1097
DEG0F,Ilm-Kreis (NUTS 2021),:,85-89,:,:
DEG0G,Weimarer Land,1858,85-89,653,1205
DEG0H,Sonneberg (NUTS 2021),:,85-89,:,:
DEG0I,Saalfeld-Rudolstadt (NUTS 2021),:,85-89,:,:
DEG0J,Saale-Holzland-Kreis,2258,85-89,861,1397
DEG0K,Saale-Orla-Kreis,2337,85-89,813,1524
DEG0L,Greiz,3180,85-89,1138,2042
DEG0M,Altenburger Land,2995,85-89,1089,1906
DEG0N,"Eisenach, Kreisfreie Stadt (NUTS 2021)",:,85-89,:,:
DEG0P,Wartburgkreis (NUTS 2021),:,85-89,:,:
DEG0Q,Schmalkalden-Meiningen,3643,85-89,1370,2273
DEG0R,Wartburgkreis,4598,85-89,1695,2903
DEG0S,"Suhl, Kreisfreie Stadt",1181,85-89,435,746
DEG0T,Ilm-Kreis,2967,85-89,1050,1917
DEG0U,Saalfeld-Rudolstadt,3475,85-89,1220,2255
DEG0V,Sonneberg,1795,85-89,578,1217
DE,Germany,2844213,GE85,990292,1853921
DE1,Baden-Württemberg,369040,GE85,134741,234299
DE11,Stuttgart,136153,GE85,50171,85982
DE111,"Stuttgart, Stadtkreis",19361,GE85,7231,12130
DE112,Böblingen,12714,GE85,4903,7811
DE113,Esslingen,18369,GE85,6942,11427
DE114,Göppingen,9210,GE85,3393,5817
DE115,Ludwigsburg,17264,GE85,6255,11009
DE116,Rems-Murr-Kreis,15397,GE85,5765,9632
DE117,"Heilbronn, Stadtkreis",4201,GE85,1442,2759
DE118,"Heilbronn, Landkreis",10402,GE85,3825,6577
DE119,Hohenlohekreis,3486,GE85,1230,2256
DE11A,Schwäbisch Hall,5696,GE85,2017,3679
DE11B,Main-Tauber-Kreis,4798,GE85,1692,3106
DE11C,Heidenheim,4991,GE85,1793,3198
DE11D,Ostalbkreis,10264,GE85,3683,6581
DE12,Karlsruhe,94142,GE85,34126,60016
DE121,"Baden-Baden, Stadtkreis",2687,GE85,1016,1671
DE122,"Karlsruhe, Stadtkreis",9946,GE85,3569,6377
DE123,"Karlsruhe, Landkreis",15344,GE85,5589,9755
DE124,Rastatt,8214,GE85,2918,5296
DE125,"Heidelberg, Stadtkreis",3903,GE85,1412,2491
DE126,"Mannheim, Stadtkreis",9382,GE85,3446,5936
DE127,Neckar-Odenwald-Kreis,4937,GE85,1750,3187
DE128,Rhein-Neckar-Kreis,18747,GE85,7043,11704
DE129,"Pforzheim, Stadtkreis",4593,GE85,1552,3041
DE12A,Calw,5369,GE85,1917,3452
DE12B,Enzkreis,6962,GE85,2534,4428
DE12C,Freudenstadt,4058,GE85,1380,2678
DE13,Freiburg,77495,GE85,28408,49087
DE131,"Freiburg im Breisgau, Stadtkreis",6470,GE85,2323,4147
DE132,Breisgau-Hochschwarzwald,9512,GE85,3703,5809
DE133,Emmendingen,5372,GE85,1925,3447
DE134,Ortenaukreis,15072,GE85,5389,9683
DE135,Rottweil,4703,GE85,1704,2999
DE136,Schwarzwald-Baar-Kreis,8067,GE85,2916,5151
DE137,Tuttlingen,4636,GE85,1695,2941
DE138,Konstanz,10126,GE85,3767,6359
DE139,Lörrach,7919,GE85,2943,4976
DE13A,Waldshut,5618,GE85,2043,3575
DE14,Tübingen,61250,GE85,22036,39214
DE141,Reutlingen,10199,GE85,3682,6517
DE142,"Tübingen, Landkreis",6501,GE85,2304,4197
DE143,Zollernalbkreis,7090,GE85,2438,4652
DE144,"Ulm, Stadtkreis",3996,GE85,1418,2578
DE145,Alb-Donau-Kreis,6121,GE85,2216,3905
DE146,Biberach,6034,GE85,2147,3887
DE147,Bodenseekreis,7951,GE85,3004,4947
DE148,Ravensburg,9050,GE85,3328,5722
DE149,Sigmaringen,4308,GE85,1499,2809
DE2,Bayern,410664,GE85,145141,265523
DE21,Oberbayern,141874,GE85,52180,89694
DE211,"Ingolstadt, Kreisfreie Stadt",3856,GE85,1367,2489
DE212,"München, Kreisfreie Stadt",39841,GE85,14231,25610
DE213,"Rosenheim, Kreisfreie Stadt",1915,GE85,674,1241
DE214,Altötting,3830,GE85,1250,2580
DE215,Berchtesgadener Land,3896,GE85,1390,2506
DE216,Bad Tölz-Wolfratshausen,4385,GE85,1662,2723
DE217,Dachau,4238,GE85,1505,2733
DE218,Ebersberg,4358,GE85,1647,2711
DE219,Eichstätt,3637,GE85,1380,2257
DE21A,Erding,3566,GE85,1273,2293
DE21B,Freising,4129,GE85,1506,2623
DE21C,Fürstenfeldbruck,7528,GE85,2901,4627
DE21D,Garmisch-Partenkirchen,3716,GE85,1363,2353
DE21E,Landsberg am Lech,3553,GE85,1296,2257
DE21F,Miesbach,3511,GE85,1307,2204
DE21G,Mühldorf a. Inn,3406,GE85,1201,2205
DE21H,"München, Landkreis",12256,GE85,4860,7396
DE21I,Neuburg-Schrobenhausen,2757,GE85,958,1799
DE21J,Pfaffenhofen a. d. Ilm,3416,GE85,1273,2143
DE21K,"Rosenheim, Landkreis",8161,GE85,3017,5144
DE21L,Starnberg,5236,GE85,2072,3164
DE21M,Traunstein,6061,GE85,2278,3783
DE21N,Weilheim-Schongau,4622,GE85,1769,2853
DE22,Niederbayern,36618,GE85,12308,24310
DE221,"Landshut, Kreisfreie Stadt",2226,GE85,763,1463
DE222,"Passau, Kreisfreie Stadt",1755,GE85,585,1170
DE223,"Straubing, Kreisfreie Stadt",1545,GE85,483,1062
DE224,Deggendorf,3409,GE85,1110,2299
DE225,Freyung-Grafenau,2408,GE85,763,1645
DE226,Kelheim,3327,GE85,1161,2166
DE227,"Landshut, Landkreis",4136,GE85,1488,2648
DE228,"Passau, Landkreis",6110,GE85,2044,4066
DE229,Regen,2463,GE85,804,1659
DE22A,Rottal-Inn,3812,GE85,1311,2501
DE22B,Straubing-Bogen,2800,GE85,910,1890
DE22C,Dingolfing-Landau,2627,GE85,886,1741
DE23,Oberpfalz,33673,GE85,11502,22171
DE231,"Amberg, Kreisfreie Stadt",1641,GE85,539,1102
DE232,"Regensburg, Kreisfreie Stadt",4025,GE85,1416,2609
DE233,"Weiden i. d. Opf, Kreisfreie Stadt",1540,GE85,485,1055
DE234,Amberg-Sulzbach,3427,GE85,1229,2198
DE235,Cham,3976,GE85,1341,2635
DE236,Neumarkt i. d. OPf.,3848,GE85,1277,2571
DE237,Neustadt a. d. Waldnaab,2952,GE85,1022,1930
DE238,"Regensburg, Landkreis",5330,GE85,1936,3394
DE239,Schwandorf,4450,GE85,1454,2996
DE23A,Tirschenreuth,2484,GE85,803,1681
DE24,Oberfranken,36602,GE85,11922,24680
DE241,"Bamberg, Kreisfreie Stadt",2460,GE85,776,1684
DE242,"Bayreuth, Kreisfreie Stadt",2550,GE85,802,1748
DE243,"Coburg, Kreisfreie Stadt",1500,GE85,498,1002
DE244,"Hof, Kreisfreie Stadt",1706,GE85,519,1187
DE245,"Bamberg, Landkreis",4057,GE85,1328,2729
DE246,"Bayreuth, Landkreis",3417,GE85,1111,2306
DE247,"Coburg, Landkreis",2994,GE85,1010,1984
DE248,Forchheim,3504,GE85,1235,2269
DE249,"Hof, Landkreis",3803,GE85,1266,2537
DE24A,Kronach,2516,GE85,806,1710
DE24B,Kulmbach,2739,GE85,861,1878
DE24C,Lichtenfels,2365,GE85,756,1609
DE24D,Wunsiedel i. Fichtelgebirge,2991,GE85,954,2037
DE25,Mittelfranken,56658,GE85,19602,37056
DE251,"Ansbach, Kreisfreie Stadt",1323,GE85,484,839
DE252,"Erlangen, Kreisfreie Stadt",3722,GE85,1280,2442
DE253,"Fürth, Kreisfreie Stadt",3534,GE85,1132,2402
DE254,"Nürnberg, Kreisfreie Stadt",16940,GE85,5683,11257
DE255,"Schwabach, Kreisfreie Stadt",1403,GE85,493,910
DE256,"Ansbach, Landkreis",5743,GE85,1977,3766
DE257,Erlangen-Höchstadt,3894,GE85,1407,2487
DE258,"Fürth, Landkreis",4113,GE85,1420,2693
DE259,Nürnberger Land,5618,GE85,2050,3568
DE25A,Neustadt a. d. Aisch-Bad Windsheim,3090,GE85,1075,2015
DE25B,Roth,4112,GE85,1474,2638
DE25C,Weißenburg-Gunzenhausen,3166,GE85,1127,2039
DE26,Unterfranken,45300,GE85,16107,29193
DE261,"Aschaffenburg, Kreisfreie Stadt",2281,GE85,767,1514
DE262,"Schweinfurt, Kreisfreie Stadt",2202,GE85,724,1478
DE263,"Würzburg, Kreisfreie Stadt",4971,GE85,1650,3321
DE264,"Aschaffenburg, Landkreis",5750,GE85,2145,3605
DE265,Bad Kissingen,4167,GE85,1521,2646
DE266,Rhön-Grabfeld,2778,GE85,970,1808
DE267,Haßberge,2589,GE85,909,1680
DE268,Kitzingen,2870,GE85,941,1929
DE269,Miltenberg,4197,GE85,1528,2669
DE26A,Main-Spessart,4657,GE85,1629,3028
DE26B,"Schweinfurt, Landkreis",3824,GE85,1410,2414
DE26C,"Würzburg, Landkreis",5014,GE85,1913,3101
DE27,Schwaben,59939,GE85,21520,38419
DE271,"Augsburg, Kreisfreie Stadt",9404,GE85,3123,6281
DE272,"Kaufbeuren, Kreisfreie Stadt",1645,GE85,595,1050
DE273,"Kempten (Allgäu), Kreisfreie Stadt",2246,GE85,797,1449
DE274,"Memmingen, Kreisfreie Stadt",1491,GE85,556,935
DE275,Aichach-Friedberg,4013,GE85,1460,2553
DE276,"Augsburg, Landkreis",7790,GE85,2785,5005
DE277,Dillingen a.d. Donau,2973,GE85,1046,1927
DE278,Günzburg,3639,GE85,1292,2347
DE279,Neu-Ulm,5458,GE85,2028,3430
DE27A,Lindau (Bodensee),3008,GE85,1115,1893
DE27B,Ostallgäu,4251,GE85,1583,2668
DE27C,Unterallgäu,4567,GE85,1639,2928
DE27D,Donau-Ries,4018,GE85,1421,2597
DE27E,Oberallgäu,5436,GE85,2080,3356
DE3,Berlin,107933,GE85,36901,71032
DE30,Berlin,107933,GE85,36901,71032
DE300,Berlin,107933,GE85,36901,71032
DE4,Brandenburg,100586,GE85,34416,66170
DE40,Brandenburg,100586,GE85,34416,66170
DE401,"Brandenburg an der Havel, Kreisfreie Stadt",3581,GE85,1209,2372
DE402,"Cottbus, Kreisfreie Stadt",4212,GE85,1476,2736
DE403,"Frankfurt (Oder), Kreisfreie Stadt",2596,GE85,913,1683
DE404,"Potsdam, Kreisfreie Stadt",6427,GE85,2160,4267
DE405,Barnim,6834,GE85,2457,4377
DE406,Dahme-Spreewald,6800,GE85,2440,4360
DE407,Elbe-Elster,4415,GE85,1480,2935
DE408,Havelland,5607,GE85,1949,3658
DE409,Märkisch-Oderland,7665,GE85,2623,5042
DE40A,Oberhavel,8030,GE85,2819,5211
DE40B,Oberspreewald-Lausitz,5044,GE85,1609,3435
DE40C,Oder-Spree,7865,GE85,2660,5205
DE40D,Ostprignitz-Ruppin,4026,GE85,1287,2739
DE40E,Potsdam-Mittelmark,7735,GE85,2646,5089
DE40F,Prignitz,3467,GE85,1184,2283
DE40G,Spree-Neiße,4814,GE85,1634,3180
DE40H,Teltow-Fläming,6152,GE85,2083,4069
DE40I,Uckermark,5316,GE85,1787,3529
DE5,Bremen,22375,GE85,7504,14871
DE50,Bremen,22375,GE85,7504,14871
DE501,"Bremen, Kreisfreie Stadt",18801,GE85,6295,12506
DE502,"Bremerhaven, Kreisfreie Stadt",3574,GE85,1209,2365
DE6,Hamburg,54072,GE85,18211,35861
DE60,Hamburg,54072,GE85,18211,35861
DE600,Hamburg,54072,GE85,18211,35861
DE7,Hessen,198694,GE85,70647,128047
DE71,Darmstadt,121773,GE85,43829,77944
DE711,"Darmstadt, Kreisfreie Stadt",4257,GE85,1528,2729
DE712,"Frankfurt am Main, Kreisfreie Stadt",17180,GE85,5807,11373
DE713,"Offenbach am Main, Kreisfreie Stadt",3126,GE85,1070,2056
DE714,"Wiesbaden, Kreisfreie Stadt",8863,GE85,3155,5708
DE715,Bergstraße,9183,GE85,3380,5803
DE716,Darmstadt-Dieburg,9004,GE85,3324,5680
DE717,Groß-Gerau,7510,GE85,2738,4772
DE718,Hochtaunuskreis,9334,GE85,3353,5981
DE719,Main-Kinzig-Kreis,13209,GE85,4812,8397
DE71A,Main-Taunus-Kreis,8189,GE85,3094,5095
DE71B,Odenwaldkreis,3530,GE85,1226,2304
DE71C,"Offenbach, Landkreis",11732,GE85,4399,7333
DE71D,Rheingau-Taunus-Kreis,6548,GE85,2390,4158
DE71E,Wetteraukreis,10108,GE85,3553,6555
DE72,Gießen,33538,GE85,11682,21856
DE721,"Gießen, Landkreis",7968,GE85,2803,5165
DE722,Lahn-Dill-Kreis,8458,GE85,2909,5549
DE723,Limburg-Weilburg,5617,GE85,1988,3629
DE724,Marburg-Biedenkopf,7441,GE85,2541,4900
DE725,Vogelsbergkreis,4054,GE85,1441,2613
DE73,Kassel,43383,GE85,15136,28247
DE731,"Kassel, Kreisfreie Stadt",6220,GE85,2079,4141
DE732,Fulda,7945,GE85,2779,5166
DE733,Hersfeld-Rotenburg,4584,GE85,1631,2953
DE734,"Kassel, Landkreis",8834,GE85,3172,5662
DE735,Schwalm-Eder-Kreis,6415,GE85,2262,4153
DE736,Waldeck-Frankenberg,5562,GE85,1913,3649
DE737,Werra-Meißner-Kreis,3823,GE85,1300,2523
DE8,Mecklenburg-Vorpommern,63816,GE85,20831,42985
DE80,Mecklenburg-Vorpommern,63816,GE85,20831,42985
DE803,"Rostock, Kreisfreie Stadt",9094,GE85,3144,5950
DE804,"Schwerin, Kreisfreie Stadt",4473,GE85,1463,3010
DE80J,Mecklenburgische Seenplatte,10567,GE85,3255,7312
DE80K,Landkreis Rostock,7876,GE85,2656,5220
DE80L,Vorpommern-Rügen,9048,GE85,2968,6080
DE80M,Nordwestmecklenburg,5862,GE85,1964,3898
DE80N,Vorpommern-Greifswald,9397,GE85,3028,6369
DE80O,Ludwigslust-Parchim,7499,GE85,2353,5146
DE9,Niedersachsen,278636,GE85,97523,181113
DE91,Braunschweig,58995,GE85,20863,38132
DE911,"Braunschweig, Kreisfreie Stadt",9023,GE85,3073,5950
DE912,"Salzgitter, Kreisfreie Stadt",3763,GE85,1295,2468
DE913,"Wolfsburg, Kreisfreie Stadt",5063,GE85,1888,3175
DE914,Gifhorn,5282,GE85,1903,3379
DE916,Goslar,5711,GE85,1973,3738
DE917,Helmstedt,3385,GE85,1106,2279
DE918,Northeim,5330,GE85,1887,3443
DE91A,Peine,4646,GE85,1703,2943
DE91B,Wolfenbüttel,4461,GE85,1630,2831
DE91C,Göttingen,12331,GE85,4405,7926
DE92,Hannover,79984,GE85,27803,52181
DE922,Diepholz,7738,GE85,2808,4930
DE923,Hameln-Pyrmont,6490,GE85,2245,4245
DE925,Hildesheim,10443,GE85,3591,6852
DE926,Holzminden,2873,GE85,1130,1743
DE927,Nienburg (Weser),4365,GE85,1492,2873
DE928,Schaumburg,6687,GE85,2153,4534
DE929,Region Hannover,41388,GE85,14384,27004
DE93,Lüneburg,59098,GE85,20920,38178
DE931,Celle,6120,GE85,2058,4062
DE932,Cuxhaven,7436,GE85,2618,4818
DE933,Harburg,9118,GE85,3377,5741
DE934,Lüchow-Dannenberg,2044,GE85,691,1353
DE935,"Lüneburg, Landkreis",5349,GE85,1806,3543
DE936,Osterholz,3828,GE85,1400,2428
DE937,Rotenburg (Wümme),5144,GE85,1886,3258
DE938,Heidekreis,5188,GE85,1825,3363
DE939,Stade,6583,GE85,2342,4241
DE93A,Uelzen,3776,GE85,1327,2449
DE93B,Verden,4512,GE85,1590,2922
DE94,Weser-Ems,80559,GE85,27937,52622
DE941,"Delmenhorst, Kreisfreie Stadt",2713,GE85,1004,1709
DE942,"Emden, Kreisfreie Stadt",1574,GE85,520,1054
DE943,"Oldenburg (Oldenburg), Kreisfreie Stadt",5068,GE85,1688,3380
DE944,"Osnabrück, Kreisfreie Stadt",5226,GE85,1746,3480
DE945,"Wilhelmshaven, Kreisfreie Stadt",3155,GE85,1113,2042
DE946,Ammerland,4426,GE85,1659,2767
DE947,Aurich,5870,GE85,1989,3881
DE948,Cloppenburg,4218,GE85,1412,2806
DE949,Emsland,9040,GE85,3167,5873
DE94A,Friesland (DE),4067,GE85,1483,2584
DE94B,Grafschaft Bentheim,4626,GE85,1581,3045
DE94C,Leer,4990,GE85,1722,3268
DE94D,"Oldenburg, Landkreis",4348,GE85,1585,2763
DE94E,"Osnabrück, Landkreis",12411,GE85,4229,8182
DE94F,Vechta,3639,GE85,1238,2401
DE94G,Wesermarsch,3188,GE85,1131,2057
DE94H,Wittmund,2000,GE85,670,1330
DEA,Nordrhein-Westfalen,608560,GE85,208897,399663
DEA1,Düsseldorf,181837,GE85,62274,119563
DEA11,"Düsseldorf, Kreisfreie Stadt",19099,GE85,6437,12662
DEA12,"Duisburg, Kreisfreie Stadt",16657,GE85,5521,11136
DEA13,"Essen, Kreisfreie Stadt",20355,GE85,6697,13658
DEA14,"Krefeld, Kreisfreie Stadt",8137,GE85,2819,5318
DEA15,"Mönchengladbach, Kreisfreie Stadt",8403,GE85,2815,5588
DEA16,"Mülheim an der Ruhr, Kreisfreie Stadt",6875,GE85,2386,4489
DEA17,"Oberhausen, Kreisfreie Stadt",7396,GE85,2462,4934
DEA18,"Remscheid, Kreisfreie Stadt",4004,GE85,1381,2623
DEA19,"Solingen, Kreisfreie Stadt",6160,GE85,2050,4110
DEA1A,"Wuppertal, Kreisfreie Stadt",12107,GE85,4087,8020
DEA1B,Kleve,9772,GE85,3301,6471
DEA1C,Mettmann,19828,GE85,7134,12694
DEA1D,Rhein-Kreis Neuss,15955,GE85,5702,10253
DEA1E,Viersen,10301,GE85,3694,6607
DEA1F,Wesel,16788,GE85,5788,11000
DEA2,Köln,143066,GE85,51105,91961
DEA22,"Bonn, Kreisfreie Stadt",10127,GE85,3424,6703
DEA23,"Köln, Kreisfreie Stadt",28212,GE85,10028,18184
DEA24,"Leverkusen, Kreisfreie Stadt",6369,GE85,2296,4073
DEA26,Düren,8764,GE85,3116,5648
DEA27,Rhein-Erft-Kreis,15485,GE85,5620,9865
DEA28,Euskirchen,6371,GE85,2220,4151
DEA29,Heinsberg,8239,GE85,2841,5398
DEA2A,Oberbergischer Kreis,9338,GE85,3332,6006
DEA2B,Rheinisch-Bergischer Kreis,11137,GE85,4176,6961
DEA2C,Rhein-Sieg-Kreis,20342,GE85,7471,12871
DEA2D,Städteregion Aachen,18682,GE85,6581,12101
DEA3,Münster,86393,GE85,28435,57958
DEA31,"Bottrop, Kreisfreie Stadt",4322,GE85,1335,2987
DEA32,"Gelsenkirchen, Kreisfreie Stadt",8297,GE85,2539,5758
DEA33,"Münster, Kreisfreie Stadt",9447,GE85,3083,6364
DEA34,Borken,11046,GE85,3785,7261
DEA35,Coesfeld,7398,GE85,2509,4889
DEA36,Recklinghausen,22032,GE85,7141,14891
DEA37,Steinfurt,14133,GE85,4674,9459
DEA38,Warendorf,9718,GE85,3369,6349
DEA4,Detmold,73235,GE85,25173,48062
DEA41,"Bielefeld, Kreisfreie Stadt",11581,GE85,3942,7639
DEA42,Gütersloh,11863,GE85,4050,7813
DEA43,Herford,9861,GE85,3469,6392
DEA44,Höxter,5246,GE85,1770,3476
DEA45,Lippe,13503,GE85,4667,8836
DEA46,Minden-Lübbecke,12022,GE85,4206,7816
DEA47,Paderborn,9159,GE85,3069,6090
DEA5,Arnsberg,124029,GE85,41910,82119
DEA51,"Bochum, Kreisfreie Stadt",12776,GE85,4219,8557
DEA52,"Dortmund, Kreisfreie Stadt",19144,GE85,6560,12584
DEA53,"Hagen, Kreisfreie Stadt",6581,GE85,2177,4404
DEA54,"Hamm, Kreisfreie Stadt",5778,GE85,1891,3887
DEA55,"Herne, Kreisfreie Stadt",5506,GE85,1714,3792
DEA56,Ennepe-Ruhr-Kreis,12102,GE85,4094,8008
DEA57,Hochsauerlandkreis,9520,GE85,3158,6362
DEA58,Märkischer Kreis,14602,GE85,5045,9557
DEA59,Olpe,4088,GE85,1359,2729
DEA5A,Siegen-Wittgenstein,9265,GE85,3300,5965
DEA5B,Soest,10436,GE85,3557,6879
DEA5C,Unna,14231,GE85,4836,9395
DEB,Rheinland-Pfalz,139888,GE85,49314,90574
DEB1,Koblenz,53905,GE85,18906,34999
DEB11,"Koblenz, Kreisfreie Stadt",4308,GE85,1434,2874
DEB12,Ahrweiler,5194,GE85,1911,3283
DEB13,Altenkirchen (Westerwald),4504,GE85,1513,2991
DEB14,Bad Kreuznach,5749,GE85,2086,3663
DEB15,Birkenfeld,3246,GE85,1138,2108
DEB17,Mayen-Koblenz,7228,GE85,2574,4654
DEB18,Neuwied,6768,GE85,2350,4418
DEB1A,Rhein-Lahn-Kreis,4320,GE85,1537,2783
DEB1B,Westerwaldkreis,6651,GE85,2290,4361
DEB1C,Cochem-Zell,2366,GE85,812,1554
DEB1D,Rhein-Hunsrück-Kreis,3571,GE85,1261,2310
DEB2,Trier,17530,GE85,6117,11413
DEB21,"Trier, Kreisfreie Stadt",3339,GE85,1083,2256
DEB22,Bernkastel-Wittlich,4186,GE85,1442,2744
DEB23,Eifelkreis Bitburg-Prüm,3088,GE85,1110,1978
DEB24,Vulkaneifel,2201,GE85,848,1353
DEB25,Trier-Saarburg,4716,GE85,1634,3082
DEB3,Rheinhessen-Pfalz,68453,GE85,24291,44162
DEB31,"Frankenthal (Pfalz), Kreisfreie Stadt",1972,GE85,705,1267
DEB32,"Kaiserslautern, Kreisfreie Stadt",3145,GE85,1082,2063
DEB33,"Landau in der Pfalz, Kreisfreie Stadt",1467,GE85,494,973
DEB34,"Ludwigshafen am Rhein, Kreisfreie Stadt",5451,GE85,1911,3540
DEB35,"Mainz, Kreisfreie Stadt",6377,GE85,2274,4103
DEB36,"Neustadt an der Weinstraße, Kreisfreie Stadt",2261,GE85,836,1425
DEB37,"Pirmasens, Kreisfreie Stadt",1630,GE85,490,1140
DEB38,"Speyer, Kreisfreie Stadt",1802,GE85,611,1191
DEB39,"Worms, Kreisfreie Stadt",2586,GE85,907,1679
DEB3A,"Zweibrücken, Kreisfreie Stadt",1276,GE85,483,793
DEB3B,Alzey-Worms,3763,GE85,1318,2445
DEB3C,Bad Dürkheim,4836,GE85,1785,3051
DEB3D,Donnersbergkreis,2421,GE85,849,1572
DEB3E,Germersheim,3854,GE85,1391,2463
DEB3F,"Kaiserslautern, Landkreis",3430,GE85,1146,2284
DEB3G,Kusel,2537,GE85,883,1654
DEB3H,Südliche Weinstraße,3901,GE85,1395,2506
DEB3I,Rhein-Pfalz-Kreis,5726,GE85,2150,3576
DEB3J,Mainz-Bingen,6204,GE85,2217,3987
DEB3K,Südwestpfalz,3814,GE85,1364,2450
DEC,Saarland,38222,GE85,12928,25294
DEC0,Saarland,38222,GE85,12928,25294
DEC01,Regionalverband Saarbrücken,11991,GE85,3983,8008
DEC02,Merzig-Wadern,3855,GE85,1252,2603
DEC03,Neunkirchen,5066,GE85,1702,3364
DEC04,Saarlouis,7916,GE85,2703,5213
DEC05,Saarpfalz-Kreis,6025,GE85,2093,3932
DEC06,St. Wendel,3369,GE85,1195,2174
DED,Sachsen,174859,GE85,59370,115489
DED2,Dresden,70669,GE85,24617,46052
DED21,"Dresden, Kreisfreie Stadt",22135,GE85,8034,14101
DED2C,Bautzen,13614,GE85,4649,8965
DED2D,Görlitz,12148,GE85,4060,8088
DED2E,Meißen,11458,GE85,3935,7523
DED2F,Sächsische Schweiz-Osterzgebirge,11314,GE85,3939,7375
DED4,Chemnitz,64149,GE85,21056,43093
DED41,"Chemnitz, Kreisfreie Stadt",10893,GE85,3736,7157
DED42,Erzgebirgskreis,14616,GE85,4636,9980
DED43,Mittelsachsen,13862,GE85,4664,9198
DED44,Vogtlandkreis,10581,GE85,3444,7137
DED45,Zwickau,14197,GE85,4576,9621
DED5,Leipzig,40041,GE85,13697,26344
DED51,"Leipzig, Kreisfreie Stadt",21087,GE85,7308,13779
DED52,Leipzig,10858,GE85,3698,7160
DED53,Nordsachsen,8096,GE85,2691,5405
DEE,Sachsen-Anhalt,88128,GE85,28215,59913
DEE0,Sachsen-Anhalt,88128,GE85,28215,59913
DEE01,"Dessau-Roßlau, Kreisfreie Stadt",4146,GE85,1452,2694
DEE02,"Halle (Saale), Kreisfreie Stadt",8742,GE85,2842,5900
DEE03,"Magdeburg, Kreisfreie Stadt",9489,GE85,3186,6303
DEE04,Altmarkkreis Salzwedel,3114,GE85,963,2151
DEE05,Anhalt-Bitterfeld,6498,GE85,2103,4395
DEE06,Jerichower Land,3644,GE85,1155,2489
DEE07,Börde,5853,GE85,1787,4066
DEE08,Burgenlandkreis,7781,GE85,2447,5334
DEE09,Harz,9041,GE85,2856,6185
DEE0A,Mansfeld-Südharz,5939,GE85,1893,4046
DEE0B,Saalekreis,6509,GE85,2129,4380
DEE0C,Salzlandkreis,7753,GE85,2299,5454
DEE0D,Stendal,4232,GE85,1363,2869
DEE0E,Wittenberg,5387,GE85,1740,3647
DEF,Schleswig-Holstein,106602,GE85,38177,68425
DEF0,Schleswig-Holstein,106602,GE85,38177,68425
DEF01,"Flensburg, Kreisfreie Stadt",2936,GE85,1075,1861
DEF02,"Kiel, Kreisfreie Stadt",7582,GE85,2585,4997
DEF03,"Lübeck, Kreisfreie Stadt",8490,GE85,2907,5583
DEF04,"Neumünster, Kreisfreie Stadt",2870,GE85,968,1902
DEF05,Dithmarschen,4812,GE85,1639,3173
DEF06,Herzogtum Lauenburg,7732,GE85,2651,5081
DEF07,Nordfriesland,6023,GE85,2151,3872
DEF08,Ostholstein,8373,GE85,3060,5313
DEF09,Pinneberg,11412,GE85,4113,7299
DEF0A,Plön,5384,GE85,2003,3381
DEF0B,Rendsburg-Eckernförde,9791,GE85,3668,6123
DEF0C,Schleswig-Flensburg,7314,GE85,2715,4599
DEF0D,Segeberg,9420,GE85,3446,5974
DEF0E,Steinburg,4721,GE85,1649,3072
DEF0F,Stormarn,9742,GE85,3547,6195
DEG,Thüringen,82138,GE85,27476,54662
DEG0,Thüringen,82138,GE85,27476,54662
DEG01,"Erfurt, Kreisfreie Stadt",7266,GE85,2506,4760
DEG02,"Gera, Kreisfreie Stadt",4308,GE85,1405,2903
DEG03,"Jena, Kreisfreie Stadt",4006,GE85,1421,2585
DEG04,"Suhl, Kreisfreie Stadt (NUTS 2021)",:,GE85,:,:
DEG05,"Weimar, Kreisfreie Stadt",2622,GE85,899,1723
DEG06,Eichsfeld,3484,GE85,1160,2324
DEG07,Nordhausen,3440,GE85,1162,2278
DEG09,Unstrut-Hainich-Kreis,3657,GE85,1184,2473
DEG0A,Kyffhäuserkreis,2824,GE85,926,1898
DEG0B,Schmalkalden-Meiningen (NUTS 2021),:,GE85,:,:
DEG0C,Gotha,4963,GE85,1689,3274
DEG0D,Sömmerda,2189,GE85,667,1522
DEG0E,Hildburghausen,2160,GE85,661,1499
DEG0F,Ilm-Kreis (NUTS 2021),:,GE85,:,:
DEG0G,Weimarer Land,2601,GE85,848,1753
DEG0H,Sonneberg (NUTS 2021),:,GE85,:,:
DEG0I,Saalfeld-Rudolstadt (NUTS 2021),:,GE85,:,:
DEG0J,Saale-Holzland-Kreis,3097,GE85,1094,2003
DEG0K,Saale-Orla-Kreis,3172,GE85,1044,2128
DEG0L,Greiz,4431,GE85,1449,2982
DEG0M,Altenburger Land,4233,GE85,1377,2856
DEG0N,"Eisenach, Kreisfreie Stadt (NUTS 2021)",:,GE85,:,:
DEG0P,Wartburgkreis (NUTS 2021),:,GE85,:,:
DEG0Q,Schmalkalden-Meiningen,4781,GE85,1670,3111
DEG0R,Wartburgkreis,6160,GE85,2117,4043
DEG0S,"Suhl, Kreisfreie Stadt",1614,GE85,566,1048
DEG0T,Ilm-Kreis,4008,GE85,1329,2679
DEG0U,Saalfeld-Rudolstadt,4723,GE85,1549,3174
DEG0V,Sonneberg,2399,GE85,753,1646
