code,label,total,age,male,female
IT,Italy,2031476,LT5,1044103,987373
ITC,Nord-Ovest,535217,LT5,274938,260279
ITC1,Piemonte,135610,LT5,69574,66036
ITC11,Torino,70441,LT5,36171,34270
ITC12,Vercelli,5069,LT5,2587,2482
ITC13,Biella,4512,LT5,2307,2205
ITC14,Verbano-Cusio-Ossola,4172,LT5,2146,2026
ITC15,Novara,12238,LT5,6272,5966
ITC16,Cuneo,21045,LT5,10679,10366
ITC17,Asti,6470,LT5,3368,3102
ITC18,Alessandria,11663,LT5,6044,5619
ITC2,Valle d’Aosta/Vallée d’Aoste,3874,LT5,1963,1911
ITC20,Valle d’Aosta/Vallée d’Aoste,3874,LT5,1963,1911
ITC3,Liguria,44272,LT5,22795,21477
ITC31,Imperia,6350,LT5,3218,3132
ITC32,Savona,7203,LT5,3656,3547
ITC33,Genova,24219,LT5,12587,11632
ITC34,La Spezia,6500,LT5,3334,3166
ITC4,Lombardia,351461,LT5,180606,170855
ITC41,Varese,30115,LT5,15345,14770
ITC42,Como,20217,LT5,10299,9918
ITC43,Lecco,10949,LT5,5642,5307
ITC44,Sondrio,6137,LT5,3115,3022
ITC46,Bergamo,39460,LT5,20357,19103
ITC47,Brescia,45545,LT5,23422,22123
ITC48,Pavia,17677,LT5,8992,8685
ITC49,Lodi,8384,LT5,4287,4097
ITC4A,Cremona,12148,LT5,6326,5822
ITC4B,Mantova,13986,LT5,7202,6784
ITC4C,Milano,115508,LT5,59518,55990
ITC4D,Monza e della Brianza,31335,LT5,16101,15234
ITF,Sud,492138,LT5,253046,239092
ITF1,Abruzzo,41344,LT5,21290,20054
ITF11,L’Aquila,8945,LT5,4595,4350
ITF12,Teramo,10024,LT5,5257,4767
ITF13,Pescara,10631,LT5,5434,5197
ITF14,Chieti,11744,LT5,6004,5740
ITF2,Molise,8657,LT5,4478,4179
ITF21,Isernia,2381,LT5,1245,1136
ITF22,Campobasso,6276,LT5,3233,3043
ITF3,Campania,223205,LT5,114500,108705
ITF31,Caserta,37851,LT5,19392,18459
ITF32,Benevento,8896,LT5,4566,4330
ITF33,Napoli,123288,LT5,63242,60046
ITF34,Avellino,13208,LT5,6771,6437
ITF35,Salerno,39962,LT5,20529,19433
ITF4,Puglia,133502,LT5,68875,64627
ITF43,Taranto,17970,LT5,9311,8659
ITF44,Brindisi,12222,LT5,6289,5933
ITF45,Lecce,24560,LT5,12726,11834
ITF46,Foggia,21487,LT5,11194,10293
ITF47,Bari,43318,LT5,22222,21096
ITF48,Barletta-Andria-Trani,13945,LT5,7133,6812
ITF5,Basilicata,16845,LT5,8812,8033
ITF51,Potenza,10608,LT5,5552,5056
ITF52,Matera,6237,LT5,3260,2977
ITF6,Calabria,68585,LT5,35091,33494
ITF61,Cosenza,23825,LT5,12160,11665
ITF62,Crotone,6668,LT5,3412,3256
ITF63,Catanzaro,12298,LT5,6330,5968
ITF64,Vibo Valentia,5631,LT5,2940,2691
ITF65,Reggio Calabria,20163,LT5,10249,9914
ITG,Isole,227836,LT5,117359,110477
ITG1,Sicilia,187136,LT5,96389,90747
ITG11,Trapani,15361,LT5,7958,7403
ITG12,Palermo,49286,LT5,25332,23954
ITG13,Messina,20375,LT5,10411,9964
ITG14,Agrigento,15262,LT5,7785,7477
ITG15,Caltanissetta,8968,LT5,4667,4301
ITG16,Enna,5188,LT5,2649,2539
ITG17,Catania,44873,LT5,23150,21723
ITG18,Ragusa,13410,LT5,6938,6472
ITG19,Siracusa,14413,LT5,7499,6914
ITG2,Sardegna,40700,LT5,20970,19730
ITG25,Sassari (NUTS 2016),:,LT5,:,:
ITG26,Nuoro (NUTS 2016),:,LT5,:,:
ITG27,Cagliari (NUTS 2016),:,LT5,:,:
ITG28,Oristano (NUTS 2016),:,LT5,:,:
ITG29,Olbia-Tempio (NUTS 2016),:,LT5,:,:
ITG2A,Ogliastra (NUTS 2016),:,LT5,:,:
ITG2B,Medio Campidano (NUTS 2016),:,LT5,:,:
ITG2C,Carbonia-Iglesias (NUTS 2016),:,LT5,:,:
ITG2D,Sassari,12916,LT5,6495,6421
ITG2E,Nuoro,5432,LT5,2837,2595
ITG2F,Cagliari,10652,LT5,5486,5166
ITG2G,Oristano,3633,LT5,1887,1746
ITG2H,Sud Sardegna,8067,LT5,4265,3802
ITH,Nord-Est,399551,LT5,205531,194020
ITH1,Provincia Autonoma di Bolzano/Bozen,25473,LT5,13007,12466
ITH10,Bolzano-Bozen,25473,LT5,13007,12466
ITH2,Provincia Autonoma di Trento,20575,LT5,10769,9806
ITH20,Trento,20575,LT5,10769,9806
ITH3,Veneto,163951,LT5,84478,79473
ITH31,Verona,33817,LT5,17363,16454
ITH32,Vicenza,30448,LT5,15597,14851
ITH33,Belluno,5832,LT5,3045,2787
ITH34,Treviso,30672,LT5,15846,14826
ITH35,Venezia,26255,LT5,13496,12759
ITH36,Padova,30792,LT5,15956,14836
ITH37,Rovigo,6135,LT5,3175,2960
ITH4,Friuli-Venezia Giulia,37286,LT5,19065,18221
ITH41,Pordenone,10620,LT5,5391,5229
ITH42,Udine,15289,LT5,7859,7430
ITH43,Gorizia,4554,LT5,2309,2245
ITH44,Trieste,6823,LT5,3506,3317
ITH5,Emilia-Romagna,152266,LT5,78212,74054
ITH51,Piacenza,10095,LT5,5153,4942
ITH52,Parma,16864,LT5,8734,8130
ITH53,Reggio nell’Emilia,19129,LT5,9767,9362
ITH54,Modena,25417,LT5,13177,12240
ITH55,Bologna,34860,LT5,17840,17020
ITH56,Ferrara,9700,LT5,4968,4732
ITH57,Ravenna,12368,LT5,6306,6062
ITH58,Forlì-Cesena,13144,LT5,6723,6421
ITH59,Rimini,10689,LT5,5544,5145
ITI,Centro (IT),376734,LT5,193229,183505
ITI1,Toscana,113070,LT5,57971,55099
ITI11,Massa-Carrara,4967,LT5,2519,2448
ITI12,Lucca,11161,LT5,5692,5469
ITI13,Pistoia,9078,LT5,4643,4435
ITI14,Firenze,31751,LT5,16308,15443
ITI15,Prato,8209,LT5,4289,3920
ITI16,Livorno,9323,LT5,4726,4597
ITI17,Pisa,13737,LT5,7093,6644
ITI18,Arezzo,10654,LT5,5498,5156
ITI19,Siena,8205,LT5,4167,4038
ITI1A,Grosseto,5985,LT5,3036,2949
ITI2,Umbria,26198,LT5,13366,12832
ITI21,Perugia,20073,LT5,10267,9806
ITI22,Terni,6125,LT5,3099,3026
ITI3,Marche,46918,LT5,24069,22849
ITI31,Pesaro e Urbino,11122,LT5,5731,5391
ITI32,Ancona,14433,LT5,7387,7046
ITI33,Macerata,10039,LT5,5196,4843
ITI34,Ascoli Piceno,6174,LT5,3161,3013
ITI35,Fermo,5150,LT5,2594,2556
ITI4,Lazio,190548,LT5,97823,92725
ITI41,Viterbo,9177,LT5,4684,4493
ITI42,Rieti,4407,LT5,2315,2092
ITI43,Roma,141775,LT5,72886,68889
ITI44,Latina,19914,LT5,10185,9729
ITI45,Frosinone,15275,LT5,7753,7522
IT,Italy,2409672,5-9,1239204,1170468
ITC,Nord-Ovest,642326,5-9,330258,312068
ITC1,Piemonte,163062,5-9,83486,79576
ITC11,Torino,84749,5-9,43477,41272
ITC12,Vercelli,6094,5-9,3123,2971
ITC13,Biella,5505,5-9,2835,2670
ITC14,Verbano-Cusio-Ossola,5194,5-9,2630,2564
ITC15,Novara,14683,5-9,7486,7197
ITC16,Cuneo,24687,5-9,12658,12029
ITC17,Asti,7878,5-9,3986,3892
ITC18,Alessandria,14272,5-9,7291,6981
ITC2,Valle d’Aosta/Vallée d’Aoste,4797,5-9,2549,2248
ITC20,Valle d’Aosta/Vallée d’Aoste,4797,5-9,2549,2248
ITC3,Liguria,52684,5-9,27255,25429
ITC31,Imperia,7528,5-9,3885,3643
ITC32,Savona,8991,5-9,4632,4359
ITC33,Genova,28393,5-9,14643,13750
ITC34,La Spezia,7772,5-9,4095,3677
ITC4,Lombardia,421783,5-9,216968,204815
ITC41,Varese,36619,5-9,18798,17821
ITC42,Como,24677,5-9,12643,12034
ITC43,Lecco,13577,5-9,6965,6612
ITC44,Sondrio,7400,5-9,3836,3564
ITC46,Bergamo,48336,5-9,24852,23484
ITC47,Brescia,54496,5-9,27894,26602
ITC48,Pavia,21220,5-9,11023,10197
ITC49,Lodi,10190,5-9,5260,4930
ITC4A,Cremona,14160,5-9,7319,6841
ITC4B,Mantova,16921,5-9,8733,8188
ITC4C,Milano,136485,5-9,70213,66272
ITC4D,Monza e della Brianza,37702,5-9,19432,18270
ITF,Sud,566993,5-9,291815,275178
ITF1,Abruzzo,50012,5-9,25742,24270
ITF11,L’Aquila,11012,5-9,5750,5262
ITF12,Teramo,11867,5-9,6068,5799
ITF13,Pescara,12817,5-9,6617,6200
ITF14,Chieti,14316,5-9,7307,7009
ITF2,Molise,10373,5-9,5374,4999
ITF21,Isernia,2890,5-9,1491,1399
ITF22,Campobasso,7483,5-9,3883,3600
ITF3,Campania,251647,5-9,129491,122156
ITF31,Caserta,42192,5-9,21590,20602
ITF32,Benevento,10049,5-9,5136,4913
ITF33,Napoli,139270,5-9,71600,67670
ITF34,Avellino,15178,5-9,7763,7415
ITF35,Salerno,44958,5-9,23402,21556
ITF4,Puglia,156179,5-9,80464,75715
ITF43,Taranto,21905,5-9,11185,10720
ITF44,Brindisi,14354,5-9,7294,7060
ITF45,Lecce,28777,5-9,14781,13996
ITF46,Foggia,24891,5-9,12891,12000
ITF47,Bari,50331,5-9,26008,24323
ITF48,Barletta-Andria-Trani,15921,5-9,8305,7616
ITF5,Basilicata,19840,5-9,10169,9671
ITF51,Potenza,12458,5-9,6440,6018
ITF52,Matera,7382,5-9,3729,3653
ITF6,Calabria,78942,5-9,40575,38367
ITF61,Cosenza,27894,5-9,14227,13667
ITF62,Crotone,7536,5-9,3899,3637
ITF63,Catanzaro,14448,5-9,7432,7016
ITF64,Vibo Valentia,6208,5-9,3173,3035
ITF65,Reggio Calabria,22856,5-9,11844,11012
ITG,Isole,263861,5-9,135693,128168
ITG1,Sicilia,210820,5-9,108203,102617
ITG11,Trapani,16907,5-9,8685,8222
ITG12,Palermo,55222,5-9,28359,26863
ITG13,Messina,23567,5-9,12106,11461
ITG14,Agrigento,16849,5-9,8680,8169
ITG15,Caltanissetta,10436,5-9,5304,5132
ITG16,Enna,5929,5-9,2996,2933
ITG17,Catania,50875,5-9,26123,24752
ITG18,Ragusa,14696,5-9,7516,7180
ITG19,Siracusa,16339,5-9,8434,7905
ITG2,Sardegna,53041,5-9,27490,25551
ITG25,Sassari (NUTS 2016),:,5-9,:,:
ITG26,Nuoro (NUTS 2016),:,5-9,:,:
ITG27,Cagliari (NUTS 2016),:,5-9,:,:
ITG28,Oristano (NUTS 2016),:,5-9,:,:
ITG29,Olbia-Tempio (NUTS 2016),:,5-9,:,:
ITG2A,Ogliastra (NUTS 2016),:,5-9,:,:
ITG2B,Medio Campidano (NUTS 2016),:,5-9,:,:
ITG2C,Carbonia-Iglesias (NUTS 2016),:,5-9,:,:
ITG2D,Sassari,16705,5-9,8630,8075
ITG2E,Nuoro,6982,5-9,3581,3401
ITG2F,Cagliari,14177,5-9,7427,6750
ITG2G,Oristano,4650,5-9,2426,2224
ITG2H,Sud Sardegna,10527,5-9,5426,5101
ITH,Nord-Est,471025,5-9,242346,228679
ITH1,Provincia Autonoma di Bolzano/Bozen,27885,5-9,14260,13625
ITH10,Bolzano-Bozen,27885,5-9,14260,13625
ITH2,Provincia Autonoma di Trento,23880,5-9,12265,11615
ITH20,Trento,23880,5-9,12265,11615
ITH3,Veneto,195125,5-9,100253,94872
ITH31,Verona,40283,5-9,20761,19522
ITH32,Vicenza,35039,5-9,18008,17031
ITH33,Belluno,6903,5-9,3539,3364
ITH34,Treviso,36729,5-9,18917,17812
ITH35,Venezia,31278,5-9,16175,15103
ITH36,Padova,37056,5-9,18892,18164
ITH37,Rovigo,7837,5-9,3961,3876
ITH4,Friuli-Venezia Giulia,44102,5-9,22667,21435
ITH41,Pordenone,12668,5-9,6553,6115
ITH42,Udine,18372,5-9,9398,8974
ITH43,Gorizia,5173,5-9,2640,2533
ITH44,Trieste,7889,5-9,4076,3813
ITH5,Emilia-Romagna,180033,5-9,92901,87132
ITH51,Piacenza,11774,5-9,6176,5598
ITH52,Parma,19347,5-9,10010,9337
ITH53,Reggio nell’Emilia,22624,5-9,11602,11022
ITH54,Modena,29755,5-9,15359,14396
ITH55,Bologna,40533,5-9,20793,19740
ITH56,Ferrara,11476,5-9,5855,5621
ITH57,Ravenna,15042,5-9,7807,7235
ITH58,Forlì-Cesena,15808,5-9,8242,7566
ITH59,Rimini,13674,5-9,7057,6617
ITI,Centro (IT),465467,5-9,239092,226375
ITI1,Toscana,138606,5-9,71209,67397
ITI11,Massa-Carrara,6259,5-9,3236,3023
ITI12,Lucca,13830,5-9,7108,6722
ITI13,Pistoia,11327,5-9,5849,5478
ITI14,Firenze,37944,5-9,19457,18487
ITI15,Prato,10731,5-9,5589,5142
ITI16,Livorno,11753,5-9,5968,5785
ITI17,Pisa,16811,5-9,8601,8210
ITI18,Arezzo,12609,5-9,6480,6129
ITI19,Siena,9931,5-9,5056,4875
ITI1A,Grosseto,7411,5-9,3865,3546
ITI2,Umbria,32320,5-9,16618,15702
ITI21,Perugia,24897,5-9,12836,12061
ITI22,Terni,7423,5-9,3782,3641
ITI3,Marche,57525,5-9,29539,27986
ITI31,Pesaro e Urbino,13744,5-9,7050,6694
ITI32,Ancona,17785,5-9,9178,8607
ITI33,Macerata,12098,5-9,6131,5967
ITI34,Ascoli Piceno,7520,5-9,3844,3676
ITI35,Fermo,6378,5-9,3336,3042
ITI4,Lazio,237016,5-9,121726,115290
ITI41,Viterbo,11682,5-9,5972,5710
ITI42,Rieti,5189,5-9,2667,2522
ITI43,Roma,177099,5-9,91022,86077
ITI44,Latina,24334,5-9,12542,11792
ITI45,Frosinone,18712,5-9,9523,9189
IT,Italy,2745119,10-14,1413544,1331575
ITC,Nord-Ovest,734649,10-14,378860,355789
ITC1,Piemonte,188313,10-14,97149,91164
ITC11,Torino,98755,10-14,51084,47671
ITC12,Vercelli,6928,10-14,3573,3355
ITC13,Biella,6551,10-14,3301,3250
ITC14,Verbano-Cusio-Ossola,6332,10-14,3198,3134
ITC15,Novara,16726,10-14,8539,8187
ITC16,Cuneo,27327,10-14,14165,13162
ITC17,Asti,9052,10-14,4684,4368
ITC18,Alessandria,16642,10-14,8605,8037
ITC2,Valle d’Aosta/Vallée d’Aoste,5805,10-14,2981,2824
ITC20,Valle d’Aosta/Vallée d’Aoste,5805,10-14,2981,2824
ITC3,Liguria,61248,10-14,31350,29898
ITC31,Imperia,8460,10-14,4365,4095
ITC32,Savona,10659,10-14,5470,5189
ITC33,Genova,33263,10-14,17006,16257
ITC34,La Spezia,8866,10-14,4509,4357
ITC4,Lombardia,479283,10-14,247380,231903
ITC41,Varese,42354,10-14,21753,20601
ITC42,Como,28247,10-14,14655,13592
ITC43,Lecco,15984,10-14,8231,7753
ITC44,Sondrio,8075,10-14,4235,3840
ITC46,Bergamo,56736,10-14,29247,27489
ITC47,Brescia,62867,10-14,32308,30559
ITC48,Pavia,23828,10-14,12229,11599
ITC49,Lodi,11276,10-14,5867,5409
ITC4A,Cremona,16079,10-14,8407,7672
ITC4B,Mantova,19414,10-14,10064,9350
ITC4C,Milano,151414,10-14,78271,73143
ITC4D,Monza e della Brianza,43009,10-14,22113,20896
ITF,Sud,638188,10-14,328590,309598
ITF1,Abruzzo,56540,10-14,29138,27402
ITF11,L’Aquila,12442,10-14,6386,6056
ITF12,Teramo,13233,10-14,6769,6464
ITF13,Pescara,14423,10-14,7430,6993
ITF14,Chieti,16442,10-14,8553,7889
ITF2,Molise,11584,10-14,5989,5595
ITF21,Isernia,3107,10-14,1601,1506
ITF22,Campobasso,8477,10-14,4388,4089
ITF3,Campania,282586,10-14,145478,137108
ITF31,Caserta,47131,10-14,24157,22974
ITF32,Benevento,11302,10-14,5834,5468
ITF33,Napoli,157773,10-14,81398,76375
ITF34,Avellino,17116,10-14,8769,8347
ITF35,Salerno,49264,10-14,25320,23944
ITF4,Puglia,179981,10-14,92595,87386
ITF43,Taranto,25932,10-14,13377,12555
ITF44,Brindisi,17040,10-14,8800,8240
ITF45,Lecce,33806,10-14,17430,16376
ITF46,Foggia,28502,10-14,14639,13863
ITF47,Bari,56280,10-14,28927,27353
ITF48,Barletta-Andria-Trani,18421,10-14,9422,8999
ITF5,Basilicata,22258,10-14,11540,10718
ITF51,Potenza,14001,10-14,7312,6689
ITF52,Matera,8257,10-14,4228,4029
ITF6,Calabria,85239,10-14,43850,41389
ITF61,Cosenza,29801,10-14,15261,14540
ITF62,Crotone,8331,10-14,4312,4019
ITF63,Catanzaro,15278,10-14,7824,7454
ITF64,Vibo Valentia,6831,10-14,3512,3319
ITF65,Reggio Calabria,24998,10-14,12941,12057
ITG,Isole,294281,10-14,151132,143149
ITG1,Sicilia,229997,10-14,117813,112184
ITG11,Trapani,18425,10-14,9310,9115
ITG12,Palermo,60149,10-14,30812,29337
ITG13,Messina,26051,10-14,13257,12794
ITG14,Agrigento,19003,10-14,9775,9228
ITG15,Caltanissetta,11831,10-14,6078,5753
ITG16,Enna,6719,10-14,3453,3266
ITG17,Catania,53898,10-14,27584,26314
ITG18,Ragusa,15726,10-14,8086,7640
ITG19,Siracusa,18195,10-14,9458,8737
ITG2,Sardegna,64284,10-14,33319,30965
ITG25,Sassari (NUTS 2016),:,10-14,:,:
ITG26,Nuoro (NUTS 2016),:,10-14,:,:
ITG27,Cagliari (NUTS 2016),:,10-14,:,:
ITG28,Oristano (NUTS 2016),:,10-14,:,:
ITG29,Olbia-Tempio (NUTS 2016),:,10-14,:,:
ITG2A,Ogliastra (NUTS 2016),:,10-14,:,:
ITG2B,Medio Campidano (NUTS 2016),:,10-14,:,:
ITG2C,Carbonia-Iglesias (NUTS 2016),:,10-14,:,:
ITG2D,Sassari,19994,10-14,10361,9633
ITG2E,Nuoro,8456,10-14,4454,4002
ITG2F,Cagliari,17527,10-14,9075,8452
ITG2G,Oristano,5452,10-14,2821,2631
ITG2H,Sud Sardegna,12855,10-14,6608,6247
ITH,Nord-Est,538306,10-14,277362,260944
ITH1,Provincia Autonoma di Bolzano/Bozen,28097,10-14,14581,13516
ITH10,Bolzano-Bozen,28097,10-14,14581,13516
ITH2,Provincia Autonoma di Trento,27367,10-14,14075,13292
ITH20,Trento,27367,10-14,14075,13292
ITH3,Veneto,225639,10-14,116150,109489
ITH31,Verona,44539,10-14,23019,21520
ITH32,Vicenza,40409,10-14,20570,19839
ITH33,Belluno,8215,10-14,4243,3972
ITH34,Treviso,42753,10-14,22043,20710
ITH35,Venezia,36934,10-14,19123,17811
ITH36,Padova,43368,10-14,22290,21078
ITH37,Rovigo,9421,10-14,4862,4559
ITH4,Friuli-Venezia Giulia,51535,10-14,26612,24923
ITH41,Pordenone,14766,10-14,7662,7104
ITH42,Udine,21816,10-14,11110,10706
ITH43,Gorizia,5857,10-14,3132,2725
ITH44,Trieste,9096,10-14,4708,4388
ITH5,Emilia-Romagna,205668,10-14,105944,99724
ITH51,Piacenza,12827,10-14,6601,6226
ITH52,Parma,21220,10-14,10951,10269
ITH53,Reggio nell’Emilia,26601,10-14,13744,12857
ITH54,Modena,34222,10-14,17674,16548
ITH55,Bologna,44888,10-14,23079,21809
ITH56,Ferrara,13871,10-14,7052,6819
ITH57,Ravenna,17481,10-14,9054,8427
ITH58,Forlì-Cesena,18487,10-14,9582,8905
ITH59,Rimini,16071,10-14,8207,7864
ITI,Centro (IT),539695,10-14,277600,262095
ITI1,Toscana,162080,10-14,83289,78791
ITI11,Massa-Carrara,7616,10-14,3838,3778
ITI12,Lucca,16565,10-14,8509,8056
ITI13,Pistoia,12971,10-14,6723,6248
ITI14,Firenze,43945,10-14,22619,21326
ITI15,Prato,12732,10-14,6620,6112
ITI16,Livorno,13977,10-14,7116,6861
ITI17,Pisa,19206,10-14,9812,9394
ITI18,Arezzo,14532,10-14,7554,6978
ITI19,Siena,11725,10-14,5937,5788
ITI1A,Grosseto,8811,10-14,4561,4250
ITI2,Umbria,38279,10-14,19635,18644
ITI21,Perugia,29222,10-14,15005,14217
ITI22,Terni,9057,10-14,4630,4427
ITI3,Marche,67297,10-14,34597,32700
ITI31,Pesaro e Urbino,16314,10-14,8340,7974
ITI32,Ancona,21299,10-14,10966,10333
ITI33,Macerata,13709,10-14,7084,6625
ITI34,Ascoli Piceno,8599,10-14,4368,4231
ITI35,Fermo,7376,10-14,3839,3537
ITI4,Lazio,272039,10-14,140079,131960
ITI41,Viterbo,13305,10-14,6851,6454
ITI42,Rieti,6088,10-14,3189,2899
ITI43,Roma,204135,10-14,105165,98970
ITI44,Latina,27588,10-14,14173,13415
ITI45,Frosinone,20923,10-14,10701,10222
IT,Italy,2921261,15-19,1515176,1406085
ITC,Nord-Ovest,770113,15-19,399833,370280
ITC1,Piemonte,197726,15-19,102698,95028
ITC11,Torino,103332,15-19,53769,49563
ITC12,Vercelli,7291,15-19,3752,3539
ITC13,Biella,7337,15-19,3851,3486
ITC14,Verbano-Cusio-Ossola,6826,15-19,3566,3260
ITC15,Novara,17563,15-19,8982,8581
ITC16,Cuneo,28028,15-19,14565,13463
ITC17,Asti,9675,15-19,5038,4637
ITC18,Alessandria,17674,15-19,9175,8499
ITC2,Valle d’Aosta/Vallée d’Aoste,6125,15-19,3178,2947
ITC20,Valle d’Aosta/Vallée d’Aoste,6125,15-19,3178,2947
ITC3,Liguria,66481,15-19,34607,31874
ITC31,Imperia,9190,15-19,4745,4445
ITC32,Savona,11852,15-19,6205,5647
ITC33,Genova,36009,15-19,18730,17279
ITC34,La Spezia,9430,15-19,4927,4503
ITC4,Lombardia,499781,15-19,259350,240431
ITC41,Varese,43561,15-19,22639,20922
ITC42,Como,29391,15-19,15159,14232
ITC43,Lecco,16767,15-19,8601,8166
ITC44,Sondrio,8524,15-19,4407,4117
ITC46,Bergamo,59110,15-19,30582,28528
ITC47,Brescia,65786,15-19,34074,31712
ITC48,Pavia,24850,15-19,12892,11958
ITC49,Lodi,11608,15-19,6051,5557
ITC4A,Cremona,16837,15-19,8836,8001
ITC4B,Mantova,19812,15-19,10277,9535
ITC4C,Milano,159156,15-19,82746,76410
ITC4D,Monza e della Brianza,44379,15-19,23086,21293
ITF,Sud,700465,15-19,362297,338168
ITF1,Abruzzo,59250,15-19,30725,28525
ITF11,L’Aquila,12643,15-19,6662,5981
ITF12,Teramo,14043,15-19,7187,6856
ITF13,Pescara,15441,15-19,8066,7375
ITF14,Chieti,17123,15-19,8810,8313
ITF2,Molise,12926,15-19,6882,6044
ITF21,Isernia,3381,15-19,1784,1597
ITF22,Campobasso,9545,15-19,5098,4447
ITF3,Campania,313128,15-19,161533,151595
ITF31,Caserta,51946,15-19,26805,25141
ITF32,Benevento,12650,15-19,6645,6005
ITF33,Napoli,175373,15-19,90290,85083
ITF34,Avellino,19391,15-19,10111,9280
ITF35,Salerno,53768,15-19,27682,26086
ITF4,Puglia,197240,15-19,101933,95307
ITF43,Taranto,28068,15-19,14292,13776
ITF44,Brindisi,18443,15-19,9648,8795
ITF45,Lecce,37220,15-19,19285,17935
ITF46,Foggia,31934,15-19,16574,15360
ITF47,Bari,60762,15-19,31327,29435
ITF48,Barletta-Andria-Trani,20813,15-19,10807,10006
ITF5,Basilicata,25504,15-19,13369,12135
ITF51,Potenza,16079,15-19,8403,7676
ITF52,Matera,9425,15-19,4966,4459
ITF6,Calabria,92417,15-19,47855,44562
ITF61,Cosenza,31954,15-19,16629,15325
ITF62,Crotone,9130,15-19,4725,4405
ITF63,Catanzaro,16446,15-19,8551,7895
ITF64,Vibo Valentia,7846,15-19,3999,3847
ITF65,Reggio Calabria,27041,15-19,13951,13090
ITG,Isole,321079,15-19,167220,153859
ITG1,Sicilia,253074,15-19,131883,121191
ITG11,Trapani,21240,15-19,11041,10199
ITG12,Palermo,64811,15-19,33375,31436
ITG13,Messina,28709,15-19,14979,13730
ITG14,Agrigento,22156,15-19,11703,10453
ITG15,Caltanissetta,13879,15-19,7296,6583
ITG16,Enna,7852,15-19,4099,3753
ITG17,Catania,57930,15-19,30160,27770
ITG18,Ragusa,16795,15-19,8879,7916
ITG19,Siracusa,19702,15-19,10351,9351
ITG2,Sardegna,68005,15-19,35337,32668
ITG25,Sassari (NUTS 2016),:,15-19,:,:
ITG26,Nuoro (NUTS 2016),:,15-19,:,:
ITG27,Cagliari (NUTS 2016),:,15-19,:,:
ITG28,Oristano (NUTS 2016),:,15-19,:,:
ITG29,Olbia-Tempio (NUTS 2016),:,15-19,:,:
ITG2A,Ogliastra (NUTS 2016),:,15-19,:,:
ITG2B,Medio Campidano (NUTS 2016),:,15-19,:,:
ITG2C,Carbonia-Iglesias (NUTS 2016),:,15-19,:,:
ITG2D,Sassari,21152,15-19,10921,10231
ITG2E,Nuoro,9104,15-19,4778,4326
ITG2F,Cagliari,18195,15-19,9394,8801
ITG2G,Oristano,6024,15-19,3144,2880
ITG2H,Sud Sardegna,13530,15-19,7100,6430
ITH,Nord-Est,564845,15-19,292933,271912
ITH1,Provincia Autonoma di Bolzano/Bozen,29349,15-19,15303,14046
ITH10,Bolzano-Bozen,29349,15-19,15303,14046
ITH2,Provincia Autonoma di Trento,28327,15-19,14723,13604
ITH20,Trento,28327,15-19,14723,13604
ITH3,Veneto,239975,15-19,124057,115918
ITH31,Verona,46555,15-19,23973,22582
ITH32,Vicenza,44113,15-19,22778,21335
ITH33,Belluno,8944,15-19,4673,4271
ITH34,Treviso,46072,15-19,23748,22324
ITH35,Venezia,39569,15-19,20539,19030
ITH36,Padova,45206,15-19,23399,21807
ITH37,Rovigo,9516,15-19,4947,4569
ITH4,Friuli-Venezia Giulia,54690,15-19,28229,26461
ITH41,Pordenone,15394,15-19,7929,7465
ITH42,Udine,23130,15-19,11821,11309
ITH43,Gorizia,6321,15-19,3303,3018
ITH44,Trieste,9845,15-19,5176,4669
ITH5,Emilia-Romagna,212504,15-19,110621,101883
ITH51,Piacenza,13114,15-19,6735,6379
ITH52,Parma,21466,15-19,11248,10218
ITH53,Reggio nell’Emilia,27538,15-19,14309,13229
ITH54,Modena,34931,15-19,18150,16781
ITH55,Bologna,46749,15-19,24436,22313
ITH56,Ferrara,14351,15-19,7546,6805
ITH57,Ravenna,18471,15-19,9686,8785
ITH58,Forlì-Cesena,19130,15-19,9895,9235
ITH59,Rimini,16754,15-19,8616,8138
ITI,Centro (IT),564759,15-19,292893,271866
ITI1,Toscana,173137,15-19,90385,82752
ITI11,Massa-Carrara,8211,15-19,4297,3914
ITI12,Lucca,17925,15-19,9276,8649
ITI13,Pistoia,13696,15-19,7135,6561
ITI14,Firenze,47424,15-19,24910,22514
ITI15,Prato,13906,15-19,7232,6674
ITI16,Livorno,15091,15-19,7887,7204
ITI17,Pisa,19668,15-19,10274,9394
ITI18,Arezzo,15611,15-19,8021,7590
ITI19,Siena,12017,15-19,6334,5683
ITI1A,Grosseto,9588,15-19,5019,4569
ITI2,Umbria,40804,15-19,21063,19741
ITI21,Perugia,30859,15-19,15874,14985
ITI22,Terni,9945,15-19,5189,4756
ITI3,Marche,70786,15-19,36880,33906
ITI31,Pesaro e Urbino,17307,15-19,9129,8178
ITI32,Ancona,22377,15-19,11634,10743
ITI33,Macerata,14156,15-19,7273,6883
ITI34,Ascoli Piceno,9218,15-19,4807,4411
ITI35,Fermo,7728,15-19,4037,3691
ITI4,Lazio,280032,15-19,144565,135467
ITI41,Viterbo,14038,15-19,7240,6798
ITI42,Rieti,6613,15-19,3505,3108
ITI43,Roma,210078,15-19,108509,101569
ITI44,Latina,27764,15-19,14198,13566
ITI45,Frosinone,21539,15-19,11113,10426
IT,Italy,2950359,20-24,1544804,1405555
ITC,Nord-Ovest,774494,20-24,408235,366259
ITC1,Piemonte,202168,20-24,106458,95710
ITC11,Torino,104964,20-24,55097,49867
ITC12,Vercelli,7582,20-24,4051,3531
ITC13,Biella,7771,20-24,4088,3683
ITC14,Verbano-Cusio-Ossola,7093,20-24,3762,3331
ITC15,Novara,17514,20-24,9328,8186
ITC16,Cuneo,29279,20-24,15380,13899
ITC17,Asti,9890,20-24,5210,4680
ITC18,Alessandria,18075,20-24,9542,8533
ITC2,Valle d’Aosta/Vallée d’Aoste,6111,20-24,3199,2912
ITC20,Valle d’Aosta/Vallée d’Aoste,6111,20-24,3199,2912
ITC3,Liguria,68491,20-24,36169,32322
ITC31,Imperia,9411,20-24,4973,4438
ITC32,Savona,12099,20-24,6351,5748
ITC33,Genova,37368,20-24,19795,17573
ITC34,La Spezia,9613,20-24,5050,4563
ITC4,Lombardia,497724,20-24,262409,235315
ITC41,Varese,42216,20-24,21879,20337
ITC42,Como,29065,20-24,15243,13822
ITC43,Lecco,16928,20-24,8705,8223
ITC44,Sondrio,8979,20-24,4700,4279
ITC46,Bergamo,59402,20-24,31019,28383
ITC47,Brescia,65406,20-24,34653,30753
ITC48,Pavia,25057,20-24,13191,11866
ITC49,Lodi,11273,20-24,5870,5403
ITC4A,Cremona,16993,20-24,8982,8011
ITC4B,Mantova,19332,20-24,10370,8962
ITC4C,Milano,160098,20-24,85411,74687
ITC4D,Monza e della Brianza,42975,20-24,22386,20589
ITF,Sud,727112,20-24,377616,349496
ITF1,Abruzzo,60069,20-24,31658,28411
ITF11,L’Aquila,13047,20-24,6974,6073
ITF12,Teramo,14306,20-24,7568,6738
ITF13,Pescara,15018,20-24,7816,7202
ITF14,Chieti,17698,20-24,9300,8398
ITF2,Molise,14325,20-24,7648,6677
ITF21,Isernia,3660,20-24,1985,1675
ITF22,Campobasso,10665,20-24,5663,5002
ITF3,Campania,321197,20-24,166113,155084
ITF31,Caserta,52693,20-24,26970,25723
ITF32,Benevento,13784,20-24,7263,6521
ITF33,Napoli,176983,20-24,91257,85726
ITF34,Avellino,20814,20-24,10877,9937
ITF35,Salerno,56923,20-24,29746,27177
ITF4,Puglia,208183,20-24,107758,100425
ITF43,Taranto,29083,20-24,15122,13961
ITF44,Brindisi,19258,20-24,9972,9286
ITF45,Lecce,39057,20-24,20360,18697
ITF46,Foggia,34174,20-24,17737,16437
ITF47,Bari,64311,20-24,33155,31156
ITF48,Barletta-Andria-Trani,22300,20-24,11412,10888
ITF5,Basilicata,27965,20-24,14907,13058
ITF51,Potenza,17605,20-24,9322,8283
ITF52,Matera,10360,20-24,5585,4775
ITF6,Calabria,95373,20-24,49532,45841
ITF61,Cosenza,33484,20-24,17400,16084
ITF62,Crotone,9021,20-24,4671,4350
ITF63,Catanzaro,17251,20-24,8896,8355
ITF64,Vibo Valentia,8286,20-24,4453,3833
ITF65,Reggio Calabria,27331,20-24,14112,13219
ITG,Isole,327073,20-24,170156,156917
ITG1,Sicilia,257212,20-24,133726,123486
ITG11,Trapani,22637,20-24,12009,10628
ITG12,Palermo,63451,20-24,32724,30727
ITG13,Messina,29899,20-24,15485,14414
ITG14,Agrigento,23097,20-24,11934,11163
ITG15,Caltanissetta,14227,20-24,7327,6900
ITG16,Enna,8696,20-24,4457,4239
ITG17,Catania,57356,20-24,29609,27747
ITG18,Ragusa,17831,20-24,9669,8162
ITG19,Siracusa,20018,20-24,10512,9506
ITG2,Sardegna,69861,20-24,36430,33431
ITG25,Sassari (NUTS 2016),:,20-24,:,:
ITG26,Nuoro (NUTS 2016),:,20-24,:,:
ITG27,Cagliari (NUTS 2016),:,20-24,:,:
ITG28,Oristano (NUTS 2016),:,20-24,:,:
ITG29,Olbia-Tempio (NUTS 2016),:,20-24,:,:
ITG2A,Ogliastra (NUTS 2016),:,20-24,:,:
ITG2B,Medio Campidano (NUTS 2016),:,20-24,:,:
ITG2C,Carbonia-Iglesias (NUTS 2016),:,20-24,:,:
ITG2D,Sassari,21487,20-24,11180,10307
ITG2E,Nuoro,9422,20-24,4923,4499
ITG2F,Cagliari,18388,20-24,9530,8858
ITG2G,Oristano,6446,20-24,3367,3079
ITG2H,Sud Sardegna,14118,20-24,7430,6688
ITH,Nord-Est,569338,20-24,299064,270274
ITH1,Provincia Autonoma di Bolzano/Bozen,30008,20-24,15650,14358
ITH10,Bolzano-Bozen,30008,20-24,15650,14358
ITH2,Provincia Autonoma di Trento,28853,20-24,15089,13764
ITH20,Trento,28853,20-24,15089,13764
ITH3,Veneto,241821,20-24,126303,115518
ITH31,Verona,46103,20-24,23931,22172
ITH32,Vicenza,45030,20-24,23312,21718
ITH33,Belluno,9466,20-24,4958,4508
ITH34,Treviso,45779,20-24,24015,21764
ITH35,Venezia,40385,20-24,21341,19044
ITH36,Padova,45553,20-24,23807,21746
ITH37,Rovigo,9505,20-24,4939,4566
ITH4,Friuli-Venezia Giulia,55873,20-24,29592,26281
ITH41,Pordenone,15124,20-24,7978,7146
ITH42,Udine,23845,20-24,12567,11278
ITH43,Gorizia,6605,20-24,3537,3068
ITH44,Trieste,10299,20-24,5510,4789
ITH5,Emilia-Romagna,212783,20-24,112430,100353
ITH51,Piacenza,13633,20-24,7245,6388
ITH52,Parma,21638,20-24,11385,10253
ITH53,Reggio nell’Emilia,26879,20-24,14395,12484
ITH54,Modena,34887,20-24,18338,16549
ITH55,Bologna,47654,20-24,25102,22552
ITH56,Ferrara,14367,20-24,7498,6869
ITH57,Ravenna,18225,20-24,9775,8450
ITH58,Forlì-Cesena,18814,20-24,9969,8845
ITH59,Rimini,16686,20-24,8723,7963
ITI,Centro (IT),552342,20-24,289733,262609
ITI1,Toscana,170507,20-24,89885,80622
ITI11,Massa-Carrara,8202,20-24,4329,3873
ITI12,Lucca,17318,20-24,9111,8207
ITI13,Pistoia,13505,20-24,7103,6402
ITI14,Firenze,47597,20-24,25029,22568
ITI15,Prato,12916,20-24,6870,6046
ITI16,Livorno,14391,20-24,7539,6852
ITI17,Pisa,19362,20-24,10239,9123
ITI18,Arezzo,15500,20-24,8126,7374
ITI19,Siena,12284,20-24,6589,5695
ITI1A,Grosseto,9432,20-24,4950,4482
ITI2,Umbria,39934,20-24,21018,18916
ITI21,Perugia,30105,20-24,15860,14245
ITI22,Terni,9829,20-24,5158,4671
ITI3,Marche,71848,20-24,38026,33822
ITI31,Pesaro e Urbino,17434,20-24,9208,8226
ITI32,Ancona,22418,20-24,11898,10520
ITI33,Macerata,14530,20-24,7626,6904
ITI34,Ascoli Piceno,9440,20-24,5065,4375
ITI35,Fermo,8026,20-24,4229,3797
ITI4,Lazio,270053,20-24,140804,129249
ITI41,Viterbo,13946,20-24,7313,6633
ITI42,Rieti,6956,20-24,3663,3293
ITI43,Roma,199169,20-24,103536,95633
ITI44,Latina,28263,20-24,14859,13404
ITI45,Frosinone,21719,20-24,11433,10286
IT,Italy,3012211,25-29,1575454,1436757
ITC,Nord-Ovest,809111,25-29,425188,383923
ITC1,Piemonte,211740,25-29,112143,99597
ITC11,Torino,110959,25-29,58690,52269
ITC12,Vercelli,7982,25-29,4301,3681
ITC13,Biella,7487,25-29,3910,3577
ITC14,Verbano-Cusio-Ossola,7334,25-29,3847,3487
ITC15,Novara,18133,25-29,9496,8637
ITC16,Cuneo,30965,25-29,16480,14485
ITC17,Asti,10099,25-29,5439,4660
ITC18,Alessandria,18781,25-29,9980,8801
ITC2,Valle d’Aosta/Vallée d’Aoste,5918,25-29,3093,2825
ITC20,Valle d’Aosta/Vallée d’Aoste,5918,25-29,3093,2825
ITC3,Liguria,71142,25-29,37822,33320
ITC31,Imperia,10081,25-29,5455,4626
ITC32,Savona,11880,25-29,6271,5609
ITC33,Genova,39047,25-29,20697,18350
ITC34,La Spezia,10134,25-29,5399,4735
ITC4,Lombardia,520311,25-29,272130,248181
ITC41,Varese,43232,25-29,22381,20851
ITC42,Como,30398,25-29,15963,14435
ITC43,Lecco,17012,25-29,9029,7983
ITC44,Sondrio,9369,25-29,4975,4394
ITC46,Bergamo,58253,25-29,30357,27896
ITC47,Brescia,65775,25-29,34436,31339
ITC48,Pavia,26798,25-29,14054,12744
ITC49,Lodi,11712,25-29,6071,5641
ITC4A,Cremona,17825,25-29,9436,8389
ITC4B,Mantova,20095,25-29,10603,9492
ITC4C,Milano,176092,25-29,92139,83953
ITC4D,Monza e della Brianza,43750,25-29,22686,21064
ITF,Sud,721643,25-29,373880,347763
ITF1,Abruzzo,62131,25-29,32523,29608
ITF11,L’Aquila,13835,25-29,7231,6604
ITF12,Teramo,15017,25-29,7806,7211
ITF13,Pescara,15122,25-29,7915,7207
ITF14,Chieti,18157,25-29,9571,8586
ITF2,Molise,15084,25-29,8140,6944
ITF21,Isernia,4037,25-29,2193,1844
ITF22,Campobasso,11047,25-29,5947,5100
ITF3,Campania,316237,25-29,162288,153949
ITF31,Caserta,51815,25-29,26546,25269
ITF32,Benevento,14196,25-29,7455,6741
ITF33,Napoli,171832,25-29,87552,84280
ITF34,Avellino,21525,25-29,11189,10336
ITF35,Salerno,56869,25-29,29546,27323
ITF4,Puglia,203708,25-29,105947,97761
ITF43,Taranto,27616,25-29,14411,13205
ITF44,Brindisi,18981,25-29,9873,9108
ITF45,Lecce,37928,25-29,19623,18305
ITF46,Foggia,33441,25-29,17871,15570
ITF47,Bari,64613,25-29,33269,31344
ITF48,Barletta-Andria-Trani,21129,25-29,10900,10229
ITF5,Basilicata,27950,25-29,14947,13003
ITF51,Potenza,17761,25-29,9460,8301
ITF52,Matera,10189,25-29,5487,4702
ITF6,Calabria,96533,25-29,50035,46498
ITF61,Cosenza,34745,25-29,18311,16434
ITF62,Crotone,8658,25-29,4380,4278
ITF63,Catanzaro,17596,25-29,9109,8487
ITF64,Vibo Valentia,8569,25-29,4498,4071
ITF65,Reggio Calabria,26965,25-29,13737,13228
ITG,Isole,324814,25-29,168474,156340
ITG1,Sicilia,254798,25-29,131203,123595
ITG11,Trapani,22368,25-29,11892,10476
ITG12,Palermo,62503,25-29,31565,30938
ITG13,Messina,30145,25-29,15513,14632
ITG14,Agrigento,22379,25-29,11681,10698
ITG15,Caltanissetta,13629,25-29,7078,6551
ITG16,Enna,8454,25-29,4369,4085
ITG17,Catania,57341,25-29,29182,28159
ITG18,Ragusa,18315,25-29,9766,8549
ITG19,Siracusa,19664,25-29,10157,9507
ITG2,Sardegna,70016,25-29,37271,32745
ITG25,Sassari (NUTS 2016),:,25-29,:,:
ITG26,Nuoro (NUTS 2016),:,25-29,:,:
ITG27,Cagliari (NUTS 2016),:,25-29,:,:
ITG28,Oristano (NUTS 2016),:,25-29,:,:
ITG29,Olbia-Tempio (NUTS 2016),:,25-29,:,:
ITG2A,Ogliastra (NUTS 2016),:,25-29,:,:
ITG2B,Medio Campidano (NUTS 2016),:,25-29,:,:
ITG2C,Carbonia-Iglesias (NUTS 2016),:,25-29,:,:
ITG2D,Sassari,21773,25-29,11511,10262
ITG2E,Nuoro,9611,25-29,5131,4480
ITG2F,Cagliari,18257,25-29,9657,8600
ITG2G,Oristano,6457,25-29,3442,3015
ITG2H,Sud Sardegna,13918,25-29,7530,6388
ITH,Nord-Est,590093,25-29,310195,279898
ITH1,Provincia Autonoma di Bolzano/Bozen,30619,25-29,16013,14606
ITH10,Bolzano-Bozen,30619,25-29,16013,14606
ITH2,Provincia Autonoma di Trento,29803,25-29,15561,14242
ITH20,Trento,29803,25-29,15561,14242
ITH3,Veneto,247139,25-29,129604,117535
ITH31,Verona,48495,25-29,25060,23435
ITH32,Vicenza,45735,25-29,24262,21473
ITH33,Belluno,9546,25-29,5042,4504
ITH34,Treviso,45058,25-29,23903,21155
ITH35,Venezia,40551,25-29,21174,19377
ITH36,Padova,47700,25-29,24868,22832
ITH37,Rovigo,10054,25-29,5295,4759
ITH4,Friuli-Venezia Giulia,56904,25-29,30332,26572
ITH41,Pordenone,15174,25-29,8161,7013
ITH42,Udine,23687,25-29,12474,11213
ITH43,Gorizia,6819,25-29,3680,3139
ITH44,Trieste,11224,25-29,6017,5207
ITH5,Emilia-Romagna,225628,25-29,118685,106943
ITH51,Piacenza,14905,25-29,7908,6997
ITH52,Parma,24155,25-29,12842,11313
ITH53,Reggio nell’Emilia,27692,25-29,14484,13208
ITH54,Modena,36846,25-29,19703,17143
ITH55,Bologna,52870,25-29,27383,25487
ITH56,Ferrara,15245,25-29,8111,7134
ITH57,Ravenna,18498,25-29,9739,8759
ITH58,Forlì-Cesena,19182,25-29,10059,9123
ITH59,Rimini,16235,25-29,8456,7779
ITI,Centro (IT),566550,25-29,297717,268833
ITI1,Toscana,173571,25-29,91134,82437
ITI11,Massa-Carrara,8380,25-29,4398,3982
ITI12,Lucca,17558,25-29,9148,8410
ITI13,Pistoia,13539,25-29,7026,6513
ITI14,Firenze,48432,25-29,25080,23352
ITI15,Prato,12278,25-29,6488,5790
ITI16,Livorno,14471,25-29,7611,6860
ITI17,Pisa,20286,25-29,10629,9657
ITI18,Arezzo,16229,25-29,8707,7522
ITI19,Siena,12801,25-29,6888,5913
ITI1A,Grosseto,9597,25-29,5159,4438
ITI2,Umbria,39912,25-29,21021,18891
ITI21,Perugia,30215,25-29,15834,14381
ITI22,Terni,9697,25-29,5187,4510
ITI3,Marche,72994,25-29,38904,34090
ITI31,Pesaro e Urbino,16962,25-29,9070,7892
ITI32,Ancona,22825,25-29,12229,10596
ITI33,Macerata,14851,25-29,7849,7002
ITI34,Ascoli Piceno,9950,25-29,5276,4674
ITI35,Fermo,8406,25-29,4480,3926
ITI4,Lazio,280073,25-29,146658,133415
ITI41,Viterbo,14546,25-29,7714,6832
ITI42,Rieti,7708,25-29,4269,3439
ITI43,Roma,205427,25-29,106785,98642
ITI44,Latina,29217,25-29,15627,13590
ITI45,Frosinone,23175,25-29,12263,10912
IT,Italy,3213337,30-34,1643289,1570048
ITC,Nord-Ovest,860288,30-34,441039,419249
ITC1,Piemonte,222268,30-34,115065,107203
ITC11,Torino,117892,30-34,60687,57205
ITC12,Vercelli,8328,30-34,4367,3961
ITC13,Biella,7817,30-34,4113,3704
ITC14,Verbano-Cusio-Ossola,7245,30-34,3736,3509
ITC15,Novara,18984,30-34,9796,9188
ITC16,Cuneo,31956,30-34,16734,15222
ITC17,Asti,10187,30-34,5264,4923
ITC18,Alessandria,19859,30-34,10368,9491
ITC2,Valle d’Aosta/Vallée d’Aoste,6151,30-34,3145,3006
ITC20,Valle d’Aosta/Vallée d’Aoste,6151,30-34,3145,3006
ITC3,Liguria,74342,30-34,38359,35983
ITC31,Imperia,10573,30-34,5499,5074
ITC32,Savona,12267,30-34,6354,5913
ITC33,Genova,40865,30-34,20945,19920
ITC34,La Spezia,10637,30-34,5561,5076
ITC4,Lombardia,557527,30-34,284470,273057
ITC41,Varese,46333,30-34,23447,22886
ITC42,Como,32335,30-34,16626,15709
ITC43,Lecco,16956,30-34,8768,8188
ITC44,Sondrio,9355,30-34,4946,4409
ITC46,Bergamo,59664,30-34,30516,29148
ITC47,Brescia,68318,30-34,34903,33415
ITC48,Pavia,28670,30-34,14818,13852
ITC49,Lodi,12498,30-34,6427,6071
ITC4A,Cremona,18765,30-34,9531,9234
ITC4B,Mantova,21143,30-34,10902,10241
ITC4C,Milano,196711,30-34,100082,96629
ITC4D,Monza e della Brianza,46779,30-34,23504,23275
ITF,Sud,765651,30-34,389308,376343
ITF1,Abruzzo,67528,30-34,34862,32666
ITF11,L’Aquila,15371,30-34,8113,7258
ITF12,Teramo,16171,30-34,8374,7797
ITF13,Pescara,16584,30-34,8415,8169
ITF14,Chieti,19402,30-34,9960,9442
ITF2,Molise,15863,30-34,8399,7464
ITF21,Isernia,4346,30-34,2268,2078
ITF22,Campobasso,11517,30-34,6131,5386
ITF3,Campania,333907,30-34,167731,166176
ITF31,Caserta,55469,30-34,27629,27840
ITF32,Benevento,15107,30-34,7811,7296
ITF33,Napoli,177936,30-34,88624,89312
ITF34,Avellino,23331,30-34,12055,11276
ITF35,Salerno,62064,30-34,31612,30452
ITF4,Puglia,213281,30-34,108857,104424
ITF43,Taranto,28902,30-34,14596,14306
ITF44,Brindisi,20682,30-34,10589,10093
ITF45,Lecce,40228,30-34,20346,19882
ITF46,Foggia,33923,30-34,17936,15987
ITF47,Bari,68104,30-34,34455,33649
ITF48,Barletta-Andria-Trani,21442,30-34,10935,10507
ITF5,Basilicata,29778,30-34,15670,14108
ITF51,Potenza,18940,30-34,9886,9054
ITF52,Matera,10838,30-34,5784,5054
ITF6,Calabria,105294,30-34,53789,51505
ITF61,Cosenza,38166,30-34,19588,18578
ITF62,Crotone,9456,30-34,4865,4591
ITF63,Catanzaro,19500,30-34,9983,9517
ITF64,Vibo Valentia,8866,30-34,4579,4287
ITF65,Reggio Calabria,29306,30-34,14774,14532
ITG,Isole,353680,30-34,179591,174089
ITG1,Sicilia,274993,30-34,139031,135962
ITG11,Trapani,22663,30-34,11815,10848
ITG12,Palermo,68375,30-34,34191,34184
ITG13,Messina,33586,30-34,16792,16794
ITG14,Agrigento,22847,30-34,11629,11218
ITG15,Caltanissetta,14177,30-34,7207,6970
ITG16,Enna,8603,30-34,4421,4182
ITG17,Catania,63682,30-34,31866,31816
ITG18,Ragusa,19453,30-34,10216,9237
ITG19,Siracusa,21607,30-34,10894,10713
ITG2,Sardegna,78687,30-34,40560,38127
ITG25,Sassari (NUTS 2016),:,30-34,:,:
ITG26,Nuoro (NUTS 2016),:,30-34,:,:
ITG27,Cagliari (NUTS 2016),:,30-34,:,:
ITG28,Oristano (NUTS 2016),:,30-34,:,:
ITG29,Olbia-Tempio (NUTS 2016),:,30-34,:,:
ITG2A,Ogliastra (NUTS 2016),:,30-34,:,:
ITG2B,Medio Campidano (NUTS 2016),:,30-34,:,:
ITG2C,Carbonia-Iglesias (NUTS 2016),:,30-34,:,:
ITG2D,Sassari,24303,30-34,12481,11822
ITG2E,Nuoro,9930,30-34,5207,4723
ITG2F,Cagliari,21334,30-34,10861,10473
ITG2G,Oristano,7269,30-34,3832,3437
ITG2H,Sud Sardegna,15851,30-34,8179,7672
ITH,Nord-Est,620416,30-34,319265,301151
ITH1,Provincia Autonoma di Bolzano/Bozen,31184,30-34,16124,15060
ITH10,Bolzano-Bozen,31184,30-34,16124,15060
ITH2,Provincia Autonoma di Trento,30592,30-34,15822,14770
ITH20,Trento,30592,30-34,15822,14770
ITH3,Veneto,254744,30-34,130669,124075
ITH31,Verona,51620,30-34,26259,25361
ITH32,Vicenza,46075,30-34,23965,22110
ITH33,Belluno,9747,30-34,5088,4659
ITH34,Treviso,45597,30-34,23447,22150
ITH35,Venezia,41158,30-34,20871,20287
ITH36,Padova,49791,30-34,25460,24331
ITH37,Rovigo,10756,30-34,5579,5177
ITH4,Friuli-Venezia Giulia,59916,30-34,31162,28754
ITH41,Pordenone,15979,30-34,8356,7623
ITH42,Udine,24805,30-34,12763,12042
ITH43,Gorizia,6818,30-34,3540,3278
ITH44,Trieste,12314,30-34,6503,5811
ITH5,Emilia-Romagna,243980,30-34,125488,118492
ITH51,Piacenza,15879,30-34,8196,7683
ITH52,Parma,26822,30-34,13800,13022
ITH53,Reggio nell’Emilia,29178,30-34,15110,14068
ITH54,Modena,40100,30-34,20913,19187
ITH55,Bologna,59308,30-34,30199,29109
ITH56,Ferrara,16020,30-34,8364,7656
ITH57,Ravenna,19137,30-34,9795,9342
ITH58,Forlì-Cesena,20273,30-34,10383,9890
ITH59,Rimini,17263,30-34,8728,8535
ITI,Centro (IT),613302,30-34,314086,299216
ITI1,Toscana,186692,30-34,95608,91084
ITI11,Massa-Carrara,8800,30-34,4537,4263
ITI12,Lucca,18602,30-34,9503,9099
ITI13,Pistoia,14471,30-34,7364,7107
ITI14,Firenze,51898,30-34,26018,25880
ITI15,Prato,13865,30-34,7197,6668
ITI16,Livorno,15416,30-34,8032,7384
ITI17,Pisa,22766,30-34,11665,11101
ITI18,Arezzo,17159,30-34,8936,8223
ITI19,Siena,13552,30-34,7084,6468
ITI1A,Grosseto,10163,30-34,5272,4891
ITI2,Umbria,42701,30-34,21930,20771
ITI21,Perugia,32613,30-34,16794,15819
ITI22,Terni,10088,30-34,5136,4952
ITI3,Marche,75844,30-34,39345,36499
ITI31,Pesaro e Urbino,17599,30-34,9044,8555
ITI32,Ancona,23404,30-34,12211,11193
ITI33,Macerata,15862,30-34,8196,7666
ITI34,Ascoli Piceno,10520,30-34,5528,4992
ITI35,Fermo,8459,30-34,4366,4093
ITI4,Lazio,308065,30-34,157203,150862
ITI41,Viterbo,15698,30-34,8268,7430
ITI42,Rieti,7989,30-34,4326,3663
ITI43,Roma,226915,30-34,114971,111944
ITI44,Latina,31682,30-34,16296,15386
ITI45,Frosinone,25781,30-34,13342,12439
IT,Italy,3357101,35-39,1694951,1662150
ITC,Nord-Ovest,891815,35-39,453230,438585
ITC1,Piemonte,228083,35-39,115783,112300
ITC11,Torino,120593,35-39,60872,59721
ITC12,Vercelli,8650,35-39,4438,4212
ITC13,Biella,7891,35-39,4040,3851
ITC14,Verbano-Cusio-Ossola,7494,35-39,3848,3646
ITC15,Novara,19799,35-39,10012,9787
ITC16,Cuneo,32405,35-39,16695,15710
ITC17,Asti,10724,35-39,5445,5279
ITC18,Alessandria,20527,35-39,10433,10094
ITC2,Valle d’Aosta/Vallée d’Aoste,6429,35-39,3209,3220
ITC20,Valle d’Aosta/Vallée d’Aoste,6429,35-39,3209,3220
ITC3,Liguria,75930,35-39,38903,37027
ITC31,Imperia,10836,35-39,5580,5256
ITC32,Savona,12551,35-39,6431,6120
ITC33,Genova,41016,35-39,20984,20032
ITC34,La Spezia,11527,35-39,5908,5619
ITC4,Lombardia,581373,35-39,295335,286038
ITC41,Varese,48751,35-39,24633,24118
ITC42,Como,33520,35-39,16962,16558
ITC43,Lecco,17507,35-39,8926,8581
ITC44,Sondrio,9409,35-39,4769,4640
ITC46,Bergamo,63222,35-39,31939,31283
ITC47,Brescia,72348,35-39,36819,35529
ITC48,Pavia,29919,35-39,15176,14743
ITC49,Lodi,13540,35-39,6882,6658
ITC4A,Cremona,19477,35-39,9973,9504
ITC4B,Mantova,22938,35-39,11758,11180
ITC4C,Milano,201008,35-39,102646,98362
ITC4D,Monza e della Brianza,49734,35-39,24852,24882
ITF,Sud,793831,35-39,400285,393546
ITF1,Abruzzo,72595,35-39,36769,35826
ITF11,L’Aquila,16669,35-39,8561,8108
ITF12,Teramo,17485,35-39,8833,8652
ITF13,Pescara,17681,35-39,8834,8847
ITF14,Chieti,20760,35-39,10541,10219
ITF2,Molise,16284,35-39,8551,7733
ITF21,Isernia,4694,35-39,2512,2182
ITF22,Campobasso,11590,35-39,6039,5551
ITF3,Campania,341854,35-39,171360,170494
ITF31,Caserta,57884,35-39,28865,29019
ITF32,Benevento,15155,35-39,7789,7366
ITF33,Napoli,180471,35-39,89893,90578
ITF34,Avellino,23674,35-39,12109,11565
ITF35,Salerno,64670,35-39,32704,31966
ITF4,Puglia,221498,35-39,111492,110006
ITF43,Taranto,31162,35-39,15588,15574
ITF44,Brindisi,21769,35-39,10946,10823
ITF45,Lecce,41976,35-39,20955,21021
ITF46,Foggia,33836,35-39,17498,16338
ITF47,Bari,71137,35-39,35649,35488
ITF48,Barletta-Andria-Trani,21618,35-39,10856,10762
ITF5,Basilicata,30485,35-39,15892,14593
ITF51,Potenza,19542,35-39,10221,9321
ITF52,Matera,10943,35-39,5671,5272
ITF6,Calabria,111115,35-39,56221,54894
ITF61,Cosenza,40495,35-39,20488,20007
ITF62,Crotone,9853,35-39,5078,4775
ITF63,Catanzaro,20475,35-39,10474,10001
ITF64,Vibo Valentia,9025,35-39,4582,4443
ITF65,Reggio Calabria,31267,35-39,15599,15668
ITG,Isole,370647,35-39,186949,183698
ITG1,Sicilia,283967,35-39,142790,141177
ITG11,Trapani,23079,35-39,11854,11225
ITG12,Palermo,70518,35-39,34893,35625
ITG13,Messina,35003,35-39,17577,17426
ITG14,Agrigento,23328,35-39,11833,11495
ITG15,Caltanissetta,13847,35-39,6925,6922
ITG16,Enna,8659,35-39,4364,4295
ITG17,Catania,66119,35-39,32919,33200
ITG18,Ragusa,20502,35-39,10712,9790
ITG19,Siracusa,22912,35-39,11713,11199
ITG2,Sardegna,86680,35-39,44159,42521
ITG25,Sassari (NUTS 2016),:,35-39,:,:
ITG26,Nuoro (NUTS 2016),:,35-39,:,:
ITG27,Cagliari (NUTS 2016),:,35-39,:,:
ITG28,Oristano (NUTS 2016),:,35-39,:,:
ITG29,Olbia-Tempio (NUTS 2016),:,35-39,:,:
ITG2A,Ogliastra (NUTS 2016),:,35-39,:,:
ITG2B,Medio Campidano (NUTS 2016),:,35-39,:,:
ITG2C,Carbonia-Iglesias (NUTS 2016),:,35-39,:,:
ITG2D,Sassari,26682,35-39,13511,13171
ITG2E,Nuoro,10311,35-39,5344,4967
ITG2F,Cagliari,24001,35-39,12027,11974
ITG2G,Oristano,7956,35-39,4089,3867
ITG2H,Sud Sardegna,17730,35-39,9188,8542
ITH,Nord-Est,639378,35-39,322522,316856
ITH1,Provincia Autonoma di Bolzano/Bozen,31260,35-39,15944,15316
ITH10,Bolzano-Bozen,31260,35-39,15944,15316
ITH2,Provincia Autonoma di Trento,30632,35-39,15520,15112
ITH20,Trento,30632,35-39,15520,15112
ITH3,Veneto,263376,35-39,132625,130751
ITH31,Verona,54326,35-39,27290,27036
ITH32,Vicenza,46180,35-39,23397,22783
ITH33,Belluno,9771,35-39,4975,4796
ITH34,Treviso,46866,35-39,23523,23343
ITH35,Venezia,42847,35-39,21614,21233
ITH36,Padova,51611,35-39,25849,25762
ITH37,Rovigo,11775,35-39,5977,5798
ITH4,Friuli-Venezia Giulia,62418,35-39,31665,30753
ITH41,Pordenone,16830,35-39,8512,8318
ITH42,Udine,26512,35-39,13325,13187
ITH43,Gorizia,6785,35-39,3507,3278
ITH44,Trieste,12291,35-39,6321,5970
ITH5,Emilia-Romagna,251692,35-39,126768,124924
ITH51,Piacenza,15919,35-39,8096,7823
ITH52,Parma,27390,35-39,13838,13552
ITH53,Reggio nell’Emilia,30408,35-39,15594,14814
ITH54,Modena,40497,35-39,20560,19937
ITH55,Bologna,60470,35-39,30153,30317
ITH56,Ferrara,16846,35-39,8614,8232
ITH57,Ravenna,20164,35-39,10126,10038
ITH58,Forlì-Cesena,21390,35-39,10726,10664
ITH59,Rimini,18608,35-39,9061,9547
ITI,Centro (IT),661430,35-39,331965,329465
ITI1,Toscana,199225,35-39,99576,99649
ITI11,Massa-Carrara,9599,35-39,4859,4740
ITI12,Lucca,19776,35-39,9886,9890
ITI13,Pistoia,15742,35-39,7813,7929
ITI14,Firenze,54882,35-39,27137,27745
ITI15,Prato,16130,35-39,8040,8090
ITI16,Livorno,16256,35-39,8084,8172
ITI17,Pisa,23226,35-39,11634,11592
ITI18,Arezzo,18640,35-39,9454,9186
ITI19,Siena,14001,35-39,7024,6977
ITI1A,Grosseto,10973,35-39,5645,5328
ITI2,Umbria,46393,35-39,23007,23386
ITI21,Perugia,35264,35-39,17373,17891
ITI22,Terni,11129,35-39,5634,5495
ITI3,Marche,80663,35-39,40695,39968
ITI31,Pesaro e Urbino,18839,35-39,9478,9361
ITI32,Ancona,24668,35-39,12456,12212
ITI33,Macerata,16802,35-39,8468,8334
ITI34,Ascoli Piceno,11101,35-39,5622,5479
ITI35,Fermo,9253,35-39,4671,4582
ITI4,Lazio,335149,35-39,168687,166462
ITI41,Viterbo,17518,35-39,8940,8578
ITI42,Rieti,8222,35-39,4266,3956
ITI43,Roma,247830,35-39,123709,124121
ITI44,Latina,34222,35-39,17782,16440
ITI45,Frosinone,27357,35-39,13990,13367
IT,Italy,3680853,40-44,1844218,1836635
ITC,Nord-Ovest,971889,40-44,490160,481729
ITC1,Piemonte,249600,40-44,125062,124538
ITC11,Torino,130714,40-44,64962,65752
ITC12,Vercelli,9469,40-44,4831,4638
ITC13,Biella,8863,40-44,4341,4522
ITC14,Verbano-Cusio-Ossola,8378,40-44,4294,4084
ITC15,Novara,22660,40-44,11501,11159
ITC16,Cuneo,34921,40-44,17777,17144
ITC17,Asti,11729,40-44,5824,5905
ITC18,Alessandria,22866,40-44,11532,11334
ITC2,Valle d’Aosta/Vallée d’Aoste,7085,40-44,3580,3505
ITC20,Valle d’Aosta/Vallée d’Aoste,7085,40-44,3580,3505
ITC3,Liguria,80804,40-44,40686,40118
ITC31,Imperia,11339,40-44,5786,5553
ITC32,Savona,13752,40-44,6918,6834
ITC33,Genova,43452,40-44,21716,21736
ITC34,La Spezia,12261,40-44,6266,5995
ITC4,Lombardia,634400,40-44,320832,313568
ITC41,Varese,53938,40-44,27020,26918
ITC42,Como,37155,40-44,18700,18455
ITC43,Lecco,19668,40-44,9924,9744
ITC44,Sondrio,10414,40-44,5318,5096
ITC46,Bergamo,69971,40-44,35427,34544
ITC47,Brescia,80925,40-44,40937,39988
ITC48,Pavia,33152,40-44,16727,16425
ITC49,Lodi,14837,40-44,7609,7228
ITC4A,Cremona,21772,40-44,11129,10643
ITC4B,Mantova,25879,40-44,13258,12621
ITC4C,Milano,211438,40-44,107062,104376
ITC4D,Monza e della Brianza,55251,40-44,27721,27530
ITF,Sud,856896,40-44,427487,429409
ITF1,Abruzzo,80242,40-44,40426,39816
ITF11,L’Aquila,18536,40-44,9583,8953
ITF12,Teramo,19111,40-44,9629,9482
ITF13,Pescara,19215,40-44,9341,9874
ITF14,Chieti,23380,40-44,11873,11507
ITF2,Molise,17519,40-44,8940,8579
ITF21,Isernia,4819,40-44,2479,2340
ITF22,Campobasso,12700,40-44,6461,6239
ITF3,Campania,364178,40-44,181366,182812
ITF31,Caserta,62547,40-44,31453,31094
ITF32,Benevento,15863,40-44,7953,7910
ITF33,Napoli,192935,40-44,95073,97862
ITF34,Avellino,24701,40-44,12535,12166
ITF35,Salerno,68132,40-44,34352,33780
ITF4,Puglia,245418,40-44,121623,123795
ITF43,Taranto,34961,40-44,17461,17500
ITF44,Brindisi,23690,40-44,11810,11880
ITF45,Lecce,48279,40-44,23600,24679
ITF46,Foggia,36773,40-44,18673,18100
ITF47,Bari,77744,40-44,38244,39500
ITF48,Barletta-Andria-Trani,23971,40-44,11835,12136
ITF5,Basilicata,32351,40-44,16402,15949
ITF51,Potenza,20429,40-44,10325,10104
ITF52,Matera,11922,40-44,6077,5845
ITF6,Calabria,117188,40-44,58730,58458
ITF61,Cosenza,43255,40-44,21753,21502
ITF62,Crotone,10258,40-44,5273,4985
ITF63,Catanzaro,21557,40-44,10684,10873
ITF64,Vibo Valentia,9005,40-44,4553,4452
ITF65,Reggio Calabria,33113,40-44,16467,16646
ITG,Isole,403310,40-44,201667,201643
ITG1,Sicilia,302816,40-44,150840,151976
ITG11,Trapani,25219,40-44,12706,12513
ITG12,Palermo,76611,40-44,37503,39108
ITG13,Messina,36901,40-44,18211,18690
ITG14,Agrigento,24822,40-44,12513,12309
ITG15,Caltanissetta,14838,40-44,7301,7537
ITG16,Enna,8953,40-44,4557,4396
ITG17,Catania,69136,40-44,34317,34819
ITG18,Ragusa,21340,40-44,11079,10261
ITG19,Siracusa,24996,40-44,12653,12343
ITG2,Sardegna,100494,40-44,50827,49667
ITG25,Sassari (NUTS 2016),:,40-44,:,:
ITG26,Nuoro (NUTS 2016),:,40-44,:,:
ITG27,Cagliari (NUTS 2016),:,40-44,:,:
ITG28,Oristano (NUTS 2016),:,40-44,:,:
ITG29,Olbia-Tempio (NUTS 2016),:,40-44,:,:
ITG2A,Ogliastra (NUTS 2016),:,40-44,:,:
ITG2B,Medio Campidano (NUTS 2016),:,40-44,:,:
ITG2C,Carbonia-Iglesias (NUTS 2016),:,40-44,:,:
ITG2D,Sassari,30556,40-44,15361,15195
ITG2E,Nuoro,11517,40-44,5958,5559
ITG2F,Cagliari,27995,40-44,13895,14100
ITG2G,Oristano,9278,40-44,4798,4480
ITG2H,Sud Sardegna,21148,40-44,10815,10333
ITH,Nord-Est,704294,40-44,354180,350114
ITH1,Provincia Autonoma di Bolzano/Bozen,33824,40-44,16869,16955
ITH10,Bolzano-Bozen,33824,40-44,16869,16955
ITH2,Provincia Autonoma di Trento,32187,40-44,16176,16011
ITH20,Trento,32187,40-44,16176,16011
ITH3,Veneto,291661,40-44,146916,144745
ITH31,Verona,59348,40-44,29999,29349
ITH32,Vicenza,50563,40-44,25568,24995
ITH33,Belluno,10835,40-44,5509,5326
ITH34,Treviso,52267,40-44,26221,26046
ITH35,Venezia,48023,40-44,24182,23841
ITH36,Padova,56969,40-44,28529,28440
ITH37,Rovigo,13656,40-44,6908,6748
ITH4,Friuli-Venezia Giulia,69137,40-44,35275,33862
ITH41,Pordenone,19321,40-44,9821,9500
ITH42,Udine,30069,40-44,15230,14839
ITH43,Gorizia,7792,40-44,4166,3626
ITH44,Trieste,11955,40-44,6058,5897
ITH5,Emilia-Romagna,277485,40-44,138944,138541
ITH51,Piacenza,16898,40-44,8670,8228
ITH52,Parma,29294,40-44,14763,14531
ITH53,Reggio nell’Emilia,33812,40-44,17079,16733
ITH54,Modena,44256,40-44,22387,21869
ITH55,Bologna,64745,40-44,32307,32438
ITH56,Ferrara,19347,40-44,9682,9665
ITH57,Ravenna,23087,40-44,11433,11654
ITH58,Forlì-Cesena,24228,40-44,11981,12247
ITH59,Rimini,21818,40-44,10642,11176
ITI,Centro (IT),744464,40-44,370724,373740
ITI1,Toscana,223366,40-44,111192,112174
ITI11,Massa-Carrara,11015,40-44,5575,5440
ITI12,Lucca,22766,40-44,11252,11514
ITI13,Pistoia,17819,40-44,8756,9063
ITI14,Firenze,59918,40-44,29619,30299
ITI15,Prato,18048,40-44,9056,8992
ITI16,Livorno,18969,40-44,9439,9530
ITI17,Pisa,26520,40-44,13418,13102
ITI18,Arezzo,20179,40-44,10129,10050
ITI19,Siena,15595,40-44,7615,7980
ITI1A,Grosseto,12537,40-44,6333,6204
ITI2,Umbria,52689,40-44,26124,26565
ITI21,Perugia,40004,40-44,19829,20175
ITI22,Terni,12685,40-44,6295,6390
ITI3,Marche,91659,40-44,45930,45729
ITI31,Pesaro e Urbino,21711,40-44,10820,10891
ITI32,Ancona,28787,40-44,14482,14305
ITI33,Macerata,18749,40-44,9353,9396
ITI34,Ascoli Piceno,12093,40-44,6133,5960
ITI35,Fermo,10319,40-44,5142,5177
ITI4,Lazio,376750,40-44,187478,189272
ITI41,Viterbo,19976,40-44,9969,10007
ITI42,Rieti,8956,40-44,4622,4334
ITI43,Roma,279842,40-44,138264,141578
ITI44,Latina,37615,40-44,19263,18352
ITI45,Frosinone,30361,40-44,15360,15001
IT,Italy,4380844,45-49,2179772,2201072
ITC,Nord-Ovest,1176033,45-49,590479,585554
ITC1,Piemonte,307359,45-49,152650,154709
ITC11,Torino,160691,45-49,79157,81534
ITC12,Vercelli,11518,45-49,5792,5726
ITC13,Biella,11906,45-49,5887,6019
ITC14,Verbano-Cusio-Ossola,10948,45-49,5367,5581
ITC15,Novara,27195,45-49,13630,13565
ITC16,Cuneo,40930,45-49,20711,20219
ITC17,Asti,14973,45-49,7470,7503
ITC18,Alessandria,29198,45-49,14636,14562
ITC2,Valle d’Aosta/Vallée d’Aoste,8992,45-49,4458,4534
ITC20,Valle d’Aosta/Vallée d’Aoste,8992,45-49,4458,4534
ITC3,Liguria,102674,45-49,50543,52131
ITC31,Imperia,14091,45-49,6896,7195
ITC32,Savona,18187,45-49,8940,9247
ITC33,Genova,55192,45-49,27085,28107
ITC34,La Spezia,15204,45-49,7622,7582
ITC4,Lombardia,757008,45-49,382828,374180
ITC41,Varese,66362,45-49,33391,32971
ITC42,Como,45870,45-49,23294,22576
ITC43,Lecco,24507,45-49,12434,12073
ITC44,Sondrio,12553,45-49,6321,6232
ITC46,Bergamo,84360,45-49,43175,41185
ITC47,Brescia,96981,45-49,49401,47580
ITC48,Pavia,40741,45-49,20825,19916
ITC49,Lodi,17683,45-49,8963,8720
ITC4A,Cremona,26392,45-49,13448,12944
ITC4B,Mantova,31796,45-49,16367,15429
ITC4C,Milano,242752,45-49,121546,121206
ITC4D,Monza e della Brianza,67011,45-49,33663,33348
ITF,Sud,981839,45-49,486000,495839
ITF1,Abruzzo,92809,45-49,46553,46256
ITF11,L’Aquila,21009,45-49,10917,10092
ITF12,Teramo,21711,45-49,10776,10935
ITF13,Pescara,22868,45-49,11240,11628
ITF14,Chieti,27221,45-49,13620,13601
ITF2,Molise,20490,45-49,10445,10045
ITF21,Isernia,5526,45-49,2900,2626
ITF22,Campobasso,14964,45-49,7545,7419
ITF3,Campania,408406,45-49,201322,207084
ITF31,Caserta,68434,45-49,34190,34244
ITF32,Benevento,18051,45-49,8871,9180
ITF33,Napoli,217648,45-49,106508,111140
ITF34,Avellino,28359,45-49,13890,14469
ITF35,Salerno,75914,45-49,37863,38051
ITF4,Puglia,292434,45-49,144662,147772
ITF43,Taranto,42744,45-49,21298,21446
ITF44,Brindisi,28280,45-49,13895,14385
ITF45,Lecce,58110,45-49,28585,29525
ITF46,Foggia,42474,45-49,21349,21125
ITF47,Bari,91999,45-49,45230,46769
ITF48,Barletta-Andria-Trani,28827,45-49,14305,14522
ITF5,Basilicata,37956,45-49,19016,18940
ITF51,Potenza,23936,45-49,11969,11967
ITF52,Matera,14020,45-49,7047,6973
ITF6,Calabria,129744,45-49,64002,65742
ITF61,Cosenza,48037,45-49,23866,24171
ITF62,Crotone,11093,45-49,5492,5601
ITF63,Catanzaro,23875,45-49,11865,12010
ITF64,Vibo Valentia,10211,45-49,4986,5225
ITF65,Reggio Calabria,36528,45-49,17793,18735
ITG,Isole,467336,45-49,232441,234895
ITG1,Sicilia,343835,45-49,169773,174062
ITG11,Trapani,29328,45-49,14749,14579
ITG12,Palermo,86429,45-49,42258,44171
ITG13,Messina,42682,45-49,20964,21718
ITG14,Agrigento,28532,45-49,14079,14453
ITG15,Caltanissetta,16768,45-49,8359,8409
ITG16,Enna,10250,45-49,4944,5306
ITG17,Catania,77618,45-49,38102,39516
ITG18,Ragusa,23491,45-49,11953,11538
ITG19,Siracusa,28737,45-49,14365,14372
ITG2,Sardegna,123501,45-49,62668,60833
ITG25,Sassari (NUTS 2016),:,45-49,:,:
ITG26,Nuoro (NUTS 2016),:,45-49,:,:
ITG27,Cagliari (NUTS 2016),:,45-49,:,:
ITG28,Oristano (NUTS 2016),:,45-49,:,:
ITG29,Olbia-Tempio (NUTS 2016),:,45-49,:,:
ITG2A,Ogliastra (NUTS 2016),:,45-49,:,:
ITG2B,Medio Campidano (NUTS 2016),:,45-49,:,:
ITG2C,Carbonia-Iglesias (NUTS 2016),:,45-49,:,:
ITG2D,Sassari,38257,45-49,19464,18793
ITG2E,Nuoro,14188,45-49,7311,6877
ITG2F,Cagliari,34568,45-49,17143,17425
ITG2G,Oristano,10975,45-49,5644,5331
ITG2H,Sud Sardegna,25513,45-49,13106,12407
ITH,Nord-Est,863350,45-49,432295,431055
ITH1,Provincia Autonoma di Bolzano/Bozen,36348,45-49,18037,18311
ITH10,Bolzano-Bozen,36348,45-49,18037,18311
ITH2,Provincia Autonoma di Trento,38569,45-49,19095,19474
ITH20,Trento,38569,45-49,19095,19474
ITH3,Veneto,360787,45-49,181040,179747
ITH31,Verona,70189,45-49,35408,34781
ITH32,Vicenza,62570,45-49,31622,30948
ITH33,Belluno,13750,45-49,6808,6942
ITH34,Treviso,65385,45-49,32620,32765
ITH35,Venezia,61423,45-49,30649,30774
ITH36,Padova,69888,45-49,34970,34918
ITH37,Rovigo,17582,45-49,8963,8619
ITH4,Friuli-Venezia Giulia,86950,45-49,43796,43154
ITH41,Pordenone,23618,45-49,12070,11548
ITH42,Udine,37570,45-49,18725,18845
ITH43,Gorizia,9973,45-49,5231,4742
ITH44,Trieste,15789,45-49,7770,8019
ITH5,Emilia-Romagna,340696,45-49,170327,170369
ITH51,Piacenza,20859,45-49,10576,10283
ITH52,Parma,34460,45-49,17397,17063
ITH53,Reggio nell’Emilia,42016,45-49,21103,20913
ITH54,Modena,54091,45-49,27295,26796
ITH55,Bologna,76483,45-49,37940,38543
ITH56,Ferrara,25675,45-49,12839,12836
ITH57,Ravenna,29684,45-49,14810,14874
ITH58,Forlì-Cesena,30509,45-49,15185,15324
ITH59,Rimini,26919,45-49,13182,13737
ITI,Centro (IT),892286,45-49,438557,453729
ITI1,Toscana,274883,45-49,135343,139540
ITI11,Massa-Carrara,13736,45-49,6857,6879
ITI12,Lucca,28712,45-49,14153,14559
ITI13,Pistoia,21931,45-49,10754,11177
ITI14,Firenze,72942,45-49,35609,37333
ITI15,Prato,20961,45-49,10468,10493
ITI16,Livorno,24406,45-49,12086,12320
ITI17,Pisa,32603,45-49,16214,16389
ITI18,Arezzo,24633,45-49,12081,12552
ITI19,Siena,19138,45-49,9320,9818
ITI1A,Grosseto,15821,45-49,7801,8020
ITI2,Umbria,62917,45-49,30779,32138
ITI21,Perugia,47239,45-49,23144,24095
ITI22,Terni,15678,45-49,7635,8043
ITI3,Marche,110625,45-49,55089,55536
ITI31,Pesaro e Urbino,26932,45-49,13369,13563
ITI32,Ancona,35264,45-49,17712,17552
ITI33,Macerata,22142,45-49,11035,11107
ITI34,Ascoli Piceno,14170,45-49,6934,7236
ITI35,Fermo,12117,45-49,6039,6078
ITI4,Lazio,443861,45-49,217346,226515
ITI41,Viterbo,23769,45-49,11982,11787
ITI42,Rieti,10999,45-49,5544,5455
ITI43,Roma,330764,45-49,160444,170320
ITI44,Latina,44094,45-49,22248,21846
ITI45,Frosinone,34235,45-49,17128,17107
IT,Italy,4770527,50-54,2358247,2412280
ITC,Nord-Ovest,1304242,50-54,653584,650658
ITC1,Piemonte,346628,50-54,172098,174530
ITC11,Torino,181104,50-54,89129,91975
ITC12,Vercelli,13222,50-54,6595,6627
ITC13,Biella,13900,50-54,6950,6950
ITC14,Verbano-Cusio-Ossola,13088,50-54,6492,6596
ITC15,Novara,29694,50-54,14976,14718
ITC16,Cuneo,45480,50-54,22875,22605
ITC17,Asti,16777,50-54,8477,8300
ITC18,Alessandria,33363,50-54,16604,16759
ITC2,Valle d’Aosta/Vallée d’Aoste,10350,50-54,5072,5278
ITC20,Valle d’Aosta/Vallée d’Aoste,10350,50-54,5072,5278
ITC3,Liguria,123402,50-54,61001,62401
ITC31,Imperia,16667,50-54,8348,8319
ITC32,Savona,22425,50-54,11096,11329
ITC33,Genova,66695,50-54,32851,33844
ITC34,La Spezia,17615,50-54,8706,8909
ITC4,Lombardia,823862,50-54,415413,408449
ITC41,Varese,72270,50-54,36118,36152
ITC42,Como,49773,50-54,25145,24628
ITC43,Lecco,26922,50-54,13649,13273
ITC44,Sondrio,14256,50-54,7101,7155
ITC46,Bergamo,90499,50-54,46566,43933
ITC47,Brescia,102857,50-54,52831,50026
ITC48,Pavia,45067,50-54,22855,22212
ITC49,Lodi,19078,50-54,9799,9279
ITC4A,Cremona,28243,50-54,14418,13825
ITC4B,Mantova,33795,50-54,17219,16576
ITC4C,Milano,267931,50-54,133034,134897
ITC4D,Monza e della Brianza,73171,50-54,36678,36493
ITF,Sud,1034574,50-54,504557,530017
ITF1,Abruzzo,101471,50-54,49889,51582
ITF11,L’Aquila,21855,50-54,10904,10951
ITF12,Teramo,24264,50-54,11890,12374
ITF13,Pescara,25926,50-54,12643,13283
ITF14,Chieti,29426,50-54,14452,14974
ITF2,Molise,22117,50-54,10905,11212
ITF21,Isernia,5885,50-54,2862,3023
ITF22,Campobasso,16232,50-54,8043,8189
ITF3,Campania,431262,50-54,209534,221728
ITF31,Caserta,70186,50-54,34342,35844
ITF32,Benevento,20151,50-54,9826,10325
ITF33,Napoli,228517,50-54,110534,117983
ITF34,Avellino,30722,50-54,14983,15739
ITF35,Salerno,81686,50-54,39849,41837
ITF4,Puglia,301337,50-54,147585,153752
ITF43,Taranto,42626,50-54,21003,21623
ITF44,Brindisi,28951,50-54,13987,14964
ITF45,Lecce,59022,50-54,28706,30316
ITF46,Foggia,44658,50-54,22012,22646
ITF47,Bari,95527,50-54,46800,48727
ITF48,Barletta-Andria-Trani,30553,50-54,15077,15476
ITF5,Basilicata,41372,50-54,20429,20943
ITF51,Potenza,26937,50-54,13266,13671
ITF52,Matera,14435,50-54,7163,7272
ITF6,Calabria,137015,50-54,66215,70800
ITF61,Cosenza,51157,50-54,24809,26348
ITF62,Crotone,11866,50-54,5791,6075
ITF63,Catanzaro,25294,50-54,12199,13095
ITF64,Vibo Valentia,10983,50-54,5327,5656
ITF65,Reggio Calabria,37715,50-54,18089,19626
ITG,Isole,499551,50-54,245146,254405
ITG1,Sicilia,366439,50-54,178545,187894
ITG11,Trapani,32229,50-54,15764,16465
ITG12,Palermo,91036,50-54,44351,46685
ITG13,Messina,46601,50-54,22406,24195
ITG14,Agrigento,31318,50-54,15214,16104
ITG15,Caltanissetta,18713,50-54,8956,9757
ITG16,Enna,11574,50-54,5593,5981
ITG17,Catania,80770,50-54,39179,41591
ITG18,Ragusa,23772,50-54,11973,11799
ITG19,Siracusa,30426,50-54,15109,15317
ITG2,Sardegna,133112,50-54,66601,66511
ITG25,Sassari (NUTS 2016),:,50-54,:,:
ITG26,Nuoro (NUTS 2016),:,50-54,:,:
ITG27,Cagliari (NUTS 2016),:,50-54,:,:
ITG28,Oristano (NUTS 2016),:,50-54,:,:
ITG29,Olbia-Tempio (NUTS 2016),:,50-54,:,:
ITG2A,Ogliastra (NUTS 2016),:,50-54,:,:
ITG2B,Medio Campidano (NUTS 2016),:,50-54,:,:
ITG2C,Carbonia-Iglesias (NUTS 2016),:,50-54,:,:
ITG2D,Sassari,40928,50-54,20509,20419
ITG2E,Nuoro,15496,50-54,7841,7655
ITG2F,Cagliari,37631,50-54,18452,19179
ITG2G,Oristano,11966,50-54,6036,5930
ITG2H,Sud Sardegna,27091,50-54,13763,13328
ITH,Nord-Est,959188,50-54,479595,479593
ITH1,Provincia Autonoma di Bolzano/Bozen,42329,50-54,21136,21193
ITH10,Bolzano-Bozen,42329,50-54,21136,21193
ITH2,Provincia Autonoma di Trento,42183,50-54,20921,21262
ITH20,Trento,42183,50-54,20921,21262
ITH3,Veneto,404832,50-54,203690,201142
ITH31,Verona,76042,50-54,38600,37442
ITH32,Vicenza,71130,50-54,36020,35110
ITH33,Belluno,16454,50-54,8075,8379
ITH34,Treviso,73664,50-54,36964,36700
ITH35,Venezia,70811,50-54,35359,35452
ITH36,Padova,77985,50-54,39166,38819
ITH37,Rovigo,18746,50-54,9506,9240
ITH4,Friuli-Venezia Giulia,99165,50-54,49226,49939
ITH41,Pordenone,25510,50-54,12682,12828
ITH42,Udine,43291,50-54,21421,21870
ITH43,Gorizia,11726,50-54,5941,5785
ITH44,Trieste,18638,50-54,9182,9456
ITH5,Emilia-Romagna,370679,50-54,184622,186057
ITH51,Piacenza,22977,50-54,11424,11553
ITH52,Parma,37005,50-54,18496,18509
ITH53,Reggio nell’Emilia,44619,50-54,22630,21989
ITH54,Modena,58483,50-54,29434,29049
ITH55,Bologna,84221,50-54,41546,42675
ITH56,Ferrara,28868,50-54,14395,14473
ITH57,Ravenna,32796,50-54,16171,16625
ITH58,Forlì-Cesena,32631,50-54,16255,16376
ITH59,Rimini,29079,50-54,14271,14808
ITI,Centro (IT),972972,50-54,475365,497607
ITI1,Toscana,303935,50-54,149819,154116
ITI11,Massa-Carrara,15473,50-54,7692,7781
ITI12,Lucca,32248,50-54,15819,16429
ITI13,Pistoia,24099,50-54,11998,12101
ITI14,Firenze,81969,50-54,39923,42046
ITI15,Prato,22276,50-54,11231,11045
ITI16,Livorno,27714,50-54,13702,14012
ITI17,Pisa,34583,50-54,17304,17279
ITI18,Arezzo,27035,50-54,13355,13680
ITI19,Siena,20659,50-54,10102,10557
ITI1A,Grosseto,17879,50-54,8693,9186
ITI2,Umbria,67675,50-54,32999,34676
ITI21,Perugia,50111,50-54,24524,25587
ITI22,Terni,17564,50-54,8475,9089
ITI3,Marche,118310,50-54,58471,59839
ITI31,Pesaro e Urbino,28586,50-54,14188,14398
ITI32,Ancona,37400,50-54,18520,18880
ITI33,Macerata,23392,50-54,11661,11731
ITI34,Ascoli Piceno,15864,50-54,7744,8120
ITI35,Fermo,13068,50-54,6358,6710
ITI4,Lazio,483052,50-54,234076,248976
ITI41,Viterbo,25032,50-54,12308,12724
ITI42,Rieti,11854,50-54,5843,6011
ITI43,Roma,363489,50-54,175056,188433
ITI44,Latina,46818,50-54,23273,23545
ITI45,Frosinone,35859,50-54,17596,18263
IT,Italy,4848988,55-59,2382140,2466848
ITC,Nord-Ovest,1326488,55-59,660247,666241
ITC1,Piemonte,354625,55-59,174968,179657
ITC11,Torino,181208,55-59,88702,92506
ITC12,Vercelli,14004,55-59,6958,7046
ITC13,Biella,15032,55-59,7412,7620
ITC14,Verbano-Cusio-Ossola,13872,55-59,6868,7004
ITC15,Novara,30432,55-59,15019,15413
ITC16,Cuneo,47145,55-59,23584,23561
ITC17,Asti,17431,55-59,8672,8759
ITC18,Alessandria,35501,55-59,17753,17748
ITC2,Valle d’Aosta/Vallée d’Aoste,10766,55-59,5348,5418
ITC20,Valle d’Aosta/Vallée d’Aoste,10766,55-59,5348,5418
ITC3,Liguria,131724,55-59,64523,67201
ITC31,Imperia,18194,55-59,8863,9331
ITC32,Savona,24237,55-59,11919,12318
ITC33,Genova,70255,55-59,34346,35909
ITC34,La Spezia,19038,55-59,9395,9643
ITC4,Lombardia,829373,55-59,415408,413965
ITC41,Varese,74112,55-59,36937,37175
ITC42,Como,50689,55-59,25650,25039
ITC43,Lecco,28185,55-59,14232,13953
ITC44,Sondrio,15207,55-59,7621,7586
ITC46,Bergamo,92583,55-59,47108,45475
ITC47,Brescia,103382,55-59,52280,51102
ITC48,Pavia,45824,55-59,23226,22598
ITC49,Lodi,19321,55-59,9896,9425
ITC4A,Cremona,29152,55-59,14831,14321
ITC4B,Mantova,33301,55-59,16906,16395
ITC4C,Milano,263755,55-59,129814,133941
ITC4D,Monza e della Brianza,73862,55-59,36907,36955
ITF,Sud,1071571,55-59,519408,552163
ITF1,Abruzzo,105276,55-59,51709,53567
ITF11,L’Aquila,23274,55-59,11616,11658
ITF12,Teramo,25391,55-59,12531,12860
ITF13,Pescara,26066,55-59,12636,13430
ITF14,Chieti,30545,55-59,14926,15619
ITF2,Molise,24037,55-59,11818,12219
ITF21,Isernia,6522,55-59,3219,3303
ITF22,Campobasso,17515,55-59,8599,8916
ITF3,Campania,441454,55-59,213684,227770
ITF31,Caserta,71416,55-59,35010,36406
ITF32,Benevento,21820,55-59,10621,11199
ITF33,Napoli,230244,55-59,110521,119723
ITF34,Avellino,33337,55-59,16384,16953
ITF35,Salerno,84637,55-59,41148,43489
ITF4,Puglia,313410,55-59,151776,161634
ITF43,Taranto,43633,55-59,20897,22736
ITF44,Brindisi,30578,55-59,14874,15704
ITF45,Lecce,62152,55-59,29591,32561
ITF46,Foggia,46967,55-59,23000,23967
ITF47,Bari,99537,55-59,48349,51188
ITF48,Barletta-Andria-Trani,30543,55-59,15065,15478
ITF5,Basilicata,43922,55-59,21416,22506
ITF51,Potenza,29020,55-59,14181,14839
ITF52,Matera,14902,55-59,7235,7667
ITF6,Calabria,143472,55-59,69005,74467
ITF61,Cosenza,53308,55-59,25738,27570
ITF62,Crotone,12129,55-59,5873,6256
ITF63,Catanzaro,26945,55-59,12880,14065
ITF64,Vibo Valentia,11671,55-59,5678,5993
ITF65,Reggio Calabria,39419,55-59,18836,20583
ITG,Isole,508130,55-59,247319,260811
ITG1,Sicilia,372646,55-59,180446,192200
ITG11,Trapani,32023,55-59,15613,16410
ITG12,Palermo,92582,55-59,44631,47951
ITG13,Messina,48296,55-59,23168,25128
ITG14,Agrigento,32901,55-59,15808,17093
ITG15,Caltanissetta,19798,55-59,9444,10354
ITG16,Enna,12379,55-59,6073,6306
ITG17,Catania,81461,55-59,39271,42190
ITG18,Ragusa,23582,55-59,11727,11855
ITG19,Siracusa,29624,55-59,14711,14913
ITG2,Sardegna,135484,55-59,66873,68611
ITG25,Sassari (NUTS 2016),:,55-59,:,:
ITG26,Nuoro (NUTS 2016),:,55-59,:,:
ITG27,Cagliari (NUTS 2016),:,55-59,:,:
ITG28,Oristano (NUTS 2016),:,55-59,:,:
ITG29,Olbia-Tempio (NUTS 2016),:,55-59,:,:
ITG2A,Ogliastra (NUTS 2016),:,55-59,:,:
ITG2B,Medio Campidano (NUTS 2016),:,55-59,:,:
ITG2C,Carbonia-Iglesias (NUTS 2016),:,55-59,:,:
ITG2D,Sassari,40894,55-59,20220,20674
ITG2E,Nuoro,16928,55-59,8521,8407
ITG2F,Cagliari,36941,55-59,17868,19073
ITG2G,Oristano,12734,55-59,6216,6518
ITG2H,Sud Sardegna,27987,55-59,14048,13939
ITH,Nord-Est,966247,55-59,480641,485606
ITH1,Provincia Autonoma di Bolzano/Bozen,43446,55-59,21861,21585
ITH10,Bolzano-Bozen,43446,55-59,21861,21585
ITH2,Provincia Autonoma di Trento,44173,55-59,22013,22160
ITH20,Trento,44173,55-59,22013,22160
ITH3,Veneto,414157,55-59,206446,207711
ITH31,Verona,75824,55-59,37997,37827
ITH32,Vicenza,73513,55-59,37276,36237
ITH33,Belluno,17090,55-59,8359,8731
ITH34,Treviso,74712,55-59,37490,37222
ITH35,Venezia,73031,55-59,35834,37197
ITH36,Padova,80336,55-59,39679,40657
ITH37,Rovigo,19651,55-59,9811,9840
ITH4,Friuli-Venezia Giulia,101742,55-59,50487,51255
ITH41,Pordenone,25536,55-59,12661,12875
ITH42,Udine,44776,55-59,22267,22509
ITH43,Gorizia,12154,55-59,6164,5990
ITH44,Trieste,19276,55-59,9395,9881
ITH5,Emilia-Romagna,362729,55-59,179834,182895
ITH51,Piacenza,23558,55-59,11849,11709
ITH52,Parma,36927,55-59,18453,18474
ITH53,Reggio nell’Emilia,42425,55-59,21222,21203
ITH54,Modena,56086,55-59,27970,28116
ITH55,Bologna,81857,55-59,39829,42028
ITH56,Ferrara,28879,55-59,14293,14586
ITH57,Ravenna,32713,55-59,16397,16316
ITH58,Forlì-Cesena,31841,55-59,15789,16052
ITH59,Rimini,28443,55-59,14032,14411
ITI,Centro (IT),976552,55-59,474525,502027
ITI1,Toscana,304804,55-59,149011,155793
ITI11,Massa-Carrara,15906,55-59,7881,8025
ITI12,Lucca,33347,55-59,16303,17044
ITI13,Pistoia,23796,55-59,11588,12208
ITI14,Firenze,82086,55-59,40005,42081
ITI15,Prato,20980,55-59,10331,10649
ITI16,Livorno,27987,55-59,13596,14391
ITI17,Pisa,33386,55-59,16452,16934
ITI18,Arezzo,27537,55-59,13483,14054
ITI19,Siena,21477,55-59,10485,10992
ITI1A,Grosseto,18302,55-59,8887,9415
ITI2,Umbria,69252,55-59,33506,35746
ITI21,Perugia,51073,55-59,24745,26328
ITI22,Terni,18179,55-59,8761,9418
ITI3,Marche,120157,55-59,59113,61044
ITI31,Pesaro e Urbino,28941,55-59,14414,14527
ITI32,Ancona,37075,55-59,18087,18988
ITI33,Macerata,23994,55-59,11857,12137
ITI34,Ascoli Piceno,16709,55-59,8117,8592
ITI35,Fermo,13438,55-59,6638,6800
ITI4,Lazio,482339,55-59,232895,249444
ITI41,Viterbo,25983,55-59,12955,13028
ITI42,Rieti,12637,55-59,6260,6377
ITI43,Roma,360523,55-59,172970,187553
ITI44,Latina,46164,55-59,22736,23428
ITI45,Frosinone,37032,55-59,17974,19058
IT,Italy,4292746,60-64,2079202,2213544
ITC,Nord-Ovest,1142938,60-64,557870,585068
ITC1,Piemonte,313189,60-64,152396,160793
ITC11,Torino,158171,60-64,75837,82334
ITC12,Vercelli,13162,60-64,6491,6671
ITC13,Biella,13208,60-64,6503,6705
ITC14,Verbano-Cusio-Ossola,12248,60-64,6027,6221
ITC15,Novara,27290,60-64,13358,13932
ITC16,Cuneo,41629,60-64,20703,20926
ITC17,Asti,15753,60-64,7803,7950
ITC18,Alessandria,31728,60-64,15674,16054
ITC2,Valle d’Aosta/Vallée d’Aoste,9333,60-64,4613,4720
ITC20,Valle d’Aosta/Vallée d’Aoste,9333,60-64,4613,4720
ITC3,Liguria,118302,60-64,57075,61227
ITC31,Imperia,16670,60-64,8148,8522
ITC32,Savona,21333,60-64,10374,10959
ITC33,Genova,63611,60-64,30378,33233
ITC34,La Spezia,16688,60-64,8175,8513
ITC4,Lombardia,702114,60-64,343786,358328
ITC41,Varese,62714,60-64,30500,32214
ITC42,Como,42778,60-64,20980,21798
ITC43,Lecco,24222,60-64,11995,12227
ITC44,Sondrio,13931,60-64,6801,7130
ITC46,Bergamo,79278,60-64,39539,39739
ITC47,Brescia,88563,60-64,43889,44674
ITC48,Pavia,40175,60-64,19836,20339
ITC49,Lodi,16116,60-64,8059,8057
ITC4A,Cremona,25802,60-64,12754,13048
ITC4B,Mantova,29106,60-64,14432,14674
ITC4C,Milano,217759,60-64,104675,113084
ITC4D,Monza e della Brianza,61670,60-64,30326,31344
ITF,Sud,972836,60-64,467021,505815
ITF1,Abruzzo,94682,60-64,45633,49049
ITF11,L’Aquila,22436,60-64,10911,11525
ITF12,Teramo,22299,60-64,10829,11470
ITF13,Pescara,22886,60-64,10993,11893
ITF14,Chieti,27061,60-64,12900,14161
ITF2,Molise,22430,60-64,11032,11398
ITF21,Isernia,6158,60-64,3025,3133
ITF22,Campobasso,16272,60-64,8007,8265
ITF3,Campania,395822,60-64,189437,206385
ITF31,Caserta,61651,60-64,29791,31860
ITF32,Benevento,20103,60-64,9865,10238
ITF33,Napoli,204482,60-64,96743,107739
ITF34,Avellino,30865,60-64,15136,15729
ITF35,Salerno,78721,60-64,37902,40819
ITF4,Puglia,281476,60-64,134902,146574
ITF43,Taranto,40001,60-64,19038,20963
ITF44,Brindisi,28138,60-64,13332,14806
ITF45,Lecce,55897,60-64,26548,29349
ITF46,Foggia,41741,60-64,20152,21589
ITF47,Bari,88902,60-64,42603,46299
ITF48,Barletta-Andria-Trani,26797,60-64,13229,13568
ITF5,Basilicata,41572,60-64,20233,21339
ITF51,Potenza,27624,60-64,13545,14079
ITF52,Matera,13948,60-64,6688,7260
ITF6,Calabria,136854,60-64,65784,71070
ITF61,Cosenza,50969,60-64,24663,26306
ITF62,Crotone,11510,60-64,5574,5936
ITF63,Catanzaro,26061,60-64,12474,13587
ITF64,Vibo Valentia,11226,60-64,5365,5861
ITF65,Reggio Calabria,37088,60-64,17708,19380
ITG,Isole,470319,60-64,225785,244534
ITG1,Sicilia,345031,60-64,164907,180124
ITG11,Trapani,29613,60-64,14281,15332
ITG12,Palermo,85207,60-64,40462,44745
ITG13,Messina,45726,60-64,21786,23940
ITG14,Agrigento,29351,60-64,14030,15321
ITG15,Caltanissetta,18330,60-64,8680,9650
ITG16,Enna,11580,60-64,5500,6080
ITG17,Catania,75585,60-64,36039,39546
ITG18,Ragusa,21708,60-64,10574,11134
ITG19,Siracusa,27931,60-64,13555,14376
ITG2,Sardegna,125288,60-64,60878,64410
ITG25,Sassari (NUTS 2016),:,60-64,:,:
ITG26,Nuoro (NUTS 2016),:,60-64,:,:
ITG27,Cagliari (NUTS 2016),:,60-64,:,:
ITG28,Oristano (NUTS 2016),:,60-64,:,:
ITG29,Olbia-Tempio (NUTS 2016),:,60-64,:,:
ITG2A,Ogliastra (NUTS 2016),:,60-64,:,:
ITG2B,Medio Campidano (NUTS 2016),:,60-64,:,:
ITG2C,Carbonia-Iglesias (NUTS 2016),:,60-64,:,:
ITG2D,Sassari,37052,60-64,18142,18910
ITG2E,Nuoro,15680,60-64,7719,7961
ITG2F,Cagliari,32905,60-64,15569,17336
ITG2G,Oristano,12276,60-64,6028,6248
ITG2H,Sud Sardegna,27375,60-64,13420,13955
ITH,Nord-Est,847233,60-64,415053,432180
ITH1,Provincia Autonoma di Bolzano/Bozen,37139,60-64,18531,18608
ITH10,Bolzano-Bozen,37139,60-64,18531,18608
ITH2,Provincia Autonoma di Trento,39307,60-64,19403,19904
ITH20,Trento,39307,60-64,19403,19904
ITH3,Veneto,362377,60-64,178692,183685
ITH31,Verona,64788,60-64,32106,32682
ITH32,Vicenza,62680,60-64,31355,31325
ITH33,Belluno,15649,60-64,7746,7903
ITH34,Treviso,64647,60-64,32074,32573
ITH35,Venezia,65528,60-64,31723,33805
ITH36,Padova,70139,60-64,34402,35737
ITH37,Rovigo,18946,60-64,9286,9660
ITH4,Friuli-Venezia Giulia,90439,60-64,44465,45974
ITH41,Pordenone,22278,60-64,10888,11390
ITH42,Udine,40368,60-64,19730,20638
ITH43,Gorizia,10538,60-64,5384,5154
ITH44,Trieste,17255,60-64,8463,8792
ITH5,Emilia-Romagna,317971,60-64,153962,164009
ITH51,Piacenza,20851,60-64,10261,10590
ITH52,Parma,31335,60-64,15360,15975
ITH53,Reggio nell’Emilia,36323,60-64,17690,18633
ITH54,Modena,49651,60-64,23987,25664
ITH55,Bologna,70966,60-64,34013,36953
ITH56,Ferrara,27018,60-64,12973,14045
ITH57,Ravenna,28747,60-64,14167,14580
ITH58,Forlì-Cesena,28346,60-64,13707,14639
ITH59,Rimini,24734,60-64,11804,12930
ITI,Centro (IT),859420,60-64,413473,445947
ITI1,Toscana,268408,60-64,130018,138390
ITI11,Massa-Carrara,15038,60-64,7356,7682
ITI12,Lucca,29594,60-64,14469,15125
ITI13,Pistoia,21564,60-64,10461,11103
ITI14,Firenze,70140,60-64,33926,36214
ITI15,Prato,17389,60-64,8403,8986
ITI16,Livorno,25022,60-64,12066,12956
ITI17,Pisa,29827,60-64,14394,15433
ITI18,Arezzo,24403,60-64,11818,12585
ITI19,Siena,18780,60-64,9106,9674
ITI1A,Grosseto,16651,60-64,8019,8632
ITI2,Umbria,63320,60-64,30333,32987
ITI21,Perugia,47088,60-64,22536,24552
ITI22,Terni,16232,60-64,7797,8435
ITI3,Marche,109281,60-64,53331,55950
ITI31,Pesaro e Urbino,25978,60-64,12770,13208
ITI32,Ancona,33058,60-64,16050,17008
ITI33,Macerata,22251,60-64,10892,11359
ITI34,Ascoli Piceno,15281,60-64,7376,7905
ITI35,Fermo,12713,60-64,6243,6470
ITI4,Lazio,418411,60-64,199791,218620
ITI41,Viterbo,23331,60-64,11463,11868
ITI42,Rieti,11702,60-64,5795,5907
ITI43,Roma,308970,60-64,146512,162458
ITI44,Latina,39827,60-64,19317,20510
ITI45,Frosinone,34581,60-64,16704,17877
IT,Italy,3672071,65-69,1751451,1920620
ITC,Nord-Ovest,969427,65-69,464474,504953
ITC1,Piemonte,275218,65-69,132183,143035
ITC11,Torino,139956,65-69,66429,73527
ITC12,Vercelli,11465,65-69,5505,5960
ITC13,Biella,11901,65-69,5694,6207
ITC14,Verbano-Cusio-Ossola,10603,65-69,5080,5523
ITC15,Novara,22931,65-69,10983,11948
ITC16,Cuneo,36246,65-69,17907,18339
ITC17,Asti,13943,65-69,6819,7124
ITC18,Alessandria,28173,65-69,13766,14407
ITC2,Valle d’Aosta/Vallée d’Aoste,7856,65-69,3772,4084
ITC20,Valle d’Aosta/Vallée d’Aoste,7856,65-69,3772,4084
ITC3,Liguria,101681,65-69,48592,53089
ITC31,Imperia,14306,65-69,6908,7398
ITC32,Savona,18348,65-69,8896,9452
ITC33,Genova,55018,65-69,26031,28987
ITC34,La Spezia,14009,65-69,6757,7252
ITC4,Lombardia,584672,65-69,279927,304745
ITC41,Varese,52703,65-69,25056,27647
ITC42,Como,35417,65-69,16880,18537
ITC43,Lecco,21047,65-69,10282,10765
ITC44,Sondrio,11855,65-69,5801,6054
ITC46,Bergamo,65806,65-69,32251,33555
ITC47,Brescia,73507,65-69,35899,37608
ITC48,Pavia,34071,65-69,16485,17586
ITC49,Lodi,13632,65-69,6536,7096
ITC4A,Cremona,22290,65-69,10822,11468
ITC4B,Mantova,24704,65-69,11854,12850
ITC4C,Milano,178193,65-69,83673,94520
ITC4D,Monza e della Brianza,51447,65-69,24388,27059
ITF,Sud,845280,65-69,402921,442359
ITF1,Abruzzo,84288,65-69,40390,43898
ITF11,L’Aquila,20355,65-69,10065,10290
ITF12,Teramo,19534,65-69,9403,10131
ITF13,Pescara,19669,65-69,9225,10444
ITF14,Chieti,24730,65-69,11697,13033
ITF2,Molise,20167,65-69,9742,10425
ITF21,Isernia,5753,65-69,2860,2893
ITF22,Campobasso,14414,65-69,6882,7532
ITF3,Campania,335873,65-69,159747,176126
ITF31,Caserta,51681,65-69,24776,26905
ITF32,Benevento,16754,65-69,8150,8604
ITF33,Napoli,174115,65-69,81814,92301
ITF34,Avellino,25764,65-69,12560,13204
ITF35,Salerno,67559,65-69,32447,35112
ITF4,Puglia,246895,65-69,116610,130285
ITF43,Taranto,36168,65-69,16907,19261
ITF44,Brindisi,24563,65-69,11571,12992
ITF45,Lecce,49636,65-69,23165,26471
ITF46,Foggia,36897,65-69,17624,19273
ITF47,Bari,77224,65-69,36605,40619
ITF48,Barletta-Andria-Trani,22407,65-69,10738,11669
ITF5,Basilicata,36793,65-69,17707,19086
ITF51,Potenza,24031,65-69,11623,12408
ITF52,Matera,12762,65-69,6084,6678
ITF6,Calabria,121264,65-69,58725,62539
ITF61,Cosenza,45206,65-69,21778,23428
ITF62,Crotone,10252,65-69,5008,5244
ITF63,Catanzaro,23209,65-69,11311,11898
ITF64,Vibo Valentia,9757,65-69,4815,4942
ITF65,Reggio Calabria,32840,65-69,15813,17027
ITG,Isole,418257,65-69,198671,219586
ITG1,Sicilia,305575,65-69,144516,161059
ITG11,Trapani,26574,65-69,12860,13714
ITG12,Palermo,75481,65-69,35607,39874
ITG13,Messina,41018,65-69,19482,21536
ITG14,Agrigento,26448,65-69,12497,13951
ITG15,Caltanissetta,15922,65-69,7392,8530
ITG16,Enna,10343,65-69,4764,5579
ITG17,Catania,66986,65-69,31444,35542
ITG18,Ragusa,18543,65-69,8864,9679
ITG19,Siracusa,24260,65-69,11606,12654
ITG2,Sardegna,112682,65-69,54155,58527
ITG25,Sassari (NUTS 2016),:,65-69,:,:
ITG26,Nuoro (NUTS 2016),:,65-69,:,:
ITG27,Cagliari (NUTS 2016),:,65-69,:,:
ITG28,Oristano (NUTS 2016),:,65-69,:,:
ITG29,Olbia-Tempio (NUTS 2016),:,65-69,:,:
ITG2A,Ogliastra (NUTS 2016),:,65-69,:,:
ITG2B,Medio Campidano (NUTS 2016),:,65-69,:,:
ITG2C,Carbonia-Iglesias (NUTS 2016),:,65-69,:,:
ITG2D,Sassari,32523,65-69,15813,16710
ITG2E,Nuoro,14343,65-69,6921,7422
ITG2F,Cagliari,28862,65-69,13352,15510
ITG2G,Oristano,11266,65-69,5463,5803
ITG2H,Sud Sardegna,25688,65-69,12606,13082
ITH,Nord-Est,707965,65-69,340161,367804
ITH1,Provincia Autonoma di Bolzano/Bozen,28673,65-69,13884,14789
ITH10,Bolzano-Bozen,28673,65-69,13884,14789
ITH2,Provincia Autonoma di Trento,33291,65-69,16291,17000
ITH20,Trento,33291,65-69,16291,17000
ITH3,Veneto,299879,65-69,145073,154806
ITH31,Verona,54266,65-69,26192,28074
ITH32,Vicenza,50106,65-69,24663,25443
ITH33,Belluno,13603,65-69,6578,7025
ITH34,Treviso,53447,65-69,26091,27356
ITH35,Venezia,53784,65-69,25388,28396
ITH36,Padova,57692,65-69,27958,29734
ITH37,Rovigo,16981,65-69,8203,8778
ITH4,Friuli-Venezia Giulia,75943,65-69,36280,39663
ITH41,Pordenone,18812,65-69,8955,9857
ITH42,Udine,34028,65-69,16306,17722
ITH43,Gorizia,8405,65-69,4096,4309
ITH44,Trieste,14698,65-69,6923,7775
ITH5,Emilia-Romagna,270179,65-69,128633,141546
ITH51,Piacenza,18071,65-69,8823,9248
ITH52,Parma,25912,65-69,12308,13604
ITH53,Reggio nell’Emilia,30523,65-69,14655,15868
ITH54,Modena,41908,65-69,19980,21928
ITH55,Bologna,60592,65-69,28515,32077
ITH56,Ferrara,24000,65-69,11372,12628
ITH57,Ravenna,24325,65-69,11656,12669
ITH58,Forlì-Cesena,24111,65-69,11492,12619
ITH59,Rimini,20737,65-69,9832,10905
ITI,Centro (IT),731142,65-69,345224,385918
ITI1,Toscana,231260,65-69,109449,121811
ITI11,Massa-Carrara,13608,65-69,6521,7087
ITI12,Lucca,24788,65-69,11847,12941
ITI13,Pistoia,18266,65-69,8704,9562
ITI14,Firenze,59464,65-69,27929,31535
ITI15,Prato,14762,65-69,7000,7762
ITI16,Livorno,21664,65-69,10149,11515
ITI17,Pisa,25594,65-69,12177,13417
ITI18,Arezzo,21370,65-69,10236,11134
ITI19,Siena,16417,65-69,7685,8732
ITI1A,Grosseto,15327,65-69,7201,8126
ITI2,Umbria,54845,65-69,26107,28738
ITI21,Perugia,40398,65-69,19287,21111
ITI22,Terni,14447,65-69,6820,7627
ITI3,Marche,95821,65-69,45670,50151
ITI31,Pesaro e Urbino,21690,65-69,10439,11251
ITI32,Ancona,29338,65-69,13958,15380
ITI33,Macerata,19694,65-69,9444,10250
ITI34,Ascoli Piceno,13562,65-69,6299,7263
ITI35,Fermo,11537,65-69,5530,6007
ITI4,Lazio,349216,65-69,163998,185218
ITI41,Viterbo,21001,65-69,10148,10853
ITI42,Rieti,10194,65-69,4968,5226
ITI43,Roma,252238,65-69,117218,135020
ITI44,Latina,34078,65-69,16290,17788
ITI45,Frosinone,31705,65-69,15374,16331
IT,Italy,3254150,70-74,1524286,1729864
ITC,Nord-Ovest,878417,70-74,410731,467686
ITC1,Piemonte,251653,70-74,118184,133469
ITC11,Torino,127611,70-74,58806,68805
ITC12,Vercelli,10461,70-74,5000,5461
ITC13,Biella,11417,70-74,5360,6057
ITC14,Verbano-Cusio-Ossola,9801,70-74,4706,5095
ITC15,Novara,20654,70-74,9845,10809
ITC16,Cuneo,33430,70-74,16210,17220
ITC17,Asti,12790,70-74,6111,6679
ITC18,Alessandria,25489,70-74,12146,13343
ITC2,Valle d’Aosta/Vallée d’Aoste,7209,70-74,3477,3732
ITC20,Valle d’Aosta/Vallée d’Aoste,7209,70-74,3477,3732
ITC3,Liguria,91711,70-74,42499,49212
ITC31,Imperia,12743,70-74,5905,6838
ITC32,Savona,16572,70-74,7664,8908
ITC33,Genova,49922,70-74,23088,26834
ITC34,La Spezia,12474,70-74,5842,6632
ITC4,Lombardia,527844,70-74,246571,281273
ITC41,Varese,48993,70-74,22752,26241
ITC42,Como,33263,70-74,15695,17568
ITC43,Lecco,19404,70-74,9224,10180
ITC44,Sondrio,10527,70-74,5157,5370
ITC46,Bergamo,59227,70-74,28445,30782
ITC47,Brescia,65869,70-74,31311,34558
ITC48,Pavia,30505,70-74,14536,15969
ITC49,Lodi,12155,70-74,5901,6254
ITC4A,Cremona,20479,70-74,9882,10597
ITC4B,Mantova,22211,70-74,10428,11783
ITC4C,Milano,158684,70-74,71461,87223
ITC4D,Monza e della Brianza,46527,70-74,21779,24748
ITF,Sud,736857,70-74,347097,389760
ITF1,Abruzzo,75569,70-74,35540,40029
ITF11,L’Aquila,17955,70-74,8628,9327
ITF12,Teramo,16907,70-74,7973,8934
ITF13,Pescara,17421,70-74,7845,9576
ITF14,Chieti,23286,70-74,11094,12192
ITF2,Molise,18198,70-74,8718,9480
ITF21,Isernia,5138,70-74,2482,2656
ITF22,Campobasso,13060,70-74,6236,6824
ITF3,Campania,283339,70-74,133057,150282
ITF31,Caserta,42978,70-74,20198,22780
ITF32,Benevento,14732,70-74,7039,7693
ITF33,Napoli,146384,70-74,67868,78516
ITF34,Avellino,22141,70-74,10683,11458
ITF35,Salerno,57104,70-74,27269,29835
ITF4,Puglia,221723,70-74,103704,118019
ITF43,Taranto,33016,70-74,15521,17495
ITF44,Brindisi,22589,70-74,10329,12260
ITF45,Lecce,46470,70-74,21402,25068
ITF46,Foggia,32106,70-74,15164,16942
ITF47,Bari,68146,70-74,32080,36066
ITF48,Barletta-Andria-Trani,19396,70-74,9208,10188
ITF5,Basilicata,31913,70-74,15267,16646
ITF51,Potenza,20775,70-74,10022,10753
ITF52,Matera,11138,70-74,5245,5893
ITF6,Calabria,106115,70-74,50811,55304
ITF61,Cosenza,39509,70-74,18773,20736
ITF62,Crotone,8932,70-74,4221,4711
ITF63,Catanzaro,20202,70-74,9742,10460
ITF64,Vibo Valentia,8744,70-74,4346,4398
ITF65,Reggio Calabria,28728,70-74,13729,14999
ITG,Isole,364476,70-74,170456,194020
ITG1,Sicilia,265316,70-74,123486,141830
ITG11,Trapani,23532,70-74,11108,12424
ITG12,Palermo,66299,70-74,30708,35591
ITG13,Messina,35543,70-74,16718,18825
ITG14,Agrigento,22959,70-74,10623,12336
ITG15,Caltanissetta,13531,70-74,6152,7379
ITG16,Enna,9410,70-74,4294,5116
ITG17,Catania,56833,70-74,26527,30306
ITG18,Ragusa,16039,70-74,7455,8584
ITG19,Siracusa,21170,70-74,9901,11269
ITG2,Sardegna,99160,70-74,46970,52190
ITG25,Sassari (NUTS 2016),:,70-74,:,:
ITG26,Nuoro (NUTS 2016),:,70-74,:,:
ITG27,Cagliari (NUTS 2016),:,70-74,:,:
ITG28,Oristano (NUTS 2016),:,70-74,:,:
ITG29,Olbia-Tempio (NUTS 2016),:,70-74,:,:
ITG2A,Ogliastra (NUTS 2016),:,70-74,:,:
ITG2B,Medio Campidano (NUTS 2016),:,70-74,:,:
ITG2C,Carbonia-Iglesias (NUTS 2016),:,70-74,:,:
ITG2D,Sassari,28246,70-74,13462,14784
ITG2E,Nuoro,12277,70-74,5854,6423
ITG2F,Cagliari,25075,70-74,11318,13757
ITG2G,Oristano,10218,70-74,4988,5230
ITG2H,Sud Sardegna,23344,70-74,11348,11996
ITH,Nord-Est,627742,70-74,295026,332716
ITH1,Provincia Autonoma di Bolzano/Bozen,23842,70-74,11229,12613
ITH10,Bolzano-Bozen,23842,70-74,11229,12613
ITH2,Provincia Autonoma di Trento,29417,70-74,14328,15089
ITH20,Trento,29417,70-74,14328,15089
ITH3,Veneto,265836,70-74,126337,139499
ITH31,Verona,47432,70-74,22461,24971
ITH32,Vicenza,45084,70-74,21622,23462
ITH33,Belluno,12789,70-74,6147,6642
ITH34,Treviso,46860,70-74,22454,24406
ITH35,Venezia,47891,70-74,22476,25415
ITH36,Padova,50606,70-74,23810,26796
ITH37,Rovigo,15174,70-74,7367,7807
ITH4,Friuli-Venezia Giulia,71015,70-74,32876,38139
ITH41,Pordenone,17556,70-74,8314,9242
ITH42,Udine,31880,70-74,14885,16995
ITH43,Gorizia,7942,70-74,3600,4342
ITH44,Trieste,13637,70-74,6077,7560
ITH5,Emilia-Romagna,237632,70-74,110256,127376
ITH51,Piacenza,15150,70-74,7247,7903
ITH52,Parma,22677,70-74,10523,12154
ITH53,Reggio nell’Emilia,26643,70-74,12392,14251
ITH54,Modena,36940,70-74,17079,19861
ITH55,Bologna,52936,70-74,24275,28661
ITH56,Ferrara,21578,70-74,9977,11601
ITH57,Ravenna,21519,70-74,10087,11432
ITH58,Forlì-Cesena,21743,70-74,10158,11585
ITH59,Rimini,18446,70-74,8518,9928
ITI,Centro (IT),646658,70-74,300976,345682
ITI1,Toscana,208829,70-74,97886,110943
ITI11,Massa-Carrara,11594,70-74,5527,6067
ITI12,Lucca,22598,70-74,10679,11919
ITI13,Pistoia,16430,70-74,7743,8687
ITI14,Firenze,54191,70-74,24991,29200
ITI15,Prato,13044,70-74,6005,7039
ITI16,Livorno,19326,70-74,9103,10223
ITI17,Pisa,23077,70-74,10763,12314
ITI18,Arezzo,19752,70-74,9395,10357
ITI19,Siena,14965,70-74,7026,7939
ITI1A,Grosseto,13852,70-74,6654,7198
ITI2,Umbria,50712,70-74,23868,26844
ITI21,Perugia,37168,70-74,17565,19603
ITI22,Terni,13544,70-74,6303,7241
ITI3,Marche,86319,70-74,40880,45439
ITI31,Pesaro e Urbino,19719,70-74,9354,10365
ITI32,Ancona,26579,70-74,12455,14124
ITI33,Macerata,18088,70-74,8661,9427
ITI34,Ascoli Piceno,12015,70-74,5639,6376
ITI35,Fermo,9918,70-74,4771,5147
ITI4,Lazio,300798,70-74,138342,162456
ITI41,Viterbo,18497,70-74,8911,9586
ITI42,Rieti,9580,70-74,4704,4876
ITI43,Roma,213151,70-74,96383,116768
ITI44,Latina,30762,70-74,14509,16253
ITI45,Frosinone,28808,70-74,13835,14973
IT,Italy,2887393,75-79,1309011,1578382
ITC,Nord-Ovest,797744,75-79,360199,437545
ITC1,Piemonte,227681,75-79,103605,124076
ITC11,Torino,119152,75-79,53772,65380
ITC12,Vercelli,9020,75-79,4106,4914
ITC13,Biella,10053,75-79,4614,5439
ITC14,Verbano-Cusio-Ossola,8683,75-79,3929,4754
ITC15,Novara,17671,75-79,7976,9695
ITC16,Cuneo,28563,75-79,13405,15158
ITC17,Asti,11318,75-79,5279,6039
ITC18,Alessandria,23221,75-79,10524,12697
ITC2,Valle d’Aosta/Vallée d’Aoste,6101,75-79,2859,3242
ITC20,Valle d’Aosta/Vallée d’Aoste,6101,75-79,2859,3242
ITC3,Liguria,88610,75-79,39352,49258
ITC31,Imperia,11972,75-79,5321,6651
ITC32,Savona,16232,75-79,7237,8995
ITC33,Genova,48168,75-79,21286,26882
ITC34,La Spezia,12238,75-79,5508,6730
ITC4,Lombardia,475352,75-79,214383,260969
ITC41,Varese,44079,75-79,19757,24322
ITC42,Como,29105,75-79,13376,15729
ITC43,Lecco,16957,75-79,7924,9033
ITC44,Sondrio,8654,75-79,3913,4741
ITC46,Bergamo,49607,75-79,22916,26691
ITC47,Brescia,57793,75-79,26671,31122
ITC48,Pavia,26392,75-79,11881,14511
ITC49,Lodi,10423,75-79,4797,5626
ITC4A,Cremona,17717,75-79,8174,9543
ITC4B,Mantova,20279,75-79,9234,11045
ITC4C,Milano,153023,75-79,67205,85818
ITC4D,Monza e della Brianza,41323,75-79,18535,22788
ITF,Sud,619980,75-79,282734,337246
ITF1,Abruzzo,63738,75-79,29298,34440
ITF11,L’Aquila,14495,75-79,6796,7699
ITF12,Teramo,14386,75-79,6629,7757
ITF13,Pescara,15318,75-79,6859,8459
ITF14,Chieti,19539,75-79,9014,10525
ITF2,Molise,14675,75-79,6876,7799
ITF21,Isernia,4085,75-79,1934,2151
ITF22,Campobasso,10590,75-79,4942,5648
ITF3,Campania,236198,75-79,106940,129258
ITF31,Caserta,35312,75-79,15941,19371
ITF32,Benevento,12436,75-79,5688,6748
ITF33,Napoli,124054,75-79,55526,68528
ITF34,Avellino,18214,75-79,8530,9684
ITF35,Salerno,46182,75-79,21255,24927
ITF4,Puglia,194719,75-79,88405,106314
ITF43,Taranto,29075,75-79,13278,15797
ITF44,Brindisi,19515,75-79,8592,10923
ITF45,Lecce,41056,75-79,18407,22649
ITF46,Foggia,28331,75-79,12880,15451
ITF47,Bari,59621,75-79,27252,32369
ITF48,Barletta-Andria-Trani,17121,75-79,7996,9125
ITF5,Basilicata,25237,75-79,11522,13715
ITF51,Potenza,16125,75-79,7271,8854
ITF52,Matera,9112,75-79,4251,4861
ITF6,Calabria,85413,75-79,39693,45720
ITF61,Cosenza,31337,75-79,14571,16766
ITF62,Crotone,7166,75-79,3277,3889
ITF63,Catanzaro,16018,75-79,7430,8588
ITF64,Vibo Valentia,6970,75-79,3379,3591
ITF65,Reggio Calabria,23922,75-79,11036,12886
ITG,Isole,308950,75-79,139987,168963
ITG1,Sicilia,226069,75-79,102008,124061
ITG11,Trapani,20684,75-79,9462,11222
ITG12,Palermo,56012,75-79,25045,30967
ITG13,Messina,29847,75-79,13633,16214
ITG14,Agrigento,19904,75-79,9014,10890
ITG15,Caltanissetta,11697,75-79,5181,6516
ITG16,Enna,7412,75-79,3333,4079
ITG17,Catania,47147,75-79,21165,25982
ITG18,Ragusa,13867,75-79,6223,7644
ITG19,Siracusa,19499,75-79,8952,10547
ITG2,Sardegna,82881,75-79,37979,44902
ITG25,Sassari (NUTS 2016),:,75-79,:,:
ITG26,Nuoro (NUTS 2016),:,75-79,:,:
ITG27,Cagliari (NUTS 2016),:,75-79,:,:
ITG28,Oristano (NUTS 2016),:,75-79,:,:
ITG29,Olbia-Tempio (NUTS 2016),:,75-79,:,:
ITG2A,Ogliastra (NUTS 2016),:,75-79,:,:
ITG2B,Medio Campidano (NUTS 2016),:,75-79,:,:
ITG2C,Carbonia-Iglesias (NUTS 2016),:,75-79,:,:
ITG2D,Sassari,24083,75-79,11040,13043
ITG2E,Nuoro,10393,75-79,4675,5718
ITG2F,Cagliari,21221,75-79,9444,11777
ITG2G,Oristano,8522,75-79,3946,4576
ITG2H,Sud Sardegna,18662,75-79,8874,9788
ITH,Nord-Est,572001,75-79,261057,310944
ITH1,Provincia Autonoma di Bolzano/Bozen,21320,75-79,9574,11746
ITH10,Bolzano-Bozen,21320,75-79,9574,11746
ITH2,Provincia Autonoma di Trento,25076,75-79,11700,13376
ITH20,Trento,25076,75-79,11700,13376
ITH3,Veneto,238011,75-79,108842,129169
ITH31,Verona,43177,75-79,19641,23536
ITH32,Vicenza,40059,75-79,18147,21912
ITH33,Belluno,11441,75-79,5244,6197
ITH34,Treviso,42017,75-79,19380,22637
ITH35,Venezia,44446,75-79,20229,24217
ITH36,Padova,44477,75-79,20394,24083
ITH37,Rovigo,12394,75-79,5807,6587
ITH4,Friuli-Venezia Giulia,67214,75-79,30450,36764
ITH41,Pordenone,15953,75-79,7431,8522
ITH42,Udine,30106,75-79,13778,16328
ITH43,Gorizia,7703,75-79,3428,4275
ITH44,Trieste,13452,75-79,5813,7639
ITH5,Emilia-Romagna,220380,75-79,100491,119889
ITH51,Piacenza,14188,75-79,6451,7737
ITH52,Parma,21452,75-79,9919,11533
ITH53,Reggio nell’Emilia,23939,75-79,10938,13001
ITH54,Modena,33771,75-79,15470,18301
ITH55,Bologna,50686,75-79,22845,27841
ITH56,Ferrara,19957,75-79,9124,10833
ITH57,Ravenna,19783,75-79,8988,10795
ITH58,Forlì-Cesena,19850,75-79,9140,10710
ITH59,Rimini,16754,75-79,7616,9138
ITI,Centro (IT),588718,75-79,265034,323684
ITI1,Toscana,201434,75-79,91367,110067
ITI11,Massa-Carrara,10718,75-79,4827,5891
ITI12,Lucca,21339,75-79,9731,11608
ITI13,Pistoia,15904,75-79,7195,8709
ITI14,Firenze,53324,75-79,23931,29393
ITI15,Prato,12141,75-79,5478,6663
ITI16,Livorno,20103,75-79,9047,11056
ITI17,Pisa,22386,75-79,10105,12281
ITI18,Arezzo,18414,75-79,8605,9809
ITI19,Siena,14139,75-79,6487,7652
ITI1A,Grosseto,12966,75-79,5961,7005
ITI2,Umbria,45956,75-79,21079,24877
ITI21,Perugia,33159,75-79,15209,17950
ITI22,Terni,12797,75-79,5870,6927
ITI3,Marche,75084,75-79,34364,40720
ITI31,Pesaro e Urbino,17742,75-79,8174,9568
ITI32,Ancona,23512,75-79,10835,12677
ITI33,Macerata,15120,75-79,6837,8283
ITI34,Ascoli Piceno,10289,75-79,4631,5658
ITI35,Fermo,8421,75-79,3887,4534
ITI4,Lazio,266244,75-79,118224,148020
ITI41,Viterbo,16459,75-79,7643,8816
ITI42,Rieti,8131,75-79,3879,4252
ITI43,Roma,191540,75-79,83379,108161
ITI44,Latina,26558,75-79,12354,14204
ITI45,Frosinone,23556,75-79,10969,12587
IT,Italy,2223335,80-84,939448,1283887
ITC,Nord-Ovest,641010,80-84,268145,372865
ITC1,Piemonte,182903,80-84,76877,106026
ITC11,Torino,95632,80-84,40434,55198
ITC12,Vercelli,7242,80-84,2961,4281
ITC13,Biella,8295,80-84,3419,4876
ITC14,Verbano-Cusio-Ossola,7108,80-84,2992,4116
ITC15,Novara,13893,80-84,5564,8329
ITC16,Cuneo,23120,80-84,9990,13130
ITC17,Asti,8713,80-84,3680,5033
ITC18,Alessandria,18900,80-84,7837,11063
ITC2,Valle d’Aosta/Vallée d’Aoste,5006,80-84,2175,2831
ITC20,Valle d’Aosta/Vallée d’Aoste,5006,80-84,2175,2831
ITC3,Liguria,73334,80-84,30265,43069
ITC31,Imperia,9721,80-84,4030,5691
ITC32,Savona,13705,80-84,5705,8000
ITC33,Genova,39734,80-84,16244,23490
ITC34,La Spezia,10174,80-84,4286,5888
ITC4,Lombardia,379767,80-84,158828,220939
ITC41,Varese,35557,80-84,14960,20597
ITC42,Como,22658,80-84,9637,13021
ITC43,Lecco,13222,80-84,5710,7512
ITC44,Sondrio,6827,80-84,2884,3943
ITC46,Bergamo,38255,80-84,16174,22081
ITC47,Brescia,45910,80-84,19523,26387
ITC48,Pavia,21143,80-84,8809,12334
ITC49,Lodi,8012,80-84,3319,4693
ITC4A,Cremona,14051,80-84,5950,8101
ITC4B,Mantova,15450,80-84,6402,9048
ITC4C,Milano,125187,80-84,51181,74006
ITC4D,Monza e della Brianza,33495,80-84,14279,19216
ITF,Sud,438646,80-84,186609,252037
ITF1,Abruzzo,48052,80-84,20627,27425
ITF11,L’Aquila,10644,80-84,4590,6054
ITF12,Teramo,11130,80-84,4811,6319
ITF13,Pescara,11990,80-84,4989,7001
ITF14,Chieti,14288,80-84,6237,8051
ITF2,Molise,10949,80-84,4638,6311
ITF21,Isernia,2980,80-84,1293,1687
ITF22,Campobasso,7969,80-84,3345,4624
ITF3,Campania,161680,80-84,67097,94583
ITF31,Caserta,24016,80-84,9842,14174
ITF32,Benevento,9308,80-84,3937,5371
ITF33,Napoli,81342,80-84,33360,47982
ITF34,Avellino,13303,80-84,5609,7694
ITF35,Salerno,33711,80-84,14349,19362
ITF4,Puglia,138814,80-84,59702,79112
ITF43,Taranto,20699,80-84,8881,11818
ITF44,Brindisi,14273,80-84,5998,8275
ITF45,Lecce,30791,80-84,12886,17905
ITF46,Foggia,19836,80-84,8573,11263
ITF47,Bari,41389,80-84,18030,23359
ITF48,Barletta-Andria-Trani,11826,80-84,5334,6492
ITF5,Basilicata,18535,80-84,7995,10540
ITF51,Potenza,11951,80-84,5136,6815
ITF52,Matera,6584,80-84,2859,3725
ITF6,Calabria,60616,80-84,26550,34066
ITF61,Cosenza,22136,80-84,9785,12351
ITF62,Crotone,4974,80-84,2094,2880
ITF63,Catanzaro,11299,80-84,4881,6418
ITF64,Vibo Valentia,4955,80-84,2218,2737
ITF65,Reggio Calabria,17252,80-84,7572,9680
ITG,Isole,221827,80-84,93353,128474
ITG1,Sicilia,158073,80-84,66581,91492
ITG11,Trapani,15816,80-84,6874,8942
ITG12,Palermo,37802,80-84,15771,22031
ITG13,Messina,21620,80-84,9233,12387
ITG14,Agrigento,14143,80-84,5960,8183
ITG15,Caltanissetta,8163,80-84,3396,4767
ITG16,Enna,5442,80-84,2241,3201
ITG17,Catania,31978,80-84,13305,18673
ITG18,Ragusa,10228,80-84,4342,5886
ITG19,Siracusa,12881,80-84,5459,7422
ITG2,Sardegna,63754,80-84,26772,36982
ITG25,Sassari (NUTS 2016),:,80-84,:,:
ITG26,Nuoro (NUTS 2016),:,80-84,:,:
ITG27,Cagliari (NUTS 2016),:,80-84,:,:
ITG28,Oristano (NUTS 2016),:,80-84,:,:
ITG29,Olbia-Tempio (NUTS 2016),:,80-84,:,:
ITG2A,Ogliastra (NUTS 2016),:,80-84,:,:
ITG2B,Medio Campidano (NUTS 2016),:,80-84,:,:
ITG2C,Carbonia-Iglesias (NUTS 2016),:,80-84,:,:
ITG2D,Sassari,18470,80-84,7814,10656
ITG2E,Nuoro,8256,80-84,3289,4967
ITG2F,Cagliari,16111,80-84,6675,9436
ITG2G,Oristano,6789,80-84,2885,3904
ITG2H,Sud Sardegna,14128,80-84,6109,8019
ITH,Nord-Est,460863,80-84,197200,263663
ITH1,Provincia Autonoma di Bolzano/Bozen,19068,80-84,8252,10816
ITH10,Bolzano-Bozen,19068,80-84,8252,10816
ITH2,Provincia Autonoma di Trento,20098,80-84,8562,11536
ITH20,Trento,20098,80-84,8562,11536
ITH3,Veneto,191474,80-84,82093,109381
ITH31,Verona,34604,80-84,14703,19901
ITH32,Vicenza,32964,80-84,14079,18885
ITH33,Belluno,8975,80-84,3900,5075
ITH34,Treviso,33447,80-84,14495,18952
ITH35,Venezia,36041,80-84,15455,20586
ITH36,Padova,36171,80-84,15586,20585
ITH37,Rovigo,9272,80-84,3875,5397
ITH4,Friuli-Venezia Giulia,55106,80-84,23259,31847
ITH41,Pordenone,12823,80-84,5517,7306
ITH42,Udine,24200,80-84,10336,13864
ITH43,Gorizia,6378,80-84,2651,3727
ITH44,Trieste,11705,80-84,4755,6950
ITH5,Emilia-Romagna,175117,80-84,75034,100083
ITH51,Piacenza,11821,80-84,5043,6778
ITH52,Parma,17263,80-84,7338,9925
ITH53,Reggio nell’Emilia,18596,80-84,8043,10553
ITH54,Modena,26070,80-84,11294,14776
ITH55,Bologna,41281,80-84,17500,23781
ITH56,Ferrara,15473,80-84,6468,9005
ITH57,Ravenna,15840,80-84,6810,9030
ITH58,Forlì-Cesena,15857,80-84,6889,8968
ITH59,Rimini,12916,80-84,5649,7267
ITI,Centro (IT),460989,80-84,194141,266848
ITI1,Toscana,155446,80-84,65891,89555
ITI11,Massa-Carrara,8648,80-84,3645,5003
ITI12,Lucca,16423,80-84,6928,9495
ITI13,Pistoia,12168,80-84,5155,7013
ITI14,Firenze,42689,80-84,17977,24712
ITI15,Prato,9405,80-84,4009,5396
ITI16,Livorno,14856,80-84,6311,8545
ITI17,Pisa,16735,80-84,7068,9667
ITI18,Arezzo,13659,80-84,5944,7715
ITI19,Siena,11088,80-84,4755,6333
ITI1A,Grosseto,9775,80-84,4099,5676
ITI2,Umbria,37094,80-84,16042,21052
ITI21,Perugia,26751,80-84,11550,15201
ITI22,Terni,10343,80-84,4492,5851
ITI3,Marche,60912,80-84,26006,34906
ITI31,Pesaro e Urbino,13867,80-84,6052,7815
ITI32,Ancona,19218,80-84,8075,11143
ITI33,Macerata,12455,80-84,5243,7212
ITI34,Ascoli Piceno,8596,80-84,3718,4878
ITI35,Fermo,6776,80-84,2918,3858
ITI4,Lazio,207537,80-84,86202,121335
ITI41,Viterbo,11738,80-84,5023,6715
ITI42,Rieti,6112,80-84,2661,3451
ITI43,Roma,154268,80-84,63076,91192
ITI44,Latina,19103,80-84,8309,10794
ITI45,Frosinone,16316,80-84,7133,9183
IT,Italy,1481572,85-89,563985,917587
ITC,Nord-Ovest,429591,85-89,160927,268664
ITC1,Piemonte,124913,85-89,47610,77303
ITC11,Torino,64516,85-89,24874,39642
ITC12,Vercelli,5206,85-89,1902,3304
ITC13,Biella,5759,85-89,2102,3657
ITC14,Verbano-Cusio-Ossola,4702,85-89,1749,2953
ITC15,Novara,9842,85-89,3585,6257
ITC16,Cuneo,15817,85-89,6160,9657
ITC17,Asti,6189,85-89,2406,3783
ITC18,Alessandria,12882,85-89,4832,8050
ITC2,Valle d’Aosta/Vallée d’Aoste,3154,85-89,1165,1989
ITC20,Valle d’Aosta/Vallée d’Aoste,3154,85-89,1165,1989
ITC3,Liguria,51094,85-89,18894,32200
ITC31,Imperia,6760,85-89,2587,4173
ITC32,Savona,9667,85-89,3589,6078
ITC33,Genova,27991,85-89,10209,17782
ITC34,La Spezia,6676,85-89,2509,4167
ITC4,Lombardia,250430,85-89,93258,157172
ITC41,Varese,23484,85-89,8849,14635
ITC42,Como,14988,85-89,5551,9437
ITC43,Lecco,8620,85-89,3231,5389
ITC44,Sondrio,4587,85-89,1710,2877
ITC46,Bergamo,23811,85-89,8883,14928
ITC47,Brescia,28526,85-89,10546,17980
ITC48,Pavia,14788,85-89,5268,9520
ITC49,Lodi,5093,85-89,1796,3297
ITC4A,Cremona,9474,85-89,3472,6002
ITC4B,Mantova,10789,85-89,4038,6751
ITC4C,Milano,84289,85-89,31365,52924
ITC4D,Monza e della Brianza,21981,85-89,8549,13432
ITF,Sud,288291,85-89,110591,177700
ITF1,Abruzzo,33669,85-89,13110,20559
ITF11,L’Aquila,7435,85-89,2828,4607
ITF12,Teramo,7914,85-89,3063,4851
ITF13,Pescara,8262,85-89,3269,4993
ITF14,Chieti,10058,85-89,3950,6108
ITF2,Molise,8303,85-89,3185,5118
ITF21,Isernia,2271,85-89,897,1374
ITF22,Campobasso,6032,85-89,2288,3744
ITF3,Campania,98913,85-89,36882,62031
ITF31,Caserta,14217,85-89,5205,9012
ITF32,Benevento,6781,85-89,2622,4159
ITF33,Napoli,45647,85-89,16710,28937
ITF34,Avellino,9514,85-89,3677,5837
ITF35,Salerno,22754,85-89,8668,14086
ITF4,Puglia,90614,85-89,35221,55393
ITF43,Taranto,13166,85-89,5125,8041
ITF44,Brindisi,8969,85-89,3441,5528
ITF45,Lecce,20428,85-89,7723,12705
ITF46,Foggia,13510,85-89,5173,8337
ITF47,Bari,27339,85-89,10834,16505
ITF48,Barletta-Andria-Trani,7202,85-89,2925,4277
ITF5,Basilicata,14552,85-89,5574,8978
ITF51,Potenza,9732,85-89,3758,5974
ITF52,Matera,4820,85-89,1816,3004
ITF6,Calabria,42240,85-89,16619,25621
ITF61,Cosenza,15846,85-89,6347,9499
ITF62,Crotone,3332,85-89,1321,2011
ITF63,Catanzaro,7946,85-89,3067,4879
ITF64,Vibo Valentia,3560,85-89,1434,2126
ITF65,Reggio Calabria,11556,85-89,4450,7106
ITG,Isole,142169,85-89,54448,87721
ITG1,Sicilia,103012,85-89,39685,63327
ITG11,Trapani,9826,85-89,3921,5905
ITG12,Palermo,24667,85-89,9249,15418
ITG13,Messina,14202,85-89,5345,8857
ITG14,Agrigento,9873,85-89,3880,5993
ITG15,Caltanissetta,5505,85-89,2117,3388
ITG16,Enna,3959,85-89,1618,2341
ITG17,Catania,20863,85-89,7926,12937
ITG18,Ragusa,6498,85-89,2569,3929
ITG19,Siracusa,7619,85-89,3060,4559
ITG2,Sardegna,39157,85-89,14763,24394
ITG25,Sassari (NUTS 2016),:,85-89,:,:
ITG26,Nuoro (NUTS 2016),:,85-89,:,:
ITG27,Cagliari (NUTS 2016),:,85-89,:,:
ITG28,Oristano (NUTS 2016),:,85-89,:,:
ITG29,Olbia-Tempio (NUTS 2016),:,85-89,:,:
ITG2A,Ogliastra (NUTS 2016),:,85-89,:,:
ITG2B,Medio Campidano (NUTS 2016),:,85-89,:,:
ITG2C,Carbonia-Iglesias (NUTS 2016),:,85-89,:,:
ITG2D,Sassari,11170,85-89,4324,6846
ITG2E,Nuoro,5346,85-89,1897,3449
ITG2F,Cagliari,9572,85-89,3609,5963
ITG2G,Oristano,4396,85-89,1624,2772
ITG2H,Sud Sardegna,8673,85-89,3309,5364
ITH,Nord-Est,304160,85-89,116331,187829
ITH1,Provincia Autonoma di Bolzano/Bozen,11058,85-89,4295,6763
ITH10,Bolzano-Bozen,11058,85-89,4295,6763
ITH2,Provincia Autonoma di Trento,12795,85-89,4806,7989
ITH20,Trento,12795,85-89,4806,7989
ITH3,Veneto,122920,85-89,46285,76635
ITH31,Verona,22731,85-89,8685,14046
ITH32,Vicenza,20612,85-89,7701,12911
ITH33,Belluno,5524,85-89,2033,3491
ITH34,Treviso,21278,85-89,8239,13039
ITH35,Venezia,22973,85-89,8573,14400
ITH36,Padova,23438,85-89,8745,14693
ITH37,Rovigo,6364,85-89,2309,4055
ITH4,Friuli-Venezia Giulia,34789,85-89,12949,21840
ITH41,Pordenone,7962,85-89,3041,4921
ITH42,Udine,14888,85-89,5563,9325
ITH43,Gorizia,4233,85-89,1520,2713
ITH44,Trieste,7706,85-89,2825,4881
ITH5,Emilia-Romagna,122598,85-89,47996,74602
ITH51,Piacenza,8032,85-89,3038,4994
ITH52,Parma,11990,85-89,4676,7314
ITH53,Reggio nell’Emilia,12680,85-89,5028,7652
ITH54,Modena,18162,85-89,7178,10984
ITH55,Bologna,28652,85-89,11159,17493
ITH56,Ferrara,10882,85-89,4105,6777
ITH57,Ravenna,12048,85-89,4732,7316
ITH58,Forlì-Cesena,11176,85-89,4577,6599
ITH59,Rimini,8976,85-89,3503,5473
ITI,Centro (IT),317361,85-89,121688,195673
ITI1,Toscana,108652,85-89,42134,66518
ITI11,Massa-Carrara,5836,85-89,2157,3679
ITI12,Lucca,11091,85-89,4300,6791
ITI13,Pistoia,8654,85-89,3331,5323
ITI14,Firenze,30010,85-89,11520,18490
ITI15,Prato,6508,85-89,2512,3996
ITI16,Livorno,10073,85-89,3972,6101
ITI17,Pisa,11687,85-89,4604,7083
ITI18,Arezzo,9783,85-89,3884,5899
ITI19,Siena,8140,85-89,3184,4956
ITI1A,Grosseto,6870,85-89,2670,4200
ITI2,Umbria,26263,85-89,10109,16154
ITI21,Perugia,19319,85-89,7416,11903
ITI22,Terni,6944,85-89,2693,4251
ITI3,Marche,44972,85-89,17426,27546
ITI31,Pesaro e Urbino,9754,85-89,3720,6034
ITI32,Ancona,13980,85-89,5277,8703
ITI33,Macerata,9634,85-89,3752,5882
ITI34,Ascoli Piceno,6249,85-89,2477,3772
ITI35,Fermo,5355,85-89,2200,3155
ITI4,Lazio,137474,85-89,52019,85455
ITI41,Viterbo,7804,85-89,2944,4860
ITI42,Rieti,4215,85-89,1699,2516
ITI43,Roma,101596,85-89,38017,63579
ITI44,Latina,12450,85-89,4954,7496
ITI45,Frosinone,11409,85-89,4405,7004
IT,Italy,2319787,GE85,808428,1511359
ITC,Nord-Ovest,669493,GE85,226525,442968
ITC1,Piemonte,193797,GE85,66923,126874
ITC11,Torino,98913,GE85,34947,63966
ITC12,Vercelli,8217,GE85,2682,5535
ITC13,Biella,9137,GE85,2953,6184
ITC14,Verbano-Cusio-Ossola,7343,GE85,2441,4902
ITC15,Novara,15422,GE85,5075,10347
ITC16,Cuneo,24475,GE85,8571,15904
ITC17,Asti,9837,GE85,3420,6417
ITC18,Alessandria,20453,GE85,6834,13619
ITC2,Valle d’Aosta/Vallée d’Aoste,4969,GE85,1646,3323
ITC20,Valle d’Aosta/Vallée d’Aoste,4969,GE85,1646,3323
ITC3,Liguria,82308,GE85,27577,54731
ITC31,Imperia,10668,GE85,3684,6984
ITC32,Savona,15328,GE85,5216,10112
ITC33,Genova,45401,GE85,15007,30394
ITC34,La Spezia,10911,GE85,3670,7241
ITC4,Lombardia,388419,GE85,130379,258040
ITC41,Varese,36348,GE85,12396,23952
ITC42,Como,23391,GE85,7742,15649
ITC43,Lecco,13456,GE85,4566,8890
ITC44,Sondrio,7401,GE85,2416,4985
ITC46,Bergamo,36658,GE85,12232,24426
ITC47,Brescia,44627,GE85,14619,30008
ITC48,Pavia,23543,GE85,7460,16083
ITC49,Lodi,7735,GE85,2490,5245
ITC4A,Cremona,14783,GE85,4797,9986
ITC4B,Mantova,16840,GE85,5624,11216
ITC4C,Milano,130265,GE85,44227,86038
ITC4D,Monza e della Brianza,33372,GE85,11810,21562
ITF,Sud,450663,GE85,160748,289915
ITF1,Abruzzo,53975,GE85,19237,34738
ITF11,L’Aquila,12309,GE85,4303,8006
ITF12,Teramo,12395,GE85,4392,8003
ITF13,Pescara,13170,GE85,4762,8408
ITF14,Chieti,16101,GE85,5780,10321
ITF2,Molise,13546,GE85,4729,8817
ITF21,Isernia,3874,GE85,1372,2502
ITF22,Campobasso,9672,GE85,3357,6315
ITF3,Campania,151933,GE85,52744,99189
ITF31,Caserta,21320,GE85,7336,13984
ITF32,Benevento,11062,GE85,3859,7203
ITF33,Napoli,68327,GE85,23382,44945
ITF34,Avellino,15330,GE85,5431,9899
ITF35,Salerno,35894,GE85,12736,23158
ITF4,Puglia,140863,GE85,50996,89867
ITF43,Taranto,19940,GE85,7258,12682
ITF44,Brindisi,13914,GE85,4989,8925
ITF45,Lecce,32266,GE85,11206,21060
ITF46,Foggia,21107,GE85,7503,13604
ITF47,Bari,42737,GE85,15864,26873
ITF48,Barletta-Andria-Trani,10899,GE85,4176,6723
ITF5,Basilicata,22957,GE85,8275,14682
ITF51,Potenza,15430,GE85,5540,9890
ITF52,Matera,7527,GE85,2735,4792
ITF6,Calabria,67389,GE85,24767,42622
ITF61,Cosenza,25090,GE85,9338,15752
ITF62,Crotone,5069,GE85,1929,3140
ITF63,Catanzaro,12907,GE85,4661,8246
ITF64,Vibo Valentia,5702,GE85,2119,3583
ITF65,Reggio Calabria,18621,GE85,6720,11901
ITG,Isole,222385,GE85,79349,143036
ITG1,Sicilia,159562,GE85,57326,102236
ITG11,Trapani,15248,GE85,5604,9644
ITG12,Palermo,38479,GE85,13558,24921
ITG13,Messina,22502,GE85,7780,14722
ITG14,Agrigento,15209,GE85,5650,9559
ITG15,Caltanissetta,8364,GE85,3034,5330
ITG16,Enna,6113,GE85,2320,3793
ITG17,Catania,32225,GE85,11414,20811
ITG18,Ragusa,9938,GE85,3665,6273
ITG19,Siracusa,11484,GE85,4301,7183
ITG2,Sardegna,62823,GE85,22023,40800
ITG25,Sassari (NUTS 2016),:,GE85,:,:
ITG26,Nuoro (NUTS 2016),:,GE85,:,:
ITG27,Cagliari (NUTS 2016),:,GE85,:,:
ITG28,Oristano (NUTS 2016),:,GE85,:,:
ITG29,Olbia-Tempio (NUTS 2016),:,GE85,:,:
ITG2A,Ogliastra (NUTS 2016),:,GE85,:,:
ITG2B,Medio Campidano (NUTS 2016),:,GE85,:,:
ITG2C,Carbonia-Iglesias (NUTS 2016),:,GE85,:,:
ITG2D,Sassari,17472,GE85,6342,11130
ITG2E,Nuoro,8764,GE85,2942,5822
ITG2F,Cagliari,15122,GE85,5281,9841
ITG2G,Oristano,7180,GE85,2453,4727
ITG2H,Sud Sardegna,14285,GE85,5005,9280
ITH,Nord-Est,479637,GE85,166348,313289
ITH1,Provincia Autonoma di Bolzano/Bozen,17669,GE85,6371,11298
ITH10,Bolzano-Bozen,17669,GE85,6371,11298
ITH2,Provincia Autonoma di Trento,20839,GE85,6964,13875
ITH20,Trento,20839,GE85,6964,13875
ITH3,Veneto,191432,GE85,64994,126438
ITH31,Verona,35562,GE85,12232,23330
ITH32,Vicenza,31912,GE85,10750,21162
ITH33,Belluno,8778,GE85,2853,5925
ITH34,Treviso,33416,GE85,11522,21894
ITH35,Venezia,35450,GE85,12065,23385
ITH36,Padova,36267,GE85,12301,23966
ITH37,Rovigo,10047,GE85,3271,6776
ITH4,Friuli-Venezia Giulia,55181,GE85,18391,36790
ITH41,Pordenone,12801,GE85,4356,8445
ITH42,Udine,23399,GE85,7837,15562
ITH43,Gorizia,6771,GE85,2176,4595
ITH44,Trieste,12210,GE85,4022,8188
ITH5,Emilia-Romagna,194516,GE85,69628,124888
ITH51,Piacenza,12870,GE85,4397,8473
ITH52,Parma,18922,GE85,6644,12278
ITH53,Reggio nell’Emilia,19932,GE85,7216,12716
ITH54,Modena,28534,GE85,10310,18224
ITH55,Bologna,46437,GE85,16607,29830
ITH56,Ferrara,16993,GE85,5914,11079
ITH57,Ravenna,19349,GE85,7038,12311
ITH58,Forlì-Cesena,17468,GE85,6456,11012
ITH59,Rimini,14011,GE85,5046,8965
ITI,Centro (IT),497609,GE85,175458,322151
ITI1,Toscana,171277,GE85,60873,110404
ITI11,Massa-Carrara,9212,GE85,3061,6151
ITI12,Lucca,17276,GE85,6037,11239
ITI13,Pistoia,13583,GE85,4777,8806
ITI14,Firenze,48189,GE85,17005,31184
ITI15,Prato,10148,GE85,3593,6555
ITI16,Livorno,15590,GE85,5678,9912
ITI17,Pisa,17901,GE85,6469,11432
ITI18,Arezzo,15428,GE85,5667,9761
ITI19,Siena,13218,GE85,4760,8458
ITI1A,Grosseto,10732,GE85,3826,6906
ITI2,Umbria,42067,GE85,14823,27244
ITI21,Perugia,30983,GE85,10886,20097
ITI22,Terni,11084,GE85,3937,7147
ITI3,Marche,70703,GE85,24997,45706
ITI31,Pesaro e Urbino,15395,GE85,5419,9976
ITI32,Ancona,22189,GE85,7628,14561
ITI33,Macerata,15061,GE85,5315,9746
ITI34,Ascoli Piceno,9796,GE85,3547,6249
ITI35,Fermo,8262,GE85,3088,5174
ITI4,Lazio,213562,GE85,74765,138797
ITI41,Viterbo,11990,GE85,4140,7850
ITI42,Rieti,6651,GE85,2467,4184
ITI43,Roma,158196,GE85,54718,103478
ITI44,Latina,18870,GE85,7001,11869
ITI45,Frosinone,17855,GE85,6439,11416
