code,label,total,age,male,female
FR,France,3446636,LT5,1762357,1684279
FR1,Ile de France,712461,LT5,363545,348916
FR10,Ile de France,712461,LT5,363545,348916
FR101,Paris,83279,LT5,42476,40803
FR102,Seine-et-Marne,89052,LT5,45685,43367
FR103,Yvelines,87330,LT5,44343,42987
FR104,Essonne,83465,LT5,42406,41059
FR105,Hauts-de-Seine,91552,LT5,47033,44519
FR106,Seine-Saint-Denis,112581,LT5,57658,54923
FR107,Val-de-Marne,81271,LT5,41071,40200
FR108,Val-d'Oise,83931,LT5,42873,41058
FRB,Centre — Val de Loire,125455,LT5,64811,60644
FRB0,Centre — Val de Loire,125455,LT5,64811,60644
FRB01,Cher,13232,LT5,6814,6418
FRB02,Eure-et-Loir,22674,LT5,11884,10790
FRB03,Indre,8912,LT5,4658,4254
FRB04,Indre-et-Loire,29132,LT5,15026,14106
FRB05,Loir-et-Cher,14952,LT5,7586,7366
FRB06,Loiret,36553,LT5,18843,17710
FRC,Bourgogne-Franche-Comté,126977,LT5,64890,62087
FRC1,Bourgogne,71669,LT5,36797,34872
FRC11,Côte-d’Or,24821,LT5,12902,11919
FRC12,Nièvre,7711,LT5,3844,3867
FRC13,Saône-et-Loire,23928,LT5,12339,11589
FRC14,Yonne,15209,LT5,7712,7497
FRC2,Franche-Comté,55308,LT5,28093,27215
FRC21,Doubs,27160,LT5,13789,13371
FRC22,Jura,11639,LT5,5840,5799
FRC23,Haute-Saône,9952,LT5,5082,4870
FRC24,Territoire de Belfort,6557,LT5,3382,3175
FRD,Normandie,163104,LT5,83439,79665
FRD1,Basse-Normandie,67282,LT5,34601,32681
FRD11,Calvados,32941,LT5,16861,16080
FRD12,Manche,22538,LT5,11518,11020
FRD13,Orne,11803,LT5,6222,5581
FRD2,Haute-Normandie,95822,LT5,48838,46984
FRD21,Eure,31464,LT5,16185,15279
FRD22,Seine-Maritime,64358,LT5,32653,31705
FRE,Hauts-de-France,311771,LT5,158894,152877
FRE1,Nord-Pas de Calais,212437,LT5,108582,103855
FRE11,Nord,138478,LT5,71009,67469
FRE12,Pas-de-Calais,73959,LT5,37573,36386
FRE2,Picardie,99334,LT5,50312,49022
FRE21,Aisne,26385,LT5,13500,12885
FRE22,Oise,46151,LT5,23260,22891
FRE23,Somme,26798,LT5,13552,13246
FRF,Grand Est,257180,LT5,131178,126002
FRF1,Alsace,90278,LT5,45906,44372
FRF11,Bas-Rhin,55079,LT5,27919,27160
FRF12,Haut-Rhin,35199,LT5,17987,17212
FRF2,Champagne-Ardenne,62177,LT5,31637,30540
FRF21,Ardennes,12740,LT5,6533,6207
FRF22,Aube,15461,LT5,7935,7526
FRF23,Marne,26773,LT5,13508,13265
FRF24,Haute-Marne,7203,LT5,3661,3542
FRF3,Lorraine,104725,LT5,53635,51090
FRF31,Meurthe-et-Moselle,33192,LT5,17048,16144
FRF32,Meuse,7752,LT5,4018,3734
FRF33,Moselle,48840,LT5,24962,23878
FRF34,Vosges,14941,LT5,7607,7334
FRG,Pays de la Loire,193996,LT5,100029,93967
FRG0,Pays de la Loire,193996,LT5,100029,93967
FRG01,Loire-Atlantique,78903,LT5,40761,38142
FRG02,Maine-et-Loire,42142,LT5,21569,20573
FRG03,Mayenne,14698,LT5,7509,7189
FRG04,Sarthe,28129,LT5,14482,13647
FRG05,Vendée,30124,LT5,15708,14416
FRH,Bretagne,159144,LT5,81837,77307
FRH0,Bretagne,159144,LT5,81837,77307
FRH01,Côtes-d’Armor,26722,LT5,13768,12954
FRH02,Finistère,40589,LT5,20988,19601
FRH03,Ille-et-Vilaine,57679,LT5,29370,28309
FRH04,Morbihan,34154,LT5,17711,16443
FRI,Nouvelle-Aquitaine,266069,LT5,135960,130109
FRI1,Aquitaine,159451,LT5,81632,77819
FRI11,Dordogne,15699,LT5,8092,7607
FRI12,Gironde,81309,LT5,41412,39897
FRI13,Landes,17796,LT5,9081,8715
FRI14,Lot-et-Garonne,14867,LT5,7667,7200
FRI15,Pyrénées-Atlantiques,29780,LT5,15380,14400
FRI2,Limousin,29376,LT5,14996,14380
FRI21,Corrèze,9391,LT5,4782,4609
FRI22,Creuse,4207,LT5,2088,2119
FRI23,Haute-Vienne,15778,LT5,8126,7652
FRI3,Poitou-Charentes,77242,LT5,39332,37910
FRI31,Charente,15095,LT5,7711,7384
FRI32,Charente-Maritime,26155,LT5,13244,12911
FRI33,Deux-Sèvres,16552,LT5,8415,8137
FRI34,Vienne,19440,LT5,9962,9478
FRJ,Occitanie,280648,LT5,143692,136956
FRJ1,Languedoc-Roussillon,136398,LT5,70379,66019
FRJ11,Aude,16164,LT5,8379,7785
FRJ12,Gard,36556,LT5,18968,17588
FRJ13,Hérault,57858,LT5,29916,27942
FRJ14,Lozère,3123,LT5,1572,1551
FRJ15,Pyrénées-Orientales,22697,LT5,11544,11153
FRJ2,Midi-Pyrénées,144250,LT5,73313,70937
FRJ21,Ariège,6314,LT5,3141,3173
FRJ22,Aveyron,11244,LT5,5666,5578
FRJ23,Haute-Garonne,74048,LT5,37756,36292
FRJ24,Gers,7379,LT5,3706,3673
FRJ25,Lot,6355,LT5,3257,3098
FRJ26,Hautes-Pyrénées,9271,LT5,4803,4468
FRJ27,Tarn,16506,LT5,8377,8129
FRJ28,Tarn-et-Garonne,13133,LT5,6607,6526
FRK,Auvergne-Rhône-Alpes,414145,LT5,212234,201911
FRK1,Auvergne,58481,LT5,30053,28428
FRK11,Allier,13380,LT5,6870,6510
FRK12,Cantal,5379,LT5,2755,2624
FRK13,Haute-Loire,9867,LT5,5033,4834
FRK14,Puy-de-Dôme,29855,LT5,15395,14460
FRK2,Rhône-Alpes,355664,LT5,182181,173483
FRK21,Ain,38183,LT5,19583,18600
FRK22,Ardèche,15078,LT5,7724,7354
FRK23,Drôme,26128,LT5,13341,12787
FRK24,Isère,66368,LT5,33903,32465
FRK25,Loire,39468,LT5,20323,19145
FRK26,Rhône,101322,LT5,51739,49583
FRK27,Savoie,21056,LT5,10944,10112
FRK28,Haute-Savoie,48061,LT5,24624,23437
FRL,Provence-Alpes-Côte d’Azur,248609,LT5,127412,121197
FRL0,Provence-Alpes-Côte d’Azur,248609,LT5,127412,121197
FRL01,Alpes-de-Haute-Provence,7314,LT5,3689,3625
FRL02,Hautes-Alpes,6002,LT5,3022,2980
FRL03,Alpes-Maritimes,51157,LT5,25967,25190
FRL04,Bouches-du-Rhône,106724,LT5,54613,52111
FRL05,Var,49494,LT5,25747,23747
FRL06,Vaucluse,27918,LT5,14374,13544
FRM,Corse,15540,LT5,7824,7716
FRM0,Corse,15540,LT5,7824,7716
FRM01,Corse-du-Sud,8126,LT5,4038,4088
FRM02,Haute-Corse,7414,LT5,3786,3628
FRY,RUP FR — Régions Ultrapériphériques Françaises,171537,LT5,86612,84925
FRY1,Guadeloupe,20480,LT5,10491,9989
FRY10,Guadeloupe,20480,LT5,10491,9989
FRY2,Martinique,15502,LT5,7804,7698
FRY20,Martinique,15502,LT5,7804,7698
FRY3,Guyane,29145,LT5,15035,14110
FRY30,Guyane,29145,LT5,15035,14110
FRY4,La Réunion,56084,LT5,27860,28224
FRY40,La Réunion,56084,LT5,27860,28224
FRY5,Mayotte,50326,LT5,25422,24904
FRY50,Mayotte,50326,LT5,25422,24904
FRX,Not regionalised/Unknown NUTS 1,:,LT5,:,:
FRXX,Not regionalised/Unknown NUTS 2,:,LT5,:,:
FRXXX,Not regionalised/Unknown NUTS 3,:,LT5,:,:
FR,France,3898842,5-9,1996946,1901896
FR1,Ile de France,741553,5-9,379520,362033
FR10,Ile de France,741553,5-9,379520,362033
FR101,Paris,78589,5-9,40236,38353
FR102,Seine-et-Marne,97595,5-9,49679,47916
FR103,Yvelines,95668,5-9,49011,46657
FR104,Essonne,88573,5-9,45556,43017
FR105,Hauts-de-Seine,93527,5-9,47915,45612
FR106,Seine-Saint-Denis,115179,5-9,59177,56002
FR107,Val-de-Marne,83970,5-9,42225,41745
FR108,Val-d'Oise,88452,5-9,45721,42731
FRB,Centre — Val de Loire,144989,5-9,74364,70625
FRB0,Centre — Val de Loire,144989,5-9,74364,70625
FRB01,Cher,15391,5-9,7843,7548
FRB02,Eure-et-Loir,27196,5-9,14116,13080
FRB03,Indre,10241,5-9,5176,5065
FRB04,Indre-et-Loire,33443,5-9,16949,16494
FRB05,Loir-et-Cher,17454,5-9,9087,8367
FRB06,Loiret,41264,5-9,21193,20071
FRC,Bourgogne-Franche-Comté,152904,5-9,78077,74827
FRC1,Bourgogne,84785,5-9,43294,41491
FRC11,Côte-d’Or,27978,5-9,14231,13747
FRC12,Nièvre,9522,5-9,4668,4854
FRC13,Saône-et-Loire,28791,5-9,14913,13878
FRC14,Yonne,18494,5-9,9482,9012
FRC2,Franche-Comté,68119,5-9,34783,33336
FRC21,Doubs,32941,5-9,16750,16191
FRC22,Jura,14307,5-9,7298,7009
FRC23,Haute-Saône,12794,5-9,6562,6232
FRC24,Territoire de Belfort,8077,5-9,4173,3904
FRD,Normandie,188860,5-9,96188,92672
FRD1,Basse-Normandie,77632,5-9,39671,37961
FRD11,Calvados,37820,5-9,19154,18666
FRD12,Manche,25776,5-9,13202,12574
FRD13,Orne,14036,5-9,7315,6721
FRD2,Haute-Normandie,111228,5-9,56517,54711
FRD21,Eure,37963,5-9,19345,18618
FRD22,Seine-Maritime,73265,5-9,37172,36093
FRE,Hauts-de-France,363360,5-9,185940,177420
FRE1,Nord-Pas de Calais,246901,5-9,126448,120453
FRE11,Nord,158739,5-9,81404,77335
FRE12,Pas-de-Calais,88162,5-9,45044,43118
FRE2,Picardie,116459,5-9,59492,56967
FRE21,Aisne,30986,5-9,15813,15173
FRE22,Oise,54544,5-9,27815,26729
FRE23,Somme,30929,5-9,15864,15065
FRF,Grand Est,303763,5-9,156731,147032
FRF1,Alsace,105087,5-9,54447,50640
FRF11,Bas-Rhin,62492,5-9,32358,30134
FRF12,Haut-Rhin,42595,5-9,22089,20506
FRF2,Champagne-Ardenne,72528,5-9,37374,35154
FRF21,Ardennes,14933,5-9,7795,7138
FRF22,Aube,17882,5-9,9354,8528
FRF23,Marne,31145,5-9,15804,15341
FRF24,Haute-Marne,8568,5-9,4421,4147
FRF3,Lorraine,126148,5-9,64910,61238
FRF31,Meurthe-et-Moselle,39961,5-9,20715,19246
FRF32,Meuse,9653,5-9,4955,4698
FRF33,Moselle,58255,5-9,29861,28394
FRF34,Vosges,18279,5-9,9379,8900
FRG,Pays de la Loire,224251,5-9,115374,108877
FRG0,Pays de la Loire,224251,5-9,115374,108877
FRG01,Loire-Atlantique,88257,5-9,45571,42686
FRG02,Maine-et-Loire,48270,5-9,24847,23423
FRG03,Mayenne,17413,5-9,8888,8525
FRG04,Sarthe,32283,5-9,16454,15829
FRG05,Vendée,38028,5-9,19614,18414
FRH,Bretagne,186678,5-9,95848,90830
FRH0,Bretagne,186678,5-9,95848,90830
FRH01,Côtes-d’Armor,32235,5-9,16301,15934
FRH02,Finistère,47490,5-9,24319,23171
FRH03,Ille-et-Vilaine,66701,5-9,34473,32228
FRH04,Morbihan,40252,5-9,20755,19497
FRI,Nouvelle-Aquitaine,312155,5-9,159786,152369
FRI1,Aquitaine,185603,5-9,94993,90610
FRI11,Dordogne,18958,5-9,9784,9174
FRI12,Gironde,92385,5-9,46665,45720
FRI13,Landes,21850,5-9,11174,10676
FRI14,Lot-et-Garonne,17443,5-9,9168,8275
FRI15,Pyrénées-Atlantiques,34967,5-9,18202,16765
FRI2,Limousin,34320,5-9,17893,16427
FRI21,Corrèze,11307,5-9,5920,5387
FRI22,Creuse,4969,5-9,2570,2399
FRI23,Haute-Vienne,18044,5-9,9403,8641
FRI3,Poitou-Charentes,92232,5-9,46900,45332
FRI31,Charente,17082,5-9,8640,8442
FRI32,Charente-Maritime,31602,5-9,16077,15525
FRI33,Deux-Sèvres,20467,5-9,10430,10037
FRI34,Vienne,23081,5-9,11753,11328
FRJ,Occitanie,326045,5-9,167358,158687
FRJ1,Languedoc-Roussillon,156096,5-9,80590,75506
FRJ11,Aude,19004,5-9,9714,9290
FRJ12,Gard,42197,5-9,21952,20245
FRJ13,Hérault,65446,5-9,33765,31681
FRJ14,Lozère,3668,5-9,1876,1792
FRJ15,Pyrénées-Orientales,25781,5-9,13283,12498
FRJ2,Midi-Pyrénées,169949,5-9,86768,83181
FRJ21,Ariège,7810,5-9,3945,3865
FRJ22,Aveyron,13605,5-9,6904,6701
FRJ23,Haute-Garonne,84162,5-9,42924,41238
FRJ24,Gers,9242,5-9,4819,4423
FRJ25,Lot,7847,5-9,4073,3774
FRJ26,Hautes-Pyrénées,10871,5-9,5645,5226
FRJ27,Tarn,20879,5-9,10614,10265
FRJ28,Tarn-et-Garonne,15533,5-9,7844,7689
FRK,Auvergne-Rhône-Alpes,482296,5-9,247014,235282
FRK1,Auvergne,70334,5-9,36029,34305
FRK11,Allier,16444,5-9,8495,7949
FRK12,Cantal,6547,5-9,3383,3164
FRK13,Haute-Loire,12535,5-9,6441,6094
FRK14,Puy-de-Dôme,34808,5-9,17710,17098
FRK2,Rhône-Alpes,411962,5-9,210985,200977
FRK21,Ain,45773,5-9,23367,22406
FRK22,Ardèche,18233,5-9,9185,9048
FRK23,Drôme,30741,5-9,16000,14741
FRK24,Isère,78873,5-9,40425,38448
FRK25,Loire,45534,5-9,23432,22102
FRK26,Rhône,113144,5-9,57768,55376
FRK27,Savoie,25354,5-9,13097,12257
FRK28,Haute-Savoie,54310,5-9,27711,26599
FRL,Provence-Alpes-Côte d’Azur,272953,5-9,140436,132517
FRL0,Provence-Alpes-Côte d’Azur,272953,5-9,140436,132517
FRL01,Alpes-de-Haute-Provence,8616,5-9,4304,4312
FRL02,Hautes-Alpes,6946,5-9,3574,3372
FRL03,Alpes-Maritimes,55781,5-9,28598,27183
FRL04,Bouches-du-Rhône,113203,5-9,58218,54985
FRL05,Var,55788,5-9,28959,26829
FRL06,Vaucluse,32619,5-9,16783,15836
FRM,Corse,18256,5-9,9193,9063
FRM0,Corse,18256,5-9,9193,9063
FRM01,Corse-du-Sud,9593,5-9,4892,4701
FRM02,Haute-Corse,8663,5-9,4301,4362
FRY,RUP FR — Régions Ultrapériphériques Françaises,180779,5-9,91117,89662
FRY1,Guadeloupe,22038,5-9,11214,10824
FRY10,Guadeloupe,22038,5-9,11214,10824
FRY2,Martinique,18173,5-9,9213,8960
FRY20,Martinique,18173,5-9,9213,8960
FRY3,Guyane,30443,5-9,15267,15176
FRY30,Guyane,30443,5-9,15267,15176
FRY4,La Réunion,63118,5-9,32297,30821
FRY40,La Réunion,63118,5-9,32297,30821
FRY5,Mayotte,47007,5-9,23126,23881
FRY50,Mayotte,47007,5-9,23126,23881
FRX,Not regionalised/Unknown NUTS 1,:,5-9,:,:
FRXX,Not regionalised/Unknown NUTS 2,:,5-9,:,:
FRXXX,Not regionalised/Unknown NUTS 3,:,5-9,:,:
FR,France,4266020,10-14,2183474,2082546
FR1,Ile de France,802966,10-14,411367,391599
FR10,Ile de France,802966,10-14,411367,391599
FR101,Paris,91965,10-14,46534,45431
FR102,Seine-et-Marne,104776,10-14,53483,51293
FR103,Yvelines,104789,10-14,54017,50772
FR104,Essonne,93334,10-14,47889,45445
FR105,Hauts-de-Seine,101928,10-14,52193,49735
FR106,Seine-Saint-Denis,122840,10-14,63302,59538
FR107,Val-de-Marne,90059,10-14,46143,43916
FR108,Val-d'Oise,93275,10-14,47806,45469
FRB,Centre — Val de Loire,160573,10-14,81856,78717
FRB0,Centre — Val de Loire,160573,10-14,81856,78717
FRB01,Cher,17301,10-14,9015,8286
FRB02,Eure-et-Loir,29493,10-14,14956,14537
FRB03,Indre,11591,10-14,5954,5637
FRB04,Indre-et-Loire,36273,10-14,18402,17871
FRB05,Loir-et-Cher,19872,10-14,10199,9673
FRB06,Loiret,46043,10-14,23330,22713
FRC,Bourgogne-Franche-Comté,166421,10-14,85597,80824
FRC1,Bourgogne,92152,10-14,47480,44672
FRC11,Côte-d’Or,29704,10-14,15459,14245
FRC12,Nièvre,10281,10-14,5304,4977
FRC13,Saône-et-Loire,31667,10-14,16304,15363
FRC14,Yonne,20500,10-14,10413,10087
FRC2,Franche-Comté,74269,10-14,38117,36152
FRC21,Doubs,35246,10-14,18049,17197
FRC22,Jura,15649,10-14,8097,7552
FRC23,Haute-Saône,14371,10-14,7384,6987
FRC24,Territoire de Belfort,9003,10-14,4587,4416
FRD,Normandie,207393,10-14,106199,101194
FRD1,Basse-Normandie,87212,10-14,44914,42298
FRD11,Calvados,42352,10-14,21861,20491
FRD12,Manche,28753,10-14,14801,13952
FRD13,Orne,16107,10-14,8252,7855
FRD2,Haute-Normandie,120181,10-14,61285,58896
FRD21,Eure,41562,10-14,21086,20476
FRD22,Seine-Maritime,78619,10-14,40199,38420
FRE,Hauts-de-France,400990,10-14,205368,195622
FRE1,Nord-Pas de Calais,272791,10-14,139621,133170
FRE11,Nord,174186,10-14,88901,85285
FRE12,Pas-de-Calais,98605,10-14,50720,47885
FRE2,Picardie,128199,10-14,65747,62452
FRE21,Aisne,35365,10-14,18050,17315
FRE22,Oise,58193,10-14,29848,28345
FRE23,Somme,34641,10-14,17849,16792
FRF,Grand Est,332793,10-14,170260,162533
FRF1,Alsace,115213,10-14,58793,56420
FRF11,Bas-Rhin,68029,10-14,34674,33355
FRF12,Haut-Rhin,47184,10-14,24119,23065
FRF2,Champagne-Ardenne,80512,10-14,40901,39611
FRF21,Ardennes,16687,10-14,8391,8296
FRF22,Aube,20139,10-14,10273,9866
FRF23,Marne,34282,10-14,17344,16938
FRF24,Haute-Marne,9404,10-14,4893,4511
FRF3,Lorraine,137068,10-14,70566,66502
FRF31,Meurthe-et-Moselle,43921,10-14,22684,21237
FRF32,Meuse,10672,10-14,5514,5158
FRF33,Moselle,62201,10-14,31907,30294
FRF34,Vosges,20274,10-14,10461,9813
FRG,Pays de la Loire,251917,10-14,128625,123292
FRG0,Pays de la Loire,251917,10-14,128625,123292
FRG01,Loire-Atlantique,96040,10-14,48822,47218
FRG02,Maine-et-Loire,55227,10-14,28342,26885
FRG03,Mayenne,20225,10-14,10237,9988
FRG04,Sarthe,35955,10-14,18318,17637
FRG05,Vendée,44470,10-14,22906,21564
FRH,Bretagne,209861,10-14,107353,102508
FRH0,Bretagne,209861,10-14,107353,102508
FRH01,Côtes-d’Armor,36797,10-14,18785,18012
FRH02,Finistère,54222,10-14,27619,26603
FRH03,Ille-et-Vilaine,73016,10-14,37473,35543
FRH04,Morbihan,45826,10-14,23476,22350
FRI,Nouvelle-Aquitaine,348063,10-14,178375,169688
FRI1,Aquitaine,204166,10-14,104652,99514
FRI11,Dordogne,21324,10-14,10914,10410
FRI12,Gironde,99915,10-14,50994,48921
FRI13,Landes,24908,10-14,12833,12075
FRI14,Lot-et-Garonne,19048,10-14,9700,9348
FRI15,Pyrénées-Atlantiques,38971,10-14,20211,18760
FRI2,Limousin,38640,10-14,19582,19058
FRI21,Corrèze,12619,10-14,6588,6031
FRI22,Creuse,5781,10-14,2925,2856
FRI23,Haute-Vienne,20240,10-14,10069,10171
FRI3,Poitou-Charentes,105257,10-14,54141,51116
FRI31,Charente,19547,10-14,10290,9257
FRI32,Charente-Maritime,36036,10-14,18457,17579
FRI33,Deux-Sèvres,23336,10-14,12004,11332
FRI34,Vienne,26338,10-14,13390,12948
FRJ,Occitanie,359686,10-14,183946,175740
FRJ1,Languedoc-Roussillon,173480,10-14,88789,84691
FRJ11,Aude,21484,10-14,11157,10327
FRJ12,Gard,46703,10-14,23972,22731
FRJ13,Hérault,71690,10-14,36604,35086
FRJ14,Lozère,4233,10-14,2134,2099
FRJ15,Pyrénées-Orientales,29370,10-14,14922,14448
FRJ2,Midi-Pyrénées,186206,10-14,95157,91049
FRJ21,Ariège,8857,10-14,4549,4308
FRJ22,Aveyron,15188,10-14,7691,7497
FRJ23,Haute-Garonne,88604,10-14,45161,43443
FRJ24,Gers,10780,10-14,5580,5200
FRJ25,Lot,8654,10-14,4449,4205
FRJ26,Hautes-Pyrénées,12250,10-14,6365,5885
FRJ27,Tarn,23724,10-14,12130,11594
FRJ28,Tarn-et-Garonne,18149,10-14,9232,8917
FRK,Auvergne-Rhône-Alpes,518022,10-14,265372,252650
FRK1,Auvergne,77345,10-14,39554,37791
FRK11,Allier,18442,10-14,9418,9024
FRK12,Cantal,7335,10-14,3752,3583
FRK13,Haute-Loire,13658,10-14,7170,6488
FRK14,Puy-de-Dôme,37910,10-14,19214,18696
FRK2,Rhône-Alpes,440677,10-14,225818,214859
FRK21,Ain,47235,10-14,24280,22955
FRK22,Ardèche,20128,10-14,10287,9841
FRK23,Drôme,33651,10-14,17200,16451
FRK24,Isère,85904,10-14,43824,42080
FRK25,Loire,49538,10-14,25422,24116
FRK26,Rhône,121945,10-14,62592,59353
FRK27,Savoie,27317,10-14,14029,13288
FRK28,Haute-Savoie,54959,10-14,28184,26775
FRL,Provence-Alpes-Côte d’Azur,301450,10-14,155445,146005
FRL0,Provence-Alpes-Côte d’Azur,301450,10-14,155445,146005
FRL01,Alpes-de-Haute-Provence,9665,10-14,5024,4641
FRL02,Hautes-Alpes,7738,10-14,3945,3793
FRL03,Alpes-Maritimes,62437,10-14,32299,30138
FRL04,Bouches-du-Rhône,124054,10-14,63948,60106
FRL05,Var,61669,10-14,31611,30058
FRL06,Vaucluse,35887,10-14,18618,17269
FRM,Corse,19521,10-14,9948,9573
FRM0,Corse,19521,10-14,9948,9573
FRM01,Corse-du-Sud,9891,10-14,4891,5000
FRM02,Haute-Corse,9630,10-14,5057,4573
FRY,RUP FR — Régions Ultrapériphériques Françaises,186364,10-14,93763,92601
FRY1,Guadeloupe,25367,10-14,13001,12366
FRY10,Guadeloupe,25367,10-14,13001,12366
FRY2,Martinique,19920,10-14,10230,9690
FRY20,Martinique,19920,10-14,10230,9690
FRY3,Guyane,29969,10-14,14948,15021
FRY30,Guyane,29969,10-14,14948,15021
FRY4,La Réunion,68277,10-14,34470,33807
FRY40,La Réunion,68277,10-14,34470,33807
FRY5,Mayotte,42831,10-14,21114,21717
FRY50,Mayotte,42831,10-14,21114,21717
FRX,Not regionalised/Unknown NUTS 1,:,10-14,:,:
FRXX,Not regionalised/Unknown NUTS 2,:,10-14,:,:
FRXXX,Not regionalised/Unknown NUTS 3,:,10-14,:,:
FR,France,4256949,15-19,2198009,2058940
FR1,Ile de France,794937,15-19,406270,388667
FR10,Ile de France,794937,15-19,406270,388667
FR101,Paris,110586,15-19,53300,57286
FR102,Seine-et-Marne,99790,15-19,51438,48352
FR103,Yvelines,97440,15-19,50627,46813
FR104,Essonne,88817,15-19,46243,42574
FR105,Hauts-de-Seine,100670,15-19,50854,49816
FR106,Seine-Saint-Denis,118945,15-19,61396,57549
FR107,Val-de-Marne,90107,15-19,46519,43588
FR108,Val-d'Oise,88582,15-19,45893,42689
FRB,Centre — Val de Loire,158366,15-19,83049,75317
FRB0,Centre — Val de Loire,158366,15-19,83049,75317
FRB01,Cher,16603,15-19,8920,7683
FRB02,Eure-et-Loir,26651,15-19,13994,12657
FRB03,Indre,11104,15-19,5794,5310
FRB04,Indre-et-Loire,40082,15-19,20353,19729
FRB05,Loir-et-Cher,18589,15-19,9798,8791
FRB06,Loiret,45337,15-19,24190,21147
FRC,Bourgogne-Franche-Comté,168535,15-19,88262,80273
FRC1,Bourgogne,94191,15-19,49027,45164
FRC11,Côte-d’Or,35516,15-19,17778,17738
FRC12,Nièvre,10529,15-19,5622,4907
FRC13,Saône-et-Loire,29284,15-19,15603,13681
FRC14,Yonne,18862,15-19,10024,8838
FRC2,Franche-Comté,74344,15-19,39235,35109
FRC21,Doubs,37292,15-19,19340,17952
FRC22,Jura,14376,15-19,7635,6741
FRC23,Haute-Saône,13628,15-19,7319,6309
FRC24,Territoire de Belfort,9048,15-19,4941,4107
FRD,Normandie,206882,15-19,107999,98883
FRD1,Basse-Normandie,88807,15-19,46637,42170
FRD11,Calvados,45889,15-19,23845,22044
FRD12,Manche,27287,15-19,14416,12871
FRD13,Orne,15631,15-19,8376,7255
FRD2,Haute-Normandie,118075,15-19,61362,56713
FRD21,Eure,37036,15-19,19340,17696
FRD22,Seine-Maritime,81039,15-19,42022,39017
FRE,Hauts-de-France,400449,15-19,206430,194019
FRE1,Nord-Pas de Calais,276958,15-19,142574,134384
FRE11,Nord,182064,15-19,93123,88941
FRE12,Pas-de-Calais,94894,15-19,49451,45443
FRE2,Picardie,123491,15-19,63856,59635
FRE21,Aisne,32542,15-19,17132,15410
FRE22,Oise,54216,15-19,28041,26175
FRE23,Somme,36733,15-19,18683,18050
FRF,Grand Est,338627,15-19,175282,163345
FRF1,Alsace,116964,15-19,60333,56631
FRF11,Bas-Rhin,72941,15-19,36998,35943
FRF12,Haut-Rhin,44023,15-19,23335,20688
FRF2,Champagne-Ardenne,82115,15-19,42743,39372
FRF21,Ardennes,15781,15-19,8397,7384
FRF22,Aube,20505,15-19,11028,9477
FRF23,Marne,36677,15-19,18610,18067
FRF24,Haute-Marne,9152,15-19,4708,4444
FRF3,Lorraine,139548,15-19,72206,67342
FRF31,Meurthe-et-Moselle,49787,15-19,25234,24553
FRF32,Meuse,10252,15-19,5460,4792
FRF33,Moselle,59635,15-19,30969,28666
FRF34,Vosges,19874,15-19,10543,9331
FRG,Pays de la Loire,253759,15-19,131702,122057
FRG0,Pays de la Loire,253759,15-19,131702,122057
FRG01,Loire-Atlantique,97250,15-19,50470,46780
FRG02,Maine-et-Loire,58586,15-19,29463,29123
FRG03,Mayenne,19757,15-19,10456,9301
FRG04,Sarthe,35769,15-19,18961,16808
FRG05,Vendée,42397,15-19,22352,20045
FRH,Bretagne,211898,15-19,109795,102103
FRH0,Bretagne,211898,15-19,109795,102103
FRH01,Côtes-d’Armor,35812,15-19,18912,16900
FRH02,Finistère,55280,15-19,28910,26370
FRH03,Ille-et-Vilaine,76497,15-19,38426,38071
FRH04,Morbihan,44309,15-19,23547,20762
FRI,Nouvelle-Aquitaine,355155,15-19,183795,171360
FRI1,Aquitaine,207456,15-19,106068,101388
FRI11,Dordogne,21080,15-19,11124,9956
FRI12,Gironde,106648,15-19,53432,53216
FRI13,Landes,22925,15-19,12021,10904
FRI14,Lot-et-Garonne,18230,15-19,9374,8856
FRI15,Pyrénées-Atlantiques,38573,15-19,20117,18456
FRI2,Limousin,40569,15-19,21186,19383
FRI21,Corrèze,12484,15-19,6693,5791
FRI22,Creuse,5484,15-19,2904,2580
FRI23,Haute-Vienne,22601,15-19,11589,11012
FRI3,Poitou-Charentes,107130,15-19,56541,50589
FRI31,Charente,19053,15-19,10300,8753
FRI32,Charente-Maritime,35745,15-19,18779,16966
FRI33,Deux-Sèvres,22349,15-19,12046,10303
FRI34,Vienne,29983,15-19,15416,14567
FRJ,Occitanie,369803,15-19,190920,178883
FRJ1,Languedoc-Roussillon,177035,15-19,90780,86255
FRJ11,Aude,20395,15-19,10487,9908
FRJ12,Gard,45728,15-19,23996,21732
FRJ13,Hérault,78252,15-19,39006,39246
FRJ14,Lozère,4559,15-19,2438,2121
FRJ15,Pyrénées-Orientales,28101,15-19,14853,13248
FRJ2,Midi-Pyrénées,192768,15-19,100140,92628
FRJ21,Ariège,8301,15-19,4394,3907
FRJ22,Aveyron,14808,15-19,7942,6866
FRJ23,Haute-Garonne,99564,15-19,50429,49135
FRJ24,Gers,10256,15-19,5510,4746
FRJ25,Lot,8547,15-19,4507,4040
FRJ26,Hautes-Pyrénées,12446,15-19,6660,5786
FRJ27,Tarn,22689,15-19,12044,10645
FRJ28,Tarn-et-Garonne,16157,15-19,8654,7503
FRK,Auvergne-Rhône-Alpes,514061,15-19,265819,248242
FRK1,Auvergne,79930,15-19,41010,38920
FRK11,Allier,18069,15-19,9476,8593
FRK12,Cantal,7140,15-19,3656,3484
FRK13,Haute-Loire,12799,15-19,6788,6011
FRK14,Puy-de-Dôme,41922,15-19,21090,20832
FRK2,Rhône-Alpes,434131,15-19,224809,209322
FRK21,Ain,41415,15-19,21649,19766
FRK22,Ardèche,18046,15-19,9480,8566
FRK23,Drôme,30525,15-19,16067,14458
FRK24,Isère,85292,15-19,44112,41180
FRK25,Loire,49932,15-19,26097,23835
FRK26,Rhône,133055,15-19,67480,65575
FRK27,Savoie,26806,15-19,13983,12823
FRK28,Haute-Savoie,49060,15-19,25941,23119
FRL,Provence-Alpes-Côte d’Azur,293383,15-19,151763,141620
FRL0,Provence-Alpes-Côte d’Azur,293383,15-19,151763,141620
FRL01,Alpes-de-Haute-Provence,8697,15-19,4631,4066
FRL02,Hautes-Alpes,7011,15-19,3787,3224
FRL03,Alpes-Maritimes,61958,15-19,32209,29749
FRL04,Bouches-du-Rhône,125181,15-19,63881,61300
FRL05,Var,57379,15-19,30192,27187
FRL06,Vaucluse,33157,15-19,17063,16094
FRM,Corse,17829,15-19,9336,8493
FRM0,Corse,17829,15-19,9336,8493
FRM01,Corse-du-Sud,7790,15-19,4153,3637
FRM02,Haute-Corse,10039,15-19,5183,4856
FRY,RUP FR — Régions Ultrapériphériques Françaises,173265,15-19,87587,85678
FRY1,Guadeloupe,26323,15-19,13612,12711
FRY10,Guadeloupe,26323,15-19,13612,12711
FRY2,Martinique,20471,15-19,10590,9881
FRY20,Martinique,20471,15-19,10590,9881
FRY3,Guyane,27750,15-19,14014,13736
FRY30,Guyane,27750,15-19,14014,13736
FRY4,La Réunion,66723,15-19,33898,32825
FRY40,La Réunion,66723,15-19,33898,32825
FRY5,Mayotte,31998,15-19,15473,16525
FRY50,Mayotte,31998,15-19,15473,16525
FRX,Not regionalised/Unknown NUTS 1,:,15-19,:,:
FRXX,Not regionalised/Unknown NUTS 2,:,15-19,:,:
FRXXX,Not regionalised/Unknown NUTS 3,:,15-19,:,:
FR,France,3956031,20-24,2018613,1937418
FR1,Ile de France,842743,20-24,415708,427035
FR10,Ile de France,842743,20-24,415708,427035
FR101,Paris,171947,20-24,75946,96001
FR102,Seine-et-Marne,89301,20-24,45669,43632
FR103,Yvelines,87517,20-24,44915,42602
FR104,Essonne,85148,20-24,44947,40201
FR105,Hauts-de-Seine,109212,20-24,53671,55541
FR106,Seine-Saint-Denis,118735,20-24,60075,58660
FR107,Val-de-Marne,98401,20-24,48450,49951
FR108,Val-d'Oise,82482,20-24,42035,40447
FRB,Centre — Val de Loire,133011,20-24,69151,63860
FRB0,Centre — Val de Loire,133011,20-24,69151,63860
FRB01,Cher,13478,20-24,7227,6251
FRB02,Eure-et-Loir,20487,20-24,10990,9497
FRB03,Indre,9120,20-24,4802,4318
FRB04,Indre-et-Loire,37338,20-24,18348,18990
FRB05,Loir-et-Cher,14453,20-24,7652,6801
FRB06,Loiret,38135,20-24,20132,18003
FRC,Bourgogne-Franche-Comté,147535,20-24,78362,69173
FRC1,Bourgogne,83184,20-24,43903,39281
FRC11,Côte-d’Or,36795,20-24,18522,18273
FRC12,Nièvre,8631,20-24,4734,3897
FRC13,Saône-et-Loire,23834,20-24,12972,10862
FRC14,Yonne,13924,20-24,7675,6249
FRC2,Franche-Comté,64351,20-24,34459,29892
FRC21,Doubs,33818,20-24,17538,16280
FRC22,Jura,11678,20-24,6347,5331
FRC23,Haute-Saône,10386,20-24,5584,4802
FRC24,Territoire de Belfort,8469,20-24,4990,3479
FRD,Normandie,183821,20-24,95488,88333
FRD1,Basse-Normandie,77697,20-24,40581,37116
FRD11,Calvados,43368,20-24,22129,21239
FRD12,Manche,21759,20-24,11763,9996
FRD13,Orne,12570,20-24,6689,5881
FRD2,Haute-Normandie,106124,20-24,54907,51217
FRD21,Eure,28347,20-24,15205,13142
FRD22,Seine-Maritime,77777,20-24,39702,38075
FRE,Hauts-de-France,368075,20-24,187277,180798
FRE1,Nord-Pas de Calais,259318,20-24,130983,128335
FRE11,Nord,178812,20-24,89398,89414
FRE12,Pas-de-Calais,80506,20-24,41585,38921
FRE2,Picardie,108757,20-24,56294,52463
FRE21,Aisne,26979,20-24,14262,12717
FRE22,Oise,45660,20-24,23696,21964
FRE23,Somme,36118,20-24,18336,17782
FRF,Grand Est,317905,20-24,165252,152653
FRF1,Alsace,112731,20-24,57496,55235
FRF11,Bas-Rhin,73908,20-24,36681,37227
FRF12,Haut-Rhin,38823,20-24,20815,18008
FRF2,Champagne-Ardenne,74640,20-24,39491,35149
FRF21,Ardennes,12883,20-24,7151,5732
FRF22,Aube,17092,20-24,9261,7831
FRF23,Marne,36307,20-24,18403,17904
FRF24,Haute-Marne,8358,20-24,4676,3682
FRF3,Lorraine,130534,20-24,68265,62269
FRF31,Meurthe-et-Moselle,50004,20-24,25104,24900
FRF32,Meuse,8504,20-24,4861,3643
FRF33,Moselle,55294,20-24,29179,26115
FRF34,Vosges,16732,20-24,9121,7611
FRG,Pays de la Loire,222954,20-24,115871,107083
FRG0,Pays de la Loire,222954,20-24,115871,107083
FRG01,Loire-Atlantique,92004,20-24,47450,44554
FRG02,Maine-et-Loire,52310,20-24,26356,25954
FRG03,Mayenne,15571,20-24,8454,7117
FRG04,Sarthe,30898,20-24,16217,14681
FRG05,Vendée,32171,20-24,17394,14777
FRH,Bretagne,187018,20-24,97516,89502
FRH0,Bretagne,187018,20-24,97516,89502
FRH01,Côtes-d’Armor,26614,20-24,14306,12308
FRH02,Finistère,48258,20-24,25392,22866
FRH03,Ille-et-Vilaine,76284,20-24,38300,37984
FRH04,Morbihan,35862,20-24,19518,16344
FRI,Nouvelle-Aquitaine,321858,20-24,167150,154708
FRI1,Aquitaine,190753,20-24,97634,93119
FRI11,Dordogne,16056,20-24,8473,7583
FRI12,Gironde,107894,20-24,53860,54034
FRI13,Landes,17790,20-24,9602,8188
FRI14,Lot-et-Garonne,14481,20-24,7560,6921
FRI15,Pyrénées-Atlantiques,34532,20-24,18139,16393
FRI2,Limousin,36724,20-24,19056,17668
FRI21,Corrèze,10691,20-24,6010,4681
FRI22,Creuse,4264,20-24,2326,1938
FRI23,Haute-Vienne,21769,20-24,10720,11049
FRI3,Poitou-Charentes,94381,20-24,50460,43921
FRI31,Charente,16622,20-24,9117,7505
FRI32,Charente-Maritime,30884,20-24,16903,13981
FRI33,Deux-Sèvres,17138,20-24,9549,7589
FRI34,Vienne,29737,20-24,14891,14846
FRJ,Occitanie,346374,20-24,177783,168591
FRJ1,Languedoc-Roussillon,162491,20-24,81712,80779
FRJ11,Aude,16603,20-24,8453,8150
FRJ12,Gard,38892,20-24,20479,18413
FRJ13,Hérault,80357,20-24,38843,41514
FRJ14,Lozère,3399,20-24,1935,1464
FRJ15,Pyrénées-Orientales,23240,20-24,12002,11238
FRJ2,Midi-Pyrénées,183883,20-24,96071,87812
FRJ21,Ariège,6895,20-24,3871,3024
FRJ22,Aveyron,11296,20-24,6345,4951
FRJ23,Haute-Garonne,109668,20-24,55507,54161
FRJ24,Gers,7616,20-24,4108,3508
FRJ25,Lot,6467,20-24,3514,2953
FRJ26,Hautes-Pyrénées,11175,20-24,6073,5102
FRJ27,Tarn,18689,20-24,10045,8644
FRJ28,Tarn-et-Garonne,12077,20-24,6608,5469
FRK,Auvergne-Rhône-Alpes,470461,20-24,241352,229109
FRK1,Auvergne,73114,20-24,38150,34964
FRK11,Allier,15256,20-24,8067,7189
FRK12,Cantal,5952,20-24,3186,2766
FRK13,Haute-Loire,10257,20-24,5531,4726
FRK14,Puy-de-Dôme,41649,20-24,21366,20283
FRK2,Rhône-Alpes,397347,20-24,203202,194145
FRK21,Ain,31770,20-24,16773,14997
FRK22,Ardèche,13362,20-24,6981,6381
FRK23,Drôme,24101,20-24,13105,10996
FRK24,Isère,78068,20-24,40935,37133
FRK25,Loire,44282,20-24,22990,21292
FRK26,Rhône,142213,20-24,68569,73644
FRK27,Savoie,22763,20-24,12209,10554
FRK28,Haute-Savoie,40788,20-24,21640,19148
FRL,Provence-Alpes-Côte d’Azur,272357,20-24,139432,132925
FRL0,Provence-Alpes-Côte d’Azur,272357,20-24,139432,132925
FRL01,Alpes-de-Haute-Provence,6887,20-24,3725,3162
FRL02,Hautes-Alpes,5618,20-24,3209,2409
FRL03,Alpes-Maritimes,57700,20-24,29135,28565
FRL04,Bouches-du-Rhône,123652,20-24,62104,61548
FRL05,Var,51595,20-24,27353,24242
FRL06,Vaucluse,26905,20-24,13906,12999
FRM,Corse,16413,20-24,8212,8201
FRM0,Corse,16413,20-24,8212,8201
FRM01,Corse-du-Sud,6473,20-24,3213,3260
FRM02,Haute-Corse,9940,20-24,4999,4941
FRY,RUP FR — Régions Ultrapériphériques Françaises,125506,20-24,60059,65447
FRY1,Guadeloupe,20015,20-24,10059,9956
FRY10,Guadeloupe,20015,20-24,10059,9956
FRY2,Martinique,15432,20-24,7674,7758
FRY20,Martinique,15432,20-24,7674,7758
FRY3,Guyane,20214,20-24,9373,10841
FRY30,Guyane,20214,20-24,9373,10841
FRY4,La Réunion,49186,20-24,24260,24926
FRY40,La Réunion,49186,20-24,24260,24926
FRY5,Mayotte,20659,20-24,8693,11966
FRY50,Mayotte,20659,20-24,8693,11966
FRX,Not regionalised/Unknown NUTS 1,:,20-24,:,:
FRXX,Not regionalised/Unknown NUTS 2,:,20-24,:,:
FRXXX,Not regionalised/Unknown NUTS 3,:,20-24,:,:
FR,France,3844224,25-29,1916642,1927582
FR1,Ile de France,867450,25-29,423707,443743
FR10,Ile de France,867450,25-29,423707,443743
FR101,Paris,198796,25-29,91965,106831
FR102,Seine-et-Marne,86331,25-29,42484,43847
FR103,Yvelines,83514,25-29,42159,41355
FR104,Essonne,84114,25-29,42502,41612
FR105,Hauts-de-Seine,118141,25-29,57765,60376
FR106,Seine-Saint-Denis,116399,25-29,57961,58438
FR107,Val-de-Marne,101186,25-29,50339,50847
FR108,Val-d'Oise,78969,25-29,38532,40437
FRB,Centre — Val de Loire,129737,25-29,65418,64319
FRB0,Centre — Val de Loire,129737,25-29,65418,64319
FRB01,Cher,13568,25-29,7094,6474
FRB02,Eure-et-Loir,20415,25-29,10217,10198
FRB03,Indre,9382,25-29,4717,4665
FRB04,Indre-et-Loire,35334,25-29,17494,17840
FRB05,Loir-et-Cher,14622,25-29,7360,7262
FRB06,Loiret,36416,25-29,18536,17880
FRC,Bourgogne-Franche-Comté,141528,25-29,72601,68927
FRC1,Bourgogne,79819,25-29,40864,38955
FRC11,Côte-d’Or,32987,25-29,16686,16301
FRC12,Nièvre,8511,25-29,4358,4153
FRC13,Saône-et-Loire,24044,25-29,12547,11497
FRC14,Yonne,14277,25-29,7273,7004
FRC2,Franche-Comté,61709,25-29,31737,29972
FRC21,Doubs,31954,25-29,16262,15692
FRC22,Jura,12040,25-29,6241,5799
FRC23,Haute-Saône,10024,25-29,5109,4915
FRC24,Territoire de Belfort,7691,25-29,4125,3566
FRD,Normandie,174052,25-29,87545,86507
FRD1,Basse-Normandie,74317,25-29,37714,36603
FRD11,Calvados,38817,25-29,19506,19311
FRD12,Manche,23437,25-29,11974,11463
FRD13,Orne,12063,25-29,6234,5829
FRD2,Haute-Normandie,99735,25-29,49831,49904
FRD21,Eure,28591,25-29,14504,14087
FRD22,Seine-Maritime,71144,25-29,35327,35817
FRE,Hauts-de-France,336277,25-29,167593,168684
FRE1,Nord-Pas de Calais,236282,25-29,117361,118921
FRE11,Nord,159388,25-29,79056,80332
FRE12,Pas-de-Calais,76894,25-29,38305,38589
FRE2,Picardie,99995,25-29,50232,49763
FRE21,Aisne,25682,25-29,13086,12596
FRE22,Oise,42878,25-29,21409,21469
FRE23,Somme,31435,25-29,15737,15698
FRF,Grand Est,308632,25-29,157330,151302
FRF1,Alsace,111757,25-29,56179,55578
FRF11,Bas-Rhin,72117,25-29,36137,35980
FRF12,Haut-Rhin,39640,25-29,20042,19598
FRF2,Champagne-Ardenne,70238,25-29,35937,34301
FRF21,Ardennes,12656,25-29,6538,6118
FRF22,Aube,16440,25-29,8513,7927
FRF23,Marne,33209,25-29,16610,16599
FRF24,Haute-Marne,7933,25-29,4276,3657
FRF3,Lorraine,126637,25-29,65214,61423
FRF31,Meurthe-et-Moselle,43106,25-29,21915,21191
FRF32,Meuse,8297,25-29,4389,3908
FRF33,Moselle,58925,25-29,30394,28531
FRF34,Vosges,16309,25-29,8516,7793
FRG,Pays de la Loire,208696,25-29,105648,103048
FRG0,Pays de la Loire,208696,25-29,105648,103048
FRG01,Loire-Atlantique,88114,25-29,44594,43520
FRG02,Maine-et-Loire,45738,25-29,22712,23026
FRG03,Mayenne,15014,25-29,7771,7243
FRG04,Sarthe,28576,25-29,14509,14067
FRG05,Vendée,31254,25-29,16062,15192
FRH,Bretagne,175386,25-29,89853,85533
FRH0,Bretagne,175386,25-29,89853,85533
FRH01,Côtes-d’Armor,25506,25-29,13018,12488
FRH02,Finistère,45127,25-29,23367,21760
FRH03,Ille-et-Vilaine,70181,25-29,35584,34597
FRH04,Morbihan,34572,25-29,17884,16688
FRI,Nouvelle-Aquitaine,305833,25-29,153734,152099
FRI1,Aquitaine,186098,25-29,92807,93291
FRI11,Dordogne,16298,25-29,8382,7916
FRI12,Gironde,103150,25-29,51025,52125
FRI13,Landes,17947,25-29,9083,8864
FRI14,Lot-et-Garonne,14621,25-29,7218,7403
FRI15,Pyrénées-Atlantiques,34082,25-29,17099,16983
FRI2,Limousin,34215,25-29,17356,16859
FRI21,Corrèze,11075,25-29,5950,5125
FRI22,Creuse,4473,25-29,2315,2158
FRI23,Haute-Vienne,18667,25-29,9091,9576
FRI3,Poitou-Charentes,85520,25-29,43571,41949
FRI31,Charente,16363,25-29,8373,7990
FRI32,Charente-Maritime,28733,25-29,14735,13998
FRI33,Deux-Sèvres,17157,25-29,8971,8186
FRI34,Vienne,23267,25-29,11492,11775
FRJ,Occitanie,327773,25-29,164730,163043
FRJ1,Languedoc-Roussillon,150056,25-29,74507,75549
FRJ11,Aude,16507,25-29,8480,8027
FRJ12,Gard,35807,25-29,18367,17440
FRJ13,Hérault,72590,25-29,35296,37294
FRJ14,Lozère,3378,25-29,1723,1655
FRJ15,Pyrénées-Orientales,21774,25-29,10641,11133
FRJ2,Midi-Pyrénées,177717,25-29,90223,87494
FRJ21,Ariège,6744,25-29,3608,3136
FRJ22,Aveyron,12353,25-29,6684,5669
FRJ23,Haute-Garonne,104797,25-29,52537,52260
FRJ24,Gers,7295,25-29,3652,3643
FRJ25,Lot,6372,25-29,3191,3181
FRJ26,Hautes-Pyrénées,10739,25-29,5754,4985
FRJ27,Tarn,17516,25-29,8793,8723
FRJ28,Tarn-et-Garonne,11901,25-29,6004,5897
FRK,Auvergne-Rhône-Alpes,463987,25-29,233708,230279
FRK1,Auvergne,67316,25-29,34669,32647
FRK11,Allier,14931,25-29,7713,7218
FRK12,Cantal,5932,25-29,3130,2802
FRK13,Haute-Loire,10119,25-29,5221,4898
FRK14,Puy-de-Dôme,36334,25-29,18605,17729
FRK2,Rhône-Alpes,396671,25-29,199039,197632
FRK21,Ain,35353,25-29,17691,17662
FRK22,Ardèche,14036,25-29,7117,6919
FRK23,Drôme,24935,25-29,12575,12360
FRK24,Isère,73512,25-29,37867,35645
FRK25,Loire,40708,25-29,20539,20169
FRK26,Rhône,135731,25-29,66295,69436
FRK27,Savoie,22832,25-29,11850,10982
FRK28,Haute-Savoie,49564,25-29,25105,24459
FRL,Provence-Alpes-Côte d’Azur,269444,25-29,133845,135599
FRL0,Provence-Alpes-Côte d’Azur,269444,25-29,133845,135599
FRL01,Alpes-de-Haute-Provence,7047,25-29,3539,3508
FRL02,Hautes-Alpes,6080,25-29,3088,2992
FRL03,Alpes-Maritimes,56996,25-29,27974,29022
FRL04,Bouches-du-Rhône,120061,25-29,59159,60902
FRL05,Var,52310,25-29,26561,25749
FRL06,Vaucluse,26950,25-29,13524,13426
FRM,Corse,17335,25-29,8424,8911
FRM0,Corse,17335,25-29,8424,8911
FRM01,Corse-du-Sud,7997,25-29,3696,4301
FRM02,Haute-Corse,9338,25-29,4728,4610
FRY,RUP FR — Régions Ultrapériphériques Françaises,118094,25-29,52506,65588
FRY1,Guadeloupe,17615,25-29,8010,9605
FRY10,Guadeloupe,17615,25-29,8010,9605
FRY2,Martinique,14745,25-29,6704,8041
FRY20,Martinique,14745,25-29,6704,8041
FRY3,Guyane,18460,25-29,8355,10105
FRY30,Guyane,18460,25-29,8355,10105
FRY4,La Réunion,45939,25-29,20849,25090
FRY40,La Réunion,45939,25-29,20849,25090
FRY5,Mayotte,21335,25-29,8588,12747
FRY50,Mayotte,21335,25-29,8588,12747
FRX,Not regionalised/Unknown NUTS 1,:,25-29,:,:
FRXX,Not regionalised/Unknown NUTS 2,:,25-29,:,:
FRXXX,Not regionalised/Unknown NUTS 3,:,25-29,:,:
FR,France,4086649,30-34,2010938,2075711
FR1,Ile de France,894666,30-34,435474,459192
FR10,Ile de France,894666,30-34,435474,459192
FR101,Paris,183721,30-34,89697,94024
FR102,Seine-et-Marne,94536,30-34,45367,49169
FR103,Yvelines,90410,30-34,44219,46191
FR104,Essonne,87853,30-34,43103,44750
FR105,Hauts-de-Seine,123086,30-34,60139,62947
FR106,Seine-Saint-Denis,126153,30-34,61910,64243
FR107,Val-de-Marne,103837,30-34,49955,53882
FR108,Val-d'Oise,85070,30-34,41084,43986
FRB,Centre — Val de Loire,139404,30-34,68747,70657
FRB0,Centre — Val de Loire,139404,30-34,68747,70657
FRB01,Cher,15263,30-34,7692,7571
FRB02,Eure-et-Loir,23311,30-34,11480,11831
FRB03,Indre,9761,30-34,4788,4973
FRB04,Indre-et-Loire,34829,30-34,17174,17655
FRB05,Loir-et-Cher,16626,30-34,8212,8414
FRB06,Loiret,39614,30-34,19401,20213
FRC,Bourgogne-Franche-Comté,149327,30-34,75239,74088
FRC1,Bourgogne,83665,30-34,42219,41446
FRC11,Côte-d’Or,31241,30-34,15907,15334
FRC12,Nièvre,9036,30-34,4561,4475
FRC13,Saône-et-Loire,26664,30-34,13356,13308
FRC14,Yonne,16724,30-34,8395,8329
FRC2,Franche-Comté,65662,30-34,33020,32642
FRC21,Doubs,32621,30-34,16403,16218
FRC22,Jura,13381,30-34,6714,6667
FRC23,Haute-Saône,11668,30-34,5831,5837
FRC24,Territoire de Belfort,7992,30-34,4072,3920
FRD,Normandie,185490,30-34,92519,92971
FRD1,Basse-Normandie,77576,30-34,39068,38508
FRD11,Calvados,38960,30-34,19425,19535
FRD12,Manche,25802,30-34,13103,12699
FRD13,Orne,12814,30-34,6540,6274
FRD2,Haute-Normandie,107914,30-34,53451,54463
FRD21,Eure,33801,30-34,16709,17092
FRD22,Seine-Maritime,74113,30-34,36742,37371
FRE,Hauts-de-France,353206,30-34,174658,178548
FRE1,Nord-Pas de Calais,243920,30-34,120432,123488
FRE11,Nord,162568,30-34,80077,82491
FRE12,Pas-de-Calais,81352,30-34,40355,40997
FRE2,Picardie,109286,30-34,54226,55060
FRE21,Aisne,28408,30-34,14186,14222
FRE22,Oise,48659,30-34,24094,24565
FRE23,Somme,32219,30-34,15946,16273
FRF,Grand Est,327614,30-34,164129,163485
FRF1,Alsace,118642,30-34,59048,59594
FRF11,Bas-Rhin,74607,30-34,37117,37490
FRF12,Haut-Rhin,44035,30-34,21931,22104
FRF2,Champagne-Ardenne,73170,30-34,36553,36617
FRF21,Ardennes,14118,30-34,6994,7124
FRF22,Aube,17084,30-34,8508,8576
FRF23,Marne,33131,30-34,16294,16837
FRF24,Haute-Marne,8837,30-34,4757,4080
FRF3,Lorraine,135802,30-34,68528,67274
FRF31,Meurthe-et-Moselle,44408,30-34,22499,21909
FRF32,Meuse,9112,30-34,4714,4398
FRF33,Moselle,64383,30-34,32356,32027
FRF34,Vosges,17899,30-34,8959,8940
FRG,Pays de la Loire,222160,30-34,111504,110656
FRG0,Pays de la Loire,222160,30-34,111504,110656
FRG01,Loire-Atlantique,96308,30-34,48605,47703
FRG02,Maine-et-Loire,46183,30-34,23152,23031
FRG03,Mayenne,15479,30-34,7864,7615
FRG04,Sarthe,29721,30-34,14545,15176
FRG05,Vendée,34469,30-34,17338,17131
FRH,Bretagne,185888,30-34,93523,92365
FRH0,Bretagne,185888,30-34,93523,92365
FRH01,Côtes-d’Armor,28642,30-34,14270,14372
FRH02,Finistère,49300,30-34,25111,24189
FRH03,Ille-et-Vilaine,70452,30-34,35212,35240
FRH04,Morbihan,37494,30-34,18930,18564
FRI,Nouvelle-Aquitaine,332305,30-34,164004,168301
FRI1,Aquitaine,204961,30-34,100481,104480
FRI11,Dordogne,18660,30-34,9138,9522
FRI12,Gironde,109710,30-34,53816,55894
FRI13,Landes,21496,30-34,10622,10874
FRI14,Lot-et-Garonne,16507,30-34,8082,8425
FRI15,Pyrénées-Atlantiques,38588,30-34,18823,19765
FRI2,Limousin,35671,30-34,18007,17664
FRI21,Corrèze,11566,30-34,5856,5710
FRI22,Creuse,5129,30-34,2599,2530
FRI23,Haute-Vienne,18976,30-34,9552,9424
FRI3,Poitou-Charentes,91673,30-34,45516,46157
FRI31,Charente,17973,30-34,8995,8978
FRI32,Charente-Maritime,31845,30-34,15596,16249
FRI33,Deux-Sèvres,18929,30-34,9453,9476
FRI34,Vienne,22926,30-34,11472,11454
FRJ,Occitanie,347063,30-34,171554,175509
FRJ1,Languedoc-Roussillon,159277,30-34,77576,81701
FRJ11,Aude,18245,30-34,9023,9222
FRJ12,Gard,38784,30-34,18791,19993
FRJ13,Hérault,74106,30-34,36075,38031
FRJ14,Lozère,3579,30-34,1766,1813
FRJ15,Pyrénées-Orientales,24563,30-34,11921,12642
FRJ2,Midi-Pyrénées,187786,30-34,93978,93808
FRJ21,Ariège,7540,30-34,3719,3821
FRJ22,Aveyron,13655,30-34,7088,6567
FRJ23,Haute-Garonne,105607,30-34,53045,52562
FRJ24,Gers,8584,30-34,4262,4322
FRJ25,Lot,7994,30-34,4046,3948
FRJ26,Hautes-Pyrénées,11322,30-34,5527,5795
FRJ27,Tarn,19399,30-34,9620,9779
FRJ28,Tarn-et-Garonne,13685,30-34,6671,7014
FRK,Auvergne-Rhône-Alpes,500021,30-34,248470,251551
FRK1,Auvergne,71405,30-34,35847,35558
FRK11,Allier,15803,30-34,8164,7639
FRK12,Cantal,6662,30-34,3408,3254
FRK13,Haute-Loire,11172,30-34,5629,5543
FRK14,Puy-de-Dôme,37768,30-34,18646,19122
FRK2,Rhône-Alpes,428616,30-34,212623,215993
FRK21,Ain,41990,30-34,20854,21136
FRK22,Ardèche,16463,30-34,8143,8320
FRK23,Drôme,29044,30-34,14108,14936
FRK24,Isère,77853,30-34,38937,38916
FRK25,Loire,41130,30-34,20277,20853
FRK26,Rhône,134203,30-34,66500,67703
FRK27,Savoie,26439,30-34,13261,13178
FRK28,Haute-Savoie,61494,30-34,30543,30951
FRL,Provence-Alpes-Côte d’Azur,295401,30-34,142919,152482
FRL0,Provence-Alpes-Côte d’Azur,295401,30-34,142919,152482
FRL01,Alpes-de-Haute-Provence,8277,30-34,4122,4155
FRL02,Hautes-Alpes,7413,30-34,3615,3798
FRL03,Alpes-Maritimes,62342,30-34,30003,32339
FRL04,Bouches-du-Rhône,128054,30-34,61688,66366
FRL05,Var,58395,30-34,28569,29826
FRL06,Vaucluse,30920,30-34,14922,15998
FRM,Corse,21011,30-34,10359,10652
FRM0,Corse,21011,30-34,10359,10652
FRM01,Corse-du-Sud,10177,30-34,4885,5292
FRM02,Haute-Corse,10834,30-34,5474,5360
FRY,RUP FR — Régions Ultrapériphériques Françaises,133093,30-34,57839,75254
FRY1,Guadeloupe,19978,30-34,8414,11564
FRY10,Guadeloupe,19978,30-34,8414,11564
FRY2,Martinique,17907,30-34,7452,10455
FRY20,Martinique,17907,30-34,7452,10455
FRY3,Guyane,19637,30-34,8898,10739
FRY30,Guyane,19637,30-34,8898,10739
FRY4,La Réunion,53645,30-34,24019,29626
FRY40,La Réunion,53645,30-34,24019,29626
FRY5,Mayotte,21926,30-34,9056,12870
FRY50,Mayotte,21926,30-34,9056,12870
FRX,Not regionalised/Unknown NUTS 1,:,30-34,:,:
FRXX,Not regionalised/Unknown NUTS 2,:,30-34,:,:
FRXXX,Not regionalised/Unknown NUTS 3,:,30-34,:,:
FR,France,4286489,35-39,2088059,2198430
FR1,Ile de France,879658,35-39,424579,455079
FR10,Ile de France,879658,35-39,424579,455079
FR101,Paris,149827,35-39,74146,75681
FR102,Seine-et-Marne,102567,35-39,48786,53781
FR103,Yvelines,98117,35-39,47126,50991
FR104,Essonne,90949,35-39,43905,47044
FR105,Hauts-de-Seine,122365,35-39,58801,63564
FR106,Seine-Saint-Denis,125686,35-39,61276,64410
FR107,Val-de-Marne,100197,35-39,47792,52405
FR108,Val-d'Oise,89950,35-39,42747,47203
FRB,Centre — Val de Loire,151067,35-39,73618,77449
FRB0,Centre — Val de Loire,151067,35-39,73618,77449
FRB01,Cher,16471,35-39,8114,8357
FRB02,Eure-et-Loir,26340,35-39,12675,13665
FRB03,Indre,10717,35-39,5278,5439
FRB04,Indre-et-Loire,37273,35-39,18131,19142
FRB05,Loir-et-Cher,18068,35-39,8819,9249
FRB06,Loiret,42198,35-39,20601,21597
FRC,Bourgogne-Franche-Comté,161906,35-39,79900,82006
FRC1,Bourgogne,91128,35-39,45026,46102
FRC11,Côte-d’Or,32404,35-39,16058,16346
FRC12,Nièvre,10091,35-39,4933,5158
FRC13,Saône-et-Loire,29843,35-39,14732,15111
FRC14,Yonne,18790,35-39,9303,9487
FRC2,Franche-Comté,70778,35-39,34874,35904
FRC21,Doubs,34303,35-39,16855,17448
FRC22,Jura,14946,35-39,7361,7585
FRC23,Haute-Saône,13177,35-39,6543,6634
FRC24,Territoire de Belfort,8352,35-39,4115,4237
FRD,Normandie,200285,35-39,98730,101555
FRD1,Basse-Normandie,83229,35-39,41328,41901
FRD11,Calvados,41443,35-39,20392,21051
FRD12,Manche,27555,35-39,13861,13694
FRD13,Orne,14231,35-39,7075,7156
FRD2,Haute-Normandie,117056,35-39,57402,59654
FRD21,Eure,38500,35-39,18819,19681
FRD22,Seine-Maritime,78556,35-39,38583,39973
FRE,Hauts-de-France,382078,35-39,187727,194351
FRE1,Nord-Pas de Calais,261790,35-39,128783,133007
FRE11,Nord,170125,35-39,83214,86911
FRE12,Pas-de-Calais,91665,35-39,45569,46096
FRE2,Picardie,120288,35-39,58944,61344
FRE21,Aisne,31821,35-39,15661,16160
FRE22,Oise,54642,35-39,26442,28200
FRE23,Somme,33825,35-39,16841,16984
FRF,Grand Est,346712,35-39,170903,175809
FRF1,Alsace,123295,35-39,60182,63113
FRF11,Bas-Rhin,74902,35-39,36248,38654
FRF12,Haut-Rhin,48393,35-39,23934,24459
FRF2,Champagne-Ardenne,78497,35-39,38622,39875
FRF21,Ardennes,16047,35-39,7948,8099
FRF22,Aube,18434,35-39,8995,9439
FRF23,Marne,34584,35-39,17063,17521
FRF24,Haute-Marne,9432,35-39,4616,4816
FRF3,Lorraine,144920,35-39,72099,72821
FRF31,Meurthe-et-Moselle,46203,35-39,22771,23432
FRF32,Meuse,10239,35-39,5126,5113
FRF33,Moselle,68875,35-39,34374,34501
FRF34,Vosges,19603,35-39,9828,9775
FRG,Pays de la Loire,237714,35-39,117596,120118
FRG0,Pays de la Loire,237714,35-39,117596,120118
FRG01,Loire-Atlantique,100030,35-39,49819,50211
FRG02,Maine-et-Loire,49308,35-39,24166,25142
FRG03,Mayenne,17093,35-39,8567,8526
FRG04,Sarthe,32062,35-39,15699,16363
FRG05,Vendée,39221,35-39,19345,19876
FRH,Bretagne,201495,35-39,99723,101772
FRH0,Bretagne,201495,35-39,99723,101772
FRH01,Côtes-d’Armor,32646,35-39,16142,16504
FRH02,Finistère,53976,35-39,27099,26877
FRH03,Ille-et-Vilaine,71829,35-39,35341,36488
FRH04,Morbihan,43044,35-39,21141,21903
FRI,Nouvelle-Aquitaine,360342,35-39,176676,183666
FRI1,Aquitaine,219635,35-39,106759,112876
FRI11,Dordogne,21331,35-39,10448,10883
FRI12,Gironde,113367,35-39,54937,58430
FRI13,Landes,24882,35-39,12189,12693
FRI14,Lot-et-Garonne,18255,35-39,8945,9310
FRI15,Pyrénées-Atlantiques,41800,35-39,20240,21560
FRI2,Limousin,39178,35-39,19556,19622
FRI21,Corrèze,12980,35-39,6475,6505
FRI22,Creuse,5505,35-39,2832,2673
FRI23,Haute-Vienne,20693,35-39,10249,10444
FRI3,Poitou-Charentes,101529,35-39,50361,51168
FRI31,Charente,19263,35-39,9632,9631
FRI32,Charente-Maritime,35796,35-39,17634,18162
FRI33,Deux-Sèvres,21385,35-39,10589,10796
FRI34,Vienne,25085,35-39,12506,12579
FRJ,Occitanie,365777,35-39,178331,187446
FRJ1,Languedoc-Roussillon,170661,35-39,82252,88409
FRJ11,Aude,20300,35-39,9904,10396
FRJ12,Gard,43706,35-39,20712,22994
FRJ13,Hérault,75311,35-39,36737,38574
FRJ14,Lozère,4143,35-39,2138,2005
FRJ15,Pyrénées-Orientales,27201,35-39,12761,14440
FRJ2,Midi-Pyrénées,195116,35-39,96079,99037
FRJ21,Ariège,8821,35-39,4342,4479
FRJ22,Aveyron,15172,35-39,7623,7549
FRJ23,Haute-Garonne,102221,35-39,50506,51715
FRJ24,Gers,9949,35-39,4806,5143
FRJ25,Lot,8697,35-39,4261,4436
FRJ26,Hautes-Pyrénées,12845,35-39,6301,6544
FRJ27,Tarn,21740,35-39,10600,11140
FRJ28,Tarn-et-Garonne,15671,35-39,7640,8031
FRK,Auvergne-Rhône-Alpes,525684,35-39,258138,267546
FRK1,Auvergne,76899,35-39,38382,38517
FRK11,Allier,16771,35-39,8176,8595
FRK12,Cantal,7324,35-39,3724,3600
FRK13,Haute-Loire,12462,35-39,6265,6197
FRK14,Puy-de-Dôme,40342,35-39,20217,20125
FRK2,Rhône-Alpes,448785,35-39,219756,229029
FRK21,Ain,46031,35-39,22663,23368
FRK22,Ardèche,19082,35-39,9425,9657
FRK23,Drôme,32988,35-39,15967,17021
FRK24,Isère,83222,35-39,40669,42553
FRK25,Loire,44568,35-39,21697,22871
FRK26,Rhône,129350,35-39,63204,66146
FRK27,Savoie,29346,35-39,14459,14887
FRK28,Haute-Savoie,64198,35-39,31672,32526
FRL,Provence-Alpes-Côte d’Azur,315174,35-39,151759,163415
FRL0,Provence-Alpes-Côte d’Azur,315174,35-39,151759,163415
FRL01,Alpes-de-Haute-Provence,9134,35-39,4441,4693
FRL02,Hautes-Alpes,8353,35-39,4065,4288
FRL03,Alpes-Maritimes,66960,35-39,32029,34931
FRL04,Bouches-du-Rhône,130699,35-39,62910,67789
FRL05,Var,65454,35-39,31935,33519
FRL06,Vaucluse,34574,35-39,16379,18195
FRM,Corse,22245,35-39,10623,11622
FRM0,Corse,22245,35-39,10623,11622
FRM01,Corse-du-Sud,11024,35-39,5170,5854
FRM02,Haute-Corse,11221,35-39,5453,5768
FRY,RUP FR — Régions Ultrapériphériques Françaises,136352,35-39,59756,76596
FRY1,Guadeloupe,20705,35-39,8482,12223
FRY10,Guadeloupe,20705,35-39,8482,12223
FRY2,Martinique,18575,35-39,7581,10994
FRY20,Martinique,18575,35-39,7581,10994
FRY3,Guyane,19752,35-39,9135,10617
FRY30,Guyane,19752,35-39,9135,10617
FRY4,La Réunion,56048,35-39,25116,30932
FRY40,La Réunion,56048,35-39,25116,30932
FRY5,Mayotte,21272,35-39,9442,11830
FRY50,Mayotte,21272,35-39,9442,11830
FRX,Not regionalised/Unknown NUTS 1,:,35-39,:,:
FRXX,Not regionalised/Unknown NUTS 2,:,35-39,:,:
FRXXX,Not regionalised/Unknown NUTS 3,:,35-39,:,:
FR,France,4358205,40-44,2127607,2230598
FR1,Ile de France,851765,40-44,412624,439141
FR10,Ile de France,851765,40-44,412624,439141
FR101,Paris,130114,40-44,63185,66929
FR102,Seine-et-Marne,102534,40-44,49402,53132
FR103,Yvelines,101228,40-44,48316,52912
FR104,Essonne,88790,40-44,43167,45623
FR105,Hauts-de-Seine,119442,40-44,57235,62207
FR106,Seine-Saint-Denis,121492,40-44,59937,61555
FR107,Val-de-Marne,98258,40-44,47760,50498
FR108,Val-d'Oise,89907,40-44,43622,46285
FRB,Centre — Val de Loire,155498,40-44,76066,79432
FRB0,Centre — Val de Loire,155498,40-44,76066,79432
FRB01,Cher,16973,40-44,8391,8582
FRB02,Eure-et-Loir,27714,40-44,13589,14125
FRB03,Indre,11517,40-44,5693,5824
FRB04,Indre-et-Loire,37295,40-44,18267,19028
FRB05,Loir-et-Cher,18963,40-44,9383,9580
FRB06,Loiret,43036,40-44,20743,22293
FRC,Bourgogne-Franche-Comté,168406,40-44,83663,84743
FRC1,Bourgogne,94853,40-44,47040,47813
FRC11,Côte-d’Or,32425,40-44,16039,16386
FRC12,Nièvre,10713,40-44,5341,5372
FRC13,Saône-et-Loire,31793,40-44,15816,15977
FRC14,Yonne,19922,40-44,9844,10078
FRC2,Franche-Comté,73553,40-44,36623,36930
FRC21,Doubs,34868,40-44,17297,17571
FRC22,Jura,15713,40-44,7868,7845
FRC23,Haute-Saône,14250,40-44,7182,7068
FRC24,Territoire de Belfort,8722,40-44,4276,4446
FRD,Normandie,204150,40-44,100620,103530
FRD1,Basse-Normandie,87796,40-44,43618,44178
FRD11,Calvados,43603,40-44,21245,22358
FRD12,Manche,28710,40-44,14602,14108
FRD13,Orne,15483,40-44,7771,7712
FRD2,Haute-Normandie,116354,40-44,57002,59352
FRD21,Eure,38842,40-44,18938,19904
FRD22,Seine-Maritime,77512,40-44,38064,39448
FRE,Hauts-de-France,385151,40-44,190633,194518
FRE1,Nord-Pas de Calais,262960,40-44,130077,132883
FRE11,Nord,169783,40-44,83854,85929
FRE12,Pas-de-Calais,93177,40-44,46223,46954
FRE2,Picardie,122191,40-44,60556,61635
FRE21,Aisne,32399,40-44,16256,16143
FRE22,Oise,55274,40-44,27029,28245
FRE23,Somme,34518,40-44,17271,17247
FRF,Grand Est,350788,40-44,173027,177761
FRF1,Alsace,125114,40-44,60827,64287
FRF11,Bas-Rhin,75667,40-44,36602,39065
FRF12,Haut-Rhin,49447,40-44,24225,25222
FRF2,Champagne-Ardenne,77870,40-44,38602,39268
FRF21,Ardennes,15648,40-44,7767,7881
FRF22,Aube,18749,40-44,9231,9518
FRF23,Marne,34153,40-44,16868,17285
FRF24,Haute-Marne,9320,40-44,4736,4584
FRF3,Lorraine,147804,40-44,73598,74206
FRF31,Meurthe-et-Moselle,46911,40-44,23288,23623
FRF32,Meuse,10671,40-44,5388,5283
FRF33,Moselle,69368,40-44,34520,34848
FRF34,Vosges,20854,40-44,10402,10452
FRG,Pays de la Loire,250325,40-44,124062,126263
FRG0,Pays de la Loire,250325,40-44,124062,126263
FRG01,Loire-Atlantique,101719,40-44,50597,51122
FRG02,Maine-et-Loire,52614,40-44,25842,26772
FRG03,Mayenne,18009,40-44,8995,9014
FRG04,Sarthe,33239,40-44,16321,16918
FRG05,Vendée,44744,40-44,22307,22437
FRH,Bretagne,213201,40-44,105807,107394
FRH0,Bretagne,213201,40-44,105807,107394
FRH01,Côtes-d’Armor,35255,40-44,17346,17909
FRH02,Finistère,56822,40-44,28291,28531
FRH03,Ille-et-Vilaine,73807,40-44,36854,36953
FRH04,Morbihan,47317,40-44,23316,24001
FRI,Nouvelle-Aquitaine,379554,40-44,185604,193950
FRI1,Aquitaine,229695,40-44,111919,117776
FRI11,Dordogne,22868,40-44,11261,11607
FRI12,Gironde,116002,40-44,56658,59344
FRI13,Landes,27372,40-44,13274,14098
FRI14,Lot-et-Garonne,19027,40-44,9342,9685
FRI15,Pyrénées-Atlantiques,44426,40-44,21384,23042
FRI2,Limousin,40997,40-44,20418,20579
FRI21,Corrèze,13463,40-44,6735,6728
FRI22,Creuse,6010,40-44,3082,2928
FRI23,Haute-Vienne,21524,40-44,10601,10923
FRI3,Poitou-Charentes,108862,40-44,53267,55595
FRI31,Charente,20448,40-44,10192,10256
FRI32,Charente-Maritime,39063,40-44,18823,20240
FRI33,Deux-Sèvres,23081,40-44,11429,11652
FRI34,Vienne,26270,40-44,12823,13447
FRJ,Occitanie,381526,40-44,185590,195936
FRJ1,Languedoc-Roussillon,179069,40-44,86036,93033
FRJ11,Aude,22131,40-44,10707,11424
FRJ12,Gard,47195,40-44,22435,24760
FRJ13,Hérault,76038,40-44,36805,39233
FRJ14,Lozère,4439,40-44,2206,2233
FRJ15,Pyrénées-Orientales,29266,40-44,13883,15383
FRJ2,Midi-Pyrénées,202457,40-44,99554,102903
FRJ21,Ariège,9585,40-44,4571,5014
FRJ22,Aveyron,16391,40-44,8183,8208
FRJ23,Haute-Garonne,101560,40-44,50266,51294
FRJ24,Gers,10796,40-44,5302,5494
FRJ25,Lot,9541,40-44,4688,4853
FRJ26,Hautes-Pyrénées,13438,40-44,6620,6818
FRJ27,Tarn,23921,40-44,11503,12418
FRJ28,Tarn-et-Garonne,17225,40-44,8421,8804
FRK,Auvergne-Rhône-Alpes,534059,40-44,261660,272399
FRK1,Auvergne,81328,40-44,40115,41213
FRK11,Allier,18475,40-44,9001,9474
FRK12,Cantal,8227,40-44,4105,4122
FRK13,Haute-Loire,13404,40-44,6629,6775
FRK14,Puy-de-Dôme,41222,40-44,20380,20842
FRK2,Rhône-Alpes,452731,40-44,221545,231186
FRK21,Ain,47435,40-44,23320,24115
FRK22,Ardèche,20254,40-44,10027,10227
FRK23,Drôme,33092,40-44,16150,16942
FRK24,Isère,85155,40-44,41500,43655
FRK25,Loire,47439,40-44,23451,23988
FRK26,Rhône,126447,40-44,61090,65357
FRK27,Savoie,29672,40-44,14697,14975
FRK28,Haute-Savoie,63237,40-44,31310,31927
FRL,Provence-Alpes-Côte d’Azur,324792,40-44,156917,167875
FRL0,Provence-Alpes-Côte d’Azur,324792,40-44,156917,167875
FRL01,Alpes-de-Haute-Provence,9574,40-44,4720,4854
FRL02,Hautes-Alpes,8531,40-44,4186,4345
FRL03,Alpes-Maritimes,70169,40-44,33450,36719
FRL04,Bouches-du-Rhône,134219,40-44,64451,69768
FRL05,Var,67225,40-44,33165,34060
FRL06,Vaucluse,35074,40-44,16945,18129
FRM,Corse,24233,40-44,11795,12438
FRM0,Corse,24233,40-44,11795,12438
FRM01,Corse-du-Sud,12246,40-44,5882,6364
FRM02,Haute-Corse,11987,40-44,5913,6074
FRY,RUP FR — Régions Ultrapériphériques Françaises,134757,40-44,59539,75218
FRY1,Guadeloupe,22149,40-44,8923,13226
FRY10,Guadeloupe,22149,40-44,8923,13226
FRY2,Martinique,18497,40-44,7783,10714
FRY20,Martinique,18497,40-44,7783,10714
FRY3,Guyane,19571,40-44,9043,10528
FRY30,Guyane,19571,40-44,9043,10528
FRY4,La Réunion,56688,40-44,25394,31294
FRY40,La Réunion,56688,40-44,25394,31294
FRY5,Mayotte,17852,40-44,8396,9456
FRY50,Mayotte,17852,40-44,8396,9456
FRX,Not regionalised/Unknown NUTS 1,:,40-44,:,:
FRXX,Not regionalised/Unknown NUTS 2,:,40-44,:,:
FRXXX,Not regionalised/Unknown NUTS 3,:,40-44,:,:
FR,France,4161310,45-49,2058109,2103201
FR1,Ile de France,807434,45-49,401052,406382
FR10,Ile de France,807434,45-49,401052,406382
FR101,Paris,126132,45-49,62244,63888
FR102,Seine-et-Marne,94458,45-49,46842,47616
FR103,Yvelines,100893,45-49,50425,50468
FR104,Essonne,86333,45-49,43066,43267
FR105,Hauts-de-Seine,112655,45-49,54972,57683
FR106,Seine-Saint-Denis,111507,45-49,56656,54851
FR107,Val-de-Marne,91998,45-49,45417,46581
FR108,Val-d'Oise,83458,45-49,41430,42028
FRB,Centre — Val de Loire,152024,45-49,75392,76632
FRB0,Centre — Val de Loire,152024,45-49,75392,76632
FRB01,Cher,16357,45-49,8124,8233
FRB02,Eure-et-Loir,27073,45-49,13526,13547
FRB03,Indre,11836,45-49,5908,5928
FRB04,Indre-et-Loire,36202,45-49,17767,18435
FRB05,Loir-et-Cher,19173,45-49,9596,9577
FRB06,Loiret,41383,45-49,20471,20912
FRC,Bourgogne-Franche-Comté,162781,45-49,80928,81853
FRC1,Bourgogne,92615,45-49,46066,46549
FRC11,Côte-d’Or,30704,45-49,15141,15563
FRC12,Nièvre,10948,45-49,5398,5550
FRC13,Saône-et-Loire,31318,45-49,15676,15642
FRC14,Yonne,19645,45-49,9851,9794
FRC2,Franche-Comté,70166,45-49,34862,35304
FRC21,Doubs,32570,45-49,16235,16335
FRC22,Jura,15328,45-49,7572,7756
FRC23,Haute-Saône,13818,45-49,6860,6958
FRC24,Territoire de Belfort,8450,45-49,4195,4255
FRD,Normandie,192635,45-49,95117,97518
FRD1,Basse-Normandie,83716,45-49,41461,42255
FRD11,Calvados,41165,45-49,20368,20797
FRD12,Manche,27694,45-49,13679,14015
FRD13,Orne,14857,45-49,7414,7443
FRD2,Haute-Normandie,108919,45-49,53656,55263
FRD21,Eure,37215,45-49,18294,18921
FRD22,Seine-Maritime,71704,45-49,35362,36342
FRE,Hauts-de-France,363320,45-49,180248,183072
FRE1,Nord-Pas de Calais,246223,45-49,122107,124116
FRE11,Nord,158046,45-49,78502,79544
FRE12,Pas-de-Calais,88177,45-49,43605,44572
FRE2,Picardie,117097,45-49,58141,58956
FRE21,Aisne,30653,45-49,15190,15463
FRE22,Oise,53302,45-49,26563,26739
FRE23,Somme,33142,45-49,16388,16754
FRF,Grand Est,331616,45-49,165888,165728
FRF1,Alsace,118129,45-49,58651,59478
FRF11,Bas-Rhin,70592,45-49,34900,35692
FRF12,Haut-Rhin,47537,45-49,23751,23786
FRF2,Champagne-Ardenne,76188,45-49,37935,38253
FRF21,Ardennes,15540,45-49,7697,7843
FRF22,Aube,18158,45-49,8966,9192
FRF23,Marne,33290,45-49,16680,16610
FRF24,Haute-Marne,9200,45-49,4592,4608
FRF3,Lorraine,137299,45-49,69302,67997
FRF31,Meurthe-et-Moselle,43387,45-49,21815,21572
FRF32,Meuse,10261,45-49,5172,5089
FRF33,Moselle,63451,45-49,32213,31238
FRF34,Vosges,20200,45-49,10102,10098
FRG,Pays de la Loire,240436,45-49,120524,119912
FRG0,Pays de la Loire,240436,45-49,120524,119912
FRG01,Loire-Atlantique,94744,45-49,47328,47416
FRG02,Maine-et-Loire,49876,45-49,25055,24821
FRG03,Mayenne,18188,45-49,9071,9117
FRG04,Sarthe,33653,45-49,16849,16804
FRG05,Vendée,43975,45-49,22221,21754
FRH,Bretagne,206878,45-49,103461,103417
FRH0,Bretagne,206878,45-49,103461,103417
FRH01,Côtes-d’Armor,35392,45-49,17358,18034
FRH02,Finistère,55386,45-49,28083,27303
FRH03,Ille-et-Vilaine,69683,45-49,35038,34645
FRH04,Morbihan,46417,45-49,22982,23435
FRI,Nouvelle-Aquitaine,369978,45-49,181980,187998
FRI1,Aquitaine,221172,45-49,108623,112549
FRI11,Dordogne,23591,45-49,11449,12142
FRI12,Gironde,108624,45-49,53543,55081
FRI13,Landes,27291,45-49,13506,13785
FRI14,Lot-et-Garonne,18652,45-49,9081,9571
FRI15,Pyrénées-Atlantiques,43014,45-49,21044,21970
FRI2,Limousin,41366,45-49,20556,20810
FRI21,Corrèze,13697,45-49,6891,6806
FRI22,Creuse,6228,45-49,3116,3112
FRI23,Haute-Vienne,21441,45-49,10549,10892
FRI3,Poitou-Charentes,107440,45-49,52801,54639
FRI31,Charente,20143,45-49,9911,10232
FRI32,Charente-Maritime,38582,45-49,18795,19787
FRI33,Deux-Sèvres,23195,45-49,11619,11576
FRI34,Vienne,25520,45-49,12476,13044
FRJ,Occitanie,367098,45-49,180337,186761
FRJ1,Languedoc-Roussillon,173813,45-49,83957,89856
FRJ11,Aude,21662,45-49,10639,11023
FRJ12,Gard,45121,45-49,21986,23135
FRJ13,Hérault,73036,45-49,35116,37920
FRJ14,Lozère,4508,45-49,2297,2211
FRJ15,Pyrénées-Orientales,29486,45-49,13919,15567
FRJ2,Midi-Pyrénées,193285,45-49,96380,96905
FRJ21,Ariège,9324,45-49,4578,4746
FRJ22,Aveyron,16343,45-49,8295,8048
FRJ23,Haute-Garonne,92495,45-49,46580,45915
FRJ24,Gers,11228,45-49,5494,5734
FRJ25,Lot,9746,45-49,4818,4928
FRJ26,Hautes-Pyrénées,13048,45-49,6397,6651
FRJ27,Tarn,23982,45-49,11752,12230
FRJ28,Tarn-et-Garonne,17119,45-49,8466,8653
FRK,Auvergne-Rhône-Alpes,500194,45-49,249055,251139
FRK1,Auvergne,80713,45-49,40299,40414
FRK11,Allier,18914,45-49,9356,9558
FRK12,Cantal,8322,45-49,4238,4084
FRK13,Haute-Loire,13684,45-49,6827,6857
FRK14,Puy-de-Dôme,39793,45-49,19878,19915
FRK2,Rhône-Alpes,419481,45-49,208756,210725
FRK21,Ain,43322,45-49,21602,21720
FRK22,Ardèche,19636,45-49,9753,9883
FRK23,Drôme,30908,45-49,15026,15882
FRK24,Isère,80639,45-49,40284,40355
FRK25,Loire,44725,45-49,22368,22357
FRK26,Rhône,115195,45-49,56905,58290
FRK27,Savoie,27529,45-49,13844,13685
FRK28,Haute-Savoie,57527,45-49,28974,28553
FRL,Provence-Alpes-Côte d’Azur,311747,45-49,152441,159306
FRL0,Provence-Alpes-Côte d’Azur,311747,45-49,152441,159306
FRL01,Alpes-de-Haute-Provence,9907,45-49,4708,5199
FRL02,Hautes-Alpes,8243,45-49,4093,4150
FRL03,Alpes-Maritimes,68849,45-49,33368,35481
FRL04,Bouches-du-Rhône,126109,45-49,61479,64630
FRL05,Var,64661,45-49,32046,32615
FRL06,Vaucluse,33978,45-49,16747,17231
FRM,Corse,22529,45-49,10880,11649
FRM0,Corse,22529,45-49,10880,11649
FRM01,Corse-du-Sud,10831,45-49,5286,5545
FRM02,Haute-Corse,11698,45-49,5594,6104
FRY,RUP FR — Régions Ultrapériphériques Françaises,132640,45-49,60806,71834
FRY1,Guadeloupe,25312,45-49,10716,14596
FRY10,Guadeloupe,25312,45-49,10716,14596
FRY2,Martinique,20001,45-49,8549,11452
FRY20,Martinique,20001,45-49,8549,11452
FRY3,Guyane,16340,45-49,7920,8420
FRY30,Guyane,16340,45-49,7920,8420
FRY4,La Réunion,56612,45-49,26044,30568
FRY40,La Réunion,56612,45-49,26044,30568
FRY5,Mayotte,14375,45-49,7577,6798
FRY50,Mayotte,14375,45-49,7577,6798
FRX,Not regionalised/Unknown NUTS 1,:,45-49,:,:
FRXX,Not regionalised/Unknown NUTS 2,:,45-49,:,:
FRXXX,Not regionalised/Unknown NUTS 3,:,45-49,:,:
FR,France,4545641,50-54,2244232,2301409
FR1,Ile de France,807814,50-54,399422,408392
FR10,Ile de France,807814,50-54,399422,408392
FR101,Paris,131098,50-54,64365,66733
FR102,Seine-et-Marne,99741,50-54,48858,50883
FR103,Yvelines,102057,50-54,50935,51122
FR104,Essonne,87402,50-54,43518,43884
FR105,Hauts-de-Seine,110991,50-54,53481,57510
FR106,Seine-Saint-Denis,104391,50-54,53067,51324
FR107,Val-de-Marne,91054,50-54,44697,46357
FR108,Val-d'Oise,81080,50-54,40501,40579
FRB,Centre — Val de Loire,175013,50-54,86285,88728
FRB0,Centre — Val de Loire,175013,50-54,86285,88728
FRB01,Cher,20262,50-54,10011,10251
FRB02,Eure-et-Loir,30142,50-54,15011,15131
FRB03,Indre,14925,50-54,7330,7595
FRB04,Indre-et-Loire,40789,50-54,20092,20697
FRB05,Loir-et-Cher,22761,50-54,11122,11639
FRB06,Loiret,46134,50-54,22719,23415
FRC,Bourgogne-Franche-Comté,187753,50-54,93416,94337
FRC1,Bourgogne,108014,50-54,53570,54444
FRC11,Côte-d’Or,35420,50-54,17588,17832
FRC12,Nièvre,12809,50-54,6355,6454
FRC13,Saône-et-Loire,36961,50-54,18269,18692
FRC14,Yonne,22824,50-54,11358,11466
FRC2,Franche-Comté,79739,50-54,39846,39893
FRC21,Doubs,35739,50-54,17811,17928
FRC22,Jura,17834,50-54,8883,8951
FRC23,Haute-Saône,16783,50-54,8421,8362
FRC24,Territoire de Belfort,9383,50-54,4731,4652
FRD,Normandie,219377,50-54,108524,110853
FRD1,Basse-Normandie,96502,50-54,47852,48650
FRD11,Calvados,45281,50-54,22342,22939
FRD12,Manche,33016,50-54,16474,16542
FRD13,Orne,18205,50-54,9036,9169
FRD2,Haute-Normandie,122875,50-54,60672,62203
FRD21,Eure,41748,50-54,20899,20849
FRD22,Seine-Maritime,81127,50-54,39773,41354
FRE,Hauts-de-France,393047,50-54,195404,197643
FRE1,Nord-Pas de Calais,263712,50-54,130629,133083
FRE11,Nord,166848,50-54,82235,84613
FRE12,Pas-de-Calais,96864,50-54,48394,48470
FRE2,Picardie,129335,50-54,64775,64560
FRE21,Aisne,34523,50-54,17230,17293
FRE22,Oise,57175,50-54,28827,28348
FRE23,Somme,37637,50-54,18718,18919
FRF,Grand Est,373385,50-54,184599,188786
FRF1,Alsace,133271,50-54,66008,67263
FRF11,Bas-Rhin,78669,50-54,38975,39694
FRF12,Haut-Rhin,54602,50-54,27033,27569
FRF2,Champagne-Ardenne,85884,50-54,42381,43503
FRF21,Ardennes,17840,50-54,8945,8895
FRF22,Aube,20174,50-54,9858,10316
FRF23,Marne,36850,50-54,18009,18841
FRF24,Haute-Marne,11020,50-54,5569,5451
FRF3,Lorraine,154230,50-54,76210,78020
FRF31,Meurthe-et-Moselle,47155,50-54,23407,23748
FRF32,Meuse,11971,50-54,5848,6123
FRF33,Moselle,70730,50-54,34803,35927
FRF34,Vosges,24374,50-54,12152,12222
FRG,Pays de la Loire,259891,50-54,130086,129805
FRG0,Pays de la Loire,259891,50-54,130086,129805
FRG01,Loire-Atlantique,99067,50-54,49547,49520
FRG02,Maine-et-Loire,54311,50-54,27088,27223
FRG03,Mayenne,20354,50-54,10466,9888
FRG04,Sarthe,38359,50-54,19243,19116
FRG05,Vendée,47800,50-54,23742,24058
FRH,Bretagne,234761,50-54,117441,117320
FRH0,Bretagne,234761,50-54,117441,117320
FRH01,Côtes-d’Armor,42247,50-54,20951,21296
FRH02,Finistère,64671,50-54,32614,32057
FRH03,Ille-et-Vilaine,73978,50-54,37275,36703
FRH04,Morbihan,53865,50-54,26601,27264
FRI,Nouvelle-Aquitaine,421246,50-54,206914,214332
FRI1,Aquitaine,247703,50-54,121080,126623
FRI11,Dordogne,28965,50-54,14032,14933
FRI12,Gironde,116269,50-54,56727,59542
FRI13,Landes,31305,50-54,15481,15824
FRI14,Lot-et-Garonne,22097,50-54,10766,11331
FRI15,Pyrénées-Atlantiques,49067,50-54,24074,24993
FRI2,Limousin,48881,50-54,24317,24564
FRI21,Corrèze,16224,50-54,8116,8108
FRI22,Creuse,7819,50-54,3933,3886
FRI23,Haute-Vienne,24838,50-54,12268,12570
FRI3,Poitou-Charentes,124662,50-54,61517,63145
FRI31,Charente,23760,50-54,11793,11967
FRI32,Charente-Maritime,46431,50-54,22610,23821
FRI33,Deux-Sèvres,26241,50-54,13209,13032
FRI34,Vienne,28230,50-54,13905,14325
FRJ,Occitanie,409830,50-54,200718,209112
FRJ1,Languedoc-Roussillon,197331,50-54,95878,101453
FRJ11,Aude,26330,50-54,12611,13719
FRJ12,Gard,52332,50-54,25484,26848
FRJ13,Hérault,79718,50-54,38734,40984
FRJ14,Lozère,5409,50-54,2801,2608
FRJ15,Pyrénées-Orientales,33542,50-54,16248,17294
FRJ2,Midi-Pyrénées,212499,50-54,104840,107659
FRJ21,Ariège,10531,50-54,5124,5407
FRJ22,Aveyron,19142,50-54,9621,9521
FRJ23,Haute-Garonne,94749,50-54,46912,47837
FRJ24,Gers,14035,50-54,6797,7238
FRJ25,Lot,11934,50-54,5833,6101
FRJ26,Hautes-Pyrénées,16095,50-54,7785,8310
FRJ27,Tarn,27375,50-54,13443,13932
FRJ28,Tarn-et-Garonne,18638,50-54,9325,9313
FRK,Auvergne-Rhône-Alpes,547801,50-54,273015,274786
FRK1,Auvergne,93337,50-54,46596,46741
FRK11,Allier,22610,50-54,11195,11415
FRK12,Cantal,9972,50-54,4987,4985
FRK13,Haute-Loire,16111,50-54,8039,8072
FRK14,Puy-de-Dôme,44644,50-54,22375,22269
FRK2,Rhône-Alpes,454464,50-54,226419,228045
FRK21,Ain,47682,50-54,23685,23997
FRK22,Ardèche,23557,50-54,11717,11840
FRK23,Drôme,35264,50-54,17109,18155
FRK24,Isère,87425,50-54,43727,43698
FRK25,Loire,50370,50-54,25131,25239
FRK26,Rhône,118751,50-54,59385,59366
FRK27,Savoie,31533,50-54,15760,15773
FRK28,Haute-Savoie,59882,50-54,29905,29977
FRL,Provence-Alpes-Côte d’Azur,346559,50-54,168554,178005
FRL0,Provence-Alpes-Côte d’Azur,346559,50-54,168554,178005
FRL01,Alpes-de-Haute-Provence,11478,50-54,5643,5835
FRL02,Hautes-Alpes,9787,50-54,4899,4888
FRL03,Alpes-Maritimes,75367,50-54,36415,38952
FRL04,Bouches-du-Rhône,137274,50-54,66932,70342
FRL05,Var,74872,50-54,36211,38661
FRL06,Vaucluse,37781,50-54,18454,19327
FRM,Corse,24710,50-54,12293,12417
FRM0,Corse,24710,50-54,12293,12417
FRM01,Corse-du-Sud,11541,50-54,5852,5689
FRM02,Haute-Corse,13169,50-54,6441,6728
FRY,RUP FR — Régions Ultrapériphériques Françaises,144454,50-54,67561,76893
FRY1,Guadeloupe,31145,50-54,13679,17466
FRY10,Guadeloupe,31145,50-54,13679,17466
FRY2,Martinique,27178,50-54,12110,15068
FRY20,Martinique,27178,50-54,12110,15068
FRY3,Guyane,15427,50-54,7357,8070
FRY30,Guyane,15427,50-54,7357,8070
FRY4,La Réunion,61369,50-54,29641,31728
FRY40,La Réunion,61369,50-54,29641,31728
FRY5,Mayotte,9335,50-54,4774,4561
FRY50,Mayotte,9335,50-54,4774,4561
FRX,Not regionalised/Unknown NUTS 1,:,50-54,:,:
FRXX,Not regionalised/Unknown NUTS 2,:,50-54,:,:
FRXXX,Not regionalised/Unknown NUTS 3,:,50-54,:,:
FR,France,4434603,55-59,2168745,2265858
FR1,Ile de France,754276,55-59,367112,387164
FR10,Ile de France,754276,55-59,367112,387164
FR101,Paris,122346,55-59,59103,63243
FR102,Seine-et-Marne,92166,55-59,45414,46752
FR103,Yvelines,95475,55-59,46947,48528
FR104,Essonne,83306,55-59,41364,41942
FR105,Hauts-de-Seine,101696,55-59,48281,53415
FR106,Seine-Saint-Denis,96392,55-59,47630,48762
FR107,Val-de-Marne,86199,55-59,41150,45049
FR108,Val-d'Oise,76696,55-59,37223,39473
FRB,Centre — Val de Loire,172207,55-59,84525,87682
FRB0,Centre — Val de Loire,172207,55-59,84525,87682
FRB01,Cher,20402,55-59,9967,10435
FRB02,Eure-et-Loir,29232,55-59,14442,14790
FRB03,Indre,15748,55-59,7716,8032
FRB04,Indre-et-Loire,39998,55-59,19417,20581
FRB05,Loir-et-Cher,22830,55-59,11321,11509
FRB06,Loiret,43997,55-59,21662,22335
FRC,Bourgogne-Franche-Comté,188963,55-59,93527,95436
FRC1,Bourgogne,110422,55-59,54227,56195
FRC11,Côte-d’Or,34028,55-59,16535,17493
FRC12,Nièvre,14311,55-59,7052,7259
FRC13,Saône-et-Loire,38613,55-59,18932,19681
FRC14,Yonne,23470,55-59,11708,11762
FRC2,Franche-Comté,78541,55-59,39300,39241
FRC21,Doubs,34668,55-59,17476,17192
FRC22,Jura,18260,55-59,8953,9307
FRC23,Haute-Saône,16423,55-59,8221,8202
FRC24,Territoire de Belfort,9190,55-59,4650,4540
FRD,Normandie,217237,55-59,106024,111213
FRD1,Basse-Normandie,98222,55-59,48225,49997
FRD11,Calvados,44279,55-59,21527,22752
FRD12,Manche,34869,55-59,17244,17625
FRD13,Orne,19074,55-59,9454,9620
FRD2,Haute-Normandie,119015,55-59,57799,61216
FRD21,Eure,40247,55-59,19935,20312
FRD22,Seine-Maritime,78768,55-59,37864,40904
FRE,Hauts-de-France,375690,55-59,184923,190767
FRE1,Nord-Pas de Calais,250051,55-59,122765,127286
FRE11,Nord,157055,55-59,76615,80440
FRE12,Pas-de-Calais,92996,55-59,46150,46846
FRE2,Picardie,125639,55-59,62158,63481
FRE21,Aisne,34602,55-59,17103,17499
FRE22,Oise,55064,55-59,27294,27770
FRE23,Somme,35973,55-59,17761,18212
FRF,Grand Est,374507,55-59,185014,189493
FRF1,Alsace,132979,55-59,66078,66901
FRF11,Bas-Rhin,77949,55-59,38643,39306
FRF12,Haut-Rhin,55030,55-59,27435,27595
FRF2,Champagne-Ardenne,85648,55-59,41984,43664
FRF21,Ardennes,18572,55-59,9020,9552
FRF22,Aube,20105,55-59,9925,10180
FRF23,Marne,35348,55-59,17297,18051
FRF24,Haute-Marne,11623,55-59,5742,5881
FRF3,Lorraine,155880,55-59,76952,78928
FRF31,Meurthe-et-Moselle,45494,55-59,22218,23276
FRF32,Meuse,12447,55-59,6200,6247
FRF33,Moselle,72330,55-59,35769,36561
FRF34,Vosges,25609,55-59,12765,12844
FRG,Pays de la Loire,244563,55-59,121107,123456
FRG0,Pays de la Loire,244563,55-59,121107,123456
FRG01,Loire-Atlantique,89374,55-59,43798,45576
FRG02,Maine-et-Loire,51234,55-59,25388,25846
FRG03,Mayenne,20325,55-59,10330,9995
FRG04,Sarthe,36959,55-59,18239,18720
FRG05,Vendée,46671,55-59,23352,23319
FRH,Bretagne,226337,55-59,111660,114677
FRH0,Bretagne,226337,55-59,111660,114677
FRH01,Côtes-d’Armor,41652,55-59,20596,21056
FRH02,Finistère,62386,55-59,30569,31817
FRH03,Ille-et-Vilaine,68633,55-59,34093,34540
FRH04,Morbihan,53666,55-59,26402,27264
FRI,Nouvelle-Aquitaine,415378,55-59,201878,213500
FRI1,Aquitaine,239998,55-59,116509,123489
FRI11,Dordogne,30725,55-59,14740,15985
FRI12,Gironde,105449,55-59,50960,54489
FRI13,Landes,31371,55-59,15384,15987
FRI14,Lot-et-Garonne,23178,55-59,11388,11790
FRI15,Pyrénées-Atlantiques,49275,55-59,24037,25238
FRI2,Limousin,50208,55-59,24666,25542
FRI21,Corrèze,16942,55-59,8442,8500
FRI22,Creuse,8603,55-59,4308,4295
FRI23,Haute-Vienne,24663,55-59,11916,12747
FRI3,Poitou-Charentes,125172,55-59,60703,64469
FRI31,Charente,25247,55-59,12311,12936
FRI32,Charente-Maritime,46061,55-59,22074,23987
FRI33,Deux-Sèvres,25885,55-59,12701,13184
FRI34,Vienne,27979,55-59,13617,14362
FRJ,Occitanie,407165,55-59,197840,209325
FRJ1,Languedoc-Roussillon,197266,55-59,94966,102300
FRJ11,Aude,27247,55-59,13175,14072
FRJ12,Gard,53705,55-59,26015,27690
FRJ13,Hérault,77221,55-59,36867,40354
FRJ14,Lozère,5450,55-59,2767,2683
FRJ15,Pyrénées-Orientales,33643,55-59,16142,17501
FRJ2,Midi-Pyrénées,209899,55-59,102874,107025
FRJ21,Ariège,10743,55-59,5326,5417
FRJ22,Aveyron,19923,55-59,10057,9866
FRJ23,Haute-Garonne,90047,55-59,44027,46020
FRJ24,Gers,14337,55-59,7020,7317
FRJ25,Lot,12964,55-59,6287,6677
FRJ26,Hautes-Pyrénées,16619,55-59,7998,8621
FRJ27,Tarn,27719,55-59,13518,14201
FRJ28,Tarn-et-Garonne,17547,55-59,8641,8906
FRK,Auvergne-Rhône-Alpes,530093,55-59,262549,267544
FRK1,Auvergne,92962,55-59,46410,46552
FRK11,Allier,23423,55-59,11659,11764
FRK12,Cantal,10712,55-59,5399,5313
FRK13,Haute-Loire,16223,55-59,8210,8013
FRK14,Puy-de-Dôme,42604,55-59,21142,21462
FRK2,Rhône-Alpes,437131,55-59,216139,220992
FRK21,Ain,45412,55-59,22733,22679
FRK22,Ardèche,24252,55-59,12037,12215
FRK23,Drôme,35277,55-59,17425,17852
FRK24,Isère,84210,55-59,41812,42398
FRK25,Loire,49338,55-59,24385,24953
FRK26,Rhône,111585,55-59,54267,57318
FRK27,Savoie,30678,55-59,15395,15283
FRK28,Haute-Savoie,56379,55-59,28085,28294
FRL,Provence-Alpes-Côte d’Azur,352157,55-59,168575,183582
FRL0,Provence-Alpes-Côte d’Azur,352157,55-59,168575,183582
FRL01,Alpes-de-Haute-Provence,12481,55-59,6025,6456
FRL02,Hautes-Alpes,10264,55-59,5150,5114
FRL03,Alpes-Maritimes,77130,55-59,36852,40278
FRL04,Bouches-du-Rhône,134981,55-59,64828,70153
FRL05,Var,77831,55-59,36905,40926
FRL06,Vaucluse,39470,55-59,18815,20655
FRM,Corse,24476,55-59,12085,12391
FRM0,Corse,24476,55-59,12085,12391
FRM01,Corse-du-Sud,11450,55-59,5769,5681
FRM02,Haute-Corse,13026,55-59,6316,6710
FRY,RUP FR — Régions Ultrapériphériques Françaises,151554,55-59,71926,79628
FRY1,Guadeloupe,33918,55-59,15187,18731
FRY10,Guadeloupe,33918,55-59,15187,18731
FRY2,Martinique,31114,55-59,14142,16972
FRY20,Martinique,31114,55-59,14142,16972
FRY3,Guyane,13197,55-59,6520,6677
FRY30,Guyane,13197,55-59,6520,6677
FRY4,La Réunion,65750,55-59,32150,33600
FRY40,La Réunion,65750,55-59,32150,33600
FRY5,Mayotte,7575,55-59,3927,3648
FRY50,Mayotte,7575,55-59,3927,3648
FRX,Not regionalised/Unknown NUTS 1,:,55-59,:,:
FRXX,Not regionalised/Unknown NUTS 2,:,55-59,:,:
FRXXX,Not regionalised/Unknown NUTS 3,:,55-59,:,:
FR,France,4251469,60-64,2047369,2204100
FR1,Ile de France,668870,60-64,319657,349213
FR10,Ile de France,668870,60-64,319657,349213
FR101,Paris,111979,60-64,52725,59254
FR102,Seine-et-Marne,82031,60-64,40040,41991
FR103,Yvelines,82685,60-64,39584,43101
FR104,Essonne,73607,60-64,36255,37352
FR105,Hauts-de-Seine,87107,60-64,40426,46681
FR106,Seine-Saint-Denis,84843,60-64,41182,43661
FR107,Val-de-Marne,78477,60-64,37152,41325
FR108,Val-d'Oise,68141,60-64,32293,35848
FRB,Centre — Val de Loire,166590,60-64,80386,86204
FRB0,Centre — Val de Loire,166590,60-64,80386,86204
FRB01,Cher,21311,60-64,10323,10988
FRB02,Eure-et-Loir,27473,60-64,13291,14182
FRB03,Indre,16149,60-64,7801,8348
FRB04,Indre-et-Loire,37575,60-64,18015,19560
FRB05,Loir-et-Cher,22614,60-64,10891,11723
FRB06,Loiret,41468,60-64,20065,21403
FRC,Bourgogne-Franche-Comté,186287,60-64,90389,95898
FRC1,Bourgogne,110881,60-64,53779,57102
FRC11,Côte-d’Or,33539,60-64,15942,17597
FRC12,Nièvre,15281,60-64,7444,7837
FRC13,Saône-et-Loire,38903,60-64,19159,19744
FRC14,Yonne,23158,60-64,11234,11924
FRC2,Franche-Comté,75406,60-64,36610,38796
FRC21,Doubs,32511,60-64,15720,16791
FRC22,Jura,17670,60-64,8661,9009
FRC23,Haute-Saône,16721,60-64,8195,8526
FRC24,Territoire de Belfort,8504,60-64,4034,4470
FRD,Normandie,219362,60-64,105557,113805
FRD1,Basse-Normandie,101802,60-64,49471,52331
FRD11,Calvados,45234,60-64,21609,23625
FRD12,Manche,36526,60-64,18040,18486
FRD13,Orne,20042,60-64,9822,10220
FRD2,Haute-Normandie,117560,60-64,56086,61474
FRD21,Eure,39013,60-64,18929,20084
FRD22,Seine-Maritime,78547,60-64,37157,41390
FRE,Hauts-de-France,363164,60-64,175712,187452
FRE1,Nord-Pas de Calais,243377,60-64,117191,126186
FRE11,Nord,150212,60-64,72120,78092
FRE12,Pas-de-Calais,93165,60-64,45071,48094
FRE2,Picardie,119787,60-64,58521,61266
FRE21,Aisne,34693,60-64,16842,17851
FRE22,Oise,49908,60-64,24505,25403
FRE23,Somme,35186,60-64,17174,18012
FRF,Grand Est,366336,60-64,177806,188530
FRF1,Alsace,125452,60-64,61320,64132
FRF11,Bas-Rhin,73769,60-64,36035,37734
FRF12,Haut-Rhin,51683,60-64,25285,26398
FRF2,Champagne-Ardenne,84445,60-64,40989,43456
FRF21,Ardennes,18887,60-64,9419,9468
FRF22,Aube,19409,60-64,9277,10132
FRF23,Marne,33853,60-64,16276,17577
FRF24,Haute-Marne,12296,60-64,6017,6279
FRF3,Lorraine,156439,60-64,75497,80942
FRF31,Meurthe-et-Moselle,45199,60-64,21677,23522
FRF32,Meuse,12935,60-64,6497,6438
FRF33,Moselle,72246,60-64,34740,37506
FRF34,Vosges,26059,60-64,12583,13476
FRG,Pays de la Loire,239830,60-64,115510,124320
FRG0,Pays de la Loire,239830,60-64,115510,124320
FRG01,Loire-Atlantique,84087,60-64,40123,43964
FRG02,Maine-et-Loire,49716,60-64,24063,25653
FRG03,Mayenne,19756,60-64,9708,10048
FRG04,Sarthe,36519,60-64,17824,18695
FRG05,Vendée,49752,60-64,23792,25960
FRH,Bretagne,229427,60-64,111358,118069
FRH0,Bretagne,229427,60-64,111358,118069
FRH01,Côtes-d’Armor,43923,60-64,21264,22659
FRH02,Finistère,65048,60-64,32005,33043
FRH03,Ille-et-Vilaine,63626,60-64,30967,32659
FRH04,Morbihan,56830,60-64,27122,29708
FRI,Nouvelle-Aquitaine,413598,60-64,198353,215245
FRI1,Aquitaine,235442,60-64,112419,123023
FRI11,Dordogne,33389,60-64,16265,17124
FRI12,Gironde,97671,60-64,46259,51412
FRI13,Landes,31619,60-64,15308,16311
FRI14,Lot-et-Garonne,23593,60-64,11339,12254
FRI15,Pyrénées-Atlantiques,49170,60-64,23248,25922
FRI2,Limousin,51280,60-64,24738,26542
FRI21,Corrèze,17388,60-64,8370,9018
FRI22,Creuse,9278,60-64,4481,4797
FRI23,Haute-Vienne,24614,60-64,11887,12727
FRI3,Poitou-Charentes,126876,60-64,61196,65680
FRI31,Charente,25204,60-64,12161,13043
FRI32,Charente-Maritime,48285,60-64,22851,25434
FRI33,Deux-Sèvres,25945,60-64,12811,13134
FRI34,Vienne,27442,60-64,13373,14069
FRJ,Occitanie,401369,60-64,193088,208281
FRJ1,Languedoc-Roussillon,196010,60-64,92805,103205
FRJ11,Aude,27068,60-64,12754,14314
FRJ12,Gard,53145,60-64,25398,27747
FRJ13,Hérault,75022,60-64,35179,39843
FRJ14,Lozère,5673,60-64,2905,2768
FRJ15,Pyrénées-Orientales,35102,60-64,16569,18533
FRJ2,Midi-Pyrénées,205359,60-64,100283,105076
FRJ21,Ariège,11730,60-64,5774,5956
FRJ22,Aveyron,20503,60-64,10257,10246
FRJ23,Haute-Garonne,81540,60-64,39780,41760
FRJ24,Gers,15148,60-64,7384,7764
FRJ25,Lot,14147,60-64,6907,7240
FRJ26,Hautes-Pyrénées,16902,60-64,8073,8829
FRJ27,Tarn,27940,60-64,13547,14393
FRJ28,Tarn-et-Garonne,17449,60-64,8561,8888
FRK,Auvergne-Rhône-Alpes,495295,60-64,241032,254263
FRK1,Auvergne,93338,60-64,45384,47954
FRK11,Allier,23855,60-64,11440,12415
FRK12,Cantal,11415,60-64,5759,5656
FRK13,Haute-Loire,16241,60-64,8094,8147
FRK14,Puy-de-Dôme,41827,60-64,20091,21736
FRK2,Rhône-Alpes,401957,60-64,195648,206309
FRK21,Ain,40845,60-64,20165,20680
FRK22,Ardèche,24324,60-64,11910,12414
FRK23,Drôme,34291,60-64,16399,17892
FRK24,Isère,78089,60-64,38339,39750
FRK25,Loire,46743,60-64,22714,24029
FRK26,Rhône,99044,60-64,47972,51072
FRK27,Savoie,29214,60-64,14252,14962
FRK28,Haute-Savoie,49407,60-64,23897,25510
FRL,Provence-Alpes-Côte d’Azur,338667,60-64,160194,178473
FRL0,Provence-Alpes-Côte d’Azur,338667,60-64,160194,178473
FRL01,Alpes-de-Haute-Provence,12663,60-64,6024,6639
FRL02,Hautes-Alpes,10773,60-64,5131,5642
FRL03,Alpes-Maritimes,73113,60-64,34400,38713
FRL04,Bouches-du-Rhône,125989,60-64,59619,66370
FRL05,Var,77618,60-64,36866,40752
FRL06,Vaucluse,38511,60-64,18154,20357
FRM,Corse,23952,60-64,11671,12281
FRM0,Corse,23952,60-64,11671,12281
FRM01,Corse-du-Sud,11147,60-64,5409,5738
FRM02,Haute-Corse,12805,60-64,6262,6543
FRY,RUP FR — Régions Ultrapériphériques Françaises,138722,60-64,66656,72066
FRY1,Guadeloupe,33342,60-64,15800,17542
FRY10,Guadeloupe,33342,60-64,15800,17542
FRY2,Martinique,31495,60-64,14581,16914
FRY20,Martinique,31495,60-64,14581,16914
FRY3,Guyane,10667,60-64,5332,5335
FRY30,Guyane,10667,60-64,5332,5335
FRY4,La Réunion,57957,60-64,28161,29796
FRY40,La Réunion,57957,60-64,28161,29796
FRY5,Mayotte,5261,60-64,2782,2479
FRY50,Mayotte,5261,60-64,2782,2479
FRX,Not regionalised/Unknown NUTS 1,:,60-64,:,:
FRXX,Not regionalised/Unknown NUTS 2,:,60-64,:,:
FRXXX,Not regionalised/Unknown NUTS 3,:,60-64,:,:
FR,France,3924072,65-69,1840554,2083518
FR1,Ile de France,550986,65-69,253777,297209
FR10,Ile de France,550986,65-69,253777,297209
FR101,Paris,94962,65-69,43077,51885
FR102,Seine-et-Marne,67604,65-69,31617,35987
FR103,Yvelines,67837,65-69,30866,36971
FR104,Essonne,59130,65-69,27802,31328
FR105,Hauts-de-Seine,70393,65-69,30995,39398
FR106,Seine-Saint-Denis,70750,65-69,33445,37305
FR107,Val-de-Marne,63358,65-69,29911,33447
FR108,Val-d'Oise,56952,65-69,26064,30888
FRB,Centre — Val de Loire,160461,65-69,75736,84725
FRB0,Centre — Val de Loire,160461,65-69,75736,84725
FRB01,Cher,20852,65-69,9941,10911
FRB02,Eure-et-Loir,25682,65-69,12124,13558
FRB03,Indre,16049,65-69,7789,8260
FRB04,Indre-et-Loire,36922,65-69,17309,19613
FRB05,Loir-et-Cher,22082,65-69,10417,11665
FRB06,Loiret,38874,65-69,18156,20718
FRC,Bourgogne-Franche-Comté,179748,65-69,85308,94440
FRC1,Bourgogne,108583,65-69,51745,56838
FRC11,Côte-d’Or,31487,65-69,14919,16568
FRC12,Nièvre,15749,65-69,7489,8260
FRC13,Saône-et-Loire,38695,65-69,18504,20191
FRC14,Yonne,22652,65-69,10833,11819
FRC2,Franche-Comté,71165,65-69,33563,37602
FRC21,Doubs,30165,65-69,13948,16217
FRC22,Jura,16950,65-69,8274,8676
FRC23,Haute-Saône,15978,65-69,7638,8340
FRC24,Territoire de Belfort,8072,65-69,3703,4369
FRD,Normandie,209957,65-69,98564,111393
FRD1,Basse-Normandie,99755,65-69,47374,52381
FRD11,Calvados,45089,65-69,20938,24151
FRD12,Manche,34822,65-69,16892,17930
FRD13,Orne,19844,65-69,9544,10300
FRD2,Haute-Normandie,110202,65-69,51190,59012
FRD21,Eure,36262,65-69,17121,19141
FRD22,Seine-Maritime,73940,65-69,34069,39871
FRE,Hauts-de-France,336609,65-69,155673,180936
FRE1,Nord-Pas de Calais,226615,65-69,104039,122576
FRE11,Nord,138509,65-69,63117,75392
FRE12,Pas-de-Calais,88106,65-69,40922,47184
FRE2,Picardie,109994,65-69,51634,58360
FRE21,Aisne,32293,65-69,15319,16974
FRE22,Oise,44041,65-69,20709,23332
FRE23,Somme,33660,65-69,15606,18054
FRF,Grand Est,341699,65-69,161130,180569
FRF1,Alsace,114996,65-69,54825,60171
FRF11,Bas-Rhin,67504,65-69,32072,35432
FRF12,Haut-Rhin,47492,65-69,22753,24739
FRF2,Champagne-Ardenne,80427,65-69,37494,42933
FRF21,Ardennes,17563,65-69,8326,9237
FRF22,Aube,18625,65-69,8692,9933
FRF23,Marne,32225,65-69,14669,17556
FRF24,Haute-Marne,12014,65-69,5807,6207
FRF3,Lorraine,146276,65-69,68811,77465
FRF31,Meurthe-et-Moselle,41625,65-69,19258,22367
FRF32,Meuse,12713,65-69,6275,6438
FRF33,Moselle,66635,65-69,31112,35523
FRF34,Vosges,25303,65-69,12166,13137
FRG,Pays de la Loire,229200,65-69,108798,120402
FRG0,Pays de la Loire,229200,65-69,108798,120402
FRG01,Loire-Atlantique,77277,65-69,36405,40872
FRG02,Maine-et-Loire,46419,65-69,22088,24331
FRG03,Mayenne,18835,65-69,9218,9617
FRG04,Sarthe,35188,65-69,16639,18549
FRG05,Vendée,51481,65-69,24448,27033
FRH,Bretagne,222480,65-69,105912,116568
FRH0,Bretagne,222480,65-69,105912,116568
FRH01,Côtes-d’Armor,45121,65-69,21491,23630
FRH02,Finistère,63952,65-69,30682,33270
FRH03,Ille-et-Vilaine,56320,65-69,26685,29635
FRH04,Morbihan,57087,65-69,27054,30033
FRI,Nouvelle-Aquitaine,406303,65-69,191192,215111
FRI1,Aquitaine,225156,65-69,105399,119757
FRI11,Dordogne,33829,65-69,16341,17488
FRI12,Gironde,90477,65-69,41426,49051
FRI13,Landes,31144,65-69,14861,16283
FRI14,Lot-et-Garonne,23026,65-69,10805,12221
FRI15,Pyrénées-Atlantiques,46680,65-69,21966,24714
FRI2,Limousin,52075,65-69,24801,27274
FRI21,Corrèze,17849,65-69,8512,9337
FRI22,Creuse,9663,65-69,4799,4864
FRI23,Haute-Vienne,24563,65-69,11490,13073
FRI3,Poitou-Charentes,129072,65-69,60992,68080
FRI31,Charente,25517,65-69,12118,13399
FRI32,Charente-Maritime,52140,65-69,24144,27996
FRI33,Deux-Sèvres,24500,65-69,11825,12675
FRI34,Vienne,26915,65-69,12905,14010
FRJ,Occitanie,380367,65-69,179350,201017
FRJ1,Languedoc-Roussillon,190524,65-69,88861,101663
FRJ11,Aude,27250,65-69,13006,14244
FRJ12,Gard,51230,65-69,24141,27089
FRJ13,Hérault,72035,65-69,32836,39199
FRJ14,Lozère,5483,65-69,2767,2716
FRJ15,Pyrénées-Orientales,34526,65-69,16111,18415
FRJ2,Midi-Pyrénées,189843,65-69,90489,99354
FRJ21,Ariège,11602,65-69,5602,6000
FRJ22,Aveyron,20038,65-69,9878,10160
FRJ23,Haute-Garonne,69192,65-69,32587,36605
FRJ24,Gers,14584,65-69,7155,7429
FRJ25,Lot,14902,65-69,7126,7776
FRJ26,Hautes-Pyrénées,16611,65-69,7809,8802
FRJ27,Tarn,26685,65-69,12610,14075
FRJ28,Tarn-et-Garonne,16229,65-69,7722,8507
FRK,Auvergne-Rhône-Alpes,451993,65-69,212781,239212
FRK1,Auvergne,91277,65-69,43545,47732
FRK11,Allier,24099,65-69,11450,12649
FRK12,Cantal,11376,65-69,5634,5742
FRK13,Haute-Loire,16121,65-69,7880,8241
FRK14,Puy-de-Dôme,39681,65-69,18581,21100
FRK2,Rhône-Alpes,360716,65-69,169236,191480
FRK21,Ain,36450,65-69,17259,19191
FRK22,Ardèche,23819,65-69,11419,12400
FRK23,Drôme,32481,65-69,15563,16918
FRK24,Isère,70144,65-69,33208,36936
FRK25,Loire,44387,65-69,20625,23762
FRK26,Rhône,84963,65-69,38713,46250
FRK27,Savoie,26724,65-69,12784,13940
FRK28,Haute-Savoie,41748,65-69,19665,22083
FRL,Provence-Alpes-Côte d’Azur,317243,65-69,147007,170236
FRL0,Provence-Alpes-Côte d’Azur,317243,65-69,147007,170236
FRL01,Alpes-de-Haute-Provence,12366,65-69,6007,6359
FRL02,Hautes-Alpes,10329,65-69,4998,5331
FRL03,Alpes-Maritimes,66743,65-69,30673,36070
FRL04,Bouches-du-Rhône,115051,65-69,53124,61927
FRL05,Var,77135,65-69,35845,41290
FRL06,Vaucluse,35619,65-69,16360,19259
FRM,Corse,22866,65-69,11051,11815
FRM0,Corse,22866,65-69,11051,11815
FRM01,Corse-du-Sud,10825,65-69,5147,5678
FRM02,Haute-Corse,12041,65-69,5904,6137
FRY,RUP FR — Régions Ultrapériphériques Françaises,114160,65-69,54275,59885
FRY1,Guadeloupe,28850,65-69,13607,15243
FRY10,Guadeloupe,28850,65-69,13607,15243
FRY2,Martinique,26818,65-69,12281,14537
FRY20,Martinique,26818,65-69,12281,14537
FRY3,Guyane,8042,65-69,3994,4048
FRY30,Guyane,8042,65-69,3994,4048
FRY4,La Réunion,46853,65-69,22472,24381
FRY40,La Réunion,46853,65-69,22472,24381
FRY5,Mayotte,3597,65-69,1921,1676
FRY50,Mayotte,3597,65-69,1921,1676
FRX,Not regionalised/Unknown NUTS 1,:,65-69,:,:
FRXX,Not regionalised/Unknown NUTS 2,:,65-69,:,:
FRXXX,Not regionalised/Unknown NUTS 3,:,65-69,:,:
FR,France,3688991,70-74,1688502,2000489
FR1,Ile de France,492386,70-74,219898,272488
FR10,Ile de France,492386,70-74,219898,272488
FR101,Paris,92056,70-74,39624,52432
FR102,Seine-et-Marne,61142,70-74,27931,33211
FR103,Yvelines,61187,70-74,27511,33676
FR104,Essonne,51757,70-74,23382,28375
FR105,Hauts-de-Seine,62527,70-74,26712,35815
FR106,Seine-Saint-Denis,58997,70-74,27941,31056
FR107,Val-de-Marne,55059,70-74,24248,30811
FR108,Val-d'Oise,49661,70-74,22549,27112
FRB,Centre — Val de Loire,155642,70-74,71986,83656
FRB0,Centre — Val de Loire,155642,70-74,71986,83656
FRB01,Cher,20068,70-74,9200,10868
FRB02,Eure-et-Loir,24721,70-74,11509,13212
FRB03,Indre,15698,70-74,7478,8220
FRB04,Indre-et-Loire,35432,70-74,16105,19327
FRB05,Loir-et-Cher,21800,70-74,10100,11700
FRB06,Loiret,37923,70-74,17594,20329
FRC,Bourgogne-Franche-Comté,173915,70-74,80673,93242
FRC1,Bourgogne,106647,70-74,49379,57268
FRC11,Côte-d’Or,30257,70-74,13697,16560
FRC12,Nièvre,15962,70-74,7495,8467
FRC13,Saône-et-Loire,37856,70-74,17730,20126
FRC14,Yonne,22572,70-74,10457,12115
FRC2,Franche-Comté,67268,70-74,31294,35974
FRC21,Doubs,28300,70-74,12871,15429
FRC22,Jura,16048,70-74,7590,8458
FRC23,Haute-Saône,15410,70-74,7393,8017
FRC24,Territoire de Belfort,7510,70-74,3440,4070
FRD,Normandie,200583,70-74,91746,108837
FRD1,Basse-Normandie,96402,70-74,44492,51910
FRD11,Calvados,43880,70-74,19609,24271
FRD12,Manche,33299,70-74,15660,17639
FRD13,Orne,19223,70-74,9223,10000
FRD2,Haute-Normandie,104181,70-74,47254,56927
FRD21,Eure,33631,70-74,15579,18052
FRD22,Seine-Maritime,70550,70-74,31675,38875
FRE,Hauts-de-France,313464,70-74,141336,172128
FRE1,Nord-Pas de Calais,209020,70-74,92982,116038
FRE11,Nord,128155,70-74,56587,71568
FRE12,Pas-de-Calais,80865,70-74,36395,44470
FRE2,Picardie,104444,70-74,48354,56090
FRE21,Aisne,31024,70-74,14410,16614
FRE22,Oise,41021,70-74,19102,21919
FRE23,Somme,32399,70-74,14842,17557
FRF,Grand Est,314640,70-74,145661,168979
FRF1,Alsace,103175,70-74,48331,54844
FRF11,Bas-Rhin,59990,70-74,27816,32174
FRF12,Haut-Rhin,43185,70-74,20515,22670
FRF2,Champagne-Ardenne,77997,70-74,35568,42429
FRF21,Ardennes,16295,70-74,7596,8699
FRF22,Aube,18399,70-74,8440,9959
FRF23,Marne,31712,70-74,14056,17656
FRF24,Haute-Marne,11591,70-74,5476,6115
FRF3,Lorraine,133468,70-74,61762,71706
FRF31,Meurthe-et-Moselle,38720,70-74,17586,21134
FRF32,Meuse,12010,70-74,5697,6313
FRF33,Moselle,58328,70-74,27031,31297
FRF34,Vosges,24410,70-74,11448,12962
FRG,Pays de la Loire,220952,70-74,101564,119388
FRG0,Pays de la Loire,220952,70-74,101564,119388
FRG01,Loire-Atlantique,75457,70-74,33597,41860
FRG02,Maine-et-Loire,44022,70-74,20216,23806
FRG03,Mayenne,17671,70-74,8322,9349
FRG04,Sarthe,33333,70-74,15498,17835
FRG05,Vendée,50469,70-74,23931,26538
FRH,Bretagne,211245,70-74,96999,114246
FRH0,Bretagne,211245,70-74,96999,114246
FRH01,Côtes-d’Armor,43388,70-74,20047,23341
FRH02,Finistère,59526,70-74,27482,32044
FRH03,Ille-et-Vilaine,53384,70-74,24097,29287
FRH04,Morbihan,54947,70-74,25373,29574
FRI,Nouvelle-Aquitaine,395009,70-74,182158,212851
FRI1,Aquitaine,218661,70-74,100196,118465
FRI11,Dordogne,32812,70-74,15319,17493
FRI12,Gironde,88259,70-74,39587,48672
FRI13,Landes,30433,70-74,14224,16209
FRI14,Lot-et-Garonne,22757,70-74,10662,12095
FRI15,Pyrénées-Atlantiques,44400,70-74,20404,23996
FRI2,Limousin,51252,70-74,24006,27246
FRI21,Corrèze,17135,70-74,8157,8978
FRI22,Creuse,9181,70-74,4477,4704
FRI23,Haute-Vienne,24936,70-74,11372,13564
FRI3,Poitou-Charentes,125096,70-74,57956,67140
FRI31,Charente,23802,70-74,11081,12721
FRI32,Charente-Maritime,52535,70-74,24079,28456
FRI33,Deux-Sèvres,23126,70-74,10755,12371
FRI34,Vienne,25633,70-74,12041,13592
FRJ,Occitanie,366536,70-74,170263,196273
FRJ1,Languedoc-Roussillon,186885,70-74,86272,100613
FRJ11,Aude,27096,70-74,12651,14445
FRJ12,Gard,49298,70-74,23346,25952
FRJ13,Hérault,71140,70-74,31997,39143
FRJ14,Lozère,5328,70-74,2666,2662
FRJ15,Pyrénées-Orientales,34023,70-74,15612,18411
FRJ2,Midi-Pyrénées,179651,70-74,83991,95660
FRJ21,Ariège,10782,70-74,5167,5615
FRJ22,Aveyron,19617,70-74,9479,10138
FRJ23,Haute-Garonne,63011,70-74,28262,34749
FRJ24,Gers,13834,70-74,6738,7096
FRJ25,Lot,14167,70-74,6877,7290
FRJ26,Hautes-Pyrénées,16104,70-74,7579,8525
FRJ27,Tarn,26088,70-74,12284,13804
FRJ28,Tarn-et-Garonne,16048,70-74,7605,8443
FRK,Auvergne-Rhône-Alpes,427148,70-74,196652,230496
FRK1,Auvergne,88873,70-74,41573,47300
FRK11,Allier,24085,70-74,11037,13048
FRK12,Cantal,10794,70-74,5241,5553
FRK13,Haute-Loire,14953,70-74,7270,7683
FRK14,Puy-de-Dôme,39041,70-74,18025,21016
FRK2,Rhône-Alpes,338275,70-74,155079,183196
FRK21,Ain,32866,70-74,15626,17240
FRK22,Ardèche,22547,70-74,10765,11782
FRK23,Drôme,30403,70-74,14100,16303
FRK24,Isère,63619,70-74,29197,34422
FRK25,Loire,44610,70-74,20369,24241
FRK26,Rhône,80159,70-74,35655,44504
FRK27,Savoie,25122,70-74,11526,13596
FRK28,Haute-Savoie,38949,70-74,17841,21108
FRL,Provence-Alpes-Côte d’Azur,305493,70-74,138071,167422
FRL0,Provence-Alpes-Côte d’Azur,305493,70-74,138071,167422
FRL01,Alpes-de-Haute-Provence,11391,70-74,5484,5907
FRL02,Hautes-Alpes,9741,70-74,4696,5045
FRL03,Alpes-Maritimes,65936,70-74,29351,36585
FRL04,Bouches-du-Rhône,109321,70-74,48912,60409
FRL05,Var,74943,70-74,34066,40877
FRL06,Vaucluse,34161,70-74,15562,18599
FRM,Corse,22666,70-74,10689,11977
FRM0,Corse,22666,70-74,10689,11977
FRM01,Corse-du-Sud,10876,70-74,5147,5729
FRM02,Haute-Corse,11790,70-74,5542,6248
FRY,RUP FR — Régions Ultrapériphériques Françaises,89312,70-74,40806,48506
FRY1,Guadeloupe,24247,70-74,10955,13292
FRY10,Guadeloupe,24247,70-74,10955,13292
FRY2,Martinique,22371,70-74,10066,12305
FRY20,Martinique,22371,70-74,10066,12305
FRY3,Guyane,5779,70-74,2835,2944
FRY30,Guyane,5779,70-74,2835,2944
FRY4,La Réunion,34878,70-74,15969,18909
FRY40,La Réunion,34878,70-74,15969,18909
FRY5,Mayotte,2037,70-74,981,1056
FRY50,Mayotte,2037,70-74,981,1056
FRX,Not regionalised/Unknown NUTS 1,:,70-74,:,:
FRXX,Not regionalised/Unknown NUTS 2,:,70-74,:,:
FRXXX,Not regionalised/Unknown NUTS 3,:,70-74,:,:
FR,France,2953908,75-79,1323611,1630297
FR1,Ile de France,400756,75-79,178565,222191
FR10,Ile de France,400756,75-79,178565,222191
FR101,Paris,81504,75-79,34559,46945
FR102,Seine-et-Marne,46890,75-79,21362,25528
FR103,Yvelines,51993,75-79,23452,28541
FR104,Essonne,43429,75-79,19278,24151
FR105,Hauts-de-Seine,53333,75-79,23484,29849
FR106,Seine-Saint-Denis,41641,75-79,20116,21525
FR107,Val-de-Marne,44420,75-79,19180,25240
FR108,Val-d'Oise,37546,75-79,17134,20412
FRB,Centre — Val de Loire,125094,75-79,56593,68501
FRB0,Centre — Val de Loire,125094,75-79,56593,68501
FRB01,Cher,16671,75-79,7549,9122
FRB02,Eure-et-Loir,19061,75-79,8622,10439
FRB03,Indre,12716,75-79,5750,6966
FRB04,Indre-et-Loire,28885,75-79,12902,15983
FRB05,Loir-et-Cher,17480,75-79,8002,9478
FRB06,Loiret,30281,75-79,13768,16513
FRC,Bourgogne-Franche-Comté,140185,75-79,64118,76067
FRC1,Bourgogne,85371,75-79,38910,46461
FRC11,Côte-d’Or,24749,75-79,11204,13545
FRC12,Nièvre,12551,75-79,5688,6863
FRC13,Saône-et-Loire,30735,75-79,14028,16707
FRC14,Yonne,17336,75-79,7990,9346
FRC2,Franche-Comté,54814,75-79,25208,29606
FRC21,Doubs,23572,75-79,10828,12744
FRC22,Jura,13258,75-79,6075,7183
FRC23,Haute-Saône,12056,75-79,5601,6455
FRC24,Territoire de Belfort,5928,75-79,2704,3224
FRD,Normandie,155844,75-79,69352,86492
FRD1,Basse-Normandie,75699,75-79,33847,41852
FRD11,Calvados,33991,75-79,15005,18986
FRD12,Manche,26686,75-79,11991,14695
FRD13,Orne,15022,75-79,6851,8171
FRD2,Haute-Normandie,80145,75-79,35505,44640
FRD21,Eure,25462,75-79,11572,13890
FRD22,Seine-Maritime,54683,75-79,23933,30750
FRE,Hauts-de-France,238940,75-79,104212,134728
FRE1,Nord-Pas de Calais,159173,75-79,68266,90907
FRE11,Nord,98705,75-79,42359,56346
FRE12,Pas-de-Calais,60468,75-79,25907,34561
FRE2,Picardie,79767,75-79,35946,43821
FRE21,Aisne,23401,75-79,10513,12888
FRE22,Oise,31066,75-79,14230,16836
FRE23,Somme,25300,75-79,11203,14097
FRF,Grand Est,232111,75-79,105539,126572
FRF1,Alsace,72982,75-79,33655,39327
FRF11,Bas-Rhin,42241,75-79,19439,22802
FRF12,Haut-Rhin,30741,75-79,14216,16525
FRF2,Champagne-Ardenne,60445,75-79,27515,32930
FRF21,Ardennes,12209,75-79,5556,6653
FRF22,Aube,14561,75-79,6647,7914
FRF23,Marne,24613,75-79,11117,13496
FRF24,Haute-Marne,9062,75-79,4195,4867
FRF3,Lorraine,98684,75-79,44369,54315
FRF31,Meurthe-et-Moselle,30234,75-79,13295,16939
FRF32,Meuse,8843,75-79,4168,4675
FRF33,Moselle,40673,75-79,18325,22348
FRF34,Vosges,18934,75-79,8581,10353
FRG,Pays de la Loire,172643,75-79,77654,94989
FRG0,Pays de la Loire,172643,75-79,77654,94989
FRG01,Loire-Atlantique,59232,75-79,26217,33015
FRG02,Maine-et-Loire,34596,75-79,15289,19307
FRG03,Mayenne,14025,75-79,6334,7691
FRG04,Sarthe,25741,75-79,11829,13912
FRG05,Vendée,39049,75-79,17985,21064
FRH,Bretagne,167718,75-79,74603,93115
FRH0,Bretagne,167718,75-79,74603,93115
FRH01,Côtes-d’Armor,34758,75-79,15606,19152
FRH02,Finistère,47067,75-79,20757,26310
FRH03,Ille-et-Vilaine,42668,75-79,18873,23795
FRH04,Morbihan,43225,75-79,19367,23858
FRI,Nouvelle-Aquitaine,317864,75-79,143475,174389
FRI1,Aquitaine,177560,75-79,79620,97940
FRI11,Dordogne,26096,75-79,12174,13922
FRI12,Gironde,71617,75-79,31569,40048
FRI13,Landes,24428,75-79,11167,13261
FRI14,Lot-et-Garonne,18862,75-79,8572,10290
FRI15,Pyrénées-Atlantiques,36557,75-79,16138,20419
FRI2,Limousin,41364,75-79,18817,22547
FRI21,Corrèze,14047,75-79,6323,7724
FRI22,Creuse,7365,75-79,3459,3906
FRI23,Haute-Vienne,19952,75-79,9035,10917
FRI3,Poitou-Charentes,98940,75-79,45038,53902
FRI31,Charente,18666,75-79,8488,10178
FRI32,Charente-Maritime,42204,75-79,19161,23043
FRI33,Deux-Sèvres,18006,75-79,8221,9785
FRI34,Vienne,20064,75-79,9168,10896
FRJ,Occitanie,303003,75-79,136439,166564
FRJ1,Languedoc-Roussillon,156106,75-79,69959,86147
FRJ11,Aude,22293,75-79,10294,11999
FRJ12,Gard,39389,75-79,17700,21689
FRJ13,Hérault,61063,75-79,27012,34051
FRJ14,Lozère,4203,75-79,2005,2198
FRJ15,Pyrénées-Orientales,29158,75-79,12948,16210
FRJ2,Midi-Pyrénées,146897,75-79,66480,80417
FRJ21,Ariège,8715,75-79,4087,4628
FRJ22,Aveyron,15852,75-79,7348,8504
FRJ23,Haute-Garonne,52568,75-79,23005,29563
FRJ24,Gers,11265,75-79,5255,6010
FRJ25,Lot,11514,75-79,5397,6117
FRJ26,Hautes-Pyrénées,12846,75-79,5855,6991
FRJ27,Tarn,21327,75-79,9614,11713
FRJ28,Tarn-et-Garonne,12810,75-79,5919,6891
FRK,Auvergne-Rhône-Alpes,354305,75-79,159558,194747
FRK1,Auvergne,71654,75-79,32410,39244
FRK11,Allier,19664,75-79,8764,10900
FRK12,Cantal,8440,75-79,3963,4477
FRK13,Haute-Loire,11981,75-79,5557,6424
FRK14,Puy-de-Dôme,31569,75-79,14126,17443
FRK2,Rhône-Alpes,282651,75-79,127148,155503
FRK21,Ain,26442,75-79,12312,14130
FRK22,Ardèche,18243,75-79,8577,9666
FRK23,Drôme,25063,75-79,11243,13820
FRK24,Isère,52724,75-79,23896,28828
FRK25,Loire,37525,75-79,16807,20718
FRK26,Rhône,70978,75-79,30876,40102
FRK27,Savoie,20154,75-79,9179,10975
FRK28,Haute-Savoie,31522,75-79,14258,17264
FRL,Provence-Alpes-Côte d’Azur,264797,75-79,117644,147153
FRL0,Provence-Alpes-Côte d’Azur,264797,75-79,117644,147153
FRL01,Alpes-de-Haute-Provence,9897,75-79,4583,5314
FRL02,Hautes-Alpes,8073,75-79,3660,4413
FRL03,Alpes-Maritimes,58897,75-79,25362,33535
FRL04,Bouches-du-Rhône,92206,75-79,40783,51423
FRL05,Var,66758,75-79,30096,36662
FRL06,Vaucluse,28966,75-79,13160,15806
FRM,Corse,17853,75-79,8143,9710
FRM0,Corse,17853,75-79,8143,9710
FRM01,Corse-du-Sud,8234,75-79,3694,4540
FRM02,Haute-Corse,9619,75-79,4449,5170
FRY,RUP FR — Régions Ultrapériphériques Françaises,62795,75-79,27716,35079
FRY1,Guadeloupe,17996,75-79,7767,10229
FRY10,Guadeloupe,17996,75-79,7767,10229
FRY2,Martinique,16252,75-79,7188,9064
FRY20,Martinique,16252,75-79,7188,9064
FRY3,Guyane,3650,75-79,1700,1950
FRY30,Guyane,3650,75-79,1700,1950
FRY4,La Réunion,23459,75-79,10382,13077
FRY40,La Réunion,23459,75-79,10382,13077
FRY5,Mayotte,1438,75-79,679,759
FRY50,Mayotte,1438,75-79,679,759
FRX,Not regionalised/Unknown NUTS 1,:,75-79,:,:
FRXX,Not regionalised/Unknown NUTS 2,:,75-79,:,:
FRXXX,Not regionalised/Unknown NUTS 3,:,75-79,:,:
FR,France,1818923,80-84,765359,1053564
FR1,Ile de France,249055,80-84,105528,143527
FR10,Ile de France,249055,80-84,105528,143527
FR101,Paris,50612,80-84,20822,29790
FR102,Seine-et-Marne,27746,80-84,11911,15835
FR103,Yvelines,33901,80-84,14528,19373
FR104,Essonne,27458,80-84,11702,15756
FR105,Hauts-de-Seine,33715,80-84,13629,20086
FR106,Seine-Saint-Denis,25326,80-84,11572,13754
FR107,Val-de-Marne,28303,80-84,11958,16345
FR108,Val-d'Oise,21994,80-84,9406,12588
FRB,Centre — Val de Loire,76478,80-84,32267,44211
FRB0,Centre — Val de Loire,76478,80-84,32267,44211
FRB01,Cher,10085,80-84,4317,5768
FRB02,Eure-et-Loir,11439,80-84,4854,6585
FRB03,Indre,8147,80-84,3391,4756
FRB04,Indre-et-Loire,18126,80-84,7565,10561
FRB05,Loir-et-Cher,10617,80-84,4562,6055
FRB06,Loiret,18064,80-84,7578,10486
FRC,Bourgogne-Franche-Comté,84862,80-84,36110,48752
FRC1,Bourgogne,51756,80-84,21753,30003
FRC11,Côte-d’Or,15189,80-84,6404,8785
FRC12,Nièvre,7597,80-84,3148,4449
FRC13,Saône-et-Loire,18883,80-84,7948,10935
FRC14,Yonne,10087,80-84,4253,5834
FRC2,Franche-Comté,33106,80-84,14357,18749
FRC21,Doubs,14358,80-84,6307,8051
FRC22,Jura,8335,80-84,3585,4750
FRC23,Haute-Saône,6902,80-84,3026,3876
FRC24,Territoire de Belfort,3511,80-84,1439,2072
FRD,Normandie,90569,80-84,37182,53387
FRD1,Basse-Normandie,44131,80-84,18199,25932
FRD11,Calvados,19576,80-84,7933,11643
FRD12,Manche,15498,80-84,6507,8991
FRD13,Orne,9057,80-84,3759,5298
FRD2,Haute-Normandie,46438,80-84,18983,27455
FRD21,Eure,14460,80-84,5945,8515
FRD22,Seine-Maritime,31978,80-84,13038,18940
FRE,Hauts-de-France,128248,80-84,50935,77313
FRE1,Nord-Pas de Calais,84636,80-84,32856,51780
FRE11,Nord,53179,80-84,20844,32335
FRE12,Pas-de-Calais,31457,80-84,12012,19445
FRE2,Picardie,43612,80-84,18079,25533
FRE21,Aisne,12527,80-84,5186,7341
FRE22,Oise,17109,80-84,7188,9921
FRE23,Somme,13976,80-84,5705,8271
FRF,Grand Est,148272,80-84,61959,86313
FRF1,Alsace,51979,80-84,22400,29579
FRF11,Bas-Rhin,30291,80-84,13028,17263
FRF12,Haut-Rhin,21688,80-84,9372,12316
FRF2,Champagne-Ardenne,35192,80-84,14568,20624
FRF21,Ardennes,7029,80-84,2928,4101
FRF22,Aube,8731,80-84,3635,5096
FRF23,Marne,13933,80-84,5666,8267
FRF24,Haute-Marne,5499,80-84,2339,3160
FRF3,Lorraine,61101,80-84,24991,36110
FRF31,Meurthe-et-Moselle,17735,80-84,7195,10540
FRF32,Meuse,4874,80-84,1984,2890
FRF33,Moselle,27948,80-84,11457,16491
FRF34,Vosges,10544,80-84,4355,6189
FRG,Pays de la Loire,104548,80-84,43719,60829
FRG0,Pays de la Loire,104548,80-84,43719,60829
FRG01,Loire-Atlantique,35434,80-84,14432,21002
FRG02,Maine-et-Loire,21741,80-84,9037,12704
FRG03,Mayenne,8678,80-84,3649,5029
FRG04,Sarthe,15969,80-84,6695,9274
FRG05,Vendée,22726,80-84,9906,12820
FRH,Bretagne,99347,80-84,40711,58636
FRH0,Bretagne,99347,80-84,40711,58636
FRH01,Côtes-d’Armor,20376,80-84,8480,11896
FRH02,Finistère,27883,80-84,11142,16741
FRH03,Ille-et-Vilaine,26342,80-84,10933,15409
FRH04,Morbihan,24746,80-84,10156,14590
FRI,Nouvelle-Aquitaine,193743,80-84,82021,111722
FRI1,Aquitaine,107938,80-84,45473,62465
FRI11,Dordogne,15618,80-84,6732,8886
FRI12,Gironde,42033,80-84,17505,24528
FRI13,Landes,14450,80-84,6217,8233
FRI14,Lot-et-Garonne,12330,80-84,5452,6878
FRI15,Pyrénées-Atlantiques,23507,80-84,9567,13940
FRI2,Limousin,25021,80-84,10424,14597
FRI21,Corrèze,8640,80-84,3583,5057
FRI22,Creuse,4274,80-84,1812,2462
FRI23,Haute-Vienne,12107,80-84,5029,7078
FRI3,Poitou-Charentes,60784,80-84,26124,34660
FRI31,Charente,11555,80-84,4822,6733
FRI32,Charente-Maritime,24921,80-84,10888,14033
FRI33,Deux-Sèvres,11671,80-84,5058,6613
FRI34,Vienne,12637,80-84,5356,7281
FRJ,Occitanie,188581,80-84,81247,107334
FRJ1,Languedoc-Roussillon,95748,80-84,41327,54421
FRJ11,Aude,13277,80-84,5837,7440
FRJ12,Gard,24618,80-84,10482,14136
FRJ13,Hérault,37699,80-84,16288,21411
FRJ14,Lozère,2577,80-84,1143,1434
FRJ15,Pyrénées-Orientales,17577,80-84,7577,10000
FRJ2,Midi-Pyrénées,92833,80-84,39920,52913
FRJ21,Ariège,5280,80-84,2349,2931
FRJ22,Aveyron,9959,80-84,4175,5784
FRJ23,Haute-Garonne,33044,80-84,14044,19000
FRJ24,Gers,7187,80-84,3136,4051
FRJ25,Lot,7211,80-84,3147,4064
FRJ26,Hautes-Pyrénées,8558,80-84,3616,4942
FRJ27,Tarn,13800,80-84,6052,7748
FRJ28,Tarn-et-Garonne,7794,80-84,3401,4393
FRK,Auvergne-Rhône-Alpes,224764,80-84,95714,129050
FRK1,Auvergne,43387,80-84,18067,25320
FRK11,Allier,12220,80-84,5052,7168
FRK12,Cantal,5062,80-84,2111,2951
FRK13,Haute-Loire,7243,80-84,3048,4195
FRK14,Puy-de-Dôme,18862,80-84,7856,11006
FRK2,Rhône-Alpes,181377,80-84,77647,103730
FRK21,Ain,16344,80-84,7184,9160
FRK22,Ardèche,11243,80-84,4900,6343
FRK23,Drôme,16214,80-84,6824,9390
FRK24,Isère,33663,80-84,14597,19066
FRK25,Loire,23675,80-84,10069,13606
FRK26,Rhône,47094,80-84,20126,26968
FRK27,Savoie,12844,80-84,5362,7482
FRK28,Haute-Savoie,20300,80-84,8585,11715
FRL,Provence-Alpes-Côte d’Azur,176830,80-84,74780,102050
FRL0,Provence-Alpes-Côte d’Azur,176830,80-84,74780,102050
FRL01,Alpes-de-Haute-Provence,6270,80-84,2734,3536
FRL02,Hautes-Alpes,4719,80-84,2001,2718
FRL03,Alpes-Maritimes,41730,80-84,17367,24363
FRL04,Bouches-du-Rhône,62102,80-84,26338,35764
FRL05,Var,43612,80-84,18487,25125
FRL06,Vaucluse,18397,80-84,7853,10544
FRM,Corse,13031,80-84,5819,7212
FRM0,Corse,13031,80-84,5819,7212
FRM01,Corse-du-Sud,6158,80-84,2694,3464
FRM02,Haute-Corse,6873,80-84,3125,3748
FRY,RUP FR — Régions Ultrapériphériques Françaises,40595,80-84,17367,23228
FRY1,Guadeloupe,11343,80-84,4892,6451
FRY10,Guadeloupe,11343,80-84,4892,6451
FRY2,Martinique,10875,80-84,4548,6327
FRY20,Martinique,10875,80-84,4548,6327
FRY3,Guyane,2132,80-84,942,1190
FRY30,Guyane,2132,80-84,942,1190
FRY4,La Réunion,15471,80-84,6589,8882
FRY40,La Réunion,15471,80-84,6589,8882
FRY5,Mayotte,774,80-84,396,378
FRY50,Mayotte,774,80-84,396,378
FRX,Not regionalised/Unknown NUTS 1,:,80-84,:,:
FRXX,Not regionalised/Unknown NUTS 2,:,80-84,:,:
FRXXX,Not regionalised/Unknown NUTS 3,:,80-84,:,:
FR,France,1342242,85-89,496847,845395
FR1,Ile de France,177266,85-89,65954,111312
FR10,Ile de France,177266,85-89,65954,111312
FR101,Paris,34242,85-89,12626,21616
FR102,Seine-et-Marne,19456,85-89,7323,12133
FR103,Yvelines,24602,85-89,9537,15065
FR104,Essonne,19963,85-89,7535,12428
FR105,Hauts-de-Seine,25356,85-89,9320,16036
FR106,Seine-Saint-Denis,17578,85-89,6484,11094
FR107,Val-de-Marne,20836,85-89,7537,13299
FR108,Val-d'Oise,15233,85-89,5592,9641
FRB,Centre — Val de Loire,58799,85-89,22369,36430
FRB0,Centre — Val de Loire,58799,85-89,22369,36430
FRB01,Cher,7557,85-89,2806,4751
FRB02,Eure-et-Loir,8486,85-89,3154,5332
FRB03,Indre,6400,85-89,2422,3978
FRB04,Indre-et-Loire,14168,85-89,5369,8799
FRB05,Loir-et-Cher,8750,85-89,3412,5338
FRB06,Loiret,13438,85-89,5206,8232
FRC,Bourgogne-Franche-Comté,64050,85-89,23917,40133
FRC1,Bourgogne,39543,85-89,14772,24771
FRC11,Côte-d’Or,11073,85-89,4173,6900
FRC12,Nièvre,6114,85-89,2224,3890
FRC13,Saône-et-Loire,14466,85-89,5434,9032
FRC14,Yonne,7890,85-89,2941,4949
FRC2,Franche-Comté,24507,85-89,9145,15362
FRC21,Doubs,10859,85-89,4101,6758
FRC22,Jura,5840,85-89,2161,3679
FRC23,Haute-Saône,5152,85-89,1893,3259
FRC24,Territoire de Belfort,2656,85-89,990,1666
FRD,Normandie,71972,85-89,25603,46369
FRD1,Basse-Normandie,36046,85-89,12982,23064
FRD11,Calvados,14910,85-89,5337,9573
FRD12,Manche,13284,85-89,4754,8530
FRD13,Orne,7852,85-89,2891,4961
FRD2,Haute-Normandie,35926,85-89,12621,23305
FRD21,Eure,10707,85-89,3810,6897
FRD22,Seine-Maritime,25219,85-89,8811,16408
FRE,Hauts-de-France,100219,85-89,33409,66810
FRE1,Nord-Pas de Calais,67169,85-89,21822,45347
FRE11,Nord,41683,85-89,13651,28032
FRE12,Pas-de-Calais,25486,85-89,8171,17315
FRE2,Picardie,33050,85-89,11587,21463
FRE21,Aisne,9946,85-89,3420,6526
FRE22,Oise,12661,85-89,4503,8158
FRE23,Somme,10443,85-89,3664,6779
FRF,Grand Est,111160,85-89,40121,71039
FRF1,Alsace,36319,85-89,13431,22888
FRF11,Bas-Rhin,20869,85-89,7729,13140
FRF12,Haut-Rhin,15450,85-89,5702,9748
FRF2,Champagne-Ardenne,27376,85-89,9729,17647
FRF21,Ardennes,5564,85-89,1956,3608
FRF22,Aube,6506,85-89,2378,4128
FRF23,Marne,10945,85-89,3809,7136
FRF24,Haute-Marne,4361,85-89,1586,2775
FRF3,Lorraine,47465,85-89,16961,30504
FRF31,Meurthe-et-Moselle,14232,85-89,5037,9195
FRF32,Meuse,4164,85-89,1472,2692
FRF33,Moselle,20513,85-89,7449,13064
FRF34,Vosges,8556,85-89,3003,5553
FRG,Pays de la Loire,82302,85-89,30849,51453
FRG0,Pays de la Loire,82302,85-89,30849,51453
FRG01,Loire-Atlantique,26998,85-89,9858,17140
FRG02,Maine-et-Loire,17388,85-89,6513,10875
FRG03,Mayenne,7556,85-89,2898,4658
FRG04,Sarthe,13034,85-89,4848,8186
FRG05,Vendée,17326,85-89,6732,10594
FRH,Bretagne,78503,85-89,28139,50364
FRH0,Bretagne,78503,85-89,28139,50364
FRH01,Côtes-d’Armor,15830,85-89,5733,10097
FRH02,Finistère,22005,85-89,7417,14588
FRH03,Ille-et-Vilaine,21165,85-89,7811,13354
FRH04,Morbihan,19503,85-89,7178,12325
FRI,Nouvelle-Aquitaine,146362,85-89,55265,91097
FRI1,Aquitaine,80277,85-89,30305,49972
FRI11,Dordogne,11621,85-89,4403,7218
FRI12,Gironde,30806,85-89,11629,19177
FRI13,Landes,10832,85-89,4054,6778
FRI14,Lot-et-Garonne,9064,85-89,3626,5438
FRI15,Pyrénées-Atlantiques,17954,85-89,6593,11361
FRI2,Limousin,20023,85-89,7316,12707
FRI21,Corrèze,6954,85-89,2564,4390
FRI22,Creuse,3626,85-89,1246,2380
FRI23,Haute-Vienne,9443,85-89,3506,5937
FRI3,Poitou-Charentes,46062,85-89,17644,28418
FRI31,Charente,8991,85-89,3477,5514
FRI32,Charente-Maritime,17831,85-89,6772,11059
FRI33,Deux-Sèvres,9242,85-89,3617,5625
FRI34,Vienne,9998,85-89,3778,6220
FRJ,Occitanie,136584,85-89,52259,84325
FRJ1,Languedoc-Roussillon,65503,85-89,24854,40649
FRJ11,Aude,9187,85-89,3417,5770
FRJ12,Gard,16440,85-89,6232,10208
FRJ13,Hérault,25189,85-89,9640,15549
FRJ14,Lozère,2046,85-89,785,1261
FRJ15,Pyrénées-Orientales,12641,85-89,4780,7861
FRJ2,Midi-Pyrénées,71081,85-89,27405,43676
FRJ21,Ariège,4025,85-89,1527,2498
FRJ22,Aveyron,8221,85-89,3272,4949
FRJ23,Haute-Garonne,24933,85-89,9507,15426
FRJ24,Gers,5405,85-89,2158,3247
FRJ25,Lot,5286,85-89,2133,3153
FRJ26,Hautes-Pyrénées,6344,85-89,2272,4072
FRJ27,Tarn,11048,85-89,4296,6752
FRJ28,Tarn-et-Garonne,5819,85-89,2240,3579
FRK,Auvergne-Rhône-Alpes,160171,85-89,59835,100336
FRK1,Auvergne,33628,85-89,12171,21457
FRK11,Allier,9805,85-89,3594,6211
FRK12,Cantal,4358,85-89,1639,2719
FRK13,Haute-Loire,5462,85-89,1939,3523
FRK14,Puy-de-Dôme,14003,85-89,4999,9004
FRK2,Rhône-Alpes,126543,85-89,47664,78879
FRK21,Ain,10925,85-89,4213,6712
FRK22,Ardèche,8092,85-89,3096,4996
FRK23,Drôme,10946,85-89,4158,6788
FRK24,Isère,22582,85-89,8653,13929
FRK25,Loire,18192,85-89,6761,11431
FRK26,Rhône,33611,85-89,12459,21152
FRK27,Savoie,8856,85-89,3236,5620
FRK28,Haute-Savoie,13339,85-89,5088,8251
FRL,Provence-Alpes-Côte d’Azur,121537,85-89,46054,75483
FRL0,Provence-Alpes-Côte d’Azur,121537,85-89,46054,75483
FRL01,Alpes-de-Haute-Provence,4287,85-89,1667,2620
FRL02,Hautes-Alpes,3527,85-89,1388,2139
FRL03,Alpes-Maritimes,29381,85-89,10990,18391
FRL04,Bouches-du-Rhône,42927,85-89,16090,26837
FRL05,Var,29229,85-89,11436,17793
FRL06,Vaucluse,12186,85-89,4483,7703
FRM,Corse,7883,85-89,3221,4662
FRM0,Corse,7883,85-89,3221,4662
FRM01,Corse-du-Sud,3802,85-89,1598,2204
FRM02,Haute-Corse,4081,85-89,1623,2458
FRY,RUP FR — Régions Ultrapériphériques Françaises,25434,85-89,9852,15582
FRY1,Guadeloupe,7138,85-89,2820,4318
FRY10,Guadeloupe,7138,85-89,2820,4318
FRY2,Martinique,7651,85-89,2953,4698
FRY20,Martinique,7651,85-89,2953,4698
FRY3,Guyane,1009,85-89,378,631
FRY30,Guyane,1009,85-89,378,631
FRY4,La Réunion,9243,85-89,3529,5714
FRY40,La Réunion,9243,85-89,3529,5714
FRY5,Mayotte,393,85-89,172,221
FRY50,Mayotte,393,85-89,172,221
FRX,Not regionalised/Unknown NUTS 1,:,85-89,:,:
FRXX,Not regionalised/Unknown NUTS 2,:,85-89,:,:
FRXXX,Not regionalised/Unknown NUTS 3,:,85-89,:,:
FR,France,2288400,GE85,756953,1531447
FR1,Ile de France,310575,GE85,103062,207513
FR10,Ile de France,310575,GE85,103062,207513
FR101,Paris,61293,GE85,20246,41047
FR102,Seine-et-Marne,32503,GE85,10776,21727
FR103,Yvelines,41535,GE85,14510,27025
FR104,Essonne,34027,GE85,11546,22481
FR105,Hauts-de-Seine,46274,GE85,14962,31312
FR106,Seine-Saint-Denis,30301,GE85,10193,20108
FR107,Val-de-Marne,38207,GE85,12099,26108
FR108,Val-d'Oise,26435,GE85,8730,17705
FRB,Centre — Val de Loire,100406,GE85,34322,66084
FRB0,Centre — Val de Loire,100406,GE85,34322,66084
FRB01,Cher,12731,GE85,4203,8528
FRB02,Eure-et-Loir,14200,GE85,4770,9430
FRB03,Indre,10912,GE85,3676,7236
FRB04,Indre-et-Loire,24382,GE85,8406,15976
FRB05,Loir-et-Cher,15056,GE85,5248,9808
FRB06,Loiret,23125,GE85,8019,15106
FRC,Bourgogne-Franche-Comté,109127,GE85,35985,73142
FRC1,Bourgogne,67913,GE85,22150,45763
FRC11,Côte-d’Or,19264,GE85,6459,12805
FRC12,Nièvre,10308,GE85,3247,7061
FRC13,Saône-et-Loire,24942,GE85,8096,16846
FRC14,Yonne,13399,GE85,4348,9051
FRC2,Franche-Comté,41214,GE85,13835,27379
FRC21,Doubs,18169,GE85,6190,11979
FRC22,Jura,10232,GE85,3426,6806
FRC23,Haute-Saône,8285,GE85,2722,5563
FRC24,Territoire de Belfort,4528,GE85,1497,3031
FRD,Normandie,121442,GE85,38374,83068
FRD1,Basse-Normandie,61101,GE85,19432,41669
FRD11,Calvados,25440,GE85,7971,17469
FRD12,Manche,22304,GE85,7143,15161
FRD13,Orne,13357,GE85,4318,9039
FRD2,Haute-Normandie,60341,GE85,18942,41399
FRD21,Eure,17709,GE85,5591,12118
FRD22,Seine-Maritime,42632,GE85,13351,29281
FRE,Hauts-de-France,168699,GE85,50220,118479
FRE1,Nord-Pas de Calais,113535,GE85,32864,80671
FRE11,Nord,71315,GE85,20804,50511
FRE12,Pas-de-Calais,42220,GE85,12060,30160
FRE2,Picardie,55164,GE85,17356,37808
FRE21,Aisne,16869,GE85,5143,11726
FRE22,Oise,21128,GE85,6799,14329
FRE23,Somme,17167,GE85,5414,11753
FRF,Grand Est,183144,GE85,59203,123941
FRF1,Alsace,59302,GE85,19704,39598
FRF11,Bas-Rhin,34050,GE85,11277,22773
FRF12,Haut-Rhin,25252,GE85,8427,16825
FRF2,Champagne-Ardenne,46329,GE85,14678,31651
FRF21,Ardennes,9128,GE85,2947,6181
FRF22,Aube,11239,GE85,3616,7623
FRF23,Marne,18465,GE85,5749,12716
FRF24,Haute-Marne,7497,GE85,2366,5131
FRF3,Lorraine,77513,GE85,24821,52692
FRF31,Meurthe-et-Moselle,23456,GE85,7398,16058
FRF32,Meuse,7025,GE85,2264,4761
FRF33,Moselle,32780,GE85,10776,22004
FRF34,Vosges,14252,GE85,4383,9869
FRG,Pays de la Loire,140421,GE85,46910,93511
FRG0,Pays de la Loire,140421,GE85,46910,93511
FRG01,Loire-Atlantique,45662,GE85,14593,31069
FRG02,Maine-et-Loire,30565,GE85,10261,20304
FRG03,Mayenne,12768,GE85,4442,8326
FRG04,Sarthe,22560,GE85,7577,14983
FRG05,Vendée,28866,GE85,10037,18829
FRH,Bretagne,129826,GE85,41682,88144
FRH0,Bretagne,129826,GE85,41682,88144
FRH01,Côtes-d’Armor,26215,GE85,8472,17743
FRH02,Finistère,36645,GE85,11024,25621
FRH03,Ille-et-Vilaine,35336,GE85,11766,23570
FRH04,Morbihan,31630,GE85,10420,21210
FRI,Nouvelle-Aquitaine,252149,GE85,84430,167719
FRI1,Aquitaine,138561,GE85,46168,92393
FRI11,Dordogne,20098,GE85,6756,13342
FRI12,Gironde,53818,GE85,17640,36178
FRI13,Landes,17865,GE85,6050,11815
FRI14,Lot-et-Garonne,15344,GE85,5438,9906
FRI15,Pyrénées-Atlantiques,31436,GE85,10284,21152
FRI2,Limousin,35014,GE85,11389,23625
FRI21,Corrèze,12206,GE85,4029,8177
FRI22,Creuse,6367,GE85,1989,4378
FRI23,Haute-Vienne,16441,GE85,5371,11070
FRI3,Poitou-Charentes,78574,GE85,26873,51701
FRI31,Charente,15332,GE85,5177,10155
FRI32,Charente-Maritime,30171,GE85,10220,19951
FRI33,Deux-Sèvres,15927,GE85,5630,10297
FRI34,Vienne,17144,GE85,5846,11298
FRJ,Occitanie,233658,GE85,80421,153237
FRJ1,Languedoc-Roussillon,111343,GE85,38137,73206
FRJ11,Aude,16134,GE85,5516,10618
FRJ12,Gard,27837,GE85,9450,18387
FRJ13,Hérault,42959,GE85,14894,28065
FRJ14,Lozère,3360,GE85,1145,2215
FRJ15,Pyrénées-Orientales,21053,GE85,7132,13921
FRJ2,Midi-Pyrénées,122315,GE85,42284,80031
FRJ21,Ariège,6730,GE85,2312,4418
FRJ22,Aveyron,13732,GE85,4801,8931
FRJ23,Haute-Garonne,42874,GE85,14610,28264
FRJ24,Gers,9405,GE85,3407,5998
FRJ25,Lot,9044,GE85,3208,5836
FRJ26,Hautes-Pyrénées,11005,GE85,3589,7416
FRJ27,Tarn,19655,GE85,6911,12744
FRJ28,Tarn-et-Garonne,9870,GE85,3446,6424
FRK,Auvergne-Rhône-Alpes,274473,GE85,91013,183460
FRK1,Auvergne,57650,GE85,18516,39134
FRK11,Allier,16793,GE85,5480,11313
FRK12,Cantal,7373,GE85,2449,4924
FRK13,Haute-Loire,9180,GE85,2839,6341
FRK14,Puy-de-Dôme,24304,GE85,7748,16556
FRK2,Rhône-Alpes,216823,GE85,72497,144326
FRK21,Ain,18486,GE85,6309,12177
FRK22,Ardèche,13530,GE85,4615,8915
FRK23,Drôme,18351,GE85,6161,12190
FRK24,Isère,38211,GE85,13060,25151
FRK25,Loire,31385,GE85,10241,21144
FRK26,Rhône,59537,GE85,19813,39724
FRK27,Savoie,15068,GE85,4859,10209
FRK28,Haute-Savoie,22255,GE85,7439,14816
FRL,Provence-Alpes-Côte d’Azur,211285,GE85,72268,139017
FRL0,Provence-Alpes-Côte d’Azur,211285,GE85,72268,139017
FRL01,Alpes-de-Haute-Provence,7244,GE85,2543,4701
FRL02,Hautes-Alpes,6285,GE85,2222,4063
FRL03,Alpes-Maritimes,51727,GE85,17329,34398
FRL04,Bouches-du-Rhône,74802,GE85,25261,49541
FRL05,Var,50049,GE85,17786,32263
FRL06,Vaucluse,21178,GE85,7127,14051
FRM,Corse,12771,GE85,4681,8090
FRM0,Corse,12771,GE85,4681,8090
FRM01,Corse-du-Sud,6134,GE85,2230,3904
FRM02,Haute-Corse,6637,GE85,2451,4186
FRY,RUP FR — Régions Ultrapériphériques Françaises,40424,GE85,14382,26042
FRY1,Guadeloupe,11832,GE85,4221,7611
FRY10,Guadeloupe,11832,GE85,4221,7611
FRY2,Martinique,12264,GE85,4374,7890
FRY20,Martinique,12264,GE85,4374,7890
FRY3,Guyane,1599,GE85,572,1027
FRY30,Guyane,1599,GE85,572,1027
FRY4,La Réunion,14045,GE85,4911,9134
FRY40,La Réunion,14045,GE85,4911,9134
FRY5,Mayotte,684,GE85,304,380
FRY50,Mayotte,684,GE85,304,380
FRX,Not regionalised/Unknown NUTS 1,:,GE85,:,:
FRXX,Not regionalised/Unknown NUTS 2,:,GE85,:,:
FRXXX,Not regionalised/Unknown NUTS 3,:,GE85,:,:
